timestamp,equity,cash,inventory,average_entry_price,realized_trading_pnl,unrealized_trading_pnl,funding_pnl,fees,mid,best_bid,best_ask,spread,funding_rate,bid_quote,ask_quote,fair_price,reservation_price,half_distance,funding_target,pressure,strategy_reason,kill_switch
2026-03-19 00:00:00.004299483+00:00,0.0,0.0,0.0,0.0,0.0,0.0,0.0,0.0,2203.45,2203.4,2203.5,0.09999999999990905,0.0,,,,,,0.0,0.0,uneconomic_spread,False
2026-03-19 00:01:00.029035911+00:00,0.0,0.0,0.0,0.0,0.0,0.0,0.0,0.0,2203.05,2203.0,2203.1,0.09999999999990905,0.00011493693099157,,,,,,,,,False
2026-03-19 00:02:00.019166425+00:00,0.0,0.0,0.0,0.0,0.0,0.0,0.0,0.0,2202.3500000000004,2202.3,2202.4,0.09999999999990905,9.523910051023e-05,,,,,,,,,False
2026-03-19 00:03:00.042136493+00:00,0.0,0.0,0.0,0.0,0.0,0.0,0.0,0.0,2202.45,2202.4,2202.5,0.09999999999990905,0.000104326684054227,,,,,,,,,False
2026-03-19 00:04:00.111825667+00:00,0.0,0.0,0.0,0.0,0.0,0.0,0.0,0.0,2204.25,2204.2,2204.3,0.1000000000003638,0.000102467683444037,,,,,,,,,False
2026-03-19 00:05:00.020412578+00:00,0.0,0.0,0.0,0.0,0.0,0.0,0.0,0.0,2205.8500000000004,2205.8,2205.9,0.09999999999990905,8.0920526040598e-05,,,,,,,,,False
2026-03-19 00:06:00.046597536+00:00,0.0,0.0,0.0,0.0,0.0,0.0,0.0,0.0,2205.55,2205.5,2205.6,0.09999999999990905,0.000103489755025733,,,,,,,,,False
2026-03-19 00:07:00.133108104+00:00,0.0,0.0,0.0,0.0,0.0,0.0,0.0,0.0,2203.05,2203.0,2203.1,0.09999999999990905,0.000111129799533895,,,,,,,,,False
2026-03-19 00:08:00.035009808+00:00,0.0,0.0,0.0,0.0,0.0,0.0,0.0,0.0,2206.1499999999996,2206.1,2206.2,0.09999999999990905,9.6902488259701e-05,,,,,,,,,False
2026-03-19 00:09:00.036984006+00:00,0.0,0.0,0.0,0.0,0.0,0.0,0.0,0.0,2204.55,2204.5,2204.6,0.09999999999990905,9.3934480519933e-05,,,,,,,,,False
2026-03-19 00:10:00.099111120+00:00,0.0,0.0,0.0,0.0,0.0,0.0,0.0,0.0,2201.55,2201.5,2201.6,0.09999999999990905,0.000103714977535866,,,,,,,,,False
2026-03-19 00:11:00.067837838+00:00,0.0,0.0,0.0,0.0,0.0,0.0,0.0,0.0,2195.75,2195.7,2195.8,0.1000000000003638,0.000107971679594233,2195.4,2195.9,,,,,,,False
2026-03-19 00:12:00.054109397+00:00,0.0,0.0,0.0,0.0,0.0,0.0,0.0,0.0,2197.55,2197.5,2197.6,0.09999999999990905,9.5036446848751e-05,,,,,,,,,False
2026-03-19 00:13:00.025399937+00:00,0.0,0.0,0.0,0.0,0.0,0.0,0.0,0.0,2197.95,2197.9,2198.0,0.09999999999990905,8.0129925537584e-05,,,,,,,,,False
2026-03-19 00:14:00.351902415+00:00,0.0,0.0,0.0,0.0,0.0,0.0,0.0,0.0,2199.45,2199.4,2199.5,0.09999999999990905,7.0392460465958e-05,,,,,,,,,False
2026-03-19 00:15:00.015448889+00:00,0.0,0.0,0.0,0.0,0.0,0.0,0.0,0.0,2201.45,2201.4,2201.5,0.09999999999990905,6.3259988955379e-05,,,,,,,,,False
2026-03-19 00:16:00.007211431+00:00,0.0,0.0,0.0,0.0,0.0,0.0,0.0,0.0,2201.45,2201.4,2201.5,0.09999999999990905,5.8163110307759e-05,,,,,,,,,False
2026-03-19 00:17:00.127789505+00:00,0.0,0.0,0.0,0.0,0.0,0.0,0.0,0.0,2200.25,2200.2,2200.3,0.1000000000003638,5.5545114507927e-05,,,,,,,,,False
2026-03-19 00:18:00.024733890+00:00,0.0,0.0,0.0,0.0,0.0,0.0,0.0,0.0,2198.45,2198.4,2198.5,0.09999999999990905,5.2222757893032e-05,,,,,,,,,False
2026-03-19 00:19:00.014478035+00:00,0.0,0.0,0.0,0.0,0.0,0.0,0.0,0.0,2199.25,2199.2,2199.3,0.1000000000003638,4.8622442346667e-05,,,,,,,,,False
2026-03-19 00:20:00.178062821+00:00,0.0,0.0,0.0,0.0,0.0,0.0,0.0,0.0,2199.55,2199.5,2199.6,0.09999999999990905,4.4881671129864e-05,,,,,,,,,False
2026-03-19 00:21:00.045545575+00:00,0.0,0.0,0.0,0.0,0.0,0.0,0.0,0.0,2197.55,2197.5,2197.6,0.09999999999990905,4.5534809334335e-05,,,,,,0.0,0.0,uneconomic_spread,False
2026-03-19 00:22:00.017597896+00:00,0.0,0.0,0.0,0.0,0.0,0.0,0.0,0.0,2198.45,2198.4,2198.5,0.09999999999990905,4.3422844837497e-05,,,,,,,,,False
2026-03-19 00:23:00.046762460+00:00,0.0,0.0,0.0,0.0,0.0,0.0,0.0,0.0,2197.45,2197.4,2197.5,0.09999999999990905,4.5435489748309e-05,,,,,,,,,False
2026-03-19 00:24:00.019315534+00:00,0.0,0.0,0.0,0.0,0.0,0.0,0.0,0.0,2196.8500000000004,2196.8,2196.9,0.09999999999990905,4.7477514663295e-05,,,,,,,,,False
2026-03-19 00:25:00.086501752+00:00,0.0,0.0,0.0,0.0,0.0,0.0,0.0,0.0,2197.1499999999996,2197.1,2197.2,0.09999999999990905,4.8995173890033e-05,,,,,,,,,False
2026-03-19 00:26:00.058432044+00:00,0.0,0.0,0.0,0.0,0.0,0.0,0.0,0.0,2196.75,2196.7,2196.8,0.1000000000003638,4.9834485174221e-05,2196.5,2197.0,,,,,,,False
2026-03-19 00:27:00.053161277+00:00,0.0,0.0,0.0,0.0,0.0,0.0,0.0,0.0,2198.45,2198.4,2198.5,0.09999999999990905,4.6321876735286e-05,,,,,,,,,False
2026-03-19 00:28:00.036223403+00:00,0.0,0.0,0.0,0.0,0.0,0.0,0.0,0.0,2198.3500000000004,2198.3,2198.4,0.09999999999990905,4.5144575667827e-05,,,,,,,,,False
2026-03-19 00:29:00.021157639+00:00,0.0,0.0,0.0,0.0,0.0,0.0,0.0,0.0,2202.3500000000004,2202.3,2202.4,0.09999999999990905,4.0419753550635e-05,,,,,,,,,False
2026-03-19 00:30:00.042466619+00:00,0.0,0.0,0.0,0.0,0.0,0.0,0.0,0.0,2203.55,2203.5,2203.6,0.09999999999990905,4.1565750732962e-05,,,,,,,,,False
2026-03-19 00:31:00.053174424+00:00,0.0,0.0,0.0,0.0,0.0,0.0,0.0,0.0,2203.1499999999996,2203.1,2203.2,0.09999999999990905,4.1927825776735e-05,,,,,,,,,False
2026-03-19 00:32:00.037638487+00:00,0.0,0.0,0.0,0.0,0.0,0.0,0.0,0.0,2200.8500000000004,2200.8,2200.9,0.09999999999990905,4.4380669842894e-05,,,,,,,,,False
2026-03-19 00:33:00.032405286+00:00,0.0,0.0,0.0,0.0,0.0,0.0,0.0,0.0,2201.1499999999996,2201.1,2201.2,0.09999999999990905,4.4717721409012e-05,,,,,,,,,False
2026-03-19 00:34:00.089507067+00:00,0.0,0.0,0.0,0.0,0.0,0.0,0.0,0.0,2196.45,2196.4,2196.5,0.09999999999990905,4.8293157887061e-05,,,,,,,,,False
2026-03-19 00:35:00.016895059+00:00,0.0,0.0,0.0,0.0,0.0,0.0,0.0,0.0,2193.95,2193.9,2194.0,0.09999999999990905,4.7740562579395e-05,,,,,,,,,False
2026-03-19 00:36:00.036847943+00:00,0.0,0.0,0.0,0.0,0.0,0.0,0.0,0.0,2194.3500000000004,2194.3,2194.4,0.09999999999990905,4.5676461103865e-05,,,,,,,,,False
2026-03-19 00:37:00.051186163+00:00,0.0,0.0,0.0,0.0,0.0,0.0,0.0,0.0,2194.8500000000004,2194.8,2194.9,0.09999999999990905,4.3976781027236e-05,,,,,,,,,False
2026-03-19 00:38:00.099630708+00:00,0.0,0.0,0.0,0.0,0.0,0.0,0.0,0.0,2196.6499999999996,2196.6,2196.7,0.09999999999990905,4.1896849184733e-05,,,,,,,,,False
2026-03-19 00:39:00.035046883+00:00,0.0,0.0,0.0,0.0,0.0,0.0,0.0,0.0,2194.1499999999996,2194.1,2194.2,0.09999999999990905,4.2685835332784e-05,,,,,,,,,False
2026-03-19 00:40:00.102714468+00:00,0.0,0.0,0.0,0.0,0.0,0.0,0.0,0.0,2195.25,2195.2,2195.3,0.1000000000003638,4.0019826208036e-05,2194.9,2195.5,,,,,,,False
2026-03-19 00:41:00.035507141+00:00,0.0,0.0,0.0,0.0,0.0,0.0,0.0,0.0,2193.8500000000004,2193.8,2193.9,0.09999999999990905,3.9907522014755e-05,,,,,,,,,False
2026-03-19 00:42:00.005047738+00:00,0.0,0.0,0.0,0.0,0.0,0.0,0.0,0.0,2192.25,2192.2,2192.3,0.1000000000003638,4.1530852456197e-05,2192.0,2192.5,,,,,,,False
2026-03-19 00:43:00.078381196+00:00,0.0,0.0,0.0,0.0,0.0,0.0,0.0,0.0,2193.25,2193.2,2193.3,0.1000000000003638,4.0661787257261e-05,,2193.4,2193.2154305560816,2193.1865107671274,0.2,-0.09639929651376532,-0.8960927111104116,ok,False
2026-03-19 00:44:00.037652163+00:00,0.0,0.0,0.0,0.0,0.0,0.0,0.0,0.0,2192.95,2192.9,2193.0,0.09999999999990905,3.9687303495136e-05,,,,,,,,,False
2026-03-19 00:45:00.015439290+00:00,0.0,0.0,0.0,0.0,0.0,0.0,0.0,0.0,2192.55,2192.5,2192.6,0.09999999999990905,3.8711327254526e-05,,,,,,,,,False
2026-03-19 00:46:00.053925327+00:00,0.0,0.0,0.0,0.0,0.0,0.0,0.0,0.0,2192.55,2192.5,2192.6,0.09999999999990905,3.7923175659132e-05,,,,,,,,,False
2026-03-19 00:47:00.053947137+00:00,0.0,0.0,0.0,0.0,0.0,0.0,0.0,0.0,2192.6499999999996,2192.6,2192.7,0.09999999999990905,3.6691143518301e-05,,,,,,,,,False
2026-03-19 00:48:00.036338364+00:00,0.0,0.0,0.0,0.0,0.0,0.0,0.0,0.0,2194.75,2194.7,2194.8,0.1000000000003638,3.3818802892731e-05,,,,,,,,,False
2026-03-19 00:49:00.035615001+00:00,0.0,0.0,0.0,0.0,0.0,0.0,0.0,0.0,2194.95,2194.9,2195.0,0.09999999999990905,3.3494497937902e-05,,,,,,,,,False
2026-03-19 00:50:00.061988640+00:00,0.0,0.0,0.0,0.0,0.0,0.0,0.0,0.0,2192.55,2192.5,2192.6,0.09999999999990905,3.3636489900125e-05,,,,,,,,,False
2026-03-19 00:51:00.036010357+00:00,0.0,0.0,0.0,0.0,0.0,0.0,0.0,0.0,2193.55,2193.5,2193.6,0.09999999999990905,3.2370285030365e-05,,,,,,,,,False
2026-03-19 00:52:00.016750169+00:00,0.0,0.0,0.0,0.0,0.0,0.0,0.0,0.0,2192.75,2192.7,2192.8,0.1000000000003638,3.113405717652e-05,,,,,,,,,False
2026-03-19 00:53:00.009177694+00:00,0.0,0.0,0.0,0.0,0.0,0.0,0.0,0.0,2191.6499999999996,2191.6,2191.7,0.09999999999990905,3.0644289526264e-05,,,,,,,,,False
2026-03-19 00:54:00.013499721+00:00,0.0,0.0,0.0,0.0,0.0,0.0,0.0,0.0,2194.55,2194.5,2194.6,0.09999999999990905,2.8423828871862e-05,,,,,,,,,False
2026-03-19 00:55:00.046094225+00:00,0.0,0.0,0.0,0.0,0.0,0.0,0.0,0.0,2194.05,2194.0,2194.1,0.09999999999990905,2.6826170990661e-05,,,,,,,,,False
2026-03-19 00:56:00.035418909+00:00,0.0,0.0,0.0,0.0,0.0,0.0,0.0,0.0,2194.05,2194.0,2194.1,0.09999999999990905,2.612582705432e-05,,,,,,,,,False
2026-03-19 00:57:00.062138770+00:00,0.0,0.0,0.0,0.0,0.0,0.0,0.0,0.0,2192.8500000000004,2192.8,2192.9,0.09999999999990905,2.508872982947e-05,,,,,,0.0,0.0,uneconomic_spread,False
2026-03-19 00:58:00.035335922+00:00,0.0,0.0,0.0,0.0,0.0,0.0,0.0,0.0,2192.25,2192.2,2192.3,0.1000000000003638,2.3734121343905e-05,,,,,,,,,False
2026-03-19 00:59:00.019237360+00:00,0.0,0.0,0.0,0.0,0.0,0.0,0.0,0.0,2192.05,2192.0,2192.1,0.09999999999990905,2.206755510783e-05,,,,,,,,,False
2026-03-19 01:00:00.058256488+00:00,0.0,0.0,0.0,0.0,0.0,0.0,0.0,0.0,2193.3500000000004,2193.3,2193.4,0.09999999999990905,1.9957015642108e-05,,,,,,,,,False
2026-03-19 01:01:00.072467995+00:00,0.0,0.0,0.0,0.0,0.0,0.0,0.0,0.0,2196.45,2196.4,2196.5,0.09999999999990905,-9.4381016675325e-05,,,,,,,,,False
2026-03-19 01:02:00.052260920+00:00,0.0,0.0,0.0,0.0,0.0,0.0,0.0,0.0,2195.8500000000004,2195.8,2195.9,0.09999999999990905,-3.106839357406e-05,,,,,,,,,False
2026-03-19 01:03:00.059687098+00:00,0.0,0.0,0.0,0.0,0.0,0.0,0.0,0.0,2196.75,2196.7,2196.8,0.1000000000003638,-3.0360781441467e-05,2196.5,2197.1,,,,,,,False
2026-03-19 01:04:00.036331564+00:00,0.0,0.0,0.0,0.0,0.0,0.0,0.0,0.0,2192.95,2192.9,2193.0,0.09999999999990905,1.0945508057015e-05,,,,,,,,,False
2026-03-19 01:05:00.045627541+00:00,0.0,0.0,0.0,0.0,0.0,0.0,0.0,0.0,2191.6499999999996,2191.6,2191.7,0.09999999999990905,9.457415231388e-06,,,,,,,,,False
2026-03-19 01:06:00.039332599+00:00,0.0,0.0,0.0,0.0,0.0,0.0,0.0,0.0,2190.6499999999996,2190.6,2190.7,0.09999999999990905,1.0627394700289e-05,,,,,,,,,False
2026-03-19 01:07:00.013436673+00:00,0.0,0.0,0.0,0.0,0.0,0.0,0.0,0.0,2194.55,2194.5,2194.6,0.09999999999990905,-8.48591489979e-07,,,,,,,,,False
2026-03-19 01:08:00.106969522+00:00,0.0,0.0,0.0,0.0,0.0,0.0,0.0,0.0,2194.05,2194.0,2194.1,0.09999999999990905,-6.074887177629e-06,,,,,,,,,False
2026-03-19 01:09:00.005471831+00:00,0.0,0.0,0.0,0.0,0.0,0.0,0.0,0.0,2193.75,2193.7,2193.8,0.1000000000003638,-1.7046676918753e-05,,,,,,,,,False
2026-03-19 01:10:00.011951526+00:00,0.0,0.0,0.0,0.0,0.0,0.0,0.0,0.0,2191.05,2191.0,2191.1,0.09999999999990905,-1.5905216512438e-05,,,,,,,,,False
2026-03-19 01:11:00.125229959+00:00,0.0,0.0,0.0,0.0,0.0,0.0,0.0,0.0,2191.95,2191.9,2192.0,0.09999999999990905,-2.6103929270415e-05,,,,,,,,,False
2026-03-19 01:12:00.023969593+00:00,0.0,0.0,0.0,0.0,0.0,0.0,0.0,0.0,2191.75,2191.7,2191.8,0.1000000000003638,-2.478585381736e-05,2191.5,2192.0,,,,,,,False
2026-03-19 01:13:00.062048845+00:00,0.0,0.0,0.0,0.0,0.0,0.0,0.0,0.0,2191.55,2191.5,2191.6,0.09999999999990905,-2.7373200745411e-05,,,,,,,,,False
2026-03-19 01:14:00.036858628+00:00,0.0,0.0,0.0,0.0,0.0,0.0,0.0,0.0,2190.3500000000004,2190.3,2190.4,0.09999999999990905,-2.7420598945181e-05,,,,,,,,,False
2026-03-19 01:15:00.031978797+00:00,0.0,0.0,0.0,0.0,0.0,0.0,0.0,0.0,2191.1499999999996,2191.1,2191.2,0.09999999999990905,-2.9534076161995e-05,,,,,,,,,False
2026-03-19 01:16:00.017330384+00:00,0.0,0.0,0.0,0.0,0.0,0.0,0.0,0.0,2192.25,2192.2,2192.3,0.1000000000003638,-3.113911177261e-05,,,,,,,,,False
2026-03-19 01:17:00.055187700+00:00,0.0,0.0,0.0,0.0,0.0,0.0,0.0,0.0,2192.75,2192.7,2192.8,0.1000000000003638,-2.9051671597347e-05,2192.4,2193.0,,,,,,,False
2026-03-19 01:18:00.057382612+00:00,0.0,0.0,0.0,0.0,0.0,0.0,0.0,0.0,2192.75,2192.7,2192.8,0.1000000000003638,-3.0197939032702e-05,2192.6,,,,,,,,False
2026-03-19 01:19:00.078308594+00:00,0.0,0.0,0.0,0.0,0.0,0.0,0.0,0.0,2192.3500000000004,2192.3,2192.4,0.09999999999990905,-2.9703661313813e-05,,,,,,,,,False
2026-03-19 01:20:00.041409323+00:00,0.0,0.0,0.0,0.0,0.0,0.0,0.0,0.0,2190.45,2190.4,2190.5,0.09999999999990905,-2.4019553005358e-05,,,,,,,,,False
2026-03-19 01:21:00.040505507+00:00,0.0,0.0,0.0,0.0,0.0,0.0,0.0,0.0,2190.45,2190.4,2190.5,0.09999999999990905,-2.2393767402176e-05,,,,,,,,,False
2026-03-19 01:22:00.082350372+00:00,0.0,0.0,0.0,0.0,0.0,0.0,0.0,0.0,2191.45,2191.4,2191.5,0.09999999999990905,-2.058845038275e-05,,,,,,,,,False
2026-03-19 01:23:00.135504838+00:00,0.0,0.0,0.0,0.0,0.0,0.0,0.0,0.0,2190.6499999999996,2190.6,2190.7,0.09999999999990905,-1.969325644612e-05,,,,,,,,,False
2026-03-19 01:24:00.030741816+00:00,0.0,0.0,0.0,0.0,0.0,0.0,0.0,0.0,2188.45,2188.4,2188.5,0.09999999999990905,-1.6906650907417e-05,,,,,,,,,False
2026-03-19 01:25:00.060164744+00:00,0.0,0.0,0.0,0.0,0.0,0.0,0.0,0.0,2188.8500000000004,2188.8,2188.9,0.09999999999990905,-1.7891650538347e-05,,,,,,,,,False
2026-03-19 01:26:00.037532853+00:00,0.0,0.0,0.0,0.0,0.0,0.0,0.0,0.0,2189.6499999999996,2189.6,2189.7,0.09999999999990905,-1.9084060750467e-05,,,,,,,,,False
2026-03-19 01:27:00.036976454+00:00,0.0,0.0,0.0,0.0,0.0,0.0,0.0,0.0,2190.3500000000004,2190.3,2190.4,0.09999999999990905,-1.7919427742066e-05,,,,,,,,,False
2026-03-19 01:28:00.057312540+00:00,0.0,0.0,0.0,0.0,0.0,0.0,0.0,0.0,2192.1499999999996,2192.1,2192.2,0.09999999999990905,-1.764244198393e-05,,,,,,,,,False
2026-03-19 01:29:00.009201065+00:00,0.0,0.0,0.0,0.0,0.0,0.0,0.0,0.0,2191.95,2191.9,2192.0,0.09999999999990905,-1.6815340518209e-05,,,,,,,,,False
2026-03-19 01:30:00.073173331+00:00,0.0,0.0,0.0,0.0,0.0,0.0,0.0,0.0,2192.8500000000004,2192.8,2192.9,0.09999999999990905,-1.6742678297323e-05,,,,,,,,,False
2026-03-19 01:31:00.082917511+00:00,0.0,0.0,0.0,0.0,0.0,0.0,0.0,0.0,2194.55,2194.5,2194.6,0.09999999999990905,-1.7772838023147e-05,,,,,,,,,False
2026-03-19 01:32:00.035691496+00:00,0.0,0.0,0.0,0.0,0.0,0.0,0.0,0.0,2192.8500000000004,2192.8,2192.9,0.09999999999990905,-1.4630366019098e-05,,,,,,,,,False
2026-03-19 01:33:00.036930098+00:00,0.0,0.0,0.0,0.0,0.0,0.0,0.0,0.0,2192.05,2192.0,2192.1,0.09999999999990905,-1.374612424804e-05,,,,,,,,,False
2026-03-19 01:34:00.045030199+00:00,0.0,0.0,0.0,0.0,0.0,0.0,0.0,0.0,2193.05,2193.0,2193.1,0.09999999999990905,-1.3317220271537e-05,,,,,,,,,False
2026-03-19 01:35:00.042289297+00:00,0.0,0.0,0.0,0.0,0.0,0.0,0.0,0.0,2195.95,2195.9,2196.0,0.09999999999990905,-1.2741313588147e-05,,,,,,,,,False
2026-03-19 01:36:00.072241513+00:00,0.0,0.0,0.0,0.0,0.0,0.0,0.0,0.0,2196.05,2196.0,2196.1,0.09999999999990905,-1.1410436905414e-05,,,,,,,,,False
2026-03-19 01:37:00.053108696+00:00,0.0,0.0,0.0,0.0,0.0,0.0,0.0,0.0,2196.3500000000004,2196.3,2196.4,0.09999999999990905,-1.0248780116345e-05,,,,,,,,,False
2026-03-19 01:38:00.035424892+00:00,0.0,0.0,0.0,0.0,0.0,0.0,0.0,0.0,2198.05,2198.0,2198.1,0.09999999999990905,-9.938806882208e-06,,,,,,,,,False
2026-03-19 01:39:00.014344695+00:00,0.0,0.0,0.0,0.0,0.0,0.0,0.0,0.0,2196.1499999999996,2196.1,2196.2,0.09999999999990905,-7.014669258872e-06,,,,,,,,,False
2026-03-19 01:40:00.046674428+00:00,0.0,0.0,0.0,0.0,0.0,0.0,0.0,0.0,2198.25,2198.2,2198.3,0.1000000000003638,-6.576682974776e-06,2198.0,2198.5,,,,,,,False
2026-03-19 01:41:00.035274313+00:00,0.0,0.0,0.0,0.0,0.0,0.0,0.0,0.0,2198.25,2198.2,2198.3,0.1000000000003638,-6.494805209155e-06,,,,,,,,,False
2026-03-19 01:42:00.018504608+00:00,0.0,0.0,0.0,0.0,0.0,0.0,0.0,0.0,2197.8500000000004,2197.8,2197.9,0.09999999999990905,-6.846878166927e-06,,,,,,,,,False
2026-03-19 01:43:00.064945162+00:00,0.0,0.0,0.0,0.0,0.0,0.0,0.0,0.0,2200.55,2200.5,2200.6,0.09999999999990905,-7.610134327474e-06,,,,,,,,,False
2026-03-19 01:44:00.139938950+00:00,0.0,0.0,0.0,0.0,0.0,0.0,0.0,0.0,2200.3500000000004,2200.3,2200.4,0.09999999999990905,-6.433986033e-06,,,,,,,,,False
2026-03-19 01:45:00.010545640+00:00,0.0,0.0,0.0,0.0,0.0,0.0,0.0,0.0,2199.6499999999996,2199.6,2199.7,0.09999999999990905,-5.33386691793e-06,,,,,,,,,False
2026-03-19 01:46:00.035899186+00:00,0.0,0.0,0.0,0.0,0.0,0.0,0.0,0.0,2199.8500000000004,2199.8,2199.9,0.09999999999990905,-7.097753469042e-06,,,,,,,,,False
2026-03-19 01:47:00.067831500+00:00,0.0,0.0,0.0,0.0,0.0,0.0,0.0,0.0,2201.6499999999996,2201.6,2201.7,0.09999999999990905,-6.601200362011e-06,,,,,,,,,False
2026-03-19 01:48:00.006478180+00:00,0.0,0.0,0.0,0.0,0.0,0.0,0.0,0.0,2200.75,2200.7,2200.8,0.1000000000003638,-5.01442304858e-06,2200.5,2201.0,,,,,,,False
2026-03-19 01:49:00.038879966+00:00,0.0,0.0,0.0,0.0,0.0,0.0,0.0,0.0,2199.55,2199.5,2199.6,0.09999999999990905,-2.466549960829e-06,,,,,,,,,False
2026-03-19 01:50:00.037864908+00:00,0.0,0.0,0.0,0.0,0.0,0.0,0.0,0.0,2200.8500000000004,2200.8,2200.9,0.09999999999990905,-3.800471909604e-06,,,,,,,,,False
2026-03-19 01:51:00.036786588+00:00,0.0,0.0,0.0,0.0,0.0,0.0,0.0,0.0,2199.25,2199.2,2199.3,0.1000000000003638,-2.052576080777e-06,,2199.5,,,,,,,False
2026-03-19 01:52:00.036506362+00:00,0.0,0.0,0.0,0.0,0.0,0.0,0.0,0.0,2197.25,2197.2,2197.3,0.1000000000003638,-8.18860687433e-07,2196.9,2197.5,,,,,,,False
2026-03-19 01:53:00.035778313+00:00,0.0,0.0,0.0,0.0,0.0,0.0,0.0,0.0,2199.3500000000004,2199.3,2199.4,0.09999999999990905,-1.557432495709e-06,,,,,,,,,False
2026-03-19 01:54:00.032440916+00:00,0.0,0.0,0.0,0.0,0.0,0.0,0.0,0.0,2199.55,2199.5,2199.6,0.09999999999990905,-1.569190093722e-06,,,,,,,,,False
2026-03-19 01:55:00.018297818+00:00,0.0,0.0,0.0,0.0,0.0,0.0,0.0,0.0,2200.1499999999996,2200.1,2200.2,0.09999999999990905,-1.780763365698e-06,,,,,,,,,False
2026-03-19 01:56:00.070358021+00:00,0.0,0.0,0.0,0.0,0.0,0.0,0.0,0.0,2199.95,2199.9,2200.0,0.09999999999990905,-1.415406049488e-06,,,,,,,,,False
2026-03-19 01:57:00.041811570+00:00,0.0,0.0,0.0,0.0,0.0,0.0,0.0,0.0,2199.95,2199.9,2200.0,0.09999999999990905,-1.237992159474e-06,,,,,,,,,False
2026-03-19 01:58:00.039765980+00:00,0.0,0.0,0.0,0.0,0.0,0.0,0.0,0.0,2199.55,2199.5,2199.6,0.09999999999990905,-1.048466606459e-06,,,,,,,,,False
2026-03-19 01:59:00.149870133+00:00,0.0,0.0,0.0,0.0,0.0,0.0,0.0,0.0,2197.75,2197.7,2197.8,0.1000000000003638,4.5961443969e-07,2197.4,2198.0,,,,,,,False
2026-03-19 02:00:00.049622240+00:00,0.0,0.0,0.0,0.0,0.0,0.0,0.0,0.0,2196.95,2196.9,2197.0,0.09999999999990905,1.621020730864e-06,,,,,,,,,False
2026-03-19 02:01:00.012942444+00:00,0.0,0.0,0.0,0.0,0.0,0.0,0.0,0.0,2194.75,2194.7,2194.8,0.1000000000003638,0.000130582334020972,2194.4,2195.0,,,,,,,False
2026-03-19 02:02:00.043018090+00:00,0.0,0.0,0.0,0.0,0.0,0.0,0.0,0.0,2190.55,2190.5,2190.6,0.09999999999990905,0.000133230752552234,,,,,,,,,False
2026-03-19 02:03:00.040063127+00:00,0.0,0.0,0.0,0.0,0.0,0.0,0.0,0.0,2193.3500000000004,2193.3,2193.4,0.09999999999990905,8.1398307981275e-05,,,,,,,,,False
2026-03-19 02:04:00.029229702+00:00,0.0,0.0,0.0,0.0,0.0,0.0,0.0,0.0,2194.05,2194.0,2194.1,0.09999999999990905,5.817704859476e-05,,,,,,,,,False
2026-03-19 02:05:00.052473779+00:00,0.0,0.0,0.0,0.0,0.0,0.0,0.0,0.0,2194.05,2194.0,2194.1,0.09999999999990905,4.5831655953097e-05,,,,,,,,,False
2026-03-19 02:06:00.039953470+00:00,0.0,0.0,0.0,0.0,0.0,0.0,0.0,0.0,2191.8500000000004,2191.8,2191.9,0.09999999999990905,5.7922861136975e-05,,,,,,,,,False
2026-03-19 02:07:00.023072445+00:00,0.0,0.0,0.0,0.0,0.0,0.0,0.0,0.0,2194.1499999999996,2194.1,2194.2,0.09999999999990905,5.300037116195e-05,,,,,,,,,False
2026-03-19 02:08:00.038793828+00:00,0.0,0.0,0.0,0.0,0.0,0.0,0.0,0.0,2200.1499999999996,2200.1,2200.2,0.09999999999990905,3.0695422469721e-05,,,,,,,,,False
2026-03-19 02:09:00.127051080+00:00,0.0,0.0,0.0,0.0,0.0,0.0,0.0,0.0,2198.6499999999996,2198.6,2198.7,0.09999999999990905,2.6836802356626e-05,,,,,,,,,False
2026-03-19 02:10:00.061870685+00:00,0.0,0.0,0.0,0.0,0.0,0.0,0.0,0.0,2197.25,2197.2,2197.3,0.1000000000003638,2.8730493658736e-05,,,,,,,,,False
2026-03-19 02:11:00.098423957+00:00,0.0,0.0,0.0,0.0,0.0,0.0,0.0,0.0,2200.75,2200.7,2200.8,0.1000000000003638,2.0074947761336e-05,2200.5,2201.0,,,,,,,False
2026-03-19 02:12:00.036546068+00:00,0.0,0.0,0.0,0.0,0.0,0.0,0.0,0.0,2200.8500000000004,2200.8,2200.9,0.09999999999990905,1.5824270564593e-05,,,,,,,,,False
2026-03-19 02:13:00.045025405+00:00,0.0,0.0,0.0,0.0,0.0,0.0,0.0,0.0,2200.25,2200.2,2200.3,0.1000000000003638,1.9481560624975e-05,,,,,,,,,False
2026-03-19 02:14:00.050588854+00:00,0.0,0.0,0.0,0.0,0.0,0.0,0.0,0.0,2199.95,2199.9,2200.0,0.09999999999990905,1.9946016657556e-05,,,,,,,,,False
2026-03-19 02:15:00.079185235+00:00,0.0,0.0,0.0,0.0,0.0,0.0,0.0,0.0,2200.25,2200.2,2200.3,0.1000000000003638,1.5359284238693e-05,2199.9,2200.5,,,,,,,False
2026-03-19 02:16:00.035652879+00:00,0.0,0.0,0.0,0.0,0.0,0.0,0.0,0.0,2200.45,2200.4,2200.5,0.09999999999990905,1.6322923072907e-05,,,,,,,,,False
2026-03-19 02:17:00.036212313+00:00,0.0,0.0,0.0,0.0,0.0,0.0,0.0,0.0,2200.25,2200.2,2200.3,0.1000000000003638,1.8045965054411e-05,,,,,,,,,False
2026-03-19 02:18:00.081302215+00:00,0.0,0.0,0.0,0.0,0.0,0.0,0.0,0.0,2201.8500000000004,2201.8,2201.9,0.09999999999990905,1.4202931283813e-05,,,,,,,,,False
2026-03-19 02:19:00.046478970+00:00,0.0,0.0,0.0,0.0,0.0,0.0,0.0,0.0,2199.8500000000004,2199.8,2199.9,0.09999999999990905,1.5366252088526e-05,,,,,,,,,False
2026-03-19 02:20:00.024088069+00:00,0.0,0.0,0.0,0.0,0.0,0.0,0.0,0.0,2200.25,2200.2,2200.3,0.1000000000003638,1.7254571205668e-05,,,,,,,,,False
2026-03-19 02:21:00.036348904+00:00,0.0,0.0,0.0,0.0,0.0,0.0,0.0,0.0,2202.55,2202.5,2202.6,0.09999999999990905,1.3084525538034e-05,,,,,,,,,False
2026-03-19 02:22:00.017589207+00:00,0.0,0.0,0.0,0.0,0.0,0.0,0.0,0.0,2201.45,2201.4,2201.5,0.09999999999990905,1.187076461338e-05,,,,,,,,,False
2026-03-19 02:23:00.076992001+00:00,0.0,0.0,0.0,0.0,0.0,0.0,0.0,0.0,2201.25,2201.2,2201.3,0.1000000000003638,1.3882636503088e-05,,,,,,,,,False
2026-03-19 02:24:00.009380042+00:00,0.0,0.0,0.0,0.0,0.0,0.0,0.0,0.0,2200.95,2200.9,2201.0,0.09999999999990905,1.359094565244e-05,,,,,,,,,False
2026-03-19 02:25:00.075110601+00:00,0.0,0.0,0.0,0.0,0.0,0.0,0.0,0.0,2200.55,2200.5,2200.6,0.09999999999990905,1.0130517851157e-05,,,,,,,,,False
2026-03-19 02:26:00.031995264+00:00,0.0,0.0,0.0,0.0,0.0,0.0,0.0,0.0,2200.25,2200.2,2200.3,0.1000000000003638,1.0076309288437e-05,,,,,,,,,False
2026-03-19 02:27:00.037638575+00:00,0.0,0.0,0.0,0.0,0.0,0.0,0.0,0.0,2200.3500000000004,2200.3,2200.4,0.09999999999990905,7.411947201286e-06,,,,,,,,,False
2026-03-19 02:28:00.008555163+00:00,0.0,0.0,0.0,0.0,0.0,0.0,0.0,0.0,2199.8500000000004,2199.8,2199.9,0.09999999999990905,5.531833617321e-06,,,,,,,,,False
2026-03-19 02:29:00.047842591+00:00,0.0,0.0,0.0,0.0,0.0,0.0,0.0,0.0,2200.8500000000004,2200.8,2200.9,0.09999999999990905,1.588781016014e-06,,,,,,,,,False
2026-03-19 02:30:00.027127237+00:00,0.0,0.0,0.0,0.0,0.0,0.0,0.0,0.0,2202.05,2202.0,2202.1,0.09999999999990905,-1.210682345108e-06,,,,,,,,,False
2026-03-19 02:31:00.013880034+00:00,0.0,0.0,0.0,0.0,0.0,0.0,0.0,0.0,2202.6499999999996,2202.6,2202.7,0.09999999999990905,-4.19202640661e-07,,,,,,,,,False
2026-03-19 02:32:00.046011193+00:00,0.0,0.0,0.0,0.0,0.0,0.0,0.0,0.0,2202.1499999999996,2202.1,2202.2,0.09999999999990905,2.92354207794e-07,,,,,,,,,False
2026-03-19 02:33:00.046545380+00:00,0.0,0.0,0.0,0.0,0.0,0.0,0.0,0.0,2200.25,2200.2,2200.3,0.1000000000003638,-1.129708444741e-06,2200.0,2200.5,,,,,,,False
2026-03-19 02:34:00.035633035+00:00,0.0,0.0,0.0,0.0,0.0,0.0,0.0,0.0,2202.95,2202.9,2203.0,0.09999999999990905,-2.903498662358e-06,,,,,,,,,False
2026-03-19 02:35:00.051982769+00:00,0.0,0.0,0.0,0.0,0.0,0.0,0.0,0.0,2203.45,2203.4,2203.5,0.09999999999990905,-4.88331432932e-06,,,,,,,,,False
2026-03-19 02:36:00.025420883+00:00,0.0,0.0,0.0,0.0,0.0,0.0,0.0,0.0,2203.1499999999996,2203.1,2203.2,0.09999999999990905,-5.634475775606e-06,,,,,,,,,False
2026-03-19 02:37:00.055853557+00:00,0.0,0.0,0.0,0.0,0.0,0.0,0.0,0.0,2202.95,2202.9,2203.0,0.09999999999990905,-6.493548364566e-06,,,,,,,,,False
2026-03-19 02:38:00.036407940+00:00,0.0,0.0,0.0,0.0,0.0,0.0,0.0,0.0,2203.6499999999996,2203.6,2203.7,0.09999999999990905,-8.475674204941e-06,,,,,,,,,False
2026-03-19 02:39:00.082261835+00:00,0.0,0.0,0.0,0.0,0.0,0.0,0.0,0.0,2203.3500000000004,2203.3,2203.4,0.09999999999990905,-8.599087331838e-06,,,,,,,,,False
2026-03-19 02:40:00.035956940+00:00,0.0,0.0,0.0,0.0,0.0,0.0,0.0,0.0,2203.45,2203.4,2203.5,0.09999999999990905,-9.974208909858e-06,,,,,,,,,False
2026-03-19 02:41:00.009909977+00:00,0.0,0.0,0.0,0.0,0.0,0.0,0.0,0.0,2203.6499999999996,2203.6,2203.7,0.09999999999990905,-1.1452695876171e-05,,,,,,,,,False
2026-03-19 02:42:00.135075940+00:00,0.0,0.0,0.0,0.0,0.0,0.0,0.0,0.0,2203.6499999999996,2203.6,2203.7,0.09999999999990905,-1.3444388467501e-05,,,,,,,,,False
2026-03-19 02:43:00.006274118+00:00,0.0,0.0,0.0,0.0,0.0,0.0,0.0,0.0,2204.6499999999996,2204.6,2204.7,0.09999999999990905,-1.4284112262202e-05,,,,,,,,,False
2026-03-19 02:44:00.036077067+00:00,0.0,0.0,0.0,0.0,0.0,0.0,0.0,0.0,2204.3500000000004,2204.3,2204.4,0.09999999999990905,-1.4377225176449e-05,,,,,,,,,False
2026-03-19 02:45:00.036501906+00:00,0.0,0.0,0.0,0.0,0.0,0.0,0.0,0.0,2204.1499999999996,2204.1,2204.2,0.09999999999990905,-1.3858558355691e-05,,,,,,,,,False
2026-03-19 02:46:00.037334280+00:00,0.0,0.0,0.0,0.0,0.0,0.0,0.0,0.0,2203.95,2203.9,2204.0,0.09999999999990905,-1.4000152836971e-05,,,,,,,,,False
2026-03-19 02:47:00.037665061+00:00,0.0,0.0,0.0,0.0,0.0,0.0,0.0,0.0,2203.25,2203.2,2203.3,0.1000000000003638,-1.2655408247716e-05,,,,,,,,,False
2026-03-19 02:48:00.051312830+00:00,0.0,0.0,0.0,0.0,0.0,0.0,0.0,0.0,2202.05,2202.0,2202.1,0.09999999999990905,-1.3524717822285e-05,,,,,,,,,False
2026-03-19 02:49:00.084046653+00:00,0.0,0.0,0.0,0.0,0.0,0.0,0.0,0.0,2200.45,2200.4,2200.5,0.09999999999990905,-1.3119757491631e-05,,,,,,,,,False
2026-03-19 02:50:00.008851059+00:00,0.0,0.0,0.0,0.0,0.0,0.0,0.0,0.0,2199.1499999999996,2199.1,2199.2,0.09999999999990905,-1.2240407725361e-05,,,,,,,,,False
2026-03-19 02:51:00.114968472+00:00,0.0,0.0,0.0,0.0,0.0,0.0,0.0,0.0,2200.25,2200.2,2200.3,0.1000000000003638,-1.3450552266671e-05,,,,,,,,,False
2026-03-19 02:52:00.024060038+00:00,0.0,0.0,0.0,0.0,0.0,0.0,0.0,0.0,2198.25,2198.2,2198.3,0.1000000000003638,-1.2007844870549e-05,2198.0,2198.5,,,,,,,False
2026-03-19 02:53:00.035421944+00:00,0.0,0.0,0.0,0.0,0.0,0.0,0.0,0.0,2198.1499999999996,2198.1,2198.2,0.09999999999990905,-1.1720923092159e-05,,,,,,,,,False
2026-03-19 02:54:00.035542755+00:00,0.0,0.0,0.0,0.0,0.0,0.0,0.0,0.0,2198.1499999999996,2198.1,2198.2,0.09999999999990905,-1.2364949694098e-05,,,,,,,,,False
2026-03-19 02:55:00.035917087+00:00,0.0,0.0,0.0,0.0,0.0,0.0,0.0,0.0,2198.55,2198.5,2198.6,0.09999999999990905,-1.2879282844864e-05,,,,,,,,,False
2026-03-19 02:56:00.118578621+00:00,0.0,0.0,0.0,0.0,0.0,0.0,0.0,0.0,2198.3500000000004,2198.3,2198.4,0.09999999999990905,-1.2467077148452e-05,,,,,,,,,False
2026-03-19 02:57:00.044494889+00:00,0.0,0.0,0.0,0.0,0.0,0.0,0.0,0.0,2197.05,2197.0,2197.1,0.09999999999990905,-1.1610919386039e-05,,,,,,,,,False
2026-03-19 02:58:00.035781220+00:00,0.0,0.0,0.0,0.0,0.0,0.0,0.0,0.0,2197.75,2197.7,2197.8,0.1000000000003638,-1.1803234132259e-05,2197.5,2198.1,,,,,,,False
2026-03-19 02:59:00.075146616+00:00,0.0,0.0,0.0,0.0,0.0,0.0,0.0,0.0,2196.75,2196.7,2196.8,0.1000000000003638,-1.1012435783116e-05,2196.5,2197.1,,,,,,,False
2026-03-19 03:00:00.078954498+00:00,0.0,0.0,0.0,0.0,0.0,0.0,0.0,0.0,2196.8500000000004,2196.8,2196.9,0.09999999999990905,-1.1651087559822e-05,,,,,,,,,False
2026-03-19 03:01:00.008703537+00:00,0.0,0.0,0.0,0.0,0.0,0.0,0.0,0.0,2198.05,2198.0,2198.1,0.09999999999990905,-8.41943811843e-06,,,,,,,,,False
2026-03-19 03:02:00.029922093+00:00,0.0,0.0,0.0,0.0,0.0,0.0,0.0,0.0,2197.1499999999996,2197.1,2197.2,0.09999999999990905,3.880410194186e-05,,,,,,,,,False
2026-03-19 03:03:00.036392098+00:00,0.0,0.0,0.0,0.0,0.0,0.0,0.0,0.0,2197.8500000000004,2197.8,2197.9,0.09999999999990905,3.99767284671e-05,,,,,,,,,False
2026-03-19 03:04:00.035536908+00:00,0.0,0.0,0.0,0.0,0.0,0.0,0.0,0.0,2198.05,2198.0,2198.1,0.09999999999990905,5.3173331760521e-05,,,,,,,,,False
2026-03-19 03:05:00.018764855+00:00,0.0,0.0,0.0,0.0,0.0,0.0,0.0,0.0,2201.05,2201.0,2201.1,0.09999999999990905,6.1141199296933e-05,,,,,,,,,False
2026-03-19 03:06:00.023854334+00:00,0.0,0.0,0.0,0.0,0.0,0.0,0.0,0.0,2201.05,2201.0,2201.1,0.09999999999990905,8.3247925788145e-05,,,,,,,,,False
2026-03-19 03:07:00.088192734+00:00,0.0,0.0,0.0,0.0,0.0,0.0,0.0,0.0,2200.95,2200.9,2201.0,0.09999999999990905,9.0409489427304e-05,,,,,,,,,False
2026-03-19 03:08:00.039696302+00:00,0.0,0.0,0.0,0.0,0.0,0.0,0.0,0.0,2201.05,2201.0,2201.1,0.09999999999990905,0.00010306108365073,,,,,,,,,False
2026-03-19 03:09:00.035841228+00:00,0.0,0.0,0.0,0.0,0.0,0.0,0.0,0.0,2203.3500000000004,2203.3,2203.4,0.09999999999990905,9.7303997721143e-05,,,,,,,,,False
2026-03-19 03:10:00.011725200+00:00,0.0,0.0,0.0,0.0,0.0,0.0,0.0,0.0,2205.05,2205.0,2205.1,0.09999999999990905,0.000100329297970396,,,,,,,,,False
2026-03-19 03:11:00.021294865+00:00,0.0,0.0,0.0,0.0,0.0,0.0,0.0,0.0,2205.75,2205.7,2205.8,0.1000000000003638,0.000108470061149049,,,,,,,,,False
2026-03-19 03:12:00.043471876+00:00,0.0,0.0,0.0,0.0,0.0,0.0,0.0,0.0,2206.05,2206.0,2206.1,0.09999999999990905,0.000116556249213398,,,,,,,,,False
2026-03-19 03:13:00.007244958+00:00,0.0,0.0,0.0,0.0,0.0,0.0,0.0,0.0,2206.95,2206.9,2207.0,0.09999999999990905,0.000118358538429212,,,,,,,,,False
2026-03-19 03:14:00.036268768+00:00,0.0,0.0,0.0,0.0,0.0,0.0,0.0,0.0,2205.95,2205.9,2206.0,0.09999999999990905,0.000126176102974177,,,,,,,,,False
2026-03-19 03:15:00.019765650+00:00,0.0,0.0,0.0,0.0,0.0,0.0,0.0,0.0,2206.05,2206.0,2206.1,0.09999999999990905,0.000125656551181024,,,,,,,,,False
2026-03-19 03:16:00.101371214+00:00,0.0,0.0,0.0,0.0,0.0,0.0,0.0,0.0,2206.45,2206.4,2206.5,0.09999999999990905,0.000126348510463392,,,,,,,,,False
2026-03-19 03:17:00.013187177+00:00,0.0,0.0,0.0,0.0,0.0,0.0,0.0,0.0,2207.8500000000004,2207.8,2207.9,0.09999999999990905,0.000119879914373276,,,,,,,,,False
2026-03-19 03:18:00.022759796+00:00,0.0,0.0,0.0,0.0,0.0,0.0,0.0,0.0,2215.05,2215.0,2215.1,0.09999999999990905,0.00010505881000555,,,,,,,,,False
2026-03-19 03:19:00.036153549+00:00,0.0,0.0,0.0,0.0,0.0,0.0,0.0,0.0,2217.3500000000004,2217.3,2217.4,0.09999999999990905,8.9963370796779e-05,,,,,,,,,False
2026-03-19 03:20:00.053949327+00:00,0.0,0.0,0.0,0.0,0.0,0.0,0.0,0.0,2223.55,2223.5,2223.6,0.09999999999990905,6.9057091704395e-05,,,,,,,,,False
2026-03-19 03:21:00.022830171+00:00,0.0,0.0,0.0,0.0,0.0,0.0,0.0,0.0,2220.8500000000004,2220.8,2220.9,0.09999999999990905,6.0483712110603e-05,,,,,,,,,False
2026-03-19 03:22:00.009612172+00:00,0.0,0.0,0.0,0.0,0.0,0.0,0.0,0.0,2222.1499999999996,2222.1,2222.2,0.09999999999990905,4.5214165217841e-05,,,,,,,,,False
2026-03-19 03:23:00.039660472+00:00,0.0,0.0,0.0,0.0,0.0,0.0,0.0,0.0,2226.55,2226.5,2226.6,0.09999999999990905,2.4620716252722e-05,,,,,,,,,False
2026-03-19 03:24:00.057620480+00:00,0.0,0.0,0.0,0.0,0.0,0.0,0.0,0.0,2230.05,2230.0,2230.1,0.09999999999990905,1.352358592711e-05,,,,,,,,,False
2026-03-19 03:25:00.068459133+00:00,0.0,0.0,0.0,0.0,0.0,0.0,0.0,0.0,2228.05,2228.0,2228.1,0.09999999999990905,5.61759289781e-06,,,,,,,,,False
2026-03-19 03:26:00.035467676+00:00,0.0,0.0,0.0,0.0,0.0,0.0,0.0,0.0,2229.55,2229.5,2229.6,0.09999999999990905,-5.582860108379e-06,,,,,,,,,False
2026-03-19 03:27:00.052468290+00:00,0.0,0.0,0.0,0.0,0.0,0.0,0.0,0.0,2227.45,2227.4,2227.5,0.09999999999990905,-9.74179339509e-06,,,,,,,,,False
2026-03-19 03:28:00.057890431+00:00,0.0,0.0,0.0,0.0,0.0,0.0,0.0,0.0,2229.8500000000004,2229.8,2229.9,0.09999999999990905,-1.8126831171044e-05,,,,,,,,,False
2026-03-19 03:29:00.080312021+00:00,0.0,0.0,0.0,0.0,0.0,0.0,0.0,0.0,2230.45,2230.4,2230.5,0.09999999999990905,-2.49441673105e-05,,,,,,,,,False
2026-03-19 03:30:00.028255245+00:00,0.0,0.0,0.0,0.0,0.0,0.0,0.0,0.0,2227.6499999999996,2227.6,2227.7,0.09999999999990905,-3.1030803803432e-05,,,,,,,,,False
2026-03-19 03:31:00.025464975+00:00,0.0,0.0,0.0,0.0,0.0,0.0,0.0,0.0,2224.05,2224.0,2224.1,0.09999999999990905,-3.5385856261297e-05,,,,,,,,,False
2026-03-19 03:32:00.022585960+00:00,0.0,0.0,0.0,0.0,0.0,0.0,0.0,0.0,2224.1499999999996,2224.1,2224.2,0.09999999999990905,-3.884089389294e-05,,,,,,,,,False
2026-03-19 03:33:00.055261900+00:00,0.0,0.0,0.0,0.0,0.0,0.0,0.0,0.0,2220.75,2220.7,2220.8,0.1000000000003638,-4.3986398734996e-05,2220.5,2221.0,,,,,,,False
2026-03-19 03:34:00.010779011+00:00,0.0,0.0,0.0,0.0,0.0,0.0,0.0,0.0,2221.6499999999996,2221.6,2221.7,0.09999999999990905,-4.9858037354955e-05,,,,,,,,,False
2026-03-19 03:35:00.123144051+00:00,0.0,0.0,0.0,0.0,0.0,0.0,0.0,0.0,2219.6499999999996,2219.6,2219.7,0.09999999999990905,-5.4835841517213e-05,,,,,,,,,False
2026-03-19 03:36:00.051100646+00:00,0.0,0.0,0.0,0.0,0.0,0.0,0.0,0.0,2215.8500000000004,2215.8,2215.9,0.09999999999990905,-5.7084977296242e-05,,,,,,,,,False
2026-03-19 03:37:00.029208636+00:00,0.0,0.0,0.0,0.0,0.0,0.0,0.0,0.0,2217.25,2217.2,2217.3,0.1000000000003638,-6.4980737950168e-05,,,,,,,,,False
2026-03-19 03:38:00.035688897+00:00,0.0,0.0,0.0,0.0,0.0,0.0,0.0,0.0,2219.25,2219.2,2219.3,0.1000000000003638,-7.256758987406e-05,2219.0,2219.5,,,,,,,False
2026-03-19 03:39:00.039553966+00:00,0.0,0.0,0.0,0.0,0.0,0.0,0.0,0.0,2214.05,2214.0,2214.1,0.09999999999990905,-7.5122356664978e-05,,,,,,,,,False
2026-03-19 03:40:00.025530573+00:00,0.0,0.0,0.0,0.0,0.0,0.0,0.0,0.0,2213.75,2213.7,2213.8,0.1000000000003638,-7.96055023725e-05,2213.6,2214.1,,,,,,,False
2026-03-19 03:41:00.055755488+00:00,0.0,0.0,0.0,0.0,0.0,0.0,0.0,0.0,2212.6499999999996,2212.6,2212.7,0.09999999999990905,-8.2599275247575e-05,,,,,,,,,False
2026-03-19 03:42:00.035433474+00:00,0.0,0.0,0.0,0.0,0.0,0.0,0.0,0.0,2210.55,2210.5,2210.6,0.09999999999990905,-8.4838220006471e-05,,,,,,,,,False
2026-03-19 03:43:00.008675276+00:00,0.0,0.0,0.0,0.0,0.0,0.0,0.0,0.0,2211.1499999999996,2211.1,2211.2,0.09999999999990905,-8.7690667853191e-05,,,,,,,,,False
2026-03-19 03:44:00.009070515+00:00,0.0,0.0,0.0,0.0,0.0,0.0,0.0,0.0,2210.95,2210.9,2211.0,0.09999999999990905,-9.0261058177942e-05,,,,,,,,,False
2026-03-19 03:45:00.037372828+00:00,0.0,0.0,0.0,0.0,0.0,0.0,0.0,0.0,2210.05,2210.0,2210.1,0.09999999999990905,-9.1711037799808e-05,,,,,,,,,False
2026-03-19 03:46:00.006431271+00:00,0.0,0.0,0.0,0.0,0.0,0.0,0.0,0.0,2208.3500000000004,2208.3,2208.4,0.09999999999990905,-9.1940753403784e-05,,,,,,,,,False
2026-03-19 03:47:00.042536775+00:00,0.0,0.0,0.0,0.0,0.0,0.0,0.0,0.0,2210.1499999999996,2210.1,2210.2,0.09999999999990905,-9.586970391148e-05,,,,,,,,,False
2026-03-19 03:48:00.069984704+00:00,0.0,0.0,0.0,0.0,0.0,0.0,0.0,0.0,2211.3500000000004,2211.3,2211.4,0.09999999999990905,-9.8938270726653e-05,,,,,,,,,False
2026-03-19 03:49:00.063608935+00:00,0.0,0.0,0.0,0.0,0.0,0.0,0.0,0.0,2212.45,2212.4,2212.5,0.09999999999990905,-0.000101990095385424,,,,,,,,,False
2026-03-19 03:50:00.035660366+00:00,0.0,0.0,0.0,0.0,0.0,0.0,0.0,0.0,2214.45,2214.4,2214.5,0.09999999999990905,-0.00010419247738641,,,,,,,,,False
2026-03-19 03:51:00.070935072+00:00,0.0,0.0,0.0,0.0,0.0,0.0,0.0,0.0,2213.55,2213.5,2213.6,0.09999999999990905,-0.000106157446479194,,,,,,,,,False
2026-03-19 03:52:00.037396609+00:00,0.0,0.0,0.0,0.0,0.0,0.0,0.0,0.0,2213.95,2213.9,2214.0,0.09999999999990905,-0.000108476578881195,,,,,,,,,False
2026-03-19 03:53:00.047314125+00:00,0.0,0.0,0.0,0.0,0.0,0.0,0.0,0.0,2213.75,2213.7,2213.8,0.1000000000003638,-0.000110131873262668,,,,,,,,,False
2026-03-19 03:54:00.023368488+00:00,0.0,0.0,0.0,0.0,0.0,0.0,0.0,0.0,2213.75,2213.7,2213.8,0.1000000000003638,-0.00011149341699858,2213.6,2214.1,,,,,,,False
2026-03-19 03:55:00.036976443+00:00,0.0,0.0,0.0,0.0,0.0,0.0,0.0,0.0,2214.3500000000004,2214.3,2214.4,0.09999999999990905,-0.000114084679742361,,,,,,,,,False
2026-03-19 03:56:00.090634321+00:00,0.0,0.0,0.0,0.0,0.0,0.0,0.0,0.0,2210.8500000000004,2210.8,2210.9,0.09999999999990905,-0.000114720414697623,,,,,,,,,False
2026-03-19 03:57:00.014085403+00:00,0.0,0.0,0.0,0.0,0.0,0.0,0.0,0.0,2213.45,2213.4,2213.5,0.09999999999990905,-0.000117375029788657,,,,,,,,,False
2026-03-19 03:58:00.036234311+00:00,0.0,0.0,0.0,0.0,0.0,0.0,0.0,0.0,2212.75,2212.7,2212.8,0.1000000000003638,-0.00011859625397761,2212.5,2213.0,,,,,,,False
2026-03-19 03:59:00.032684904+00:00,0.0,0.0,0.0,0.0,0.0,0.0,0.0,0.0,2211.75,2211.7,2211.8,0.1000000000003638,-0.000119944486144107,2211.5,2212.1,,,,,,,False
2026-03-19 04:00:00.035763062+00:00,0.0,0.0,0.0,0.0,0.0,0.0,0.0,0.0,2211.75,2211.7,2211.8,0.1000000000003638,-0.000122264812878885,,,,,,,,,False
2026-03-19 04:01:00.057260765+00:00,0.0,0.0,0.0,0.0,0.0,0.0,0.0,0.0,2209.6499999999996,2209.6,2209.7,0.09999999999990905,-9.5695638495909e-05,,,,,,,,,False
2026-03-19 04:02:00.068622612+00:00,0.0,0.0,0.0,0.0,0.0,0.0,0.0,0.0,2208.6499999999996,2208.6,2208.7,0.09999999999990905,-0.000140676074801507,,,,,,,,,False
2026-03-19 04:03:00.036096174+00:00,0.0,0.0,0.0,0.0,0.0,0.0,0.0,0.0,2210.95,2210.9,2211.0,0.09999999999990905,-0.000189957137750929,,,,,,,,,False
2026-03-19 04:04:00.136311117+00:00,0.0,0.0,0.0,0.0,0.0,0.0,0.0,0.0,2212.1499999999996,2212.1,2212.2,0.09999999999990905,-0.000196238654212617,,,,,,,,,False
2026-03-19 04:05:00.035047613+00:00,0.0,0.0,0.0,0.0,0.0,0.0,0.0,0.0,2209.6499999999996,2209.6,2209.7,0.09999999999990905,-0.000188195301514185,,,,,,,,,False
2026-03-19 04:06:00.075649580+00:00,0.0,0.0,0.0,0.0,0.0,0.0,0.0,0.0,2208.6499999999996,2208.6,2208.7,0.09999999999990905,-0.000182300854390282,,,,,,,,,False
2026-03-19 04:07:00.047687158+00:00,0.0,0.0,0.0,0.0,0.0,0.0,0.0,0.0,2205.8500000000004,2205.8,2205.9,0.09999999999990905,-0.000175651229659091,,,,,,,,,False
2026-03-19 04:08:00.015084368+00:00,0.0,0.0,0.0,0.0,0.0,0.0,0.0,0.0,2198.05,2198.0,2198.1,0.09999999999990905,-0.000168533700869952,,,,,,,,,False
2026-03-19 04:09:00.041498161+00:00,0.0,0.0,0.0,0.0,0.0,0.0,0.0,0.0,2201.95,2201.9,2202.0,0.09999999999990905,-0.000171484165290958,,,,,,,,,False
2026-03-19 04:10:00.052428985+00:00,0.0,0.0,0.0,0.0,0.0,0.0,0.0,0.0,2202.55,2202.5,2202.6,0.09999999999990905,-0.00017036787497122,,,,,,,,,False
2026-03-19 04:11:00.031248405+00:00,0.0,0.0,0.0,0.0,0.0,0.0,0.0,0.0,2201.75,2201.7,2201.8,0.1000000000003638,-0.000161459034666374,2201.6,2202.1,,,,,,,False
2026-03-19 04:12:00.054834581+00:00,0.0,0.0,0.0,0.0,0.0,0.0,0.0,0.0,2200.1499999999996,2200.1,2200.2,0.09999999999990905,-0.000151119572309008,,,,,,,,,False
2026-03-19 04:13:00.016584768+00:00,0.0,0.0,0.0,0.0,0.0,0.0,0.0,0.0,2201.45,2201.4,2201.5,0.09999999999990905,-0.000145326838948909,,,,,,,,,False
2026-03-19 04:14:00.050480154+00:00,0.0,0.0,0.0,0.0,0.0,0.0,0.0,0.0,2200.1499999999996,2200.1,2200.2,0.09999999999990905,-0.000135981840625731,,,,,,,,,False
2026-03-19 04:15:00.038426395+00:00,0.0,0.0,0.0,0.0,0.0,0.0,0.0,0.0,2200.95,2200.9,2201.0,0.09999999999990905,-0.000134449598001064,,,,,,,,,False
2026-03-19 04:16:00.008412608+00:00,0.0,0.0,0.0,0.0,0.0,0.0,0.0,0.0,2201.55,2201.5,2201.6,0.09999999999990905,-0.000131575654253163,,,,,,,,,False
2026-03-19 04:17:00.037117091+00:00,0.0,0.0,0.0,0.0,0.0,0.0,0.0,0.0,2200.3500000000004,2200.3,2200.4,0.09999999999990905,-0.000121797140921704,,,,,,,,,False
2026-03-19 04:18:00.017684017+00:00,0.0,0.0,0.0,0.0,0.0,0.0,0.0,0.0,2202.25,2202.2,2202.3,0.1000000000003638,-0.000123741896177487,2202.1,2202.6,,,,,,,False
2026-03-19 04:19:00.037810062+00:00,0.0,0.0,0.0,0.0,0.0,0.0,0.0,0.0,2200.55,2200.5,2200.6,0.09999999999990905,-0.000120250101384173,,,,,,,,,False
2026-03-19 04:20:00.041937018+00:00,0.0,0.0,0.0,0.0,0.0,0.0,0.0,0.0,2199.55,2199.5,2199.6,0.09999999999990905,-0.000113829084063041,,,,,,,,,False
2026-03-19 04:21:00.018279228+00:00,0.0,0.0,0.0,0.0,0.0,0.0,0.0,0.0,2198.05,2198.0,2198.1,0.09999999999990905,-0.000109374556342209,,,,,,,,,False
2026-03-19 04:22:00.047536183+00:00,0.0,0.0,0.0,0.0,0.0,0.0,0.0,0.0,2197.05,2197.0,2197.1,0.09999999999990905,-0.000107250222368246,,,,,,,,,False
2026-03-19 04:23:00.097944225+00:00,0.0,0.0,0.0,0.0,0.0,0.0,0.0,0.0,2197.55,2197.5,2197.6,0.09999999999990905,-0.00010609068577,,,,,,,,,False
2026-03-19 04:24:00.055180623+00:00,0.0,0.0,0.0,0.0,0.0,0.0,0.0,0.0,2198.95,2198.9,2199.0,0.09999999999990905,-0.000106369230210333,,,,,,,,,False
2026-03-19 04:25:00.035904949+00:00,0.0,0.0,0.0,0.0,0.0,0.0,0.0,0.0,2197.55,2197.5,2197.6,0.09999999999990905,-0.000103056335262362,,,,,,,,,False
2026-03-19 04:26:00.054395875+00:00,0.0,0.0,0.0,0.0,0.0,0.0,0.0,0.0,2194.8500000000004,2194.8,2194.9,0.09999999999990905,-9.654490535317e-05,,,,,,,,,False
2026-03-19 04:27:00.084810027+00:00,0.0,0.0,0.0,0.0,0.0,0.0,0.0,0.0,2194.6499999999996,2194.6,2194.7,0.09999999999990905,-9.386176726091e-05,,,,,,,,,False
2026-03-19 04:28:00.080097192+00:00,0.0,0.0,0.0,0.0,0.0,0.0,0.0,0.0,2194.3500000000004,2194.3,2194.4,0.09999999999990905,-9.1349526640859e-05,,,,,,,,,False
2026-03-19 04:29:00.046548172+00:00,0.0,0.0,0.0,0.0,0.0,0.0,0.0,0.0,2192.8500000000004,2192.8,2192.9,0.09999999999990905,-8.7542045880955e-05,,,,,,,,,False
2026-03-19 04:30:00.071165828+00:00,0.0,0.0,0.0,0.0,0.0,0.0,0.0,0.0,2194.8500000000004,2194.8,2194.9,0.09999999999990905,-8.7021602535699e-05,,,,,,,,,False
2026-03-19 04:31:00.016986956+00:00,0.0,0.0,0.0,0.0,0.0,0.0,0.0,0.0,2195.1499999999996,2195.1,2195.2,0.09999999999990905,-8.5358390083924e-05,,,,,,,,,False
2026-03-19 04:32:00.035216171+00:00,0.0,0.0,0.0,0.0,0.0,0.0,0.0,0.0,2197.1499999999996,2197.1,2197.2,0.09999999999990905,-8.7177011511706e-05,,,,,,,,,False
2026-03-19 04:33:00.058005596+00:00,0.0,0.0,0.0,0.0,0.0,0.0,0.0,0.0,2196.05,2196.0,2196.1,0.09999999999990905,-8.5682895935017e-05,,,,,,,,,False
2026-03-19 04:34:00.035808297+00:00,0.0,0.0,0.0,0.0,0.0,0.0,0.0,0.0,2196.8500000000004,2196.8,2196.9,0.09999999999990905,-8.6168519286894e-05,,,,,,,,,False
2026-03-19 04:35:00.058758048+00:00,0.0,0.0,0.0,0.0,0.0,0.0,0.0,0.0,2197.75,2197.7,2197.8,0.1000000000003638,-8.6603957723686e-05,,,,,,,,,False
2026-03-19 04:36:00.050738265+00:00,0.0,0.0,0.0,0.0,0.0,0.0,0.0,0.0,2197.05,2197.0,2197.1,0.09999999999990905,-8.4661708017135e-05,,,,,,,,,False
2026-03-19 04:37:00.027021882+00:00,0.0,0.0,0.0,0.0,0.0,0.0,0.0,0.0,2195.8500000000004,2195.8,2195.9,0.09999999999990905,-8.3643902438527e-05,,,,,,,,,False
2026-03-19 04:38:00.012171662+00:00,0.0,0.0,0.0,0.0,0.0,0.0,0.0,0.0,2196.25,2196.2,2196.3,0.1000000000003638,-8.3492730183629e-05,,,,,,,,,False
2026-03-19 04:39:00.132025874+00:00,0.0,0.0,0.0,0.0,0.0,0.0,0.0,0.0,2196.1499999999996,2196.1,2196.2,0.09999999999990905,-8.2336463896456e-05,,,,,,,,,False
2026-03-19 04:40:00.042413782+00:00,0.0,0.0,0.0,0.0,0.0,0.0,0.0,0.0,2195.25,2195.2,2195.3,0.1000000000003638,-8.0403246889361e-05,2195.1,2195.6,2195.2602984659848,2195.310269849254,0.2,0.16657127756445594,0.2750839299169495,ok,False
2026-03-19 04:41:00.057203024+00:00,0.0,0.0,0.0,0.0,0.0,0.0,0.0,0.0,2193.55,2193.5,2193.6,0.09999999999990905,-7.7426732315524e-05,,,,,,,,,False
2026-03-19 04:42:00.053425328+00:00,0.0,0.0,0.0,0.0,0.0,0.0,0.0,0.0,2191.05,2191.0,2191.1,0.09999999999990905,-7.480349077357e-05,,,,,,,,,False
2026-03-19 04:43:00.041336014+00:00,0.0,0.0,0.0,0.0,0.0,0.0,0.0,0.0,2194.45,2194.4,2194.5,0.09999999999990905,-7.420907424764e-05,,,,,,,,,False
2026-03-19 04:44:00.070589671+00:00,0.0,0.0,0.0,0.0,0.0,0.0,0.0,0.0,2194.45,2194.4,2194.5,0.09999999999990905,-7.4396771929343e-05,,,,,,,,,False
2026-03-19 04:45:00.049369405+00:00,0.0,0.0,0.0,0.0,0.0,0.0,0.0,0.0,2194.75,2194.7,2194.8,0.1000000000003638,-7.3408810587629e-05,,2195.0,,,,,,,False
2026-03-19 04:46:00.025931862+00:00,0.0,0.0,0.0,0.0,0.0,0.0,0.0,0.0,2193.1499999999996,2193.1,2193.2,0.09999999999990905,-7.1320883382541e-05,,,,,,,,,False
2026-03-19 04:47:00.021716062+00:00,0.0,0.0,0.0,0.0,0.0,0.0,0.0,0.0,2194.25,2194.2,2194.3,0.1000000000003638,-7.0871310336206e-05,2194.0,2194.5,,,,,,,False
2026-03-19 04:48:00.052886043+00:00,0.0,0.0,0.0,0.0,0.0,0.0,0.0,0.0,2192.75,2192.7,2192.8,0.1000000000003638,-6.7710449803673e-05,2192.6,2193.1,,,,,,,False
2026-03-19 04:49:00.035749846+00:00,0.0,0.0,0.0,0.0,0.0,0.0,0.0,0.0,2193.05,2193.0,2193.1,0.09999999999990905,-6.7092536063637e-05,,,,,,,,,False
2026-03-19 04:50:00.029675075+00:00,0.0,0.0,0.0,0.0,0.0,0.0,0.0,0.0,2192.95,2192.9,2193.0,0.09999999999990905,-6.6133816230639e-05,,,,,,,,,False
2026-03-19 04:51:00.067170979+00:00,0.0,0.0,0.0,0.0,0.0,0.0,0.0,0.0,2195.25,2195.2,2195.3,0.1000000000003638,-6.646053464831e-05,2195.1,2195.6,,,,,,,False
2026-03-19 04:52:00.043699835+00:00,0.0,0.0,0.0,0.0,0.0,0.0,0.0,0.0,2195.05,2195.0,2195.1,0.09999999999990905,-6.4955408119934e-05,,,,,,,,,False
2026-03-19 04:53:00.036169239+00:00,0.0,0.0,0.0,0.0,0.0,0.0,0.0,0.0,2195.1499999999996,2195.1,2195.2,0.09999999999990905,-6.3625288092704e-05,,,,,,,,,False
2026-03-19 04:54:00.035305819+00:00,0.0,0.0,0.0,0.0,0.0,0.0,0.0,0.0,2194.25,2194.2,2194.3,0.1000000000003638,-6.195338283898e-05,2194.0,2194.5,,,,,,,False
2026-03-19 04:55:00.054795709+00:00,0.0,0.0,0.0,0.0,0.0,0.0,0.0,0.0,2195.05,2195.0,2195.1,0.09999999999990905,-6.1803617617688e-05,,,,,,,,,False
2026-03-19 04:56:00.015023848+00:00,0.0,0.0,0.0,0.0,0.0,0.0,0.0,0.0,2196.25,2196.2,2196.3,0.1000000000003638,-6.1338984496596e-05,2196.1,2196.6,,,,,,,False
2026-03-19 04:57:00.037489495+00:00,0.0,0.0,0.0,0.0,0.0,0.0,0.0,0.0,2196.75,2196.7,2196.8,0.1000000000003638,-6.0978076876512e-05,,,,,,,,,False
2026-03-19 04:58:00.025027616+00:00,0.0,0.0,0.0,0.0,0.0,0.0,0.0,0.0,2195.1499999999996,2195.1,2195.2,0.09999999999990905,-5.9223114336932e-05,,,,,,,,,False
2026-03-19 04:59:00.014912516+00:00,0.0,0.0,0.0,0.0,0.0,0.0,0.0,0.0,2194.3500000000004,2194.3,2194.4,0.09999999999990905,-5.7519633078224e-05,,,,,,,,,False
2026-03-19 05:00:00.039751977+00:00,0.0,0.0,0.0,0.0,0.0,0.0,0.0,0.0,2193.6499999999996,2193.6,2193.7,0.09999999999990905,-5.5800199141749e-05,,,,,,,,,False
2026-03-19 05:01:00.019518642+00:00,0.0,0.0,0.0,0.0,0.0,0.0,0.0,0.0,2194.8500000000004,2194.8,2194.9,0.09999999999990905,9.886741002037e-06,,,,,,,,,False
2026-03-19 05:02:00.036179195+00:00,0.0,0.0,0.0,0.0,0.0,0.0,0.0,0.0,2192.75,2192.7,2192.8,0.1000000000003638,-9.608180913097e-06,2192.5,2193.0,,,,,,,False
2026-03-19 05:03:00.071455904+00:00,0.0,0.0,0.0,0.0,0.0,0.0,0.0,0.0,2195.25,2195.2,2195.3,0.1000000000003638,-6.404097899281e-06,,,,,,,,,False
2026-03-19 05:04:00.009416025+00:00,0.0,0.0,0.0,0.0,0.0,0.0,0.0,0.0,2194.1499999999996,2194.1,2194.2,0.09999999999990905,6.782940306056e-06,,,,,,,,,False
2026-03-19 05:05:00.008664126+00:00,0.0,0.0,0.0,0.0,0.0,0.0,0.0,0.0,2194.25,2194.2,2194.3,0.1000000000003638,7.859514866848e-06,2194.0,2194.6,,,,,,,False
2026-03-19 05:06:00.052417013+00:00,0.0,0.0,0.0,0.0,0.0,0.0,0.0,0.0,2192.8500000000004,2192.8,2192.9,0.09999999999990905,2.4071368556776e-05,,,,,,,,,False
2026-03-19 05:07:00.018301202+00:00,0.0,0.0,0.0,0.0,0.0,0.0,0.0,0.0,2191.3500000000004,2191.3,2191.4,0.09999999999990905,2.8893646537357e-05,,,,,,,,,False
2026-03-19 05:08:00.036196098+00:00,0.0,0.0,0.0,0.0,0.0,0.0,0.0,0.0,2193.95,2193.9,2194.0,0.09999999999990905,2.5961336886794e-05,,,,,,,,,False
2026-03-19 05:09:00.036639623+00:00,0.0,0.0,0.0,0.0,0.0,0.0,0.0,0.0,2195.8500000000004,2195.8,2195.9,0.09999999999990905,1.6663548037071e-05,,,,,,,,,False
2026-03-19 05:10:00.021002669+00:00,0.0,0.0,0.0,0.0,0.0,0.0,0.0,0.0,2194.25,2194.2,2194.3,0.1000000000003638,1.8795414854068e-05,,,,,,,,,False
2026-03-19 05:11:00.036909708+00:00,0.0,0.0,0.0,0.0,0.0,0.0,0.0,0.0,2194.75,2194.7,2194.8,0.1000000000003638,1.8213094484729e-05,,,,,,,,,False
2026-03-19 05:12:00.075256382+00:00,0.0,0.0,0.0,0.0,0.0,0.0,0.0,0.0,2191.95,2191.9,2192.0,0.09999999999990905,2.4766643857865e-05,,,,,,,,,False
2026-03-19 05:13:00.035612864+00:00,0.0,0.0,0.0,0.0,0.0,0.0,0.0,0.0,2192.8500000000004,2192.8,2192.9,0.09999999999990905,2.5789498510934e-05,,,,,,,,,False
2026-03-19 05:14:00.036412618+00:00,0.0,0.0,0.0,0.0,0.0,0.0,0.0,0.0,2193.1499999999996,2193.1,2193.2,0.09999999999990905,2.3999776120314e-05,,,,,,,,,False
2026-03-19 05:15:00.090534405+00:00,0.0,0.0,0.0,0.0,0.0,0.0,0.0,0.0,2193.55,2193.5,2193.6,0.09999999999990905,2.4774406881642e-05,,,,,,,,,False
2026-03-19 05:16:00.070788821+00:00,0.0,0.0,0.0,0.0,0.0,0.0,0.0,0.0,2194.75,2194.7,2194.8,0.1000000000003638,2.3351668946047e-05,2194.5,2195.0,,,,,,,False
2026-03-19 05:17:00.058448364+00:00,0.0,0.0,0.0,0.0,0.0,0.0,0.0,0.0,2196.05,2196.0,2196.1,0.09999999999990905,2.1512955344713e-05,,,,,,,,,False
2026-03-19 05:18:00.035476570+00:00,0.0,0.0,0.0,0.0,0.0,0.0,0.0,0.0,2196.6499999999996,2196.6,2196.7,0.09999999999990905,2.064222284596e-05,,,,,,,,,False
2026-03-19 05:19:00.072638194+00:00,0.0,0.0,0.0,0.0,0.0,0.0,0.0,0.0,2197.45,2197.4,2197.5,0.09999999999990905,1.5425463061153e-05,,,,,,,,,False
2026-03-19 05:20:00.035616646+00:00,0.0,0.0,0.0,0.0,0.0,0.0,0.0,0.0,2197.6499999999996,2197.6,2197.7,0.09999999999990905,1.3841167547664e-05,,,,,,,,,False
2026-03-19 05:21:00.037715999+00:00,0.0,0.0,0.0,0.0,0.0,0.0,0.0,0.0,2197.95,2197.9,2198.0,0.09999999999990905,1.0672228593652e-05,,,,,,,,,False
2026-03-19 05:22:00.655094523+00:00,0.0,0.0,0.0,0.0,0.0,0.0,0.0,0.0,2197.25,2197.2,2197.3,0.1000000000003638,7.588576208428e-06,,2197.5,2197.21345803727,2197.2077775049934,0.2,-0.018935107588601514,-0.9723287035688626,ok,False
2026-03-19 05:23:00.052246181+00:00,0.0,0.0,0.0,0.0,0.0,0.0,0.0,0.0,2196.1499999999996,2196.1,2196.2,0.09999999999990905,6.600847521722e-06,,,,,,,,,False
2026-03-19 05:24:00.082753716+00:00,0.0,0.0,0.0,0.0,0.0,0.0,0.0,0.0,2194.95,2194.9,2195.0,0.09999999999990905,6.546215708424e-06,,,,,,,,,False
2026-03-19 05:25:00.020336566+00:00,0.0,0.0,0.0,0.0,0.0,0.0,0.0,0.0,2195.25,2195.2,2195.3,0.1000000000003638,3.416786251352e-06,2195.0,2195.5,,,,,,,False
2026-03-19 05:26:00.053967622+00:00,0.0,0.0,0.0,0.0,0.0,0.0,0.0,0.0,2194.3500000000004,2194.3,2194.4,0.09999999999990905,1.598153842177e-06,,,,,,,,,False
2026-03-19 05:27:00.036233003+00:00,0.0,0.0,0.0,0.0,0.0,0.0,0.0,0.0,2195.1499999999996,2195.1,2195.2,0.09999999999990905,-8.76097770644e-07,,,,,,,,,False
2026-03-19 05:28:00.035762370+00:00,0.0,0.0,0.0,0.0,0.0,0.0,0.0,0.0,2195.1499999999996,2195.1,2195.2,0.09999999999990905,-2.533017796339e-06,,,,,,,,,False
2026-03-19 05:29:00.041896306+00:00,0.0,0.0,0.0,0.0,0.0,0.0,0.0,0.0,2190.05,2190.0,2190.1,0.09999999999990905,2.47239836749e-07,,,,,,0.0,0.0,uneconomic_spread,False
2026-03-19 05:30:00.035911204+00:00,0.0,0.0,0.0,0.0,0.0,0.0,0.0,0.0,2190.75,2190.7,2190.8,0.1000000000003638,4.18517153802e-07,2190.5,2191.0,,,,,,,False
2026-03-19 05:31:00.052523441+00:00,0.0,0.0,0.0,0.0,0.0,0.0,0.0,0.0,2190.1499999999996,2190.1,2190.2,0.09999999999990905,1.783215139918e-06,,,,,,,,,False
2026-03-19 05:32:00.078897132+00:00,0.0,0.0,0.0,0.0,0.0,0.0,0.0,0.0,2188.6499999999996,2188.6,2188.7,0.09999999999990905,1.918410571976e-06,,,,,,,,,False
2026-03-19 05:33:00.016390046+00:00,0.0,0.0,0.0,0.0,0.0,0.0,0.0,0.0,2189.8500000000004,2189.8,2189.9,0.09999999999990905,1.26258304273e-06,,,,,,,,,False
2026-03-19 05:34:00.016745667+00:00,0.0,0.0,0.0,0.0,0.0,0.0,0.0,0.0,2188.45,2188.4,2188.5,0.09999999999990905,1.631165507827e-06,,,,,,,,,False
2026-03-19 05:35:00.051061064+00:00,0.0,0.0,0.0,0.0,0.0,0.0,0.0,0.0,2186.95,2186.9,2187.0,0.09999999999990905,2.587620375583e-06,,,,,,,,,False
2026-03-19 05:36:00.011542227+00:00,0.0,0.0,0.0,0.0,0.0,0.0,0.0,0.0,2187.95,2187.9,2188.0,0.09999999999990905,-1.85404514281e-07,,,,,,,,,False
2026-03-19 05:37:00.078254794+00:00,0.0,0.0,0.0,0.0,0.0,0.0,0.0,0.0,2188.25,2188.2,2188.3,0.1000000000003638,-1.082972234305e-06,,,,,,,,,False
2026-03-19 05:38:00.047347783+00:00,0.0,0.0,0.0,0.0,0.0,0.0,0.0,0.0,2187.55,2187.5,2187.6,0.09999999999990905,-1.058137965476e-06,,,,,,,,,False
2026-03-19 05:39:00.038043040+00:00,0.0,0.0,0.0,0.0,0.0,0.0,0.0,0.0,2188.3500000000004,2188.3,2188.4,0.09999999999990905,-9.23761587716e-07,,,,,,,,,False
2026-03-19 05:40:00.065516663+00:00,0.0,0.0,0.0,0.0,0.0,0.0,0.0,0.0,2189.55,2189.5,2189.6,0.09999999999990905,-2.625284305348e-06,,,,,,,,,False
2026-03-19 05:41:00.038438275+00:00,0.0,0.0,0.0,0.0,0.0,0.0,0.0,0.0,2192.95,2192.9,2193.0,0.09999999999990905,-5.83009111917e-06,,,,,,,,,False
2026-03-19 05:42:00.007665109+00:00,0.0,0.0,0.0,0.0,0.0,0.0,0.0,0.0,2192.75,2192.7,2192.8,0.1000000000003638,-6.50643383851e-06,2192.5,2193.0,,,,,,,False
2026-03-19 05:43:00.058561190+00:00,0.0,0.0,0.0,0.0,0.0,0.0,0.0,0.0,2192.75,2192.7,2192.8,0.1000000000003638,-6.86125544932e-06,2192.5,2193.0,,,,,,,False
2026-03-19 05:44:00.036027866+00:00,0.0,0.0,0.0,0.0,0.0,0.0,0.0,0.0,2192.05,2192.0,2192.1,0.09999999999990905,-7.366938674801e-06,,,,,,0.0,0.0,uneconomic_spread,False
2026-03-19 05:45:00.032388601+00:00,0.0,0.0,0.0,0.0,0.0,0.0,0.0,0.0,2190.55,2190.5,2190.6,0.09999999999990905,-8.018809661897e-06,,,,,,,,,False
2026-03-19 05:46:00.060437574+00:00,0.0,0.0,0.0,0.0,0.0,0.0,0.0,0.0,2191.25,2191.2,2191.3,0.1000000000003638,-9.526768795933e-06,2190.9,2191.5,,,,,,,False
2026-03-19 05:47:00.008078556+00:00,0.0,0.0,0.0,0.0,0.0,0.0,0.0,0.0,2190.05,2190.0,2190.1,0.09999999999990905,-1.0652881731908e-05,,,,,,,,,False
2026-03-19 05:48:00.018549559+00:00,0.0,0.0,0.0,0.0,0.0,0.0,0.0,0.0,2188.95,2188.9,2189.0,0.09999999999990905,-1.0626587020529e-05,,,,,,,,,False
2026-03-19 05:49:00.036831707+00:00,0.0,0.0,0.0,0.0,0.0,0.0,0.0,0.0,2191.45,2191.4,2191.5,0.09999999999990905,-1.3979844091766e-05,,,,,,,,,False
2026-03-19 05:50:00.053695309+00:00,0.0,0.0,0.0,0.0,0.0,0.0,0.0,0.0,2191.1499999999996,2191.1,2191.2,0.09999999999990905,-1.4251427762467e-05,,,,,,,,,False
2026-03-19 05:51:00.035456322+00:00,0.0,0.0,0.0,0.0,0.0,0.0,0.0,0.0,2189.3500000000004,2189.3,2189.4,0.09999999999990905,-1.2503369237997e-05,,,,,,,,,False
2026-03-19 05:52:00.020066716+00:00,0.0,0.0,0.0,0.0,0.0,0.0,0.0,0.0,2190.75,2190.7,2190.8,0.1000000000003638,-1.2910894875607e-05,2190.5,2191.1,,,,,,,False
2026-03-19 05:53:00.036776846+00:00,0.0,0.0,0.0,0.0,0.0,0.0,0.0,0.0,2190.1499999999996,2190.1,2190.2,0.09999999999990905,-1.329033560385e-05,,,,,,,,,False
2026-03-19 05:54:00.048373162+00:00,0.0,0.0,0.0,0.0,0.0,0.0,0.0,0.0,2189.8500000000004,2189.8,2189.9,0.09999999999990905,-1.3856970701899e-05,,,,,,,,,False
2026-03-19 05:55:00.084342847+00:00,0.0,0.0,0.0,0.0,0.0,0.0,0.0,0.0,2190.75,2190.7,2190.8,0.1000000000003638,-1.5112337943161e-05,2190.5,2191.0,,,,,,,False
2026-03-19 05:56:00.062625346+00:00,0.0,0.0,0.0,0.0,0.0,0.0,0.0,0.0,2190.55,2190.5,2190.6,0.09999999999990905,-1.5750478471117e-05,,,,,,,,,False
2026-03-19 05:57:00.081514261+00:00,0.0,0.0,0.0,0.0,0.0,0.0,0.0,0.0,2189.55,2189.5,2189.6,0.09999999999990905,-1.5296343450038e-05,,,,,,,,,False
2026-03-19 05:58:00.024930213+00:00,0.0,0.0,0.0,0.0,0.0,0.0,0.0,0.0,2190.05,2190.0,2190.1,0.09999999999990905,-1.6197829203932e-05,,,,,,,,,False
2026-03-19 05:59:00.096371031+00:00,0.0,0.0,0.0,0.0,0.0,0.0,0.0,0.0,2189.95,2189.9,2190.0,0.09999999999990905,-1.7717988434832e-05,,,,,,,,,False
2026-03-19 06:00:00.034647201+00:00,0.0,0.0,0.0,0.0,0.0,0.0,0.0,0.0,2189.25,2189.2,2189.3,0.1000000000003638,-1.7145040947953e-05,2189.0,2189.6,,,,,,,False
2026-03-19 06:01:00.024159284+00:00,0.0,0.0,0.0,0.0,0.0,0.0,0.0,0.0,2190.1499999999996,2190.1,2190.2,0.09999999999990905,-7.9689218364761e-05,,,,,,,,,False
2026-03-19 06:02:00.048220684+00:00,0.0,0.0,0.0,0.0,0.0,0.0,0.0,0.0,2188.3500000000004,2188.3,2188.4,0.09999999999990905,-1.7431132581189e-05,,,,,,,,,False
2026-03-19 06:03:00.015837738+00:00,0.0,0.0,0.0,0.0,0.0,0.0,0.0,0.0,2183.75,2183.7,2183.8,0.1000000000003638,6.3235439098069e-05,2183.2000000000003,2184.2000000000003,,,,,,,False
2026-03-19 06:04:00.037924926+00:00,0.0,0.0,0.0,0.0,0.0,0.0,0.0,0.0,2185.25,2185.2,2185.3,0.1000000000003638,1.8371497241065e-05,,,,,,,,,False
2026-03-19 06:05:00.061409792+00:00,0.0,0.0,0.0,0.0,0.0,0.0,0.0,0.0,2185.05,2185.0,2185.1,0.09999999999990905,1.2957332642771e-05,,,,,,,,,False
2026-03-19 06:06:00.052418738+00:00,0.0,0.0,0.0,0.0,0.0,0.0,0.0,0.0,2183.3500000000004,2183.3,2183.4,0.09999999999990905,1.8868467083656e-05,,,,,,,,,False
2026-03-19 06:07:00.077791472+00:00,0.0,0.0,0.0,0.0,0.0,0.0,0.0,0.0,2184.45,2184.4,2184.5,0.09999999999990905,7.919100068521e-06,,,,,,,,,False
2026-03-19 06:08:00.039003251+00:00,0.0,0.0,0.0,0.0,0.0,0.0,0.0,0.0,2188.6499999999996,2188.6,2188.7,0.09999999999990905,-9.546575022231e-06,,,,,,,,,False
2026-03-19 06:09:00.006279735+00:00,0.0,0.0,0.0,0.0,0.0,0.0,0.0,0.0,2190.55,2190.5,2190.6,0.09999999999990905,-2.1087178302504e-05,,,,,,,,,False
2026-03-19 06:10:00.055716489+00:00,0.0,0.0,0.0,0.0,0.0,0.0,0.0,0.0,2188.45,2188.4,2188.5,0.09999999999990905,-1.6994521856142e-05,,,,,,,,,False
2026-03-19 06:11:00.037504455+00:00,0.0,0.0,0.0,0.0,0.0,0.0,0.0,0.0,2188.6499999999996,2188.6,2188.7,0.09999999999990905,-1.1138116086085e-05,,,,,,,,,False
2026-03-19 06:12:00.048137277+00:00,0.0,0.0,0.0,0.0,0.0,0.0,0.0,0.0,2188.6499999999996,2188.6,2188.7,0.09999999999990905,-1.5707660804912e-05,,,,,,,,,False
2026-03-19 06:13:00.065877294+00:00,0.0,0.0,0.0,0.0,0.0,0.0,0.0,0.0,2190.55,2190.5,2190.6,0.09999999999990905,-1.8797332520392e-05,,,,,,,,,False
2026-03-19 06:14:00.059789590+00:00,0.0,0.0,0.0,0.0,0.0,0.0,0.0,0.0,2192.95,2192.9,2193.0,0.09999999999990905,-1.9988141983464e-05,,,,,,,,,False
2026-03-19 06:15:00.037632441+00:00,0.0,0.0,0.0,0.0,0.0,0.0,0.0,0.0,2191.1499999999996,2191.1,2191.2,0.09999999999990905,-1.6216853839992e-05,,,,,,,,,False
2026-03-19 06:16:00.036028968+00:00,0.0,0.0,0.0,0.0,0.0,0.0,0.0,0.0,2192.45,2192.4,2192.5,0.09999999999990905,-1.7614645742371e-05,,,,,,,,,False
2026-03-19 06:17:00.114616958+00:00,0.0,0.0,0.0,0.0,0.0,0.0,0.0,0.0,2192.55,2192.5,2192.6,0.09999999999990905,-1.7390468181792e-05,,,,,,,,,False
2026-03-19 06:18:00.040516854+00:00,0.0,0.0,0.0,0.0,0.0,0.0,0.0,0.0,2194.25,2194.2,2194.3,0.1000000000003638,-1.5178560764306e-05,,,,,,,,,False
2026-03-19 06:19:00.035037956+00:00,0.0,0.0,0.0,0.0,0.0,0.0,0.0,0.0,2194.3500000000004,2194.3,2194.4,0.09999999999990905,-1.3942468364867e-05,,,,,,,,,False
2026-03-19 06:20:00.046023290+00:00,0.0,0.0,0.0,0.0,0.0,0.0,0.0,0.0,2192.3500000000004,2192.3,2192.4,0.09999999999990905,-9.035613420937e-06,,,,,,,,,False
2026-03-19 06:21:00.049443295+00:00,0.0,0.0,0.0,0.0,0.0,0.0,0.0,0.0,2192.05,2192.0,2192.1,0.09999999999990905,-7.083338912772e-06,,,,,,,,,False
2026-03-19 06:22:00.054796685+00:00,0.0,0.0,0.0,0.0,0.0,0.0,0.0,0.0,2193.25,2193.2,2193.3,0.1000000000003638,-6.315719269775e-06,2193.0,2193.6,,,,,,,False
2026-03-19 06:23:00.094666472+00:00,0.0,0.0,0.0,0.0,0.0,0.0,0.0,0.0,2191.3500000000004,2191.3,2191.4,0.09999999999990905,-4.823715038055e-06,,,,,,,,,False
2026-03-19 06:24:00.030472157+00:00,0.0,0.0,0.0,0.0,0.0,0.0,0.0,0.0,2189.75,2189.7,2189.8,0.1000000000003638,-4.342264656051e-06,,,,,,,,,False
2026-03-19 06:25:00.037311732+00:00,0.0,0.0,0.0,0.0,0.0,0.0,0.0,0.0,2190.45,2190.4,2190.5,0.09999999999990905,-6.65216901915e-06,,,,,,,,,False
2026-03-19 06:26:00.036176019+00:00,0.0,0.0,0.0,0.0,0.0,0.0,0.0,0.0,2191.75,2191.7,2191.8,0.1000000000003638,-7.476743550707e-06,2191.5,2192.1,,,,,,,False
2026-03-19 06:27:00.136809070+00:00,0.0,0.0,0.0,0.0,0.0,0.0,0.0,0.0,2193.05,2193.0,2193.1,0.09999999999990905,-1.0578932634101e-05,,,,,,,,,False
2026-03-19 06:28:00.026555773+00:00,0.0,0.0,0.0,0.0,0.0,0.0,0.0,0.0,2191.75,2191.7,2191.8,0.1000000000003638,-8.912811238717e-06,2191.5,2192.0,,,,,,,False
2026-03-19 06:29:00.082540959+00:00,0.0,0.0,0.0,0.0,0.0,0.0,0.0,0.0,2189.25,2189.2,2189.3,0.1000000000003638,-5.368162680954e-06,,2189.5,,,,,,,False
2026-03-19 06:30:00.054236523+00:00,0.0,0.0,0.0,0.0,0.0,0.0,0.0,0.0,2187.25,2187.2,2187.3,0.1000000000003638,-5.274635050444e-06,,,,,,,,,False
2026-03-19 06:31:00.012817016+00:00,0.0,0.0,0.0,0.0,0.0,0.0,0.0,0.0,2187.3500000000004,2187.3,2187.4,0.09999999999990905,-5.025352871953e-06,,,,,,,,,False
2026-03-19 06:32:00.036115440+00:00,0.0,0.0,0.0,0.0,0.0,0.0,0.0,0.0,2187.1499999999996,2187.1,2187.2,0.09999999999990905,-6.38752970278e-06,,,,,,,,,False
2026-03-19 06:33:00.041020545+00:00,0.0,0.0,0.0,0.0,0.0,0.0,0.0,0.0,2186.95,2186.9,2187.0,0.09999999999990905,-7.15237632063e-06,,,,,,,,,False
2026-03-19 06:34:00.055631125+00:00,0.0,0.0,0.0,0.0,0.0,0.0,0.0,0.0,2184.1499999999996,2184.1,2184.2,0.09999999999990905,-5.77007287294e-06,,,,,,,,,False
2026-03-19 06:35:00.062765331+00:00,0.0,0.0,0.0,0.0,0.0,0.0,0.0,0.0,2183.05,2183.0,2183.1,0.09999999999990905,-6.788121958452e-06,,,,,,,,,False
2026-03-19 06:36:00.041727942+00:00,0.0,0.0,0.0,0.0,0.0,0.0,0.0,0.0,2178.95,2178.9,2179.0,0.09999999999990905,-7.122185446195e-06,,,,,,,,,False
2026-03-19 06:37:00.007328688+00:00,0.0,0.0,0.0,0.0,0.0,0.0,0.0,0.0,2179.95,2179.9,2180.0,0.09999999999990905,-8.315284171508e-06,,,,,,,,,False
2026-03-19 06:38:00.062388869+00:00,0.0,0.0,0.0,0.0,0.0,0.0,0.0,0.0,2179.75,2179.7,2179.8,0.1000000000003638,-8.34141375054e-06,,,,,,,,,False
2026-03-19 06:39:00.016392138+00:00,0.0,0.0,0.0,0.0,0.0,0.0,0.0,0.0,2180.95,2180.9,2181.0,0.09999999999990905,-1.0210685572312e-05,,,,,,,,,False
2026-03-19 06:40:00.036885294+00:00,0.0,0.0,0.0,0.0,0.0,0.0,0.0,0.0,2185.55,2185.5,2185.6,0.09999999999990905,-1.3918963272311e-05,,,,,,,,,False
2026-03-19 06:41:00.050835972+00:00,0.0,0.0,0.0,0.0,0.0,0.0,0.0,0.0,2185.75,2185.7,2185.8,0.1000000000003638,-1.4894560736286e-05,,,,,,,,,False
2026-03-19 06:42:00.017656946+00:00,0.0,0.0,0.0,0.0,0.0,0.0,0.0,0.0,2185.6499999999996,2185.6,2185.7,0.09999999999990905,-1.5887409585705e-05,,,,,,,,,False
2026-03-19 06:43:00.034953937+00:00,0.0,0.0,0.0,0.0,0.0,0.0,0.0,0.0,2185.6499999999996,2185.6,2185.7,0.09999999999990905,-1.5856420289597e-05,,,,,,,,,False
2026-03-19 06:44:00.037883506+00:00,0.0,0.0,0.0,0.0,0.0,0.0,0.0,0.0,2186.45,2186.4,2186.5,0.09999999999990905,-1.6397346649487e-05,,,,,,,,,False
2026-03-19 06:45:00.035579759+00:00,0.0,0.0,0.0,0.0,0.0,0.0,0.0,0.0,2186.45,2186.4,2186.5,0.09999999999990905,-1.6305245576888e-05,,,,,,,,,False
2026-03-19 06:46:00.050065893+00:00,0.0,0.0,0.0,0.0,0.0,0.0,0.0,0.0,2186.55,2186.5,2186.6,0.09999999999990905,-1.7067477149969e-05,,,,,,,,,False
2026-03-19 06:47:00.021252937+00:00,0.0,0.0,0.0,0.0,0.0,0.0,0.0,0.0,2186.45,2186.4,2186.5,0.09999999999990905,-1.6788665832559e-05,,,,,,,,,False
2026-03-19 06:48:00.037431584+00:00,0.0,0.0,0.0,0.0,0.0,0.0,0.0,0.0,2185.8500000000004,2185.8,2185.9,0.09999999999990905,-1.7831600316826e-05,,,,,,,,,False
2026-03-19 06:49:00.061636092+00:00,0.0,0.0,0.0,0.0,0.0,0.0,0.0,0.0,2184.45,2184.4,2184.5,0.09999999999990905,-1.6984030137497e-05,,,,,,,,,False
2026-03-19 06:50:00.237637263+00:00,0.0,0.0,0.0,0.0,0.0,0.0,0.0,0.0,2183.95,2183.9,2184.0,0.09999999999990905,-1.6858937486933e-05,,,,,,,,,False
2026-03-19 06:51:00.042872288+00:00,0.0,0.0,0.0,0.0,0.0,0.0,0.0,0.0,2184.05,2184.0,2184.1,0.09999999999990905,-1.6824584803712e-05,,,,,,,,,False
2026-03-19 06:52:00.035645095+00:00,0.0,0.0,0.0,0.0,0.0,0.0,0.0,0.0,2182.75,2182.7,2182.8,0.1000000000003638,-1.6042822987253e-05,,,,,,,,,False
2026-03-19 06:53:00.051574614+00:00,0.0,0.0,0.0,0.0,0.0,0.0,0.0,0.0,2180.8500000000004,2180.8,2180.9,0.09999999999990905,-1.6034275107125e-05,,,,,,,,,False
2026-03-19 06:54:00.055466329+00:00,0.0,0.0,0.0,0.0,0.0,0.0,0.0,0.0,2179.6499999999996,2179.6,2179.7,0.09999999999990905,-1.6292834818655e-05,,,,,,,,,False
2026-03-19 06:55:00.010586539+00:00,0.0,0.0,0.0,0.0,0.0,0.0,0.0,0.0,2178.95,2178.9,2179.0,0.09999999999990905,-1.6167311194073e-05,,,,,,,,,False
2026-03-19 06:56:00.217524678+00:00,0.0,0.0,0.0,0.0,0.0,0.0,0.0,0.0,2179.95,2179.9,2180.0,0.09999999999990905,-1.6536603180663e-05,,,,,,,,,False
2026-03-19 06:57:00.036786992+00:00,0.0,0.0,0.0,0.0,0.0,0.0,0.0,0.0,2179.55,2179.5,2179.6,0.09999999999990905,-1.6759514597564e-05,,,,,,,,,False
2026-03-19 06:58:00.041966517+00:00,0.0,0.0,0.0,0.0,0.0,0.0,0.0,0.0,2178.55,2178.5,2178.6,0.09999999999990905,-1.7523020974097e-05,,,,,,,,,False
2026-03-19 06:59:00.051923821+00:00,0.0,0.0,0.0,0.0,0.0,0.0,0.0,0.0,2179.75,2179.7,2179.8,0.1000000000003638,-1.8545924664261e-05,,,,,,,,,False
2026-03-19 07:00:00.008774499+00:00,0.0,0.0,0.0,0.0,0.0,0.0,0.0,0.0,2180.75,2180.7,2180.8,0.1000000000003638,-1.9533313921559e-05,,,,,,,,,False
2026-03-19 07:01:00.081545349+00:00,0.0,0.0,0.0,0.0,0.0,0.0,0.0,0.0,2177.95,2177.9,2178.0,0.09999999999990905,5.3329583448211e-05,,,,,,,,,False
2026-03-19 07:02:00.049835278+00:00,0.0,0.0,0.0,0.0,0.0,0.0,0.0,0.0,2173.3500000000004,2173.3,2173.4,0.09999999999990905,8.9522833227312e-05,,,,,,,,,False
2026-03-19 07:03:00.044245734+00:00,0.0,0.0,0.0,0.0,0.0,0.0,0.0,0.0,2176.8500000000004,2176.8,2176.9,0.09999999999990905,8.937699643956e-06,,,,,,,,,False
2026-03-19 07:04:00.057302419+00:00,0.0,0.0,0.0,0.0,0.0,0.0,0.0,0.0,2178.95,2178.9,2179.0,0.09999999999990905,-1.1328868893358e-05,,,,,,,,,False
2026-03-19 07:05:00.072751937+00:00,0.0,0.0,0.0,0.0,0.0,0.0,0.0,0.0,2179.55,2179.5,2179.6,0.09999999999990905,-1.4646884741934e-05,,,,,,,,,False
2026-03-19 07:06:00.035709395+00:00,0.0,0.0,0.0,0.0,0.0,0.0,0.0,0.0,2181.8500000000004,2181.8,2181.9,0.09999999999990905,-2.702938409617e-05,,,,,,,,,False
2026-03-19 07:07:00.037003398+00:00,0.0,0.0,0.0,0.0,0.0,0.0,0.0,0.0,2180.45,2180.4,2180.5,0.09999999999990905,-2.2633572438169e-05,,,,,,,,,False
2026-03-19 07:08:00.013978417+00:00,0.0,0.0,0.0,0.0,0.0,0.0,0.0,0.0,2176.8500000000004,2176.8,2176.9,0.09999999999990905,-1.8572767787927e-05,,,,,,,,,False
2026-03-19 07:09:00.032902187+00:00,0.0,0.0,0.0,0.0,0.0,0.0,0.0,0.0,2172.3500000000004,2172.3,2172.4,0.09999999999990905,-1.0558565867417e-05,,,,,,,,,False
2026-03-19 07:10:00.049407316+00:00,0.0,0.0,0.0,0.0,0.0,0.0,0.0,0.0,2173.3500000000004,2173.3,2173.4,0.09999999999990905,-2.1106678740979e-05,,,,,,,,,False
2026-03-19 07:11:00.065140502+00:00,0.0,0.0,0.0,0.0,0.0,0.0,0.0,0.0,2169.1499999999996,2169.1,2169.2,0.09999999999990905,-1.9047611064484e-05,,,,,,,,,False
2026-03-19 07:12:00.035781919+00:00,0.0,0.0,0.0,0.0,0.0,0.0,0.0,0.0,2169.25,2169.2,2169.3,0.1000000000003638,-3.1198510458125e-05,,,,,,,,,False
2026-03-19 07:13:00.046362668+00:00,0.0,0.0,0.0,0.0,0.0,0.0,0.0,0.0,2168.45,2168.4,2168.5,0.09999999999990905,-3.6398214745592e-05,,,,,,,,,False
2026-03-19 07:14:00.036708046+00:00,0.0,0.0,0.0,0.0,0.0,0.0,0.0,0.0,2164.05,2164.0,2164.1,0.09999999999990905,-3.3108448887506e-05,,,,,,,,,False
2026-03-19 07:15:00.046542805+00:00,0.0,0.0,0.0,0.0,0.0,0.0,0.0,0.0,2160.3500000000004,2160.3,2160.4,0.09999999999990905,-4.3227268221754e-05,,,,,,,,,False
2026-03-19 07:16:00.056996456+00:00,0.0,0.0,0.0,0.0,0.0,0.0,0.0,0.0,2158.05,2158.0,2158.1,0.09999999999990905,-5.0749025765214e-05,,,,,,,,,False
2026-03-19 07:17:00.053115746+00:00,0.0,0.0,0.0,0.0,0.0,0.0,0.0,0.0,2157.75,2157.7,2157.8,0.1000000000003638,-5.3695529095141e-05,2157.3,2158.3,,,,,,,False
2026-03-19 07:18:00.036845259+00:00,0.0,0.0,0.0,0.0,0.0,0.0,0.0,0.0,2161.55,2161.5,2161.6,0.09999999999990905,-7.041131169008e-05,,,,,,,,,False
2026-03-19 07:19:00.062085628+00:00,0.0,0.0,0.0,0.0,0.0,0.0,0.0,0.0,2160.6499999999996,2160.6,2160.7,0.09999999999990905,-7.0695564471327e-05,,,,,,,,,False
2026-03-19 07:20:00.086516342+00:00,0.0,0.0,0.0,0.0,0.0,0.0,0.0,0.0,2158.95,2158.9,2159.0,0.09999999999990905,-7.4510789840195e-05,,,,,,,,,False
2026-03-19 07:21:00.047672090+00:00,0.0,0.0,0.0,0.0,0.0,0.0,0.0,0.0,2153.95,2153.9,2154.0,0.09999999999990905,-6.6386505787274e-05,,,,,,,,,False
2026-03-19 07:22:00.057446014+00:00,0.0,0.0,0.0,0.0,0.0,0.0,0.0,0.0,2150.95,2150.9,2151.0,0.09999999999990905,-6.6366436104251e-05,,,,,,,,,False
2026-03-19 07:23:00.032853421+00:00,0.0,0.0,0.0,0.0,0.0,0.0,0.0,0.0,2147.3500000000004,2147.3,2147.4,0.09999999999990905,-7.3920272128192e-05,,,,,,,,,False
2026-03-19 07:24:00.039510773+00:00,0.0,0.0,0.0,0.0,0.0,0.0,0.0,0.0,2142.8500000000004,2142.8,2142.9,0.09999999999990905,-7.5595167792058e-05,,,,,,,,,False
2026-03-19 07:25:00.035953215+00:00,0.0,0.0,0.0,0.0,0.0,0.0,0.0,0.0,2146.25,2146.2,2146.3,0.1000000000003638,-8.29327214169e-05,,,,,,,,,False
2026-03-19 07:26:00.041084822+00:00,0.0,0.0,0.0,0.0,0.0,0.0,0.0,0.0,2155.55,2155.5,2155.6,0.09999999999990905,-9.2419631618097e-05,,,,,,,,,False
2026-03-19 07:27:00.045001514+00:00,0.0,0.0,0.0,0.0,0.0,0.0,0.0,0.0,2154.3500000000004,2154.3,2154.4,0.09999999999990905,-0.000100822400478591,,,,,,,,,False
2026-03-19 07:28:00.035116461+00:00,0.0,0.0,0.0,0.0,0.0,0.0,0.0,0.0,2154.25,2154.2,2154.3,0.1000000000003638,-0.000100583890135113,2154.1,2154.6,,,,,,,False
2026-03-19 07:29:00.068517640+00:00,0.0,0.0,0.0,0.0,0.0,0.0,0.0,0.0,2155.45,2155.4,2155.5,0.09999999999990905,-0.000102431002522801,,,,,,0.0,0.0,uneconomic_spread,False
2026-03-19 07:30:00.037236828+00:00,0.0,0.0,0.0,0.0,0.0,0.0,0.0,0.0,2154.8500000000004,2154.8,2154.9,0.09999999999990905,-0.000101976989672297,,,,,,,,,False
2026-03-19 07:31:00.047355974+00:00,0.0,0.0,0.0,0.0,0.0,0.0,0.0,0.0,2156.3500000000004,2156.3,2156.4,0.09999999999990905,-0.000102432905200052,,,,,,,,,False
2026-03-19 07:32:00.014645428+00:00,0.0,0.0,0.0,0.0,0.0,0.0,0.0,0.0,2156.75,2156.7,2156.8,0.1000000000003638,-0.000106038928671787,,,,,,,,,False
2026-03-19 07:33:00.019417031+00:00,0.0,0.0,0.0,0.0,0.0,0.0,0.0,0.0,2157.45,2157.4,2157.5,0.09999999999990905,-0.000105274948885486,,,,,,,,,False
2026-03-19 07:34:00.036767333+00:00,0.0,0.0,0.0,0.0,0.0,0.0,0.0,0.0,2162.25,2162.2,2162.3,0.1000000000003638,-0.000108868000204037,,,,,,,,,False
2026-03-19 07:35:00.037401318+00:00,0.0,0.0,0.0,0.0,0.0,0.0,0.0,0.0,2161.75,2161.7,2161.8,0.1000000000003638,-0.000109619416875084,,,,,,,,,False
2026-03-19 07:36:00.051383783+00:00,0.0,0.0,0.0,0.0,0.0,0.0,0.0,0.0,2162.25,2162.2,2162.3,0.1000000000003638,-0.000110202911699156,,,,,,,,,False
2026-03-19 07:37:00.013266897+00:00,0.0,0.0,0.0,0.0,0.0,0.0,0.0,0.0,2165.95,2165.9,2166.0,0.09999999999990905,-0.000111518973153757,,,,,,,,,False
2026-03-19 07:38:00.005052882+00:00,0.0,0.0,0.0,0.0,0.0,0.0,0.0,0.0,2167.55,2167.5,2167.6,0.09999999999990905,-0.000119089262618655,,,,,,,,,False
2026-03-19 07:39:00.016722474+00:00,0.0,0.0,0.0,0.0,0.0,0.0,0.0,0.0,2170.95,2170.9,2171.0,0.09999999999990905,-0.000121348919287562,,,,,,,,,False
2026-03-19 07:40:00.024649849+00:00,0.0,0.0,0.0,0.0,0.0,0.0,0.0,0.0,2171.8500000000004,2171.8,2171.9,0.09999999999990905,-0.000124753425056996,,,,,,,,,False
2026-03-19 07:41:00.006218783+00:00,0.0,0.0,0.0,0.0,0.0,0.0,0.0,0.0,2170.95,2170.9,2171.0,0.09999999999990905,-0.000127390406073729,,,,,,,,,False
2026-03-19 07:42:00.037252201+00:00,0.0,0.0,0.0,0.0,0.0,0.0,0.0,0.0,2170.8500000000004,2170.8,2170.9,0.09999999999990905,-0.000128577548729943,,,,,,,,,False
2026-03-19 07:43:00.006332107+00:00,0.0,0.0,0.0,0.0,0.0,0.0,0.0,0.0,2169.8500000000004,2169.8,2169.9,0.09999999999990905,-0.000130633619868906,,,,,,,,,False
2026-03-19 07:44:00.016457403+00:00,0.0,0.0,0.0,0.0,0.0,0.0,0.0,0.0,2168.25,2168.2,2168.3,0.1000000000003638,-0.000130791172807961,2168.0,2168.5,,,,,,,False
2026-03-19 07:45:00.021951449+00:00,0.0,0.0,0.0,0.0,0.0,0.0,0.0,0.0,2167.6499999999996,2167.6,2167.7,0.09999999999990905,-0.000132048073461492,,,,,,,,,False
2026-03-19 07:46:00.050689852+00:00,0.0,0.0,0.0,0.0,0.0,0.0,0.0,0.0,2166.75,2166.7,2166.8,0.1000000000003638,-0.000134420120528724,,,,,,,,,False
2026-03-19 07:47:00.014524846+00:00,0.0,0.0,0.0,0.0,0.0,0.0,0.0,0.0,2165.45,2165.4,2165.5,0.09999999999990905,-0.000136458830685766,,,,,,,,,False
2026-03-19 07:48:00.056845507+00:00,0.0,0.0,0.0,0.0,0.0,0.0,0.0,0.0,2166.1499999999996,2166.1,2166.2,0.09999999999990905,-0.000140019109049185,,,,,,,,,False
2026-03-19 07:49:00.020316277+00:00,0.0,0.0,0.0,0.0,0.0,0.0,0.0,0.0,2164.75,2164.7,2164.8,0.1000000000003638,-0.000140227726711592,,,,,,,,,False
2026-03-19 07:50:00.035588244+00:00,0.0,0.0,0.0,0.0,0.0,0.0,0.0,0.0,2164.95,2164.9,2165.0,0.09999999999990905,-0.000141710269781195,,,,,,,,,False
2026-03-19 07:51:00.008132870+00:00,0.0,0.0,0.0,0.0,0.0,0.0,0.0,0.0,2165.25,2165.2,2165.3,0.1000000000003638,-0.000143810785545674,,,,,,,,,False
2026-03-19 07:52:00.058477447+00:00,0.0,0.0,0.0,0.0,0.0,0.0,0.0,0.0,2165.3500000000004,2165.3,2165.4,0.09999999999990905,-0.000145398399473745,,,,,,,,,False
2026-03-19 07:53:00.009072011+00:00,0.0,0.0,0.0,0.0,0.0,0.0,0.0,0.0,2168.95,2168.9,2169.0,0.09999999999990905,-0.000147261559121113,,,,,,,,,False
2026-03-19 07:54:00.037746115+00:00,0.0,0.0,0.0,0.0,0.0,0.0,0.0,0.0,2171.95,2171.9,2172.0,0.09999999999990905,-0.00014798295492761,,,,,,,,,False
2026-03-19 07:55:00.042852488+00:00,0.0,0.0,0.0,0.0,0.0,0.0,0.0,0.0,2170.6499999999996,2170.6,2170.7,0.09999999999990905,-0.00014883913554273,,,,,,,,,False
2026-03-19 07:56:00.049749304+00:00,0.0,0.0,0.0,0.0,0.0,0.0,0.0,0.0,2171.25,2171.2,2171.3,0.1000000000003638,-0.000148044350838207,,,,,,,,,False
2026-03-19 07:57:00.035527363+00:00,0.0,0.0,0.0,0.0,0.0,0.0,0.0,0.0,2170.75,2170.7,2170.8,0.1000000000003638,-0.000148813903089748,,,,,,,,,False
2026-03-19 07:58:00.018124518+00:00,0.0,0.0,0.0,0.0,0.0,0.0,0.0,0.0,2168.1499999999996,2168.1,2168.2,0.09999999999990905,-0.000146165793619361,,,,,,,,,False
2026-03-19 07:59:00.022049218+00:00,0.0,0.0,0.0,0.0,0.0,0.0,0.0,0.0,2165.95,2165.9,2166.0,0.09999999999990905,-0.000145113274153757,,,,,,,,,False
2026-03-19 08:00:00.037365138+00:00,0.0,0.0,0.0,0.0,0.0,0.0,0.0,0.0,2166.3500000000004,2166.3,2166.4,0.09999999999990905,-0.000144887310378433,,,,,,,,,False
2026-03-19 08:01:00.047275621+00:00,0.0,0.0,0.0,0.0,0.0,0.0,0.0,0.0,2168.45,2168.4,2168.5,0.09999999999990905,-0.000104333636155513,,,,,,,,,False
2026-03-19 08:02:00.014844363+00:00,0.0,0.0,0.0,0.0,0.0,0.0,0.0,0.0,2168.95,2168.9,2169.0,0.09999999999990905,-9.445009334869e-05,,,,,,,,,False
2026-03-19 08:03:00.015514580+00:00,0.0,0.0,0.0,0.0,0.0,0.0,0.0,0.0,2165.95,2165.9,2166.0,0.09999999999990905,-7.690061383968e-05,,,,,,,,,False
2026-03-19 08:04:00.045798834+00:00,0.0,0.0,0.0,0.0,0.0,0.0,0.0,0.0,2164.8500000000004,2164.8,2164.9,0.09999999999990905,-0.000102411933759623,,,,,,,,,False
2026-03-19 08:05:00.052033221+00:00,0.0,0.0,0.0,0.0,0.0,0.0,0.0,0.0,2162.1499999999996,2162.1,2162.2,0.09999999999990905,-0.000113736131676528,,,,,,,,,False
2026-03-19 08:06:00.059467184+00:00,0.0,0.0,0.0,0.0,0.0,0.0,0.0,0.0,2162.75,2162.7,2162.8,0.1000000000003638,-0.000142007779900702,2162.6,2163.1,,,,,,,False
2026-03-19 08:07:00.018147589+00:00,0.0,0.0,0.0,0.0,0.0,0.0,0.0,0.0,2161.45,2161.4,2161.5,0.09999999999990905,-0.00015494448349293,,,,,,,,,False
2026-03-19 08:08:00.028623923+00:00,0.0,0.0,0.0,0.0,0.0,0.0,0.0,0.0,2164.45,2164.4,2164.5,0.09999999999990905,-0.000166193866866425,,,,,,,,,False
2026-03-19 08:09:00.097219268+00:00,0.0,0.0,0.0,0.0,0.0,0.0,0.0,0.0,2163.75,2163.7,2163.8,0.1000000000003638,-0.000177735834729843,2163.5,2164.1,,,,,,,False
2026-03-19 08:10:00.052258647+00:00,0.0,0.0,0.0,0.0,0.0,0.0,0.0,0.0,2164.1499999999996,2164.1,2164.2,0.09999999999990905,-0.000179794049713928,,,,,,,,,False
2026-03-19 08:11:00.061504082+00:00,0.0,0.0,0.0,0.0,0.0,0.0,0.0,0.0,2162.95,2162.9,2163.0,0.09999999999990905,-0.000183750437415098,,,,,,,,,False
2026-03-19 08:12:00.028768826+00:00,0.0,0.0,0.0,0.0,0.0,0.0,0.0,0.0,2167.8500000000004,2167.8,2167.9,0.09999999999990905,-0.000193528140602806,,,,,,,,,False
2026-03-19 08:13:00.038007552+00:00,0.0,0.0,0.0,0.0,0.0,0.0,0.0,0.0,2165.3500000000004,2165.3,2165.4,0.09999999999990905,-0.000186267196205682,,,,,,,,,False
2026-03-19 08:14:00.059517183+00:00,0.0,0.0,0.0,0.0,0.0,0.0,0.0,0.0,2166.25,2166.2,2166.3,0.1000000000003638,-0.00018914021879559,,,,,,,,,False
2026-03-19 08:15:00.009190663+00:00,0.0,0.0,0.0,0.0,0.0,0.0,0.0,0.0,2165.25,2165.2,2165.3,0.1000000000003638,-0.000190130779293341,,,,,,,,,False
2026-03-19 08:16:00.036919741+00:00,0.0,0.0,0.0,0.0,0.0,0.0,0.0,0.0,2167.25,2167.2,2167.3,0.1000000000003638,-0.000191609033329819,,,,,,,,,False
2026-03-19 08:17:00.037244621+00:00,0.0,0.0,0.0,0.0,0.0,0.0,0.0,0.0,2164.25,2164.2,2164.3,0.1000000000003638,-0.00018613341650766,2164.1,2164.6,,,,,,,False
2026-03-19 08:18:00.055875091+00:00,0.0,0.0,0.0,0.0,0.0,0.0,0.0,0.0,2167.6499999999996,2167.6,2167.7,0.09999999999990905,-0.000189052022739974,,,,,,,,,False
2026-03-19 08:19:00.064732935+00:00,0.0,0.0,0.0,0.0,0.0,0.0,0.0,0.0,2166.8500000000004,2166.8,2166.9,0.09999999999990905,-0.000189125188043628,,,,,,,,,False
2026-03-19 08:20:00.038741401+00:00,0.0,0.0,0.0,0.0,0.0,0.0,0.0,0.0,2165.8500000000004,2165.8,2165.9,0.09999999999990905,-0.00018635877585565,,,,,,,,,False
2026-03-19 08:21:00.036507295+00:00,0.0,0.0,0.0,0.0,0.0,0.0,0.0,0.0,2167.75,2167.7,2167.8,0.1000000000003638,-0.000187529855647406,,,,,,,,,False
2026-03-19 08:22:00.036643833+00:00,0.0,0.0,0.0,0.0,0.0,0.0,0.0,0.0,2167.75,2167.7,2167.8,0.1000000000003638,-0.000187897461220963,,,,,,,,,False
2026-03-19 08:23:00.097378908+00:00,0.0,0.0,0.0,0.0,0.0,0.0,0.0,0.0,2165.8500000000004,2165.8,2165.9,0.09999999999990905,-0.000184402716225785,,,,,,,,,False
2026-03-19 08:24:00.081971957+00:00,0.0,0.0,0.0,0.0,0.0,0.0,0.0,0.0,2164.05,2164.0,2164.1,0.09999999999990905,-0.000183555159760246,,,,,,,,,False
2026-03-19 08:25:00.019507512+00:00,0.0,0.0,0.0,0.0,0.0,0.0,0.0,0.0,2166.3500000000004,2166.3,2166.4,0.09999999999990905,-0.000178182742991012,,,,,,,,,False
2026-03-19 08:26:00.032529783+00:00,0.0,0.0,0.0,0.0,0.0,0.0,0.0,0.0,2162.8500000000004,2162.8,2162.9,0.09999999999990905,-0.000179565368534155,,,,,,,,,False
2026-03-19 08:27:00.047632154+00:00,0.0,0.0,0.0,0.0,0.0,0.0,0.0,0.0,2159.45,2159.4,2159.5,0.09999999999990905,-0.000176483709151718,,,,,,,,,False
2026-03-19 08:28:00.012719519+00:00,0.0,0.0,0.0,0.0,0.0,0.0,0.0,0.0,2158.3500000000004,2158.3,2158.4,0.09999999999990905,-0.000174590508202243,,,,,,,,,False
2026-03-19 08:29:00.064361504+00:00,0.0,0.0,0.0,0.0,0.0,0.0,0.0,0.0,2158.95,2158.9,2159.0,0.09999999999990905,-0.000174147807608196,,,,,,,,,False
2026-03-19 08:30:00.015949114+00:00,0.0,0.0,0.0,0.0,0.0,0.0,0.0,0.0,2159.25,2159.2,2159.3,0.1000000000003638,-0.000176011781044577,2159.0,2159.6,,,,,,,False
2026-03-19 08:31:00.049488675+00:00,0.0,0.0,0.0,0.0,0.0,0.0,0.0,0.0,2159.3500000000004,2159.3,2159.4,0.09999999999990905,-0.000176335697287457,,,,,,,,,False
2026-03-19 08:32:00.018528314+00:00,0.0,0.0,0.0,0.0,0.0,0.0,0.0,0.0,2162.6499999999996,2162.6,2162.7,0.09999999999990905,-0.000178926772517985,,,,,,,,,False
2026-03-19 08:33:00.029054390+00:00,0.0,0.0,0.0,0.0,0.0,0.0,0.0,0.0,2161.55,2161.5,2161.6,0.09999999999990905,-0.000179012142817926,,,,,,,,,False
2026-03-19 08:34:00.043327855+00:00,0.0,0.0,0.0,0.0,0.0,0.0,0.0,0.0,2161.05,2161.0,2161.1,0.09999999999990905,-0.000175634775164915,,,,,,,,,False
2026-03-19 08:35:00.041138592+00:00,0.0,0.0,0.0,0.0,0.0,0.0,0.0,0.0,2158.95,2158.9,2159.0,0.09999999999990905,-0.000170795632875983,,,,,,0.0,0.0,uneconomic_spread,False
2026-03-19 08:36:00.023797096+00:00,0.0,0.0,0.0,0.0,0.0,0.0,0.0,0.0,2159.05,2159.0,2159.1,0.09999999999990905,-0.000170941194326726,,,,,,,,,False
2026-03-19 08:37:00.036423802+00:00,0.0,0.0,0.0,0.0,0.0,0.0,0.0,0.0,2159.05,2159.0,2159.1,0.09999999999990905,-0.000170019465085941,,,,,,,,,False
2026-03-19 08:38:00.095346989+00:00,0.0,0.0,0.0,0.0,0.0,0.0,0.0,0.0,2159.75,2159.7,2159.8,0.1000000000003638,-0.00017023850616762,,,,,,,,,False
2026-03-19 08:39:00.052002526+00:00,0.0,0.0,0.0,0.0,0.0,0.0,0.0,0.0,2160.55,2160.5,2160.6,0.09999999999990905,-0.000170859567341819,,,,,,,,,False
2026-03-19 08:40:00.012590891+00:00,0.0,0.0,0.0,0.0,0.0,0.0,0.0,0.0,2158.25,2158.2,2158.3,0.1000000000003638,-0.000169507382323579,,2158.5,,,,,,,False
2026-03-19 08:41:00.037776297+00:00,0.0,0.0,0.0,0.0,0.0,0.0,0.0,0.0,2161.3500000000004,2161.3,2161.4,0.09999999999990905,-0.000170252191515805,,,,,,,,,False
2026-03-19 08:42:00.058278201+00:00,0.0,0.0,0.0,0.0,0.0,0.0,0.0,0.0,2163.45,2163.4,2163.5,0.09999999999990905,-0.000173955364566261,,,,,,,,,False
2026-03-19 08:43:00.032369999+00:00,0.0,0.0,0.0,0.0,0.0,0.0,0.0,0.0,2161.1499999999996,2161.1,2161.2,0.09999999999990905,-0.000174197682417793,,,,,,,,,False
2026-03-19 08:44:00.065040253+00:00,0.0,0.0,0.0,0.0,0.0,0.0,0.0,0.0,2159.95,2159.9,2160.0,0.09999999999990905,-0.000174842928954954,,,,,,,,,False
2026-03-19 08:45:00.020665671+00:00,0.0,0.0,0.0,0.0,0.0,0.0,0.0,0.0,2160.55,2160.5,2160.6,0.09999999999990905,-0.000176065112202771,,,,,,,,,False
2026-03-19 08:46:00.034962816+00:00,0.0,0.0,0.0,0.0,0.0,0.0,0.0,0.0,2160.75,2160.7,2160.8,0.1000000000003638,-0.000177114634821634,2160.6,2161.1,,,,,,,False
2026-03-19 08:47:00.053186592+00:00,0.0,0.0,0.0,0.0,0.0,0.0,0.0,0.0,2160.6499999999996,2160.6,2160.7,0.09999999999990905,-0.000179014370232067,,,,,,,,,False
2026-03-19 08:48:00.015527826+00:00,0.0,0.0,0.0,0.0,0.0,0.0,0.0,0.0,2163.6499999999996,2163.6,2163.7,0.09999999999990905,-0.000181376731970852,,,,,,,,,False
2026-03-19 08:49:00.007722495+00:00,0.0,0.0,0.0,0.0,0.0,0.0,0.0,0.0,2163.05,2163.0,2163.1,0.09999999999990905,-0.000182460035683664,,,,,,,,,False
2026-03-19 08:50:00.036123059+00:00,0.0,0.0,0.0,0.0,0.0,0.0,0.0,0.0,2163.45,2163.4,2163.5,0.09999999999990905,-0.00018264997667978,,,,,,,,,False
2026-03-19 08:51:00.020942570+00:00,0.0,0.0,0.0,0.0,0.0,0.0,0.0,0.0,2163.05,2163.0,2163.1,0.09999999999990905,-0.000183242458192374,,,,,,,,,False
2026-03-19 08:52:00.042460192+00:00,0.0,0.0,0.0,0.0,0.0,0.0,0.0,0.0,2159.8500000000004,2159.8,2159.9,0.09999999999990905,-0.000182537907924683,,,,,,,,,False
2026-03-19 08:53:00.053083109+00:00,0.0,0.0,0.0,0.0,0.0,0.0,0.0,0.0,2160.6499999999996,2160.6,2160.7,0.09999999999990905,-0.000182181303272353,,,,,,,,,False
2026-03-19 08:54:00.078066327+00:00,0.0,0.0,0.0,0.0,0.0,0.0,0.0,0.0,2161.45,2161.4,2161.5,0.09999999999990905,-0.000183902372746081,,,,,,,,,False
2026-03-19 08:55:00.037461567+00:00,0.0,0.0,0.0,0.0,0.0,0.0,0.0,0.0,2161.75,2161.7,2161.8,0.1000000000003638,-0.000184234381915978,,,,,,,,,False
2026-03-19 08:56:00.036804300+00:00,0.0,0.0,0.0,0.0,0.0,0.0,0.0,0.0,2160.6499999999996,2160.6,2160.7,0.09999999999990905,-0.000184668682003486,,,,,,,,,False
2026-03-19 08:57:00.040646632+00:00,0.0,0.0,0.0,0.0,0.0,0.0,0.0,0.0,2160.75,2160.7,2160.8,0.1000000000003638,-0.000184487314455887,2160.6,2161.1,,,,,,,False
2026-03-19 08:58:00.064162308+00:00,0.0,0.0,0.0,0.0,0.0,0.0,0.0,0.0,2160.45,2160.4,2160.5,0.09999999999990905,-0.000185190199373337,,,,,,,,,False
2026-03-19 08:59:00.084952198+00:00,0.0,0.0,0.0,0.0,0.0,0.0,0.0,0.0,2159.55,2159.5,2159.6,0.09999999999990905,-0.000184974156166311,,,,,,,,,False
2026-03-19 09:00:00.067222946+00:00,0.0,0.0,0.0,0.0,0.0,0.0,0.0,0.0,2160.25,2160.2,2160.3,0.1000000000003638,-0.000185797018572839,2160.0,2160.6,,,,,,,False
2026-03-19 09:01:00.053559366+00:00,0.0,0.0,0.0,0.0,0.0,0.0,0.0,0.0,2163.6499999999996,2163.6,2163.7,0.09999999999990905,-0.000274054133605568,,,,,,,,,False
2026-03-19 09:02:00.007793692+00:00,0.0,0.0,0.0,0.0,0.0,0.0,0.0,0.0,2165.25,2165.2,2165.3,0.1000000000003638,-0.000229623578850961,,,,,,,,,False
2026-03-19 09:03:00.025983261+00:00,0.0,0.0,0.0,0.0,0.0,0.0,0.0,0.0,2166.75,2166.7,2166.8,0.1000000000003638,-0.000214620069829725,,,,,,,,,False
2026-03-19 09:04:00.061753399+00:00,0.0,0.0,0.0,0.0,0.0,0.0,0.0,0.0,2164.95,2164.9,2165.0,0.09999999999990905,-0.000206601136143585,,,,,,,,,False
2026-03-19 09:05:00.015537663+00:00,0.0,0.0,0.0,0.0,0.0,0.0,0.0,0.0,2164.6499999999996,2164.6,2164.7,0.09999999999990905,-0.000194981579910042,,,,,,,,,False
2026-03-19 09:06:00.005708901+00:00,0.0,0.0,0.0,0.0,0.0,0.0,0.0,0.0,2165.45,2165.4,2165.5,0.09999999999990905,-0.000187783338973747,,,,,,,,,False
2026-03-19 09:07:00.047694106+00:00,0.0,0.0,0.0,0.0,0.0,0.0,0.0,0.0,2164.75,2164.7,2164.8,0.1000000000003638,-0.000185142085244155,,,,,,,,,False
2026-03-19 09:08:00.042255466+00:00,0.0,0.0,0.0,0.0,0.0,0.0,0.0,0.0,2167.45,2167.4,2167.5,0.09999999999990905,-0.000188505687112051,,,,,,,,,False
2026-03-19 09:09:00.122312455+00:00,0.0,0.0,0.0,0.0,0.0,0.0,0.0,0.0,2164.45,2164.4,2164.5,0.09999999999990905,-0.000175794974239501,,,,,,,,,False
2026-03-19 09:10:00.036267119+00:00,0.0,0.0,0.0,0.0,0.0,0.0,0.0,0.0,2165.8500000000004,2165.8,2165.9,0.09999999999990905,-0.000176372179708192,,,,,,,,,False
2026-03-19 09:11:00.082010361+00:00,0.0,0.0,0.0,0.0,0.0,0.0,0.0,0.0,2166.8500000000004,2166.8,2166.9,0.09999999999990905,-0.000174915961450356,,,,,,,,,False
2026-03-19 09:12:00.020316138+00:00,0.0,0.0,0.0,0.0,0.0,0.0,0.0,0.0,2165.75,2165.7,2165.8,0.1000000000003638,-0.000171094069859999,2165.5,2166.1,,,,,,,False
2026-03-19 09:13:00.032007282+00:00,0.0,0.0,0.0,0.0,0.0,0.0,0.0,0.0,2164.55,2164.5,2164.6,0.09999999999990905,-0.000168052383470099,,,,,,,,,False
2026-03-19 09:14:00.045202612+00:00,0.0,0.0,0.0,0.0,0.0,0.0,0.0,0.0,2160.95,2160.9,2161.0,0.09999999999990905,-0.000164510998461573,,,,,,,,,False
2026-03-19 09:15:00.005385582+00:00,0.0,0.0,0.0,0.0,0.0,0.0,0.0,0.0,2163.6499999999996,2163.6,2163.7,0.09999999999990905,-0.000169409018217288,,,,,,,,,False
2026-03-19 09:16:00.023978545+00:00,0.0,0.0,0.0,0.0,0.0,0.0,0.0,0.0,2163.45,2163.4,2163.5,0.09999999999990905,-0.000168673616309864,,,,,,,,,False
2026-03-19 09:17:00.035443980+00:00,0.0,0.0,0.0,0.0,0.0,0.0,0.0,0.0,2164.05,2164.0,2164.1,0.09999999999990905,-0.000166417131361075,,,,,,,,,False
2026-03-19 09:18:00.035096384+00:00,0.0,0.0,0.0,0.0,0.0,0.0,0.0,0.0,2163.05,2163.0,2163.1,0.09999999999990905,-0.000163632919675735,,,,,,,,,False
2026-03-19 09:19:00.055819125+00:00,0.0,0.0,0.0,0.0,0.0,0.0,0.0,0.0,2164.75,2164.7,2164.8,0.1000000000003638,-0.000160586103068624,2164.5,2165.1,,,,,,,False
2026-03-19 09:20:00.047521785+00:00,0.0,0.0,0.0,0.0,0.0,0.0,0.0,0.0,2166.95,2166.9,2167.0,0.09999999999990905,-0.000161811591770089,,,,,,,,,False
2026-03-19 09:21:00.035341728+00:00,0.0,0.0,0.0,0.0,0.0,0.0,0.0,0.0,2169.05,2169.0,2169.1,0.09999999999990905,-0.000162823650874198,,,,,,,,,False
2026-03-19 09:22:00.044191083+00:00,0.0,0.0,0.0,0.0,0.0,0.0,0.0,0.0,2176.45,2176.4,2176.5,0.09999999999990905,-0.000166205317907325,,,,,,,,,False
2026-03-19 09:23:00.048106152+00:00,0.0,0.0,0.0,0.0,0.0,0.0,0.0,0.0,2183.95,2183.9,2184.0,0.09999999999990905,-0.000173927200754753,,,,,,,,,False
2026-03-19 09:24:00.060259792+00:00,0.0,0.0,0.0,0.0,0.0,0.0,0.0,0.0,2181.25,2181.2,2181.3,0.1000000000003638,-0.000165138362161322,,,,,,,,,False
2026-03-19 09:25:00.006477041+00:00,0.0,0.0,0.0,0.0,0.0,0.0,0.0,0.0,2179.6499999999996,2179.6,2179.7,0.09999999999990905,-0.000161382463238699,,,,,,,,,False
2026-03-19 09:26:00.032337273+00:00,0.0,0.0,0.0,0.0,0.0,0.0,0.0,0.0,2179.05,2179.0,2179.1,0.09999999999990905,-0.000159591497985095,,,,,,,,,False
2026-03-19 09:27:00.059419711+00:00,0.0,0.0,0.0,0.0,0.0,0.0,0.0,0.0,2174.25,2174.2,2174.3,0.1000000000003638,-0.000159541468128544,,,,,,,,,False
2026-03-19 09:28:00.039963253+00:00,0.0,0.0,0.0,0.0,0.0,0.0,0.0,0.0,2175.25,2175.2,2175.3,0.1000000000003638,-0.000161405241980232,2175.1,2175.6,,,,,,,False
2026-03-19 09:29:00.057182924+00:00,0.0,0.0,0.0,0.0,0.0,0.0,0.0,0.0,2175.3500000000004,2175.3,2175.4,0.09999999999990905,-0.000160980373950964,,,,,,,,,False
2026-03-19 09:30:00.071901658+00:00,0.0,0.0,0.0,0.0,0.0,0.0,0.0,0.0,2179.45,2179.4,2179.5,0.09999999999990905,-0.000163919775573435,,,,,,,,,False
2026-03-19 09:31:00.040802925+00:00,0.0,0.0,0.0,0.0,0.0,0.0,0.0,0.0,2180.1499999999996,2180.1,2180.2,0.09999999999990905,-0.000165576807349601,,,,,,,,,False
2026-03-19 09:32:00.047741862+00:00,0.0,0.0,0.0,0.0,0.0,0.0,0.0,0.0,2178.1499999999996,2178.1,2178.2,0.09999999999990905,-0.000164576877431809,,,,,,,,,False
2026-03-19 09:33:00.016120136+00:00,0.0,0.0,0.0,0.0,0.0,0.0,0.0,0.0,2179.55,2179.5,2179.6,0.09999999999990905,-0.00016617581756107,,,,,,,,,False
2026-03-19 09:34:00.028349185+00:00,0.0,0.0,0.0,0.0,0.0,0.0,0.0,0.0,2178.05,2178.0,2178.1,0.09999999999990905,-0.000165768706572963,,,,,,,,,False
2026-03-19 09:35:00.035851733+00:00,0.0,0.0,0.0,0.0,0.0,0.0,0.0,0.0,2176.75,2176.7,2176.8,0.1000000000003638,-0.000165013471701276,2176.5,2177.1,,,,,,,False
2026-03-19 09:36:00.089308630+00:00,0.0,0.0,0.0,0.0,0.0,0.0,0.0,0.0,2177.55,2177.5,2177.6,0.09999999999990905,-0.00016461457975383,,,,,,,,,False
2026-03-19 09:37:00.031959176+00:00,0.0,0.0,0.0,0.0,0.0,0.0,0.0,0.0,2179.1499999999996,2179.1,2179.2,0.09999999999990905,-0.00016541801814616,,,,,,,,,False
2026-03-19 09:38:00.028356023+00:00,0.0,0.0,0.0,0.0,0.0,0.0,0.0,0.0,2178.6499999999996,2178.6,2178.7,0.09999999999990905,-0.000164389978050291,,,,,,,,,False
2026-03-19 09:39:00.020006990+00:00,0.0,0.0,0.0,0.0,0.0,0.0,0.0,0.0,2180.6499999999996,2180.6,2180.7,0.09999999999990905,-0.000165022153593792,,,,,,,,,False
2026-03-19 09:40:00.079519957+00:00,0.0,0.0,0.0,0.0,0.0,0.0,0.0,0.0,2181.75,2181.7,2181.8,0.1000000000003638,-0.000166922914017996,2181.6,2182.1,,,,,,,False
2026-03-19 09:41:00.038943556+00:00,0.0,0.0,0.0,0.0,0.0,0.0,0.0,0.0,2185.95,2185.9,2186.0,0.09999999999990905,-0.000168293866851778,,,,,,,,,False
2026-03-19 09:42:00.049572195+00:00,0.0,0.0,0.0,0.0,0.0,0.0,0.0,0.0,2183.3500000000004,2183.3,2183.4,0.09999999999990905,-0.000167153515215364,,,,,,,,,False
2026-03-19 09:43:00.032964459+00:00,0.0,0.0,0.0,0.0,0.0,0.0,0.0,0.0,2183.45,2183.4,2183.5,0.09999999999990905,-0.000166766927047143,,,,,,,,,False
2026-03-19 09:44:00.005893820+00:00,0.0,0.0,0.0,0.0,0.0,0.0,0.0,0.0,2184.3500000000004,2184.3,2184.4,0.09999999999990905,-0.000167191786220587,,,,,,,,,False
2026-03-19 09:45:00.029190475+00:00,0.0,0.0,0.0,0.0,0.0,0.0,0.0,0.0,2182.75,2182.7,2182.8,0.1000000000003638,-0.000166196026796867,2182.6,2183.1,,,,,,,False
2026-03-19 09:46:00.073104562+00:00,0.0,0.0,0.0,0.0,0.0,0.0,0.0,0.0,2181.45,2181.4,2181.5,0.09999999999990905,-0.000165028172493774,,,,,,,,,False
2026-03-19 09:47:00.041411495+00:00,0.0,0.0,0.0,0.0,0.0,0.0,0.0,0.0,2183.75,2183.7,2183.8,0.1000000000003638,-0.000162770424018969,2183.6,2184.1,,,,,,,False
2026-03-19 09:48:00.048048578+00:00,0.0,0.0,0.0,0.0,0.0,0.0,0.0,0.0,2184.05,2184.0,2184.1,0.09999999999990905,-0.000162447005248935,,,,,,,,,False
2026-03-19 09:49:00.057850693+00:00,0.0,0.0,0.0,0.0,0.0,0.0,0.0,0.0,2184.45,2184.4,2184.5,0.09999999999990905,-0.000162709730568374,,,,,,,,,False
2026-03-19 09:50:00.067871235+00:00,0.0,0.0,0.0,0.0,0.0,0.0,0.0,0.0,2185.75,2185.7,2185.8,0.1000000000003638,-0.000161333964574609,,,,,,,,,False
2026-03-19 09:51:00.036820205+00:00,0.0,0.0,0.0,0.0,0.0,0.0,0.0,0.0,2184.3500000000004,2184.3,2184.4,0.09999999999990905,-0.000161251704459038,,,,,,,,,False
2026-03-19 09:52:00.039783813+00:00,0.0,0.0,0.0,0.0,0.0,0.0,0.0,0.0,2185.8500000000004,2185.8,2185.9,0.09999999999990905,-0.00016065659240741,,,,,,,,,False
2026-03-19 09:53:00.054255160+00:00,0.0,0.0,0.0,0.0,0.0,0.0,0.0,0.0,2185.1499999999996,2185.1,2185.2,0.09999999999990905,-0.000159950924570949,,,,,,,,,False
2026-03-19 09:54:00.035487081+00:00,0.0,0.0,0.0,0.0,0.0,0.0,0.0,0.0,2185.25,2185.2,2185.3,0.1000000000003638,-0.000159886211722992,2185.1,2185.6,,,,,,,False
2026-03-19 09:55:00.039167713+00:00,0.0,0.0,0.0,0.0,0.0,0.0,0.0,0.0,2184.75,2184.7,2184.8,0.1000000000003638,-0.000160352105313731,,,,,,,,,False
2026-03-19 09:56:00.007552856+00:00,0.0,0.0,0.0,0.0,0.0,0.0,0.0,0.0,2184.55,2184.5,2184.6,0.09999999999990905,-0.000160115136190278,,,,,,,,,False
2026-03-19 09:57:00.009540418+00:00,0.0,0.0,0.0,0.0,0.0,0.0,0.0,0.0,2188.95,2188.9,2189.0,0.09999999999990905,-0.000161036320448038,,,,,,,,,False
2026-03-19 09:58:00.033663045+00:00,0.0,0.0,0.0,0.0,0.0,0.0,0.0,0.0,2189.95,2189.9,2190.0,0.09999999999990905,-0.00016020248404308,,,,,,,,,False
2026-03-19 09:59:00.039965489+00:00,0.0,0.0,0.0,0.0,0.0,0.0,0.0,0.0,2186.8500000000004,2186.8,2186.9,0.09999999999990905,-0.000158522996142006,,,,,,,,,False
2026-03-19 10:00:00.035913272+00:00,0.0,0.0,0.0,0.0,0.0,0.0,0.0,0.0,2189.3500000000004,2189.3,2189.4,0.09999999999990905,-0.000158629427694038,,,,,,,,,False
2026-03-19 10:01:00.037632188+00:00,0.0,0.0,0.0,0.0,0.0,0.0,0.0,0.0,2188.8500000000004,2188.8,2188.9,0.09999999999990905,-0.000154046999012696,,,,,,,,,False
2026-03-19 10:02:00.056171953+00:00,0.0,0.0,0.0,0.0,0.0,0.0,0.0,0.0,2186.05,2186.0,2186.1,0.09999999999990905,-9.3576155285758e-05,,,,,,0.0,0.0,uneconomic_spread,False
2026-03-19 10:03:00.043664859+00:00,0.0,0.0,0.0,0.0,0.0,0.0,0.0,0.0,2186.3500000000004,2186.3,2186.4,0.09999999999990905,-0.000117547048666829,,,,,,,,,False
2026-03-19 10:04:00.020423855+00:00,0.0,0.0,0.0,0.0,0.0,0.0,0.0,0.0,2185.75,2185.7,2185.8,0.1000000000003638,-0.000110856510826895,,2186.0,,,,,,,False
2026-03-19 10:05:00.037363568+00:00,0.0,0.0,0.0,0.0,0.0,0.0,0.0,0.0,2185.1499999999996,2185.1,2185.2,0.09999999999990905,-0.000112499389980334,,,,,,,,,False
2026-03-19 10:06:00.039788761+00:00,0.0,0.0,0.0,0.0,0.0,0.0,0.0,0.0,2185.75,2185.7,2185.8,0.1000000000003638,-0.000117896677004444,2185.6,2186.2000000000003,,,,,,,False
2026-03-19 10:07:00.129414636+00:00,0.0,0.0,0.0,0.0,0.0,0.0,0.0,0.0,2187.25,2187.2,2187.3,0.1000000000003638,-0.00013114285685031,2187.1,2187.6,,,,,,,False
2026-03-19 10:08:00.047702608+00:00,0.0,0.0,0.0,0.0,0.0,0.0,0.0,0.0,2186.3500000000004,2186.3,2186.4,0.09999999999990905,-0.000137258502521412,,,,,,,,,False
2026-03-19 10:09:00.089508732+00:00,0.0,0.0,0.0,0.0,0.0,0.0,0.0,0.0,2187.05,2187.0,2187.1,0.09999999999990905,-0.000136706792006136,,,,,,0.0,0.0,uneconomic_spread,False
2026-03-19 10:10:00.024837081+00:00,0.0,0.0,0.0,0.0,0.0,0.0,0.0,0.0,2184.25,2184.2,2184.3,0.1000000000003638,-0.000132510025063735,,,,,,,,,False
2026-03-19 10:11:00.008807780+00:00,0.0,0.0,0.0,0.0,0.0,0.0,0.0,0.0,2184.8500000000004,2184.8,2184.9,0.09999999999990905,-0.000133671911834546,,,,,,,,,False
2026-03-19 10:12:00.034947149+00:00,0.0,0.0,0.0,0.0,0.0,0.0,0.0,0.0,2183.95,2183.9,2184.0,0.09999999999990905,-0.000133934140431124,,,,,,,,,False
2026-03-19 10:13:00.030139838+00:00,0.0,0.0,0.0,0.0,0.0,0.0,0.0,0.0,2184.25,2184.2,2184.3,0.1000000000003638,-0.000141767970080094,2184.1,2184.6,,,,,,,False
2026-03-19 10:14:00.032479178+00:00,0.0,0.0,0.0,0.0,0.0,0.0,0.0,0.0,2184.05,2184.0,2184.1,0.09999999999990905,-0.000139870194772205,,,,,,,,,False
2026-03-19 10:15:00.048339140+00:00,0.0,0.0,0.0,0.0,0.0,0.0,0.0,0.0,2183.95,2183.9,2184.0,0.09999999999990905,-0.000142582061852611,,,,,,,,,False
2026-03-19 10:16:00.062635913+00:00,0.0,0.0,0.0,0.0,0.0,0.0,0.0,0.0,2184.3500000000004,2184.3,2184.4,0.09999999999990905,-0.000142409582436635,,,,,,,,,False
2026-03-19 10:17:00.028120043+00:00,0.0,0.0,0.0,0.0,0.0,0.0,0.0,0.0,2185.45,2185.4,2185.5,0.09999999999990905,-0.000144355811367501,,,,,,,,,False
2026-03-19 10:18:00.035316207+00:00,0.0,0.0,0.0,0.0,0.0,0.0,0.0,0.0,2185.6499999999996,2185.6,2185.7,0.09999999999990905,-0.000144819709874673,,,,,,,,,False
2026-03-19 10:19:00.120210137+00:00,0.0,0.0,0.0,0.0,0.0,0.0,0.0,0.0,2185.8500000000004,2185.8,2185.9,0.09999999999990905,-0.000147222623614312,,,,,,,,,False
2026-03-19 10:20:00.035829934+00:00,0.0,0.0,0.0,0.0,0.0,0.0,0.0,0.0,2184.45,2184.4,2184.5,0.09999999999990905,-0.000145928359431105,,,,,,,,,False
2026-03-19 10:21:00.055831131+00:00,0.0,0.0,0.0,0.0,0.0,0.0,0.0,0.0,2181.8500000000004,2181.8,2181.9,0.09999999999990905,-0.00014450581388152,,,,,,,,,False
2026-03-19 10:22:00.041969290+00:00,0.0,0.0,0.0,0.0,0.0,0.0,0.0,0.0,2184.6499999999996,2184.6,2184.7,0.09999999999990905,-0.000145912778901976,,,,,,,,,False
2026-03-19 10:23:00.032292591+00:00,0.0,0.0,0.0,0.0,0.0,0.0,0.0,0.0,2185.75,2185.7,2185.8,0.1000000000003638,-0.000150025754968039,2185.6,2186.1,,,,,,,False
2026-03-19 10:24:00.064800588+00:00,0.0,0.0,0.0,0.0,0.0,0.0,0.0,0.0,2184.95,2184.9,2185.0,0.09999999999990905,-0.000149201585367331,,,,,,,,,False
2026-03-19 10:25:00.037216999+00:00,0.0,0.0,0.0,0.0,0.0,0.0,0.0,0.0,2183.6499999999996,2183.6,2183.7,0.09999999999990905,-0.000151112726136263,,,,,,,,,False
2026-03-19 10:26:00.125970141+00:00,0.0,0.0,0.0,0.0,0.0,0.0,0.0,0.0,2183.3500000000004,2183.3,2183.4,0.09999999999990905,-0.000152121837109773,,,,,,,,,False
2026-03-19 10:27:00.036439517+00:00,0.0,0.0,0.0,0.0,0.0,0.0,0.0,0.0,2184.55,2184.5,2184.6,0.09999999999990905,-0.000154068776489975,,,,,,,,,False
2026-03-19 10:28:00.071563400+00:00,0.0,0.0,0.0,0.0,0.0,0.0,0.0,0.0,2183.75,2183.7,2183.8,0.1000000000003638,-0.000154625371633923,2183.5,2184.1,,,,,,,False
2026-03-19 10:29:00.110204735+00:00,0.0,0.0,0.0,0.0,0.0,0.0,0.0,0.0,2182.45,2182.4,2182.5,0.09999999999990905,-0.000153364925294871,,,,,,,,,False
2026-03-19 10:30:00.036332283+00:00,0.0,0.0,0.0,0.0,0.0,0.0,0.0,0.0,2182.05,2182.0,2182.1,0.09999999999990905,-0.000151375142721255,,,,,,,,,False
2026-03-19 10:31:00.006870127+00:00,0.0,0.0,0.0,0.0,0.0,0.0,0.0,0.0,2180.95,2180.9,2181.0,0.09999999999990905,-0.000149093088173631,,,,,,,,,False
2026-03-19 10:32:00.035660666+00:00,0.0,0.0,0.0,0.0,0.0,0.0,0.0,0.0,2180.95,2180.9,2181.0,0.09999999999990905,-0.000149304654358135,,,,,,,,,False
2026-03-19 10:33:00.035376382+00:00,0.0,0.0,0.0,0.0,0.0,0.0,0.0,0.0,2181.05,2181.0,2181.1,0.09999999999990905,-0.000150399452796826,,,,,,,,,False
2026-03-19 10:34:00.140798831+00:00,0.0,0.0,0.0,0.0,0.0,0.0,0.0,0.0,2179.45,2179.4,2179.5,0.09999999999990905,-0.000148708185965954,,,,,,,,,False
2026-03-19 10:35:00.053397537+00:00,0.0,0.0,0.0,0.0,0.0,0.0,0.0,0.0,2178.8500000000004,2178.8,2178.9,0.09999999999990905,-0.000148042057332889,,,,,,,,,False
2026-03-19 10:36:00.041904562+00:00,0.0,0.0,0.0,0.0,0.0,0.0,0.0,0.0,2178.1499999999996,2178.1,2178.2,0.09999999999990905,-0.000146777928052814,,,,,,,,,False
2026-03-19 10:37:00.010673563+00:00,0.0,0.0,0.0,0.0,0.0,0.0,0.0,0.0,2177.05,2177.0,2177.1,0.09999999999990905,-0.000146447021394238,,,,,,,,,False
2026-03-19 10:38:00.052772024+00:00,0.0,0.0,0.0,0.0,0.0,0.0,0.0,0.0,2177.55,2177.5,2177.6,0.09999999999990905,-0.000148551094121037,,,,,,,,,False
2026-03-19 10:39:00.082707077+00:00,0.0,0.0,0.0,0.0,0.0,0.0,0.0,0.0,2177.75,2177.7,2177.8,0.1000000000003638,-0.000148675155579263,,2178.0,,,,,,,False
2026-03-19 10:40:00.063188614+00:00,0.0,0.0,0.0,0.0,0.0,0.0,0.0,0.0,2177.95,2177.9,2178.0,0.09999999999990905,-0.000149882083235852,,,,,,,,,False
2026-03-19 10:41:00.038021947+00:00,0.0,0.0,0.0,0.0,0.0,0.0,0.0,0.0,2176.75,2176.7,2176.8,0.1000000000003638,-0.000149753145960359,2176.6,2177.2000000000003,,,,,,,False
2026-03-19 10:42:00.070128107+00:00,0.0,0.0,0.0,0.0,0.0,0.0,0.0,0.0,2177.55,2177.5,2177.6,0.09999999999990905,-0.000150216866748299,,,,,,,,,False
2026-03-19 10:43:00.052551406+00:00,0.0,0.0,0.0,0.0,0.0,0.0,0.0,0.0,2177.55,2177.5,2177.6,0.09999999999990905,-0.000151872107891015,,,,,,,,,False
2026-03-19 10:44:00.056777056+00:00,0.0,0.0,0.0,0.0,0.0,0.0,0.0,0.0,2176.45,2176.4,2176.5,0.09999999999990905,-0.000151817376924761,,,,,,,,,False
2026-03-19 10:45:00.042861899+00:00,0.0,0.0,0.0,0.0,0.0,0.0,0.0,0.0,2177.95,2177.9,2178.0,0.09999999999990905,-0.00015274353696461,,,,,,,,,False
2026-03-19 10:46:00.035519724+00:00,0.0,0.0,0.0,0.0,0.0,0.0,0.0,0.0,2177.6499999999996,2177.6,2177.7,0.09999999999990905,-0.000151642172228742,,,,,,,,,False
2026-03-19 10:47:00.009911143+00:00,0.0,0.0,0.0,0.0,0.0,0.0,0.0,0.0,2176.8500000000004,2176.8,2176.9,0.09999999999990905,-0.000151503880836848,,,,,,,,,False
2026-03-19 10:48:00.038220494+00:00,0.0,0.0,0.0,0.0,0.0,0.0,0.0,0.0,2176.8500000000004,2176.8,2176.9,0.09999999999990905,-0.0001508804161003,,,,,,,,,False
2026-03-19 10:49:00.053740369+00:00,0.0,0.0,0.0,0.0,0.0,0.0,0.0,0.0,2177.3500000000004,2177.3,2177.4,0.09999999999990905,-0.000151612997089976,,,,,,,,,False
2026-03-19 10:50:00.035305717+00:00,0.0,0.0,0.0,0.0,0.0,0.0,0.0,0.0,2177.45,2177.4,2177.5,0.09999999999990905,-0.000151729667557036,,,,,,,,,False
2026-03-19 10:51:00.036037196+00:00,0.0,0.0,0.0,0.0,0.0,0.0,0.0,0.0,2175.3500000000004,2175.3,2175.4,0.09999999999990905,-0.000151129938317301,,,,,,,,,False
2026-03-19 10:52:00.045894410+00:00,0.0,0.0,0.0,0.0,0.0,0.0,0.0,0.0,2175.6499999999996,2175.6,2175.7,0.09999999999990905,-0.000151131382915274,,,,,,,,,False
2026-03-19 10:53:00.023616224+00:00,0.0,0.0,0.0,0.0,0.0,0.0,0.0,0.0,2173.55,2173.5,2173.6,0.09999999999990905,-0.000151501113860588,,,,,,,,,False
2026-03-19 10:54:00.027899025+00:00,0.0,0.0,0.0,0.0,0.0,0.0,0.0,0.0,2174.8500000000004,2174.8,2174.9,0.09999999999990905,-0.000152137953110464,,,,,,,,,False
2026-03-19 10:55:00.045633380+00:00,0.0,0.0,0.0,0.0,0.0,0.0,0.0,0.0,2175.25,2175.2,2175.3,0.1000000000003638,-0.000152135038357631,,,,,,,,,False
2026-03-19 10:56:00.052540459+00:00,0.0,0.0,0.0,0.0,0.0,0.0,0.0,0.0,2174.6499999999996,2174.6,2174.7,0.09999999999990905,-0.000152113816983907,,,,,,,,,False
2026-03-19 10:57:00.011895589+00:00,0.0,0.0,0.0,0.0,0.0,0.0,0.0,0.0,2175.05,2175.0,2175.1,0.09999999999990905,-0.00015303485810279,,,,,,,,,False
2026-03-19 10:58:00.136001735+00:00,0.0,0.0,0.0,0.0,0.0,0.0,0.0,0.0,2173.6499999999996,2173.6,2173.7,0.09999999999990905,-0.000153340911197394,,,,,,,,,False
2026-03-19 10:59:00.035814872+00:00,0.0,0.0,0.0,0.0,0.0,0.0,0.0,0.0,2172.75,2172.7,2172.8,0.1000000000003638,-0.000153337211763887,2172.6,2173.1,,,,,,,False
2026-03-19 11:00:00.063384764+00:00,0.0,0.0,0.0,0.0,0.0,0.0,0.0,0.0,2172.3500000000004,2172.3,2172.4,0.09999999999990905,-0.000153620476146448,,,,,,,,,False
2026-03-19 11:01:00.092670423+00:00,0.0,0.0,0.0,0.0,0.0,0.0,0.0,0.0,2172.75,2172.7,2172.8,0.1000000000003638,-0.000151579009217633,2172.6,2173.1,,,,,,,False
2026-03-19 11:02:00.018022035+00:00,0.0,0.0,0.0,0.0,0.0,0.0,0.0,0.0,2173.45,2173.4,2173.5,0.09999999999990905,-0.000202329155148053,,,,,,,,,False
2026-03-19 11:03:00.036677404+00:00,0.0,0.0,0.0,0.0,0.0,0.0,0.0,0.0,2174.05,2174.0,2174.1,0.09999999999990905,-0.00020636065229255,,,,,,,,,False
2026-03-19 11:04:00.043855275+00:00,0.0,0.0,0.0,0.0,0.0,0.0,0.0,0.0,2173.95,2173.9,2174.0,0.09999999999990905,-0.000169806595120746,,,,,,,,,False
2026-03-19 11:05:00.057285705+00:00,0.0,0.0,0.0,0.0,0.0,0.0,0.0,0.0,2172.55,2172.5,2172.6,0.09999999999990905,-0.000169957193453082,,,,,,,,,False
2026-03-19 11:06:00.020545666+00:00,0.0,0.0,0.0,0.0,0.0,0.0,0.0,0.0,2169.25,2169.2,2169.3,0.1000000000003638,-0.000157956111677554,,,,,,,,,False
2026-03-19 11:07:00.041861677+00:00,0.0,0.0,0.0,0.0,0.0,0.0,0.0,0.0,2170.8500000000004,2170.8,2170.9,0.09999999999990905,-0.000161666232680537,,,,,,,,,False
2026-03-19 11:08:00.056485218+00:00,0.0,0.0,0.0,0.0,0.0,0.0,0.0,0.0,2171.25,2171.2,2171.3,0.1000000000003638,-0.000161826835533493,2171.1,2171.6,,,,,,,False
2026-03-19 11:09:00.015590314+00:00,0.0,0.0,0.0,0.0,0.0,0.0,0.0,0.0,2170.05,2170.0,2170.1,0.09999999999990905,-0.000155737966145364,,,,,,,,,False
2026-03-19 11:10:00.035920470+00:00,0.0,0.0,0.0,0.0,0.0,0.0,0.0,0.0,2170.3500000000004,2170.3,2170.4,0.09999999999990905,-0.000157570197783695,,,,,,,,,False
2026-03-19 11:11:00.047441961+00:00,0.0,0.0,0.0,0.0,0.0,0.0,0.0,0.0,2170.1499999999996,2170.1,2170.2,0.09999999999990905,-0.000160183558234898,,,,,,,,,False
2026-03-19 11:12:00.006741581+00:00,0.0,0.0,0.0,0.0,0.0,0.0,0.0,0.0,2167.1499999999996,2167.1,2167.2,0.09999999999990905,-0.000153950119047712,,,,,,,,,False
2026-03-19 11:13:00.011643086+00:00,0.0,0.0,0.0,0.0,0.0,0.0,0.0,0.0,2169.3500000000004,2169.3,2169.4,0.09999999999990905,-0.000152472771360049,,,,,,,,,False
2026-03-19 11:14:00.007765280+00:00,0.0,0.0,0.0,0.0,0.0,0.0,0.0,0.0,2171.45,2171.4,2171.5,0.09999999999990905,-0.000161346934811446,,,,,,,,,False
2026-03-19 11:15:00.012154542+00:00,0.0,0.0,0.0,0.0,0.0,0.0,0.0,0.0,2170.1499999999996,2170.1,2170.2,0.09999999999990905,-0.000156453321739135,,,,,,,,,False
2026-03-19 11:16:00.026356091+00:00,0.0,0.0,0.0,0.0,0.0,0.0,0.0,0.0,2169.6499999999996,2169.6,2169.7,0.09999999999990905,-0.000157388005077356,,,,,,,,,False
2026-03-19 11:17:00.007089127+00:00,0.0,0.0,0.0,0.0,0.0,0.0,0.0,0.0,2171.55,2171.5,2171.6,0.09999999999990905,-0.00016051789883605,,,,,,,,,False
2026-03-19 11:18:00.038261377+00:00,0.0,0.0,0.0,0.0,0.0,0.0,0.0,0.0,2169.8500000000004,2169.8,2169.9,0.09999999999990905,-0.000159256634614803,,,,,,,,,False
2026-03-19 11:19:00.143509180+00:00,0.0,0.0,0.0,0.0,0.0,0.0,0.0,0.0,2169.25,2169.2,2169.3,0.1000000000003638,-0.000159195654354663,2169.1,2169.6,,,,,,,False
2026-03-19 11:20:00.027058252+00:00,0.0,0.0,0.0,0.0,0.0,0.0,0.0,0.0,2172.45,2172.4,2172.5,0.09999999999990905,-0.000164103871722135,,,,,,,,,False
2026-03-19 11:21:00.005703606+00:00,0.0,0.0,0.0,0.0,0.0,0.0,0.0,0.0,2172.95,2172.9,2173.0,0.09999999999990905,-0.000166906645490954,,,,,,,,,False
2026-03-19 11:22:00.063700407+00:00,0.0,0.0,0.0,0.0,0.0,0.0,0.0,0.0,2175.1499999999996,2175.1,2175.2,0.09999999999990905,-0.000169790231151096,,,,,,,,,False
2026-03-19 11:23:00.076442164+00:00,0.0,0.0,0.0,0.0,0.0,0.0,0.0,0.0,2173.8500000000004,2173.8,2173.9,0.09999999999990905,-0.000168504603371026,,,,,,,,,False
2026-03-19 11:24:00.036212408+00:00,0.0,0.0,0.0,0.0,0.0,0.0,0.0,0.0,2172.95,2172.9,2173.0,0.09999999999990905,-0.000168666100943573,,,,,,,,,False
2026-03-19 11:25:00.036080825+00:00,0.0,0.0,0.0,0.0,0.0,0.0,0.0,0.0,2173.45,2173.4,2173.5,0.09999999999990905,-0.000165040772340234,,,,,,,,,False
2026-03-19 11:26:00.062863612+00:00,0.0,0.0,0.0,0.0,0.0,0.0,0.0,0.0,2173.95,2173.9,2174.0,0.09999999999990905,-0.000166140578521389,,,,,,,,,False
2026-03-19 11:27:00.035360927+00:00,0.0,0.0,0.0,0.0,0.0,0.0,0.0,0.0,2174.45,2174.4,2174.5,0.09999999999990905,-0.00016461501085974,,,,,,,,,False
2026-03-19 11:28:00.035142116+00:00,0.0,0.0,0.0,0.0,0.0,0.0,0.0,0.0,2173.45,2173.4,2173.5,0.09999999999990905,-0.000163070965536216,,,,,,,,,False
2026-03-19 11:29:00.042134774+00:00,0.0,0.0,0.0,0.0,0.0,0.0,0.0,0.0,2174.6499999999996,2174.6,2174.7,0.09999999999990905,-0.000162715615110409,,,,,,,,,False
2026-03-19 11:30:00.007115865+00:00,0.0,0.0,0.0,0.0,0.0,0.0,0.0,0.0,2174.45,2174.4,2174.5,0.09999999999990905,-0.000163488097701896,,,,,,,,,False
2026-03-19 11:31:00.042505991+00:00,0.0,0.0,0.0,0.0,0.0,0.0,0.0,0.0,2175.95,2175.9,2176.0,0.09999999999990905,-0.000163814160146681,,,,,,,,,False
2026-03-19 11:32:00.040357906+00:00,0.0,0.0,0.0,0.0,0.0,0.0,0.0,0.0,2176.8500000000004,2176.8,2176.9,0.09999999999990905,-0.000164168011648806,,,,,,,,,False
2026-03-19 11:33:00.031482597+00:00,0.0,0.0,0.0,0.0,0.0,0.0,0.0,0.0,2176.3500000000004,2176.3,2176.4,0.09999999999990905,-0.000163831840747924,,,,,,,,,False
2026-03-19 11:34:00.085621679+00:00,0.0,0.0,0.0,0.0,0.0,0.0,0.0,0.0,2173.8500000000004,2173.8,2173.9,0.09999999999990905,-0.000162703135609106,,,,,,,,,False
2026-03-19 11:35:00.025434890+00:00,0.0,0.0,0.0,0.0,0.0,0.0,0.0,0.0,2170.55,2170.5,2170.6,0.09999999999990905,-0.000159587157128662,,,,,,,,,False
2026-03-19 11:36:00.007666642+00:00,0.0,0.0,0.0,0.0,0.0,0.0,0.0,0.0,2167.55,2167.5,2167.6,0.09999999999990905,-0.000158271666027473,,,,,,,,,False
2026-03-19 11:37:00.035304241+00:00,0.0,0.0,0.0,0.0,0.0,0.0,0.0,0.0,2168.3500000000004,2168.3,2168.4,0.09999999999990905,-0.000156137888142462,,,,,,,,,False
2026-03-19 11:38:00.057274275+00:00,0.0,0.0,0.0,0.0,0.0,0.0,0.0,0.0,2166.95,2166.9,2167.0,0.09999999999990905,-0.000156236689703616,,,,,,,,,False
2026-03-19 11:39:00.038263476+00:00,0.0,0.0,0.0,0.0,0.0,0.0,0.0,0.0,2168.8500000000004,2168.8,2168.9,0.09999999999990905,-0.000156696813026128,,,,,,,,,False
2026-03-19 11:40:00.053789730+00:00,0.0,0.0,0.0,0.0,0.0,0.0,0.0,0.0,2166.8500000000004,2166.8,2166.9,0.09999999999990905,-0.00015516630745414,,,,,,,,,False
2026-03-19 11:41:00.036696715+00:00,0.0,0.0,0.0,0.0,0.0,0.0,0.0,0.0,2166.95,2166.9,2167.0,0.09999999999990905,-0.000153819971558455,,,,,,,,,False
2026-03-19 11:42:00.057134655+00:00,0.0,0.0,0.0,0.0,0.0,0.0,0.0,0.0,2166.8500000000004,2166.8,2166.9,0.09999999999990905,-0.000152965790458566,,,,,,,,,False
2026-03-19 11:43:00.057130491+00:00,0.0,0.0,0.0,0.0,0.0,0.0,0.0,0.0,2166.75,2166.7,2166.8,0.1000000000003638,-0.000152623441072183,,,,,,,,,False
2026-03-19 11:44:00.078095425+00:00,0.0,0.0,0.0,0.0,0.0,0.0,0.0,0.0,2166.55,2166.5,2166.6,0.09999999999990905,-0.000151606189866665,,,,,,,,,False
2026-03-19 11:45:00.035213080+00:00,0.0,0.0,0.0,0.0,0.0,0.0,0.0,0.0,2167.45,2167.4,2167.5,0.09999999999990905,-0.000151853328565984,,,,,,,,,False
2026-03-19 11:46:00.018418679+00:00,0.0,0.0,0.0,0.0,0.0,0.0,0.0,0.0,2168.55,2168.5,2168.6,0.09999999999990905,-0.000151357441495456,,,,,,,,,False
2026-03-19 11:47:00.055784667+00:00,0.0,0.0,0.0,0.0,0.0,0.0,0.0,0.0,2167.3500000000004,2167.3,2167.4,0.09999999999990905,-0.000150225315800193,,,,,,,,,False
2026-03-19 11:48:00.012227890+00:00,0.0,0.0,0.0,0.0,0.0,0.0,0.0,0.0,2168.25,2168.2,2168.3,0.1000000000003638,-0.000150083330777881,2168.1,2168.6,,,,,,,False
2026-03-19 11:49:00.021333547+00:00,0.0,0.0,0.0,0.0,0.0,0.0,0.0,0.0,2169.3500000000004,2169.3,2169.4,0.09999999999990905,-0.000149153605948608,,,,,,,,,False
2026-03-19 11:50:00.004497818+00:00,0.0,0.0,0.0,0.0,0.0,0.0,0.0,0.0,2167.8500000000004,2167.8,2167.9,0.09999999999990905,-0.000148273444836197,,,,,,,,,False
2026-03-19 11:51:00.006386044+00:00,0.0,0.0,0.0,0.0,0.0,0.0,0.0,0.0,2168.75,2168.7,2168.8,0.1000000000003638,-0.000148092805582057,2168.5,2169.1,,,,,,,False
2026-03-19 11:52:00.024887217+00:00,0.0,0.0,0.0,0.0,0.0,0.0,0.0,0.0,2169.1499999999996,2169.1,2169.2,0.09999999999990905,-0.000148232352574525,,,,,,,,,False
2026-03-19 11:53:00.040249743+00:00,0.0,0.0,0.0,0.0,0.0,0.0,0.0,0.0,2168.55,2168.5,2168.6,0.09999999999990905,-0.0001466539070076,,,,,,,,,False
2026-03-19 11:54:00.056278856+00:00,0.0,0.0,0.0,0.0,0.0,0.0,0.0,0.0,2168.8500000000004,2168.8,2168.9,0.09999999999990905,-0.000146326400796872,,,,,,,,,False
2026-03-19 11:55:00.055679544+00:00,0.0,0.0,0.0,0.0,0.0,0.0,0.0,0.0,2167.55,2167.5,2167.6,0.09999999999990905,-0.000145396022750042,,,,,,,,,False
2026-03-19 11:56:00.029103171+00:00,0.0,0.0,0.0,0.0,0.0,0.0,0.0,0.0,2166.05,2166.0,2166.1,0.09999999999990905,-0.000144632663616155,,,,,,,,,False
2026-03-19 11:57:00.036267687+00:00,0.0,0.0,0.0,0.0,0.0,0.0,0.0,0.0,2166.55,2166.5,2166.6,0.09999999999990905,-0.000144224237372499,,,,,,,,,False
2026-03-19 11:58:00.064068921+00:00,0.0,0.0,0.0,0.0,0.0,0.0,0.0,0.0,2166.25,2166.2,2166.3,0.1000000000003638,-0.000143840667943653,2166.1,2166.6,,,,,,,False
2026-03-19 11:59:00.143499121+00:00,0.0,0.0,0.0,0.0,0.0,0.0,0.0,0.0,2166.45,2166.4,2166.5,0.09999999999990905,-0.000143741756337387,,,,,,,,,False
2026-03-19 12:00:00.036978180+00:00,0.0,0.0,0.0,0.0,0.0,0.0,0.0,0.0,2166.55,2166.5,2166.6,0.09999999999990905,-0.000143480685381178,,,,,,,,,False
2026-03-19 12:01:00.044889452+00:00,0.0,0.0,0.0,0.0,0.0,0.0,0.0,0.0,2166.75,2166.7,2166.8,0.1000000000003638,-7.5473338203288e-05,,,,,,,,,False
2026-03-19 12:02:00.071270238+00:00,0.0,0.0,0.0,0.0,0.0,0.0,0.0,0.0,2165.6499999999996,2165.6,2165.7,0.09999999999990905,-5.9231155779297e-05,,,,,,,,,False
2026-03-19 12:03:00.040135179+00:00,0.0,0.0,0.0,0.0,0.0,0.0,0.0,0.0,2165.3500000000004,2165.3,2165.4,0.09999999999990905,-7.93967939752e-05,,,,,,,,,False
2026-03-19 12:04:00.025123737+00:00,0.0,0.0,0.0,0.0,0.0,0.0,0.0,0.0,2163.05,2163.0,2163.1,0.09999999999990905,-7.9265938598481e-05,,,,,,,,,False
2026-03-19 12:05:00.054829350+00:00,0.0,0.0,0.0,0.0,0.0,0.0,0.0,0.0,2161.6499999999996,2161.6,2161.7,0.09999999999990905,-9.6195174381833e-05,,,,,,,,,False
2026-03-19 12:06:00.018804938+00:00,0.0,0.0,0.0,0.0,0.0,0.0,0.0,0.0,2158.25,2158.2,2158.3,0.1000000000003638,-9.8073359392295e-05,,,,,,,,,False
2026-03-19 12:07:00.048753809+00:00,0.0,0.0,0.0,0.0,0.0,0.0,0.0,0.0,2155.75,2155.7,2155.8,0.1000000000003638,-0.000107580194314661,,,,,,,,,False
2026-03-19 12:08:00.047699771+00:00,0.0,0.0,0.0,0.0,0.0,0.0,0.0,0.0,2158.6499999999996,2158.6,2158.7,0.09999999999990905,-0.000110840871120305,,,,,,,,,False
2026-03-19 12:09:00.018672385+00:00,0.0,0.0,0.0,0.0,0.0,0.0,0.0,0.0,2157.45,2157.4,2157.5,0.09999999999990905,-0.000115678495669744,,,,,,,,,False
2026-03-19 12:10:00.083342641+00:00,0.0,0.0,0.0,0.0,0.0,0.0,0.0,0.0,2159.05,2159.0,2159.1,0.09999999999990905,-0.000129098812771364,,,,,,,,,False
2026-03-19 12:11:00.035328756+00:00,0.0,0.0,0.0,0.0,0.0,0.0,0.0,0.0,2161.05,2161.0,2161.1,0.09999999999990905,-0.00013677776285226,,,,,,,,,False
2026-03-19 12:12:00.039286973+00:00,0.0,0.0,0.0,0.0,0.0,0.0,0.0,0.0,2162.05,2162.0,2162.1,0.09999999999990905,-0.000146236490063518,,,,,,,,,False
2026-03-19 12:13:00.077673400+00:00,0.0,0.0,0.0,0.0,0.0,0.0,0.0,0.0,2161.3500000000004,2161.3,2161.4,0.09999999999990905,-0.000149569993811001,,,,,,,,,False
2026-03-19 12:14:00.009388964+00:00,0.0,0.0,0.0,0.0,0.0,0.0,0.0,0.0,2163.05,2163.0,2163.1,0.09999999999990905,-0.000153783118945373,,,,,,,,,False
2026-03-19 12:15:00.081892982+00:00,0.0,0.0,0.0,0.0,0.0,0.0,0.0,0.0,2161.75,2161.7,2161.8,0.1000000000003638,-0.00015489564119063,2161.6,2162.2000000000003,,,,,,,False
2026-03-19 12:16:00.011169960+00:00,0.0,0.0,0.0,0.0,0.0,0.0,0.0,0.0,2159.45,2159.4,2159.5,0.09999999999990905,-0.000156671774435571,,,,,,,,,False
2026-03-19 12:17:00.028250794+00:00,0.0,0.0,0.0,0.0,0.0,0.0,0.0,0.0,2159.05,2159.0,2159.1,0.09999999999990905,-0.00015322070460692,,,,,,,,,False
2026-03-19 12:18:00.062481209+00:00,0.0,0.0,0.0,0.0,0.0,0.0,0.0,0.0,2157.3500000000004,2157.3,2157.4,0.09999999999990905,-0.000151390833886789,,,,,,,,,False
2026-03-19 12:19:00.048152900+00:00,0.0,0.0,0.0,0.0,0.0,0.0,0.0,0.0,2158.45,2158.4,2158.5,0.09999999999990905,-0.000156880525569428,,,,,,,,,False
2026-03-19 12:20:00.078198723+00:00,0.0,0.0,0.0,0.0,0.0,0.0,0.0,0.0,2157.8500000000004,2157.8,2157.9,0.09999999999990905,-0.000160771503414291,,,,,,,,,False
2026-03-19 12:21:00.044686640+00:00,0.0,0.0,0.0,0.0,0.0,0.0,0.0,0.0,2159.25,2159.2,2159.3,0.1000000000003638,-0.000164885532694829,,,,,,,,,False
2026-03-19 12:22:00.067967530+00:00,0.0,0.0,0.0,0.0,0.0,0.0,0.0,0.0,2159.95,2159.9,2160.0,0.09999999999990905,-0.000166860850972608,,,,,,,,,False
2026-03-19 12:23:00.037363868+00:00,0.0,0.0,0.0,0.0,0.0,0.0,0.0,0.0,2160.55,2160.5,2160.6,0.09999999999990905,-0.000167228538273654,,,,,,,,,False
2026-03-19 12:24:00.031001645+00:00,0.0,0.0,0.0,0.0,0.0,0.0,0.0,0.0,2158.8500000000004,2158.8,2158.9,0.09999999999990905,-0.000168023343872464,,,,,,,,,False
2026-03-19 12:25:00.047514560+00:00,0.0,0.0,0.0,0.0,0.0,0.0,0.0,0.0,2159.1499999999996,2159.1,2159.2,0.09999999999990905,-0.000169056696950552,,,,,,0.0,0.0,uneconomic_spread,False
2026-03-19 12:26:00.026296012+00:00,0.0,0.0,0.0,0.0,0.0,0.0,0.0,0.0,2159.05,2159.0,2159.1,0.09999999999990905,-0.000169853116586025,,,,,,,,,False
2026-03-19 12:27:00.042718289+00:00,0.0,0.0,0.0,0.0,0.0,0.0,0.0,0.0,2154.8500000000004,2154.8,2154.9,0.09999999999990905,-0.000167742573781051,,,,,,,,,False
2026-03-19 12:28:00.032798480+00:00,0.0,0.0,0.0,0.0,0.0,0.0,0.0,0.0,2154.45,2154.4,2154.5,0.09999999999990905,-0.000166755433946595,,,,,,,,,False
2026-03-19 12:29:00.032534535+00:00,0.0,0.0,0.0,0.0,0.0,0.0,0.0,0.0,2154.45,2154.4,2154.5,0.09999999999990905,-0.000167099573442726,,,,,,,,,False
2026-03-19 12:30:00.057277699+00:00,0.0,0.0,0.0,0.0,0.0,0.0,0.0,0.0,2155.3500000000004,2155.3,2155.4,0.09999999999990905,-0.000167925502925093,,,,,,0.0,0.0,uneconomic_spread,False
2026-03-19 12:31:00.037617666+00:00,0.0,0.0,0.0,0.0,0.0,0.0,0.0,0.0,2155.1499999999996,2155.1,2155.2,0.09999999999990905,-0.000167363044943282,,,,,,,,,False
2026-03-19 12:32:00.010776124+00:00,0.0,0.0,0.0,0.0,0.0,0.0,0.0,0.0,2153.95,2153.9,2154.0,0.09999999999990905,-0.000167939573016328,,,,,,,,,False
2026-03-19 12:33:00.047599496+00:00,0.0,0.0,0.0,0.0,0.0,0.0,0.0,0.0,2154.45,2154.4,2154.5,0.09999999999990905,-0.000169347146129991,,,,,,,,,False
2026-03-19 12:34:00.029327174+00:00,0.0,0.0,0.0,0.0,0.0,0.0,0.0,0.0,2153.75,2153.7,2153.8,0.1000000000003638,-0.000171819446207543,,,,,,,,,False
2026-03-19 12:35:00.054534111+00:00,0.0,0.0,0.0,0.0,0.0,0.0,0.0,0.0,2153.8500000000004,2153.8,2153.9,0.09999999999990905,-0.000172151847660018,,,,,,,,,False
2026-03-19 12:36:00.015014405+00:00,0.0,0.0,0.0,0.0,0.0,0.0,0.0,0.0,2155.95,2155.9,2156.0,0.09999999999990905,-0.000174401317107942,,,,,,,,,False
2026-03-19 12:37:00.098565766+00:00,0.0,0.0,0.0,0.0,0.0,0.0,0.0,0.0,2156.75,2156.7,2156.8,0.1000000000003638,-0.000175497854820914,,,,,,,,,False
2026-03-19 12:38:00.026374825+00:00,0.0,0.0,0.0,0.0,0.0,0.0,0.0,0.0,2156.95,2156.9,2157.0,0.09999999999990905,-0.000175995841383724,,,,,,,,,False
2026-03-19 12:39:00.005650681+00:00,0.0,0.0,0.0,0.0,0.0,0.0,0.0,0.0,2154.8500000000004,2154.8,2154.9,0.09999999999990905,-0.000176264013565351,,,,,,,,,False
2026-03-19 12:40:00.044587552+00:00,0.0,0.0,0.0,0.0,0.0,0.0,0.0,0.0,2155.55,2155.5,2155.6,0.09999999999990905,-0.000176061304052113,,,,,,,,,False
2026-03-19 12:41:00.036168974+00:00,0.0,0.0,0.0,0.0,0.0,0.0,0.0,0.0,2156.1499999999996,2156.1,2156.2,0.09999999999990905,-0.000176550613675035,,,,,,,,,False
2026-03-19 12:42:00.035980645+00:00,0.0,0.0,0.0,0.0,0.0,0.0,0.0,0.0,2155.95,2155.9,2156.0,0.09999999999990905,-0.000176168605361861,,,,,,,,,False
2026-03-19 12:43:00.052391375+00:00,0.0,0.0,0.0,0.0,0.0,0.0,0.0,0.0,2155.45,2155.4,2155.5,0.09999999999990905,-0.000174681119138104,,,,,,,,,False
2026-03-19 12:44:00.036315419+00:00,0.0,0.0,0.0,0.0,0.0,0.0,0.0,0.0,2156.8500000000004,2156.8,2156.9,0.09999999999990905,-0.000176935913672603,,,,,,,,,False
2026-03-19 12:45:00.037855972+00:00,0.0,0.0,0.0,0.0,0.0,0.0,0.0,0.0,2153.95,2153.9,2154.0,0.09999999999990905,-0.00017512518836679,,,,,,,,,False
2026-03-19 12:46:00.006269775+00:00,0.0,0.0,0.0,0.0,0.0,0.0,0.0,0.0,2153.1499999999996,2153.1,2153.2,0.09999999999990905,-0.000174769591334816,,,,,,,,,False
2026-03-19 12:47:00.047196596+00:00,0.0,0.0,0.0,0.0,0.0,0.0,0.0,0.0,2152.45,2152.4,2152.5,0.09999999999990905,-0.000174009536275406,,,,,,,,,False
2026-03-19 12:48:00.043988937+00:00,0.0,0.0,0.0,0.0,0.0,0.0,0.0,0.0,2147.55,2147.5,2147.6,0.09999999999990905,-0.000172413313331552,,,,,,0.0,0.0,uneconomic_spread,False
2026-03-19 12:49:00.057439371+00:00,0.0,0.0,0.0,0.0,0.0,0.0,0.0,0.0,2147.25,2147.2,2147.3,0.1000000000003638,-0.000174308573883228,,,,,,,,,False
2026-03-19 12:50:00.086563907+00:00,0.0,0.0,0.0,0.0,0.0,0.0,0.0,0.0,2146.8500000000004,2146.8,2146.9,0.09999999999990905,-0.000175451163891449,,,,,,,,,False
2026-03-19 12:51:00.035749271+00:00,0.0,0.0,0.0,0.0,0.0,0.0,0.0,0.0,2140.05,2140.0,2140.1,0.09999999999990905,-0.000174752288067384,,,,,,,,,False
2026-03-19 12:52:00.040209594+00:00,0.0,0.0,0.0,0.0,0.0,0.0,0.0,0.0,2134.45,2134.4,2134.5,0.09999999999990905,-0.000172248051580508,,,,,,,,,False
2026-03-19 12:53:00.041590112+00:00,0.0,0.0,0.0,0.0,0.0,0.0,0.0,0.0,2133.6499999999996,2133.6,2133.7,0.09999999999990905,-0.00017489705374762,,,,,,,,,False
2026-03-19 12:54:00.023390025+00:00,0.0,0.0,0.0,0.0,0.0,0.0,0.0,0.0,2134.55,2134.5,2134.6,0.09999999999990905,-0.00017610883390922,,,,,,,,,False
2026-03-19 12:55:00.039141249+00:00,0.0,0.0,0.0,0.0,0.0,0.0,0.0,0.0,2133.05,2133.0,2133.1,0.09999999999990905,-0.000180102828082352,,,,,,,,,False
2026-03-19 12:56:00.035970476+00:00,0.0,0.0,0.0,0.0,0.0,0.0,0.0,0.0,2132.1499999999996,2132.1,2132.2,0.09999999999990905,-0.000183956234530871,,,,,,,,,False
2026-03-19 12:57:00.035353306+00:00,0.0,0.0,0.0,0.0,0.0,0.0,0.0,0.0,2132.45,2132.4,2132.5,0.09999999999990905,-0.000184847465819277,,,,,,,,,False
2026-03-19 12:58:00.036655099+00:00,0.0,0.0,0.0,0.0,0.0,0.0,0.0,0.0,2132.05,2132.0,2132.1,0.09999999999990905,-0.000186770748665994,,,,,,,,,False
2026-03-19 12:59:00.035548700+00:00,0.0,0.0,0.0,0.0,0.0,0.0,0.0,0.0,2132.45,2132.4,2132.5,0.09999999999990905,-0.000186765918693937,,,,,,,,,False
2026-03-19 13:00:00.048776984+00:00,0.0,0.0,0.0,0.0,0.0,0.0,0.0,0.0,2131.95,2131.9,2132.0,0.09999999999990905,-0.000187108337675194,,,,,,,,,False
2026-03-19 13:01:00.027403757+00:00,0.0,0.0,0.0,0.0,0.0,0.0,0.0,0.0,2131.45,2131.4,2131.5,0.09999999999990905,-0.000142370713835967,,,,,,,,,False
2026-03-19 13:02:00.023475419+00:00,0.0,0.0,0.0,0.0,0.0,0.0,0.0,0.0,2124.25,2124.2,2124.3,0.1000000000003638,-0.000102491863647226,,,,,,,,,False
2026-03-19 13:03:00.059514792+00:00,0.0,0.0,0.0,0.0,0.0,0.0,0.0,0.0,2119.45,2119.4,2119.5,0.09999999999990905,-0.000119435196089572,,,,,,,,,False
2026-03-19 13:04:00.011223222+00:00,0.0,0.0,0.0,0.0,0.0,0.0,0.0,0.0,2127.75,2127.7,2127.8,0.1000000000003638,-0.000203963710095557,,,,,,,,,False
2026-03-19 13:05:00.062439255+00:00,0.0,0.0,0.0,0.0,0.0,0.0,0.0,0.0,2134.55,2134.5,2134.6,0.09999999999990905,-0.000266837837307832,,,,,,,,,False
2026-03-19 13:06:00.048631498+00:00,0.0,0.0,0.0,0.0,0.0,0.0,0.0,0.0,2132.6499999999996,2132.6,2132.7,0.09999999999990905,-0.000245481254827104,,,,,,,,,False
2026-03-19 13:07:00.023789342+00:00,0.0,0.0,0.0,0.0,0.0,0.0,0.0,0.0,2130.45,2130.4,2130.5,0.09999999999990905,-0.000220147600343967,,,,,,,,,False
2026-03-19 13:08:00.039647417+00:00,0.0,0.0,0.0,0.0,0.0,0.0,0.0,0.0,2132.75,2132.7,2132.8,0.1000000000003638,-0.000229725005554877,2132.6,2133.1,,,,,,,False
2026-03-19 13:09:00.062470987+00:00,0.0,0.0,0.0,0.0,0.0,0.0,0.0,0.0,2133.95,2133.9,2134.0,0.09999999999990905,-0.000230827096904991,,,,,,,,,False
2026-03-19 13:10:00.019304781+00:00,0.0,0.0,0.0,0.0,0.0,0.0,0.0,0.0,2131.95,2131.9,2132.0,0.09999999999990905,-0.000225832447236856,,,,,,,,,False
2026-03-19 13:11:00.076139786+00:00,0.0,0.0,0.0,0.0,0.0,0.0,0.0,0.0,2128.75,2128.7,2128.8,0.1000000000003638,-0.000223417301746137,,,,,,,,,False
2026-03-19 13:12:00.014797846+00:00,0.0,0.0,0.0,0.0,0.0,0.0,0.0,0.0,2127.05,2127.0,2127.1,0.09999999999990905,-0.000225710389822867,,,,,,,,,False
2026-03-19 13:13:00.040305906+00:00,0.0,0.0,0.0,0.0,0.0,0.0,0.0,0.0,2123.8500000000004,2123.8,2123.9,0.09999999999990905,-0.000217778370503242,,,,,,,,,False
2026-03-19 13:14:00.042840809+00:00,0.0,0.0,0.0,0.0,0.0,0.0,0.0,0.0,2118.8500000000004,2118.8,2118.9,0.09999999999990905,-0.000211575895488405,,,,,,,,,False
2026-03-19 13:15:00.048671542+00:00,0.0,0.0,0.0,0.0,0.0,0.0,0.0,0.0,2118.8500000000004,2118.8,2118.9,0.09999999999990905,-0.000215541722840473,,,,,,,,,False
2026-03-19 13:16:00.048411448+00:00,0.0,0.0,0.0,0.0,0.0,0.0,0.0,0.0,2122.55,2122.5,2122.6,0.09999999999990905,-0.000222904865866541,,,,,,,,,False
2026-03-19 13:17:00.047106815+00:00,0.0,0.0,0.0,0.0,0.0,0.0,0.0,0.0,2123.8500000000004,2123.8,2123.9,0.09999999999990905,-0.000228812670268212,,,,,,,,,False
2026-03-19 13:18:00.071688422+00:00,0.0,0.0,0.0,0.0,0.0,0.0,0.0,0.0,2125.25,2125.2,2125.3,0.1000000000003638,-0.000250468718429567,,,,,,,,,False
2026-03-19 13:19:00.019958957+00:00,0.0,0.0,0.0,0.0,0.0,0.0,0.0,0.0,2126.45,2126.4,2126.5,0.09999999999990905,-0.000254667481483689,,,,,,,,,False
2026-03-19 13:20:00.014514495+00:00,0.0,0.0,0.0,0.0,0.0,0.0,0.0,0.0,2126.8500000000004,2126.8,2126.9,0.09999999999990905,-0.000255397412109034,,,,,,,,,False
2026-03-19 13:21:00.035386223+00:00,0.0,0.0,0.0,0.0,0.0,0.0,0.0,0.0,2130.55,2130.5,2130.6,0.09999999999990905,-0.000260721594588768,,,,,,,,,False
2026-03-19 13:22:00.053592657+00:00,0.0,0.0,0.0,0.0,0.0,0.0,0.0,0.0,2131.3500000000004,2131.3,2131.4,0.09999999999990905,-0.000260702101050271,,,,,,,,,False
2026-03-19 13:23:00.057382112+00:00,0.0,0.0,0.0,0.0,0.0,0.0,0.0,0.0,2129.45,2129.4,2129.5,0.09999999999990905,-0.000255714663874524,,,,,,,,,False
2026-03-19 13:24:00.049801719+00:00,0.0,0.0,0.0,0.0,0.0,0.0,0.0,0.0,2129.25,2129.2,2129.3,0.1000000000003638,-0.00025361182807938,2129.1,2129.6,,,,,,,False
2026-03-19 13:25:00.032727688+00:00,0.0,0.0,0.0,0.0,0.0,0.0,0.0,0.0,2128.3500000000004,2128.3,2128.4,0.09999999999990905,-0.000249998367410154,,,,,,,,,False
2026-03-19 13:26:00.046616976+00:00,0.0,0.0,0.0,0.0,0.0,0.0,0.0,0.0,2127.75,2127.7,2127.8,0.1000000000003638,-0.000246731553074463,2127.6,2128.1,,,,,,,False
2026-03-19 13:27:00.005853712+00:00,0.0,0.0,0.0,0.0,0.0,0.0,0.0,0.0,2127.25,2127.2,2127.3,0.1000000000003638,-0.000247378890672454,2127.0,2127.6,,,,,,,False
2026-03-19 13:28:00.036037377+00:00,0.0,0.0,0.0,0.0,0.0,0.0,0.0,0.0,2129.05,2129.0,2129.1,0.09999999999990905,-0.000247721071407796,,,,,,,,,False
2026-03-19 13:29:00.011307898+00:00,0.0,0.0,0.0,0.0,0.0,0.0,0.0,0.0,2128.75,2128.7,2128.8,0.1000000000003638,-0.000248743489579111,2128.6,2129.2000000000003,,,,,,,False
2026-03-19 13:30:00.057227723+00:00,0.0,0.0,0.0,0.0,0.0,0.0,0.0,0.0,2129.6499999999996,2129.6,2129.7,0.09999999999990905,-0.000246367862299426,,,,,,,,,False
2026-03-19 13:31:00.004641407+00:00,0.0,0.0,0.0,0.0,0.0,0.0,0.0,0.0,2126.3500000000004,2126.3,2126.4,0.09999999999990905,-0.000241652341196208,,,,,,,,,False
2026-03-19 13:32:00.048001907+00:00,0.0,0.0,0.0,0.0,0.0,0.0,0.0,0.0,2124.55,2124.5,2124.6,0.09999999999990905,-0.000241409604543684,,,,,,,,,False
2026-03-19 13:33:00.043532355+00:00,0.0,0.0,0.0,0.0,0.0,0.0,0.0,0.0,2121.25,2121.2,2121.3,0.1000000000003638,-0.000240451413993294,,,,,,,,,False
2026-03-19 13:34:00.053831437+00:00,0.0,0.0,0.0,0.0,0.0,0.0,0.0,0.0,2124.25,2124.2,2124.3,0.1000000000003638,-0.000240296727741991,,,,,,,,,False
2026-03-19 13:35:00.059288294+00:00,0.0,0.0,0.0,0.0,0.0,0.0,0.0,0.0,2122.8500000000004,2122.8,2122.9,0.09999999999990905,-0.000234125954920841,,,,,,,,,False
2026-03-19 13:36:00.049679769+00:00,0.0,0.0,0.0,0.0,0.0,0.0,0.0,0.0,2118.6499999999996,2118.6,2118.7,0.09999999999990905,-0.000230481233170472,,,,,,,,,False
2026-03-19 13:37:00.052978213+00:00,0.0,0.0,0.0,0.0,0.0,0.0,0.0,0.0,2120.55,2120.5,2120.6,0.09999999999990905,-0.000224730556232178,,,,,,,,,False
2026-03-19 13:38:00.052620848+00:00,0.0,0.0,0.0,0.0,0.0,0.0,0.0,0.0,2120.75,2120.7,2120.8,0.1000000000003638,-0.00022025956138905,,,,,,,,,False
2026-03-19 13:39:00.048725207+00:00,0.0,0.0,0.0,0.0,0.0,0.0,0.0,0.0,2117.45,2117.4,2117.5,0.09999999999990905,-0.000215368614318415,,,,,,,,,False
2026-03-19 13:40:00.044224930+00:00,0.0,0.0,0.0,0.0,0.0,0.0,0.0,0.0,2114.25,2114.2,2114.3,0.1000000000003638,-0.000216982572187922,,,,,,,,,False
2026-03-19 13:41:00.032914902+00:00,0.0,0.0,0.0,0.0,0.0,0.0,0.0,0.0,2113.95,2113.9,2114.0,0.09999999999990905,-0.000214960624131351,,,,,,,,,False
2026-03-19 13:42:00.022596713+00:00,0.0,0.0,0.0,0.0,0.0,0.0,0.0,0.0,2127.3500000000004,2127.3,2127.4,0.09999999999990905,-0.000221997253853042,,,,,,,,,False
2026-03-19 13:43:00.068761003+00:00,0.0,0.0,0.0,0.0,0.0,0.0,0.0,0.0,2135.1499999999996,2135.1,2135.2,0.09999999999990905,-0.000225533018076557,,,,,,,,,False
2026-03-19 13:44:00.070217201+00:00,0.0,0.0,0.0,0.0,0.0,0.0,0.0,0.0,2137.25,2137.2,2137.3,0.1000000000003638,-0.000223311700603334,,,,,,,,,False
2026-03-19 13:45:00.012605323+00:00,0.0,0.0,0.0,0.0,0.0,0.0,0.0,0.0,2137.8500000000004,2137.8,2137.9,0.09999999999990905,-0.000222928751939953,,,,,,,,,False
2026-03-19 13:46:00.028216651+00:00,0.0,0.0,0.0,0.0,0.0,0.0,0.0,0.0,2133.6499999999996,2133.6,2133.7,0.09999999999990905,-0.000218393390077556,,,,,,,,,False
2026-03-19 13:47:00.040839979+00:00,0.0,0.0,0.0,0.0,0.0,0.0,0.0,0.0,2129.45,2129.4,2129.5,0.09999999999990905,-0.000217098173988268,,,,,,,,,False
2026-03-19 13:48:00.039514810+00:00,0.0,0.0,0.0,0.0,0.0,0.0,0.0,0.0,2128.3500000000004,2128.3,2128.4,0.09999999999990905,-0.000215558195223029,,,,,,,,,False
2026-03-19 13:49:00.045964527+00:00,0.0,0.0,0.0,0.0,0.0,0.0,0.0,0.0,2131.6499999999996,2131.6,2131.7,0.09999999999990905,-0.000215634490940944,,,,,,,,,False
2026-03-19 13:50:00.049874540+00:00,0.0,0.0,0.0,0.0,0.0,0.0,0.0,0.0,2139.6499999999996,2139.6,2139.7,0.09999999999990905,-0.000217462627286107,,,,,,,,,False
2026-03-19 13:51:00.051226209+00:00,0.0,0.0,0.0,0.0,0.0,0.0,0.0,0.0,2138.55,2138.5,2138.6,0.09999999999990905,-0.000218959460022074,,,,,,,,,False
2026-03-19 13:52:00.006351699+00:00,0.0,0.0,0.0,0.0,0.0,0.0,0.0,0.0,2139.25,2139.2,2139.3,0.1000000000003638,-0.000219780701914039,,,,,,,,,False
2026-03-19 13:53:00.007529933+00:00,0.0,0.0,0.0,0.0,0.0,0.0,0.0,0.0,2137.45,2137.4,2137.5,0.09999999999990905,-0.000219324293354792,,,,,,,,,False
2026-03-19 13:54:00.069180115+00:00,0.0,0.0,0.0,0.0,0.0,0.0,0.0,0.0,2134.95,2134.9,2135.0,0.09999999999990905,-0.000218241318679704,,,,,,,,,False
2026-03-19 13:55:00.026308211+00:00,0.0,0.0,0.0,0.0,0.0,0.0,0.0,0.0,2142.45,2142.4,2142.5,0.09999999999990905,-0.000219499639891057,,,,,,,,,False
2026-03-19 13:56:00.029185444+00:00,0.0,0.0,0.0,0.0,0.0,0.0,0.0,0.0,2139.1499999999996,2139.1,2139.2,0.09999999999990905,-0.000217786518173614,,,,,,,,,False
2026-03-19 13:57:00.037777318+00:00,0.0,0.0,0.0,0.0,0.0,0.0,0.0,0.0,2140.55,2140.5,2140.6,0.09999999999990905,-0.000217830842677707,,,,,,,,,False
2026-03-19 13:58:00.048817357+00:00,0.0,0.0,0.0,0.0,0.0,0.0,0.0,0.0,2138.1499999999996,2138.1,2138.2,0.09999999999990905,-0.000216013548373237,,,,,,,,,False
2026-03-19 13:59:00.050736232+00:00,0.0,0.0,0.0,0.0,0.0,0.0,0.0,0.0,2137.25,2137.2,2137.3,0.1000000000003638,-0.00021331898446599,,,,,,,,,False
2026-03-19 14:00:00.033950557+00:00,0.0,0.0,0.0,0.0,0.0,0.0,0.0,0.0,2137.1499999999996,2137.1,2137.2,0.09999999999990905,-0.000211420139582614,,,,,,,,,False
2026-03-19 14:01:00.032449758+00:00,0.0,0.0,0.0,0.0,0.0,0.0,0.0,0.0,2146.6499999999996,2146.6,2146.7,0.09999999999990905,-9.2707901305917e-05,,,,,,,,,False
2026-03-19 14:02:00.033079243+00:00,0.0,0.0,0.0,0.0,0.0,0.0,0.0,0.0,2137.55,2137.5,2137.6,0.09999999999990905,-0.00011035746591658,,,,,,,,,False
2026-03-19 14:03:00.143989266+00:00,0.0,0.0,0.0,0.0,0.0,0.0,0.0,0.0,2139.5,2139.4,2139.6,0.1999999999998181,-0.000128101576094301,,,,,,,,,False
2026-03-19 14:04:00.040271097+00:00,0.0,0.0,0.0,0.0,0.0,0.0,0.0,0.0,2137.95,2137.9,2138.0,0.09999999999990905,-0.000147330613810104,,,,,,,,,False
2026-03-19 14:05:00.052201625+00:00,0.0,0.0,0.0,0.0,0.0,0.0,0.0,0.0,2134.75,2134.7,2134.8,0.1000000000003638,-0.000124286504436678,,,,,,,,,False
2026-03-19 14:06:00.050907250+00:00,0.0,0.0,0.0,0.0,0.0,0.0,0.0,0.0,2134.6499999999996,2134.6,2134.7,0.09999999999990905,-0.000136229204542141,,,,,,,,,False
2026-03-19 14:07:00.058812040+00:00,0.0,0.0,0.0,0.0,0.0,0.0,0.0,0.0,2133.3500000000004,2133.3,2133.4,0.09999999999990905,-0.000147546517998805,,,,,,,,,False
2026-03-19 14:08:00.056102115+00:00,0.0,0.0,0.0,0.0,0.0,0.0,0.0,0.0,2132.45,2132.4,2132.5,0.09999999999990905,-0.000131040604149649,,,,,,,,,False
2026-03-19 14:09:00.098756974+00:00,0.0,0.0,0.0,0.0,0.0,0.0,0.0,0.0,2131.25,2131.2,2131.3,0.1000000000003638,-0.000132098351457658,,,,,,,,,False
2026-03-19 14:10:00.005734585+00:00,0.0,0.0,0.0,0.0,0.0,0.0,0.0,0.0,2128.45,2128.4,2128.5,0.09999999999990905,-0.000127596948201747,,,,,,,,,False
2026-03-19 14:11:00.009675063+00:00,0.0,0.0,0.0,0.0,0.0,0.0,0.0,0.0,2127.25,2127.2,2127.3,0.1000000000003638,-0.000136389464172571,2127.1,2127.6,,,,,,,False
2026-03-19 14:12:00.045867195+00:00,0.0,0.0,0.0,0.0,0.0,0.0,0.0,0.0,2133.6499999999996,2133.6,2133.7,0.09999999999990905,-0.000160729613115126,,,,,,,,,False
2026-03-19 14:13:00.013727576+00:00,0.0,0.0,0.0,0.0,0.0,0.0,0.0,0.0,2133.8500000000004,2133.8,2133.9,0.09999999999990905,-0.000171946335301424,,,,,,,,,False
2026-03-19 14:14:00.071868392+00:00,0.0,0.0,0.0,0.0,0.0,0.0,0.0,0.0,2129.75,2129.7,2129.8,0.1000000000003638,-0.000165340196485651,,,,,,,,,False
2026-03-19 14:15:00.026393179+00:00,0.0,0.0,0.0,0.0,0.0,0.0,0.0,0.0,2126.8500000000004,2126.8,2126.9,0.09999999999990905,-0.000164460932436421,,,,,,,,,False
2026-03-19 14:16:00.030631556+00:00,0.0,0.0,0.0,0.0,0.0,0.0,0.0,0.0,2125.05,2125.0,2125.1,0.09999999999990905,-0.000155933857899697,,,,,,,,,False
2026-03-19 14:17:00.033838992+00:00,0.0,0.0,0.0,0.0,0.0,0.0,0.0,0.0,2124.95,2124.9,2125.0,0.09999999999990905,-0.000159013530490224,,,,,,,,,False
2026-03-19 14:18:00.032678128+00:00,0.0,0.0,0.0,0.0,0.0,0.0,0.0,0.0,2125.8500000000004,2125.8,2125.9,0.09999999999990905,-0.000161296376532462,,,,,,,,,False
2026-03-19 14:19:00.044976965+00:00,0.0,0.0,0.0,0.0,0.0,0.0,0.0,0.0,2121.6499999999996,2121.6,2121.7,0.09999999999990905,-0.000155019278815363,,,,,,,,,False
2026-03-19 14:20:00.057091467+00:00,0.0,0.0,0.0,0.0,0.0,0.0,0.0,0.0,2123.25,2123.2,2123.3,0.1000000000003638,-0.000154141734686211,,,,,,,,,False
2026-03-19 14:21:00.017720838+00:00,0.0,0.0,0.0,0.0,0.0,0.0,0.0,0.0,2123.45,2123.4,2123.5,0.09999999999990905,-0.000152982553355892,,,,,,,,,False
2026-03-19 14:22:00.023921873+00:00,0.0,0.0,0.0,0.0,0.0,0.0,0.0,0.0,2119.55,2119.5,2119.6,0.09999999999990905,-0.000147675699967638,,,,,,,,,False
2026-03-19 14:23:00.039299033+00:00,0.0,0.0,0.0,0.0,0.0,0.0,0.0,0.0,2117.95,2117.9,2118.0,0.09999999999990905,-0.000143422675494392,,,,,,0.0,0.0,uneconomic_spread,False
2026-03-19 14:24:00.047731677+00:00,0.0,0.0,0.0,0.0,0.0,0.0,0.0,0.0,2120.95,2120.9,2121.0,0.09999999999990905,-0.000143431558411837,,,,,,,,,False
2026-03-19 14:25:00.071545148+00:00,0.0,0.0,0.0,0.0,0.0,0.0,0.0,0.0,2121.55,2121.5,2121.6,0.09999999999990905,-0.000140758511081634,,,,,,,,,False
2026-03-19 14:26:00.072720863+00:00,0.0,0.0,0.0,0.0,0.0,0.0,0.0,0.0,2122.1499999999996,2122.1,2122.2,0.09999999999990905,-0.000138075087519523,,,,,,,,,False
2026-03-19 14:27:00.037051011+00:00,0.0,0.0,0.0,0.0,0.0,0.0,0.0,0.0,2119.95,2119.9,2120.0,0.09999999999990905,-0.000132117914825249,,,,,,,,,False
2026-03-19 14:28:00.045292479+00:00,0.0,0.0,0.0,0.0,0.0,0.0,0.0,0.0,2119.05,2119.0,2119.1,0.09999999999990905,-0.000127532456745991,,,,,,,,,False
2026-03-19 14:29:00.056125203+00:00,0.0,0.0,0.0,0.0,0.0,0.0,0.0,0.0,2113.05,2113.0,2113.1,0.09999999999990905,-0.000120083431030055,,,,,,,,,False
2026-03-19 14:30:00.059297014+00:00,0.0,0.0,0.0,0.0,0.0,0.0,0.0,0.0,2109.3500000000004,2109.3,2109.4,0.09999999999990905,-0.000113674700493288,,,,,,,,,False
2026-03-19 14:31:00.012441073+00:00,0.0,0.0,0.0,0.0,0.0,0.0,0.0,0.0,2110.45,2110.4,2110.5,0.09999999999990905,-0.000114072911816649,,,,,,,,,False
2026-03-19 14:32:00.027143888+00:00,0.0,0.0,0.0,0.0,0.0,0.0,0.0,0.0,2110.3500000000004,2110.3,2110.4,0.09999999999990905,-0.000113323143831752,,,,,,,,,False
2026-03-19 14:33:00.036718112+00:00,0.0,0.0,0.0,0.0,0.0,0.0,0.0,0.0,2112.75,2112.7,2112.8,0.1000000000003638,-0.000113573497203209,,,,,,,,,False
2026-03-19 14:34:00.028213971+00:00,0.0,0.0,0.0,0.0,0.0,0.0,0.0,0.0,2112.1499999999996,2112.1,2112.2,0.09999999999990905,-0.000110929261211389,,,,,,,,,False
2026-03-19 14:35:00.048349475+00:00,0.0,0.0,0.0,0.0,0.0,0.0,0.0,0.0,2113.8500000000004,2113.8,2113.9,0.09999999999990905,-0.000109686330932677,,,,,,,,,False
2026-03-19 14:36:00.053098246+00:00,0.0,0.0,0.0,0.0,0.0,0.0,0.0,0.0,2114.6499999999996,2114.6,2114.7,0.09999999999990905,-0.000108383308779386,,,,,,,,,False
2026-03-19 14:37:00.012882038+00:00,0.0,0.0,0.0,0.0,0.0,0.0,0.0,0.0,2110.6499999999996,2110.6,2110.7,0.09999999999990905,-0.000103247570062174,,,,,,,,,False
2026-03-19 14:38:00.013436+00:00,0.0,0.0,0.0,0.0,0.0,0.0,0.0,0.0,2103.8500000000004,2103.8,2103.9,0.09999999999990905,-9.7491159017688e-05,,,,,,,,,False
2026-03-19 14:39:00.067749432+00:00,0.0,0.0,0.0,0.0,0.0,0.0,0.0,0.0,2104.55,2104.5,2104.6,0.09999999999990905,-9.6091956819455e-05,,,,,,,,,False
2026-03-19 14:40:00.016507020+00:00,0.0,0.0,0.0,0.0,0.0,0.0,0.0,0.0,2107.95,2107.9,2108.0,0.09999999999990905,-9.6290363141858e-05,,,,,,,,,False
2026-03-19 14:41:00.031911217+00:00,0.0,0.0,0.0,0.0,0.0,0.0,0.0,0.0,2113.45,2113.4,2113.5,0.09999999999990905,-9.7378984782875e-05,,,,,,,,,False
2026-03-19 14:42:00.042712925+00:00,0.0,0.0,0.0,0.0,0.0,0.0,0.0,0.0,2112.25,2112.2,2112.3,0.1000000000003638,-9.5634066302962e-05,,,,,,,,,False
2026-03-19 14:43:00.062906364+00:00,0.0,0.0,0.0,0.0,0.0,0.0,0.0,0.0,2115.25,2115.2,2115.3,0.1000000000003638,-9.3673762174891e-05,,,,,,,,,False
2026-03-19 14:44:00.028352561+00:00,0.0,0.0,0.0,0.0,0.0,0.0,0.0,0.0,2115.3500000000004,2115.3,2115.4,0.09999999999990905,-9.344248877132e-05,,,,,,,,,False
2026-03-19 14:45:00.042505684+00:00,0.0,0.0,0.0,0.0,0.0,0.0,0.0,0.0,2114.6499999999996,2114.6,2114.7,0.09999999999990905,-8.991908633171e-05,,,,,,,,,False
2026-03-19 14:46:00.043363430+00:00,0.0,0.0,0.0,0.0,0.0,0.0,0.0,0.0,2112.95,2112.9,2113.0,0.09999999999990905,-8.7424329866932e-05,,,,,,,,,False
2026-03-19 14:47:00.072977867+00:00,0.0,0.0,0.0,0.0,0.0,0.0,0.0,0.0,2115.6499999999996,2115.6,2115.7,0.09999999999990905,-8.7426941777504e-05,,,,,,,,,False
2026-03-19 14:48:00.075901051+00:00,0.0,0.0,0.0,0.0,0.0,0.0,0.0,0.0,2112.6499999999996,2112.6,2112.7,0.09999999999990905,-8.2968145943882e-05,,,,,,,,,False
2026-03-19 14:49:00.043277637+00:00,0.0,0.0,0.0,0.0,0.0,0.0,0.0,0.0,2114.1499999999996,2114.1,2114.2,0.09999999999990905,-8.0863803348832e-05,,,,,,,,,False
2026-03-19 14:50:00.054757088+00:00,0.0,0.0,0.0,0.0,0.0,0.0,0.0,0.0,2116.95,2116.9,2117.0,0.09999999999990905,-8.11223930378e-05,,,,,,,,,False
2026-03-19 14:51:00.060141482+00:00,0.0,0.0,0.0,0.0,0.0,0.0,0.0,0.0,2117.6499999999996,2117.6,2117.7,0.09999999999990905,-8.0746058846829e-05,,,,,,,,,False
2026-03-19 14:52:00.023314640+00:00,0.0,0.0,0.0,0.0,0.0,0.0,0.0,0.0,2123.95,2123.9,2124.0,0.09999999999990905,-8.0294489228661e-05,,,,,,,,,False
2026-03-19 14:53:00.022685060+00:00,0.0,0.0,0.0,0.0,0.0,0.0,0.0,0.0,2128.05,2128.0,2128.1,0.09999999999990905,-8.3302031473951e-05,,,,,,,,,False
2026-03-19 14:54:00.035150894+00:00,0.0,0.0,0.0,0.0,0.0,0.0,0.0,0.0,2128.8500000000004,2128.8,2128.9,0.09999999999990905,-8.0895049833395e-05,,,,,,,,,False
2026-03-19 14:55:00.043419150+00:00,0.0,0.0,0.0,0.0,0.0,0.0,0.0,0.0,2124.3500000000004,2124.3,2124.4,0.09999999999990905,-7.7867132197077e-05,,,,,,,,,False
2026-03-19 14:56:00.039330261+00:00,0.0,0.0,0.0,0.0,0.0,0.0,0.0,0.0,2120.45,2120.4,2120.5,0.09999999999990905,-7.431900945258e-05,,,,,,,,,False
2026-03-19 14:57:00.035595490+00:00,0.0,0.0,0.0,0.0,0.0,0.0,0.0,0.0,2121.8500000000004,2121.8,2121.9,0.09999999999990905,-7.4598778046295e-05,,,,,,,,,False
2026-03-19 14:58:00.015694441+00:00,0.0,0.0,0.0,0.0,0.0,0.0,0.0,0.0,2124.05,2124.0,2124.1,0.09999999999990905,-7.5344994959899e-05,,,,,,,,,False
2026-03-19 14:59:00.036527554+00:00,0.0,0.0,0.0,0.0,0.0,0.0,0.0,0.0,2126.25,2126.2,2126.3,0.1000000000003638,-7.5422061024923e-05,,,,,,,,,False
2026-03-19 15:00:00.008055955+00:00,0.0,0.0,0.0,0.0,0.0,0.0,0.0,0.0,2121.55,2121.5,2121.6,0.09999999999990905,-7.3612134228556e-05,,,,,,,,,False
2026-03-19 15:01:00.053296055+00:00,0.0,0.0,0.0,0.0,0.0,0.0,0.0,0.0,2120.8500000000004,2120.8,2120.9,0.09999999999990905,-9.527133164292e-06,,,,,,,,,False
2026-03-19 15:02:00.041408584+00:00,0.0,0.0,0.0,0.0,0.0,0.0,0.0,0.0,2123.95,2123.9,2124.0,0.09999999999990905,-5.9196181390465e-05,,,,,,,,,False
2026-03-19 15:03:00.038572004+00:00,0.0,0.0,0.0,0.0,0.0,0.0,0.0,0.0,2126.25,2126.2,2126.3,0.1000000000003638,-4.7354988807715e-05,2126.0,2126.5,,,,,,,False
2026-03-19 15:04:00.054830249+00:00,0.0,0.0,0.0,0.0,0.0,0.0,0.0,0.0,2128.45,2128.4,2128.5,0.09999999999990905,-4.0857032852264e-05,,,,,,,,,False
2026-03-19 15:05:00.054283696+00:00,0.0,0.0,0.0,0.0,0.0,0.0,0.0,0.0,2130.55,2130.5,2130.6,0.09999999999990905,-5.4946637452936e-05,,,,,,,,,False
2026-03-19 15:06:00.058144086+00:00,0.0,0.0,0.0,0.0,0.0,0.0,0.0,0.0,2133.8500000000004,2133.8,2133.9,0.09999999999990905,-6.6750531694439e-05,,,,,,,,,False
2026-03-19 15:07:00.062676193+00:00,0.0,0.0,0.0,0.0,0.0,0.0,0.0,0.0,2133.6499999999996,2133.6,2133.7,0.09999999999990905,-7.3815873437618e-05,,,,,,,,,False
2026-03-19 15:08:00.035922922+00:00,0.0,0.0,0.0,0.0,0.0,0.0,0.0,0.0,2130.8500000000004,2130.8,2130.9,0.09999999999990905,-7.4708027624595e-05,,,,,,,,,False
2026-03-19 15:09:00.041306252+00:00,0.0,0.0,0.0,0.0,0.0,0.0,0.0,0.0,2126.45,2126.4,2126.5,0.09999999999990905,-5.0995203728571e-05,,,,,,,,,False
2026-03-19 15:10:00.049250853+00:00,0.0,0.0,0.0,0.0,0.0,0.0,0.0,0.0,2126.95,2126.9,2127.0,0.09999999999990905,-6.1833511923797e-05,,,,,,,,,False
2026-03-19 15:11:00.064771727+00:00,0.0,0.0,0.0,0.0,0.0,0.0,0.0,0.0,2128.6499999999996,2128.6,2128.7,0.09999999999990905,-6.665741678629e-05,,,,,,,,,False
2026-03-19 15:12:00.068637543+00:00,0.0,0.0,0.0,0.0,0.0,0.0,0.0,0.0,2126.75,2126.7,2126.8,0.1000000000003638,-6.8851543248222e-05,,,,,,,,,False
2026-03-19 15:13:00.019457255+00:00,0.0,0.0,0.0,0.0,0.0,0.0,0.0,0.0,2127.05,2127.0,2127.1,0.09999999999990905,-7.5766063671234e-05,,,,,,,,,False
2026-03-19 15:14:00.044355889+00:00,0.0,0.0,0.0,0.0,0.0,0.0,0.0,0.0,2128.6499999999996,2128.6,2128.7,0.09999999999990905,-8.3797363008649e-05,,,,,,,,,False
2026-03-19 15:15:00.103368970+00:00,0.0,0.0,0.0,0.0,0.0,0.0,0.0,0.0,2128.25,2128.2,2128.3,0.1000000000003638,-8.9622779008167e-05,,,,,,,,,False
2026-03-19 15:16:00.035729157+00:00,0.0,0.0,0.0,0.0,0.0,0.0,0.0,0.0,2129.55,2129.5,2129.6,0.09999999999990905,-9.2315683114114e-05,,,,,,,,,False
2026-03-19 15:17:00.013749185+00:00,0.0,0.0,0.0,0.0,0.0,0.0,0.0,0.0,2135.1499999999996,2135.1,2135.2,0.09999999999990905,-9.4296819265455e-05,,,,,,,,,False
2026-03-19 15:18:00.019364804+00:00,0.0,0.0,0.0,0.0,0.0,0.0,0.0,0.0,2127.1499999999996,2127.1,2127.2,0.09999999999990905,-9.4229051827204e-05,,,,,,,,,False
2026-03-19 15:19:00.030637549+00:00,0.0,0.0,0.0,0.0,0.0,0.0,0.0,0.0,2121.95,2121.9,2122.0,0.09999999999990905,-8.2236609034728e-05,,,,,,,,,False
2026-03-19 15:20:00.031108015+00:00,0.0,0.0,0.0,0.0,0.0,0.0,0.0,0.0,2117.6499999999996,2117.6,2117.7,0.09999999999990905,-7.439914177023e-05,,,,,,,,,False
2026-03-19 15:21:00.037704351+00:00,0.0,0.0,0.0,0.0,0.0,0.0,0.0,0.0,2116.45,2116.4,2116.5,0.09999999999990905,-7.3798930763253e-05,,,,,,,,,False
2026-03-19 15:22:00.042327770+00:00,0.0,0.0,0.0,0.0,0.0,0.0,0.0,0.0,2116.25,2116.2,2116.3,0.1000000000003638,-7.2539204425329e-05,,,,,,,,,False
2026-03-19 15:23:00.031791983+00:00,0.0,0.0,0.0,0.0,0.0,0.0,0.0,0.0,2116.3500000000004,2116.3,2116.4,0.09999999999990905,-7.1503755848783e-05,,,,,,,,,False
2026-03-19 15:24:00.036302755+00:00,0.0,0.0,0.0,0.0,0.0,0.0,0.0,0.0,2115.75,2115.7,2115.8,0.1000000000003638,-6.9774407305468e-05,2115.6,2116.1,,,,,,,False
2026-03-19 15:25:00.044816932+00:00,0.0,0.0,0.0,0.0,0.0,0.0,0.0,0.0,2111.75,2111.7,2111.8,0.1000000000003638,-6.9122166211097e-05,,,,,,,,,False
2026-03-19 15:26:00.005809281+00:00,0.0,0.0,0.0,0.0,0.0,0.0,0.0,0.0,2115.45,2115.4,2115.5,0.09999999999990905,-7.0645302727304e-05,,,,,,,,,False
2026-03-19 15:27:00.018726670+00:00,0.0,0.0,0.0,0.0,0.0,0.0,0.0,0.0,2114.1499999999996,2114.1,2114.2,0.09999999999990905,-6.9613480080356e-05,,,,,,,,,False
2026-03-19 15:28:00.039636025+00:00,0.0,0.0,0.0,0.0,0.0,0.0,0.0,0.0,2113.8500000000004,2113.8,2113.9,0.09999999999990905,-6.7180378630196e-05,,,,,,,,,False
2026-03-19 15:29:00.052605484+00:00,0.0,0.0,0.0,0.0,0.0,0.0,0.0,0.0,2111.1499999999996,2111.1,2111.2,0.09999999999990905,-6.6779904560383e-05,,,,,,,,,False
2026-03-19 15:30:00.062945044+00:00,0.0,0.0,0.0,0.0,0.0,0.0,0.0,0.0,2112.25,2112.2,2112.3,0.1000000000003638,-6.4517647873212e-05,2112.0,2112.5,,,,,,,False
2026-03-19 15:31:00.037025098+00:00,0.0,0.0,0.0,0.0,0.0,0.0,0.0,0.0,2113.1499999999996,2113.1,2113.2,0.09999999999990905,-6.2452805406212e-05,,,,,,,,,False
2026-03-19 15:32:00.036270819+00:00,0.0,0.0,0.0,0.0,0.0,0.0,0.0,0.0,2113.95,2113.9,2114.0,0.09999999999990905,-6.0784808984505e-05,,,,,,,,,False
2026-03-19 15:33:00.035574313+00:00,0.0,0.0,0.0,0.0,0.0,0.0,0.0,0.0,2114.1499999999996,2114.1,2114.2,0.09999999999990905,-6.2558198872441e-05,,,,,,,,,False
2026-03-19 15:34:00.067005541+00:00,0.0,0.0,0.0,0.0,0.0,0.0,0.0,0.0,2113.6499999999996,2113.6,2113.7,0.09999999999990905,-6.0827531794029e-05,,,,,,,,,False
2026-03-19 15:35:00.040275803+00:00,0.0,0.0,0.0,0.0,0.0,0.0,0.0,0.0,2112.1499999999996,2112.1,2112.2,0.09999999999990905,-5.9913070065989e-05,,,,,,,,,False
2026-03-19 15:36:00.040150396+00:00,0.0,0.0,0.0,0.0,0.0,0.0,0.0,0.0,2112.8500000000004,2112.8,2112.9,0.09999999999990905,-5.8850024333234e-05,,,,,,,,,False
2026-03-19 15:37:00.007896145+00:00,0.0,0.0,0.0,0.0,0.0,0.0,0.0,0.0,2111.3500000000004,2111.3,2111.4,0.09999999999990905,-5.6512911134043e-05,,,,,,,,,False
2026-03-19 15:38:00.015935950+00:00,0.0,0.0,0.0,0.0,0.0,0.0,0.0,0.0,2112.05,2112.0,2112.1,0.09999999999990905,-5.5394585116399e-05,,,,,,,,,False
2026-03-19 15:39:00.077630681+00:00,0.0,0.0,0.0,0.0,0.0,0.0,0.0,0.0,2115.3500000000004,2115.3,2115.4,0.09999999999990905,-5.6997185152851e-05,,,,,,,,,False
2026-03-19 15:40:00.035025294+00:00,0.0,0.0,0.0,0.0,0.0,0.0,0.0,0.0,2113.6499999999996,2113.6,2113.7,0.09999999999990905,-5.5142261381834e-05,,,,,,,,,False
2026-03-19 15:41:00.038599120+00:00,0.0,0.0,0.0,0.0,0.0,0.0,0.0,0.0,2114.05,2114.0,2114.1,0.09999999999990905,-5.6293021095242e-05,,,,,,,,,False
2026-03-19 15:42:00.037054237+00:00,0.0,0.0,0.0,0.0,0.0,0.0,0.0,0.0,2109.55,2109.5,2109.6,0.09999999999990905,-5.1780595940726e-05,,,,,,,,,False
2026-03-19 15:43:00.036386878+00:00,0.0,0.0,0.0,0.0,0.0,0.0,0.0,0.0,2109.05,2109.0,2109.1,0.09999999999990905,-4.989856526757e-05,,,,,,,,,False
2026-03-19 15:44:00.023273222+00:00,0.0,0.0,0.0,0.0,0.0,0.0,0.0,0.0,2108.3500000000004,2108.3,2108.4,0.09999999999990905,-4.9124556012197e-05,,,,,,,,,False
2026-03-19 15:45:00.042214214+00:00,0.0,0.0,0.0,0.0,0.0,0.0,0.0,0.0,2104.75,2104.7,2104.8,0.1000000000003638,-5.1146972040166e-05,,,,,,,,,False
2026-03-19 15:46:00.064077763+00:00,0.0,0.0,0.0,0.0,0.0,0.0,0.0,0.0,2102.75,2102.7,2102.8,0.1000000000003638,-5.0763088047594e-05,2102.5,2103.1,,,,,,,False
2026-03-19 15:47:00.033013923+00:00,0.0,0.0,0.0,0.0,0.0,0.0,0.0,0.0,2103.1499999999996,2103.1,2103.2,0.09999999999990905,-5.1530407062971e-05,,,,,,,,,False
2026-03-19 15:48:00.056139540+00:00,0.0,0.0,0.0,0.0,0.0,0.0,0.0,0.0,2106.8500000000004,2106.8,2106.9,0.09999999999990905,-5.748493928999e-05,,,,,,,,,False
2026-03-19 15:49:00.046857270+00:00,0.0,0.0,0.0,0.0,0.0,0.0,0.0,0.0,2112.1499999999996,2112.1,2112.2,0.09999999999990905,-6.3611951871253e-05,,,,,,,,,False
2026-03-19 15:50:00.014774806+00:00,0.0,0.0,0.0,0.0,0.0,0.0,0.0,0.0,2117.6499999999996,2117.6,2117.7,0.09999999999990905,-6.9578820083902e-05,,,,,,,,,False
2026-03-19 15:51:00.020046119+00:00,0.0,0.0,0.0,0.0,0.0,0.0,0.0,0.0,2117.3500000000004,2117.3,2117.4,0.09999999999990905,-7.1158568443048e-05,,,,,,,,,False
2026-03-19 15:52:00.036092653+00:00,0.0,0.0,0.0,0.0,0.0,0.0,0.0,0.0,2118.8500000000004,2118.8,2118.9,0.09999999999990905,-7.4736039845219e-05,,,,,,,,,False
2026-03-19 15:53:00.033370962+00:00,0.0,0.0,0.0,0.0,0.0,0.0,0.0,0.0,2119.25,2119.2,2119.3,0.1000000000003638,-7.6699485132636e-05,,,,,,,,,False
2026-03-19 15:54:00.042162736+00:00,0.0,0.0,0.0,0.0,0.0,0.0,0.0,0.0,2121.1499999999996,2121.1,2121.2,0.09999999999990905,-7.8542797394379e-05,,,,,,,,,False
2026-03-19 15:55:00.035193248+00:00,0.0,0.0,0.0,0.0,0.0,0.0,0.0,0.0,2121.6499999999996,2121.6,2121.7,0.09999999999990905,-7.9475625621263e-05,,,,,,,,,False
2026-03-19 15:56:00.026774887+00:00,0.0,0.0,0.0,0.0,0.0,0.0,0.0,0.0,2121.8500000000004,2121.8,2121.9,0.09999999999990905,-7.9909830497634e-05,,,,,,,,,False
2026-03-19 15:57:00.029702922+00:00,0.0,0.0,0.0,0.0,0.0,0.0,0.0,0.0,2124.55,2124.5,2124.6,0.09999999999990905,-8.196715232421e-05,,,,,,,,,False
2026-03-19 15:58:00.035415741+00:00,0.0,0.0,0.0,0.0,0.0,0.0,0.0,0.0,2122.05,2122.0,2122.1,0.09999999999990905,-7.9149141427096e-05,,,,,,,,,False
2026-03-19 15:59:00.009829265+00:00,0.0,0.0,0.0,0.0,0.0,0.0,0.0,0.0,2120.05,2120.0,2120.1,0.09999999999990905,-7.5710251175935e-05,,,,,,,,,False
2026-03-19 16:00:00.024437860+00:00,0.0,0.0,0.0,0.0,0.0,0.0,0.0,0.0,2118.55,2118.5,2118.6,0.09999999999990905,-7.5235300498504e-05,,,,,,,,,False
2026-03-19 16:01:00.028015022+00:00,0.0,0.0,0.0,0.0,0.0,0.0,0.0,0.0,2117.45,2117.4,2117.5,0.09999999999990905,-6.0350677236942e-05,,,,,,,,,False
2026-03-19 16:02:00.036760337+00:00,0.0,0.0,0.0,0.0,0.0,0.0,0.0,0.0,2118.3500000000004,2118.3,2118.4,0.09999999999990905,-5.7533477554889e-05,,,,,,,,,False
2026-03-19 16:03:00.047108806+00:00,0.0,0.0,0.0,0.0,0.0,0.0,0.0,0.0,2119.45,2119.4,2119.5,0.09999999999990905,-5.9651336320699e-05,,,,,,,,,False
2026-03-19 16:04:00.039714262+00:00,0.0,0.0,0.0,0.0,0.0,0.0,0.0,0.0,2120.3500000000004,2120.3,2120.4,0.09999999999990905,-5.3293781991201e-05,,,,,,,,,False
2026-03-19 16:05:00.032385261+00:00,0.0,0.0,0.0,0.0,0.0,0.0,0.0,0.0,2114.6499999999996,2114.6,2114.7,0.09999999999990905,-2.344354000424e-05,,,,,,,,,False
2026-03-19 16:06:00.054193733+00:00,0.0,0.0,0.0,0.0,0.0,0.0,0.0,0.0,2116.3500000000004,2116.3,2116.4,0.09999999999990905,-3.2203150924633e-05,,,,,,,,,False
2026-03-19 16:07:00.033148115+00:00,0.0,0.0,0.0,0.0,0.0,0.0,0.0,0.0,2115.25,2115.2,2115.3,0.1000000000003638,-2.7321751784873e-05,,,,,,,,,False
2026-03-19 16:08:00.062299820+00:00,0.0,0.0,0.0,0.0,0.0,0.0,0.0,0.0,2115.55,2115.5,2115.6,0.09999999999990905,-2.6002258497436e-05,,,,,,,,,False
2026-03-19 16:09:00.022552575+00:00,0.0,0.0,0.0,0.0,0.0,0.0,0.0,0.0,2118.95,2118.9,2119.0,0.09999999999990905,-3.9922002836135e-05,,,,,,,,,False
2026-03-19 16:10:00.047913716+00:00,0.0,0.0,0.0,0.0,0.0,0.0,0.0,0.0,2118.05,2118.0,2118.1,0.09999999999990905,-3.4124524693018e-05,,,,,,,,,False
2026-03-19 16:11:00.040821939+00:00,0.0,0.0,0.0,0.0,0.0,0.0,0.0,0.0,2116.05,2116.0,2116.1,0.09999999999990905,-3.967934484955e-05,,,,,,,,,False
2026-03-19 16:12:00.004945391+00:00,0.0,0.0,0.0,0.0,0.0,0.0,0.0,0.0,2114.75,2114.7,2114.8,0.1000000000003638,-2.7053154916161e-05,2114.4,2115.0,,,,,,,False
2026-03-19 16:13:00.016563704+00:00,0.0,0.0,0.0,0.0,0.0,0.0,0.0,0.0,2114.6499999999996,2114.6,2114.7,0.09999999999990905,-1.6583634036482e-05,,,,,,,,,False
2026-03-19 16:14:00.033435675+00:00,0.0,0.0,0.0,0.0,0.0,0.0,0.0,0.0,2114.95,2114.9,2115.0,0.09999999999990905,-7.542095144874e-06,,,,,,,,,False
2026-03-19 16:15:00.036057708+00:00,0.0,0.0,0.0,0.0,0.0,0.0,0.0,0.0,2115.75,2115.7,2115.8,0.1000000000003638,-5.747182531875e-06,,,,,,,,,False
2026-03-19 16:16:00.029623170+00:00,0.0,0.0,0.0,0.0,0.0,0.0,0.0,0.0,2114.05,2114.0,2114.1,0.09999999999990905,3.997005365686e-06,,,,,,,,,False
2026-03-19 16:17:00.036116090+00:00,0.0,0.0,0.0,0.0,0.0,0.0,0.0,0.0,2108.45,2108.4,2108.5,0.09999999999990905,1.5732935522568e-05,,,,,,,,,False
2026-03-19 16:18:00.046210397+00:00,0.0,0.0,0.0,0.0,0.0,0.0,0.0,0.0,2110.55,2110.5,2110.6,0.09999999999990905,1.5838661964175e-05,,,,,,,,,False
2026-03-19 16:19:00.050576709+00:00,0.0,0.0,0.0,0.0,0.0,0.0,0.0,0.0,2106.8500000000004,2106.8,2106.9,0.09999999999990905,2.4996447545622e-05,,,,,,,,,False
2026-03-19 16:20:00.009192006+00:00,0.0,0.0,0.0,0.0,0.0,0.0,0.0,0.0,2108.3500000000004,2108.3,2108.4,0.09999999999990905,2.6817343282804e-05,,,,,,,,,False
2026-03-19 16:21:00.012059771+00:00,0.0,0.0,0.0,0.0,0.0,0.0,0.0,0.0,2111.25,2111.2,2111.3,0.1000000000003638,2.1667692719525e-05,,,,,,,,,False
2026-03-19 16:22:00.031989199+00:00,0.0,0.0,0.0,0.0,0.0,0.0,0.0,0.0,2109.3500000000004,2109.3,2109.4,0.09999999999990905,2.4114246222411e-05,,,,,,,,,False
2026-03-19 16:23:00.035460219+00:00,0.0,0.0,0.0,0.0,0.0,0.0,0.0,0.0,2106.6499999999996,2106.6,2106.7,0.09999999999990905,2.4337016622794e-05,,,,,,,,,False
2026-03-19 16:24:00.048525172+00:00,0.0,0.0,0.0,0.0,0.0,0.0,0.0,0.0,2107.55,2107.5,2107.6,0.09999999999990905,2.5943575865036e-05,,,,,,,,,False
2026-03-19 16:25:00.066868399+00:00,0.0,0.0,0.0,0.0,0.0,0.0,0.0,0.0,2110.05,2110.0,2110.1,0.09999999999990905,2.1302779605536e-05,,,,,,,,,False
2026-03-19 16:26:00.028355624+00:00,0.0,0.0,0.0,0.0,0.0,0.0,0.0,0.0,2113.8500000000004,2113.8,2113.9,0.09999999999990905,1.6057934604102e-05,,,,,,,,,False
2026-03-19 16:27:00.054933114+00:00,0.0,0.0,0.0,0.0,0.0,0.0,0.0,0.0,2113.25,2113.2,2113.3,0.1000000000003638,1.8118583396933e-05,,,,,,,,,False
2026-03-19 16:28:00.035876018+00:00,0.0,0.0,0.0,0.0,0.0,0.0,0.0,0.0,2110.8500000000004,2110.8,2110.9,0.09999999999990905,1.879071835228e-05,,,,,,,,,False
2026-03-19 16:29:00.030302627+00:00,0.0,0.0,0.0,0.0,0.0,0.0,0.0,0.0,2112.05,2112.0,2112.1,0.09999999999990905,1.3703239135472e-05,,,,,,,,,False
2026-03-19 16:30:00.037628741+00:00,0.0,0.0,0.0,0.0,0.0,0.0,0.0,0.0,2112.75,2112.7,2112.8,0.1000000000003638,7.334321781934e-06,2112.5,2113.0,,,,,,,False
2026-03-19 16:31:00.106057658+00:00,0.0,0.0,0.0,0.0,0.0,0.0,0.0,0.0,2114.25,2114.2,2114.3,0.1000000000003638,-5.37731041942e-07,2114.0,2114.5,,,,,,,False
2026-03-19 16:32:00.019305604+00:00,0.0,0.0,0.0,0.0,0.0,0.0,0.0,0.0,2110.75,2110.7,2110.8,0.1000000000003638,-2.1264657825e-06,,,,,,,,,False
2026-03-19 16:33:00.028323709+00:00,0.0,0.0,0.0,0.0,0.0,0.0,0.0,0.0,2107.8500000000004,2107.8,2107.9,0.09999999999990905,-4.490432939794e-06,,,,,,,,,False
2026-03-19 16:34:00.035626225+00:00,0.0,0.0,0.0,0.0,0.0,0.0,0.0,0.0,2110.6499999999996,2110.6,2110.7,0.09999999999990905,-6.475909001281e-06,,,,,,,,,False
2026-03-19 16:35:00.062473184+00:00,0.0,0.0,0.0,0.0,0.0,0.0,0.0,0.0,2109.75,2109.7,2109.8,0.1000000000003638,-1.0005072220447e-05,2109.5,2110.0,,,,,,,False
2026-03-19 16:36:00.072079233+00:00,0.0,0.0,0.0,0.0,0.0,0.0,0.0,0.0,2107.55,2107.5,2107.6,0.09999999999990905,-1.20272184643e-05,,,,,,,,,False
2026-03-19 16:37:00.048081538+00:00,0.0,0.0,0.0,0.0,0.0,0.0,0.0,0.0,2110.05,2110.0,2110.1,0.09999999999990905,-1.5415027805885e-05,,,,,,,,,False
2026-03-19 16:38:00.035918969+00:00,0.0,0.0,0.0,0.0,0.0,0.0,0.0,0.0,2109.55,2109.5,2109.6,0.09999999999990905,-1.886943116461e-05,,,,,,,,,False
2026-03-19 16:39:00.046803467+00:00,0.0,0.0,0.0,0.0,0.0,0.0,0.0,0.0,2113.3500000000004,2113.3,2113.4,0.09999999999990905,-2.1141845578047e-05,,,,,,,,,False
2026-03-19 16:40:00.058413564+00:00,0.0,0.0,0.0,0.0,0.0,0.0,0.0,0.0,2115.6499999999996,2115.6,2115.7,0.09999999999990905,-2.6056256586584e-05,,,,,,,,,False
2026-03-19 16:41:00.018690447+00:00,0.0,0.0,0.0,0.0,0.0,0.0,0.0,0.0,2121.45,2121.4,2121.5,0.09999999999990905,-3.1727189113345e-05,,,,,,,,,False
2026-03-19 16:42:00.026446564+00:00,0.0,0.0,0.0,0.0,0.0,0.0,0.0,0.0,2120.6499999999996,2120.6,2120.7,0.09999999999990905,-3.2671556261335e-05,,,,,,,,,False
2026-03-19 16:43:00.037403903+00:00,0.0,0.0,0.0,0.0,0.0,0.0,0.0,0.0,2119.1499999999996,2119.1,2119.2,0.09999999999990905,-3.2568106254534e-05,,,,,,,,,False
2026-03-19 16:44:00.036852027+00:00,0.0,0.0,0.0,0.0,0.0,0.0,0.0,0.0,2117.1499999999996,2117.1,2117.2,0.09999999999990905,-3.2697012058937e-05,,,,,,,,,False
2026-03-19 16:45:00.041553388+00:00,0.0,0.0,0.0,0.0,0.0,0.0,0.0,0.0,2116.95,2116.9,2117.0,0.09999999999990905,-3.3314086398867e-05,,,,,,,,,False
2026-03-19 16:46:00.047513300+00:00,0.0,0.0,0.0,0.0,0.0,0.0,0.0,0.0,2115.55,2115.5,2115.6,0.09999999999990905,-3.3322020206873e-05,,,,,,,,,False
2026-03-19 16:47:00.026920637+00:00,0.0,0.0,0.0,0.0,0.0,0.0,0.0,0.0,2117.25,2117.2,2117.3,0.1000000000003638,-3.4865948578426e-05,2117.0,2117.5,,,,,,,False
2026-03-19 16:48:00.040763915+00:00,0.0,0.0,0.0,0.0,0.0,0.0,0.0,0.0,2115.3500000000004,2115.3,2115.4,0.09999999999990905,-3.5170130238183e-05,,,,,,,,,False
2026-03-19 16:49:00.054406225+00:00,0.0,0.0,0.0,0.0,0.0,0.0,0.0,0.0,2113.95,2113.9,2114.0,0.09999999999990905,-3.630550137206e-05,,,,,,,,,False
2026-03-19 16:50:00.110867357+00:00,0.0,0.0,0.0,0.0,0.0,0.0,0.0,0.0,2113.95,2113.9,2114.0,0.09999999999990905,-3.7770132746787e-05,,,,,,,,,False
2026-03-19 16:51:00.063174378+00:00,0.0,0.0,0.0,0.0,0.0,0.0,0.0,0.0,2111.1499999999996,2111.1,2111.2,0.09999999999990905,-3.7707966658092e-05,,,,,,,,,False
2026-03-19 16:52:00.037563495+00:00,0.0,0.0,0.0,0.0,0.0,0.0,0.0,0.0,2109.95,2109.9,2110.0,0.09999999999990905,-3.8532054381589e-05,,,,,,,,,False
2026-03-19 16:53:00.038564034+00:00,0.0,0.0,0.0,0.0,0.0,0.0,0.0,0.0,2108.3500000000004,2108.3,2108.4,0.09999999999990905,-3.6956298987665e-05,,,,,,,,,False
2026-03-19 16:54:00.053821874+00:00,0.0,0.0,0.0,0.0,0.0,0.0,0.0,0.0,2110.6499999999996,2110.6,2110.7,0.09999999999990905,-3.8178376865048e-05,,,,,,,,,False
2026-03-19 16:55:00.062415716+00:00,0.0,0.0,0.0,0.0,0.0,0.0,0.0,0.0,2113.45,2113.4,2113.5,0.09999999999990905,-3.8943353425445e-05,,,,,,,,,False
2026-03-19 16:56:00.038781862+00:00,0.0,0.0,0.0,0.0,0.0,0.0,0.0,0.0,2114.1499999999996,2114.1,2114.2,0.09999999999990905,-3.952704542051e-05,,,,,,,,,False
2026-03-19 16:57:00.047500710+00:00,0.0,0.0,0.0,0.0,0.0,0.0,0.0,0.0,2114.3500000000004,2114.3,2114.4,0.09999999999990905,-3.9019529084065e-05,,,,,,,,,False
2026-03-19 16:58:00.057918257+00:00,0.0,0.0,0.0,0.0,0.0,0.0,0.0,0.0,2114.8500000000004,2114.8,2114.9,0.09999999999990905,-4.0483408153306e-05,,,,,,,,,False
2026-03-19 16:59:00.042718984+00:00,0.0,0.0,0.0,0.0,0.0,0.0,0.0,0.0,2114.75,2114.7,2114.8,0.1000000000003638,-4.1113214070188e-05,2114.5,2115.0,,,,,,,False
2026-03-19 17:00:00.030155957+00:00,0.0,0.0,0.0,0.0,0.0,0.0,0.0,0.0,2115.25,2115.2,2115.3,0.1000000000003638,-4.1076522938531e-05,,,,,,,,,False
2026-03-19 17:01:00.007065930+00:00,0.0,0.0,0.0,0.0,0.0,0.0,0.0,0.0,2115.3500000000004,2115.3,2115.4,0.09999999999990905,2.0363139028518e-05,,,,,,,,,False
2026-03-19 17:02:00.021590742+00:00,0.0,0.0,0.0,0.0,0.0,0.0,0.0,0.0,2114.75,2114.7,2114.8,0.1000000000003638,2.1970062569042e-05,,,,,,,,,False
2026-03-19 17:03:00.035782828+00:00,0.0,0.0,0.0,0.0,0.0,0.0,0.0,0.0,2110.3500000000004,2110.3,2110.4,0.09999999999990905,2.3050750656346e-05,,,,,,,,,False
2026-03-19 17:04:00.035535763+00:00,0.0,0.0,0.0,0.0,0.0,0.0,0.0,0.0,2112.8500000000004,2112.8,2112.9,0.09999999999990905,-2.5800975964791e-05,,,,,,,,,False
2026-03-19 17:05:00.057875565+00:00,0.0,0.0,0.0,0.0,0.0,0.0,0.0,0.0,2111.45,2111.4,2111.5,0.09999999999990905,-2.5865961324042e-05,,,,,,,,,False
2026-03-19 17:06:00.023690046+00:00,0.0,0.0,0.0,0.0,0.0,0.0,0.0,0.0,2109.1499999999996,2109.1,2109.2,0.09999999999990905,-2.5349691988276e-05,,,,,,,,,False
2026-03-19 17:07:00.077564653+00:00,0.0,0.0,0.0,0.0,0.0,0.0,0.0,0.0,2110.75,2110.7,2110.8,0.1000000000003638,-3.021279590449e-05,2110.5,2111.0,,,,,,,False
2026-03-19 17:08:00.154707383+00:00,0.0,0.0,0.0,0.0,0.0,0.0,0.0,0.0,2110.45,2110.4,2110.5,0.09999999999990905,-3.2088676577381e-05,,,,,,,,,False
2026-03-19 17:09:00.017639411+00:00,0.0,0.0,0.0,0.0,0.0,0.0,0.0,0.0,2107.95,2107.9,2108.0,0.09999999999990905,-2.8778721708345e-05,,,,,,,,,False
2026-03-19 17:10:00.007837715+00:00,0.0,0.0,0.0,0.0,0.0,0.0,0.0,0.0,2105.95,2105.9,2106.0,0.09999999999990905,-2.0421268433599e-05,,,,,,,,,False
2026-03-19 17:11:00.041736943+00:00,0.0,0.0,0.0,0.0,0.0,0.0,0.0,0.0,2108.25,2108.2,2108.3,0.1000000000003638,-3.1856417504871e-05,,,,,,,,,False
2026-03-19 17:12:00.032696237+00:00,0.0,0.0,0.0,0.0,0.0,0.0,0.0,0.0,2110.75,2110.7,2110.8,0.1000000000003638,-4.6566512990655e-05,2110.5,2111.0,,,,,,,False
2026-03-19 17:13:00.053578212+00:00,0.0,0.0,0.0,0.0,0.0,0.0,0.0,0.0,2110.3500000000004,2110.3,2110.4,0.09999999999990905,-5.8724826721e-05,,,,,,,,,False
2026-03-19 17:14:00.117971278+00:00,0.0,0.0,0.0,0.0,0.0,0.0,0.0,0.0,2107.05,2107.0,2107.1,0.09999999999990905,-5.2674513842708e-05,,,,,,,,,False
2026-03-19 17:15:00.051308289+00:00,0.0,0.0,0.0,0.0,0.0,0.0,0.0,0.0,2109.3500000000004,2109.3,2109.4,0.09999999999990905,-5.2018617575212e-05,,,,,,,,,False
2026-03-19 17:16:00.053054476+00:00,0.0,0.0,0.0,0.0,0.0,0.0,0.0,0.0,2107.25,2107.2,2107.3,0.1000000000003638,-5.3995451961188e-05,,,,,,,,,False
2026-03-19 17:17:00.033136981+00:00,0.0,0.0,0.0,0.0,0.0,0.0,0.0,0.0,2109.75,2109.7,2109.8,0.1000000000003638,-5.9309416156154e-05,,,,,,,,,False
2026-03-19 17:18:00.082589072+00:00,0.0,0.0,0.0,0.0,0.0,0.0,0.0,0.0,2112.55,2112.5,2112.6,0.09999999999990905,-6.6861611364241e-05,,,,,,,,,False
2026-03-19 17:19:00.041589176+00:00,0.0,0.0,0.0,0.0,0.0,0.0,0.0,0.0,2115.95,2115.9,2116.0,0.09999999999990905,-7.0790099844382e-05,,,,,,,,,False
2026-03-19 17:20:00.028133627+00:00,0.0,0.0,0.0,0.0,0.0,0.0,0.0,0.0,2118.05,2118.0,2118.1,0.09999999999990905,-7.6271192864629e-05,,,,,,,,,False
2026-03-19 17:21:00.054428806+00:00,0.0,0.0,0.0,0.0,0.0,0.0,0.0,0.0,2115.8500000000004,2115.8,2115.9,0.09999999999990905,-7.691637370329e-05,,,,,,,,,False
2026-03-19 17:22:00.027738861+00:00,0.0,0.0,0.0,0.0,0.0,0.0,0.0,0.0,2117.8500000000004,2117.8,2117.9,0.09999999999990905,-8.1494019353183e-05,,,,,,,,,False
2026-03-19 17:23:00.039693005+00:00,0.0,0.0,0.0,0.0,0.0,0.0,0.0,0.0,2123.8500000000004,2123.8,2123.9,0.09999999999990905,-8.8837840927513e-05,,,,,,,,,False
2026-03-19 17:24:00.049078748+00:00,0.0,0.0,0.0,0.0,0.0,0.0,0.0,0.0,2126.75,2126.7,2126.8,0.1000000000003638,-9.1137858477808e-05,,,,,,,,,False
2026-03-19 17:25:00.014963387+00:00,0.0,0.0,0.0,0.0,0.0,0.0,0.0,0.0,2125.25,2125.2,2125.3,0.1000000000003638,-8.9095077554147e-05,2125.1,2125.6,,,,,,,False
2026-03-19 17:26:00.060338736+00:00,0.0,0.0,0.0,0.0,0.0,0.0,0.0,0.0,2125.8500000000004,2125.8,2125.9,0.09999999999990905,-8.7398797283682e-05,,,,,,,,,False
2026-03-19 17:27:00.020937831+00:00,0.0,0.0,0.0,0.0,0.0,0.0,0.0,0.0,2126.25,2126.2,2126.3,0.1000000000003638,-8.6664946193401e-05,,,,,,,,,False
2026-03-19 17:28:00.016696670+00:00,0.0,0.0,0.0,0.0,0.0,0.0,0.0,0.0,2126.95,2126.9,2127.0,0.09999999999990905,-8.6847749170012e-05,,,,,,,,,False
2026-03-19 17:29:00.078986915+00:00,0.0,0.0,0.0,0.0,0.0,0.0,0.0,0.0,2126.3500000000004,2126.3,2126.4,0.09999999999990905,-8.6314558489166e-05,,,,,,,,,False
2026-03-19 17:30:00.047697118+00:00,0.0,0.0,0.0,0.0,0.0,0.0,0.0,0.0,2125.45,2125.4,2125.5,0.09999999999990905,-8.21334475969e-05,,,,,,,,,False
2026-03-19 17:31:00.076861128+00:00,0.0,0.0,0.0,0.0,0.0,0.0,0.0,0.0,2126.55,2126.5,2126.6,0.09999999999990905,-8.132073231939e-05,,,,,,,,,False
2026-03-19 17:32:00.038506281+00:00,0.0,0.0,0.0,0.0,0.0,0.0,0.0,0.0,2125.05,2125.0,2125.1,0.09999999999990905,-7.4912567039665e-05,,,,,,,,,False
2026-03-19 17:33:00.055022430+00:00,0.0,0.0,0.0,0.0,0.0,0.0,0.0,0.0,2122.3500000000004,2122.3,2122.4,0.09999999999990905,-6.7595177260899e-05,,,,,,,,,False
2026-03-19 17:34:00.037564556+00:00,0.0,0.0,0.0,0.0,0.0,0.0,0.0,0.0,2121.05,2121.0,2121.1,0.09999999999990905,-6.2864709186423e-05,,,,,,,,,False
2026-03-19 17:35:00.009201675+00:00,0.0,0.0,0.0,0.0,0.0,0.0,0.0,0.0,2121.55,2121.5,2121.6,0.09999999999990905,-5.9696248341801e-05,,,,,,,,,False
2026-03-19 17:36:00.047768136+00:00,0.0,0.0,0.0,0.0,0.0,0.0,0.0,0.0,2119.05,2119.0,2119.1,0.09999999999990905,-5.4155726918465e-05,,,,,,,,,False
2026-03-19 17:37:00.066798537+00:00,0.0,0.0,0.0,0.0,0.0,0.0,0.0,0.0,2118.3500000000004,2118.3,2118.4,0.09999999999990905,-4.9782381880315e-05,,,,,,,,,False
2026-03-19 17:38:00.046831301+00:00,0.0,0.0,0.0,0.0,0.0,0.0,0.0,0.0,2117.45,2117.4,2117.5,0.09999999999990905,-4.6132687856626e-05,,,,,,,,,False
2026-03-19 17:39:00.036867826+00:00,0.0,0.0,0.0,0.0,0.0,0.0,0.0,0.0,2117.45,2117.4,2117.5,0.09999999999990905,-4.1808678102206e-05,,,,,,,,,False
2026-03-19 17:40:00.037248726+00:00,0.0,0.0,0.0,0.0,0.0,0.0,0.0,0.0,2118.05,2118.0,2118.1,0.09999999999990905,-3.9379199620033e-05,,,,,,,,,False
2026-03-19 17:41:00.042623091+00:00,0.0,0.0,0.0,0.0,0.0,0.0,0.0,0.0,2118.45,2118.4,2118.5,0.09999999999990905,-3.8100329639427e-05,,,,,,,,,False
2026-03-19 17:42:00.042572656+00:00,0.0,0.0,0.0,0.0,0.0,0.0,0.0,0.0,2119.6499999999996,2119.6,2119.7,0.09999999999990905,-3.4302301181492e-05,,,,,,,,,False
2026-03-19 17:43:00.015220976+00:00,0.0,0.0,0.0,0.0,0.0,0.0,0.0,0.0,2116.8500000000004,2116.8,2116.9,0.09999999999990905,-3.0606888736632e-05,,,,,,,,,False
2026-03-19 17:44:00.036503966+00:00,0.0,0.0,0.0,0.0,0.0,0.0,0.0,0.0,2118.1499999999996,2118.1,2118.2,0.09999999999990905,-2.7352317259633e-05,,,,,,,,,False
2026-03-19 17:45:00.021280047+00:00,0.0,0.0,0.0,0.0,0.0,0.0,0.0,0.0,2117.95,2117.9,2118.0,0.09999999999990905,-2.4573293267329e-05,,,,,,,,,False
2026-03-19 17:46:00.028493027+00:00,0.0,0.0,0.0,0.0,0.0,0.0,0.0,0.0,2119.45,2119.4,2119.5,0.09999999999990905,-2.1452728601319e-05,,,,,,,,,False
2026-03-19 17:47:00.081893+00:00,0.0,0.0,0.0,0.0,0.0,0.0,0.0,0.0,2120.05,2120.0,2120.1,0.09999999999990905,-1.9788740785803e-05,,,,,,,,,False
2026-03-19 17:48:00.051457847+00:00,0.0,0.0,0.0,0.0,0.0,0.0,0.0,0.0,2118.45,2118.4,2118.5,0.09999999999990905,-1.5532610184754e-05,,,,,,,,,False
2026-03-19 17:49:00.012112243+00:00,0.0,0.0,0.0,0.0,0.0,0.0,0.0,0.0,2122.05,2122.0,2122.1,0.09999999999990905,-1.449617468745e-05,,,,,,,,,False
2026-03-19 17:50:00.022707715+00:00,0.0,0.0,0.0,0.0,0.0,0.0,0.0,0.0,2121.95,2121.9,2122.0,0.09999999999990905,-1.2885878238978e-05,,,,,,,,,False
2026-03-19 17:51:00.033880233+00:00,0.0,0.0,0.0,0.0,0.0,0.0,0.0,0.0,2124.55,2124.5,2124.6,0.09999999999990905,-1.1848974743022e-05,,,,,,,,,False
2026-03-19 17:52:00.039407142+00:00,0.0,0.0,0.0,0.0,0.0,0.0,0.0,0.0,2125.55,2125.5,2125.6,0.09999999999990905,-1.0032320541336e-05,,,,,,,,,False
2026-03-19 17:53:00.026402307+00:00,0.0,0.0,0.0,0.0,0.0,0.0,0.0,0.0,2131.6499999999996,2131.6,2131.7,0.09999999999990905,-1.0267368957492e-05,,,,,,,,,False
2026-03-19 17:54:00.046520114+00:00,0.0,0.0,0.0,0.0,0.0,0.0,0.0,0.0,2128.05,2128.0,2128.1,0.09999999999990905,-8.363895254319e-06,,,,,,,,,False
2026-03-19 17:55:00.026955106+00:00,0.0,0.0,0.0,0.0,0.0,0.0,0.0,0.0,2128.55,2128.5,2128.6,0.09999999999990905,-7.492022375932e-06,,,,,,,,,False
2026-03-19 17:56:00.045753827+00:00,0.0,0.0,0.0,0.0,0.0,0.0,0.0,0.0,2127.3500000000004,2127.3,2127.4,0.09999999999990905,-5.634644204148e-06,,,,,,,,,False
2026-03-19 17:57:00.008772129+00:00,0.0,0.0,0.0,0.0,0.0,0.0,0.0,0.0,2128.25,2128.2,2128.3,0.1000000000003638,-2.933058349447e-06,,,,,,,,,False
2026-03-19 17:58:00.041251342+00:00,0.0,0.0,0.0,0.0,0.0,0.0,0.0,0.0,2128.25,2128.2,2128.3,0.1000000000003638,-2.847232247735e-06,,,,,,,,,False
2026-03-19 17:59:00.062628134+00:00,0.0,0.0,0.0,0.0,0.0,0.0,0.0,0.0,2127.05,2127.0,2127.1,0.09999999999990905,-1.44976883549e-06,,,,,,,,,False
2026-03-19 18:00:00.036305118+00:00,0.0,0.0,0.0,0.0,0.0,0.0,0.0,0.0,2127.3500000000004,2127.3,2127.4,0.09999999999990905,-1.177355635951e-06,,,,,,,,,False
2026-03-19 18:01:00.040448348+00:00,0.0,0.0,0.0,0.0,0.0,0.0,0.0,0.0,2127.3500000000004,2127.3,2127.4,0.09999999999990905,0.000121359275266085,,,,,,,,,False
2026-03-19 18:02:00.035481344+00:00,0.0,0.0,0.0,0.0,0.0,0.0,0.0,0.0,2126.95,2126.9,2127.0,0.09999999999990905,0.00012380188611123,,,,,,,,,False
2026-03-19 18:03:00.087347879+00:00,0.0,0.0,0.0,0.0,0.0,0.0,0.0,0.0,2126.45,2126.4,2126.5,0.09999999999990905,0.000102084293443444,,,,,,,,,False
2026-03-19 18:04:00.014942543+00:00,0.0,0.0,0.0,0.0,0.0,0.0,0.0,0.0,2124.05,2124.0,2124.1,0.09999999999990905,0.000124876066655314,,,,,,,,,False
2026-03-19 18:05:00.036710833+00:00,0.0,0.0,0.0,0.0,0.0,0.0,0.0,0.0,2123.1499999999996,2123.1,2123.2,0.09999999999990905,0.000123174714901105,,,,,,,,,False
2026-03-19 18:06:00.016632496+00:00,0.0,0.0,0.0,0.0,0.0,0.0,0.0,0.0,2124.25,2124.2,2124.3,0.1000000000003638,0.000109310180225867,,,,,,,,,False
2026-03-19 18:07:00.044959814+00:00,0.0,0.0,0.0,0.0,0.0,0.0,0.0,0.0,2124.45,2124.4,2124.5,0.09999999999990905,0.000101983478478152,,,,,,,,,False
2026-03-19 18:08:00.048389413+00:00,0.0,0.0,0.0,0.0,0.0,0.0,0.0,0.0,2124.55,2124.5,2124.6,0.09999999999990905,9.5779866197623e-05,,,,,,,,,False
2026-03-19 18:09:00.035260827+00:00,0.0,0.0,0.0,0.0,0.0,0.0,0.0,0.0,2123.95,2123.9,2124.0,0.09999999999990905,9.398752178262e-05,,,,,,,,,False
2026-03-19 18:10:00.035685271+00:00,0.0,0.0,0.0,0.0,0.0,0.0,0.0,0.0,2124.25,2124.2,2124.3,0.1000000000003638,9.3976080466462e-05,2123.9,2124.4,,,,,,,False
2026-03-19 18:11:00.050521262+00:00,0.0,0.0,0.0,0.0,0.0,0.0,0.0,0.0,2126.1499999999996,2126.1,2126.2,0.09999999999990905,8.6714351402933e-05,,,,,,,,,False
2026-03-19 18:12:00.028290011+00:00,0.0,0.0,0.0,0.0,0.0,0.0,0.0,0.0,2124.75,2124.7,2124.8,0.1000000000003638,8.3580499720287e-05,2124.5,2125.0,,,,,,,False
2026-03-19 18:13:00.048133146+00:00,0.0,0.0,0.0,0.0,0.0,0.0,0.0,0.0,2127.3500000000004,2127.3,2127.4,0.09999999999990905,7.3381101527457e-05,,,,,,,,,False
2026-03-19 18:14:00.076152075+00:00,0.0,0.0,0.0,0.0,0.0,0.0,0.0,0.0,2128.3500000000004,2128.3,2128.4,0.09999999999990905,7.1605453191258e-05,,,,,,,,,False
2026-03-19 18:15:00.012101103+00:00,0.0,0.0,0.0,0.0,0.0,0.0,0.0,0.0,2126.05,2126.0,2126.1,0.09999999999990905,7.5770755290805e-05,,,,,,,,,False
2026-03-19 18:16:00.044679761+00:00,0.0,0.0,0.0,0.0,0.0,0.0,0.0,0.0,2127.25,2127.2,2127.3,0.1000000000003638,7.0874888266351e-05,,,,,,,,,False
2026-03-19 18:17:00.037569155+00:00,0.0,0.0,0.0,0.0,0.0,0.0,0.0,0.0,2127.25,2127.2,2127.3,0.1000000000003638,7.0404510048935e-05,2127.0,2127.5,,,,,,,False
2026-03-19 18:18:00.024833797+00:00,0.0,0.0,0.0,0.0,0.0,0.0,0.0,0.0,2124.8500000000004,2124.8,2124.9,0.09999999999990905,7.2510011842945e-05,,,,,,,,,False
2026-03-19 18:19:00.017635309+00:00,0.0,0.0,0.0,0.0,0.0,0.0,0.0,0.0,2123.95,2123.9,2124.0,0.09999999999990905,7.0915511375645e-05,,,,,,,,,False
2026-03-19 18:20:00.153694374+00:00,0.0,0.0,0.0,0.0,0.0,0.0,0.0,0.0,2123.8500000000004,2123.8,2123.9,0.09999999999990905,6.7872722887487e-05,,,,,,,,,False
2026-03-19 18:21:00.077317642+00:00,0.0,0.0,0.0,0.0,0.0,0.0,0.0,0.0,2123.75,2123.7,2123.8,0.1000000000003638,6.6508298560058e-05,,,,,,,,,False
2026-03-19 18:22:00.046443063+00:00,0.0,0.0,0.0,0.0,0.0,0.0,0.0,0.0,2123.6499999999996,2123.6,2123.7,0.09999999999990905,6.6100524757378e-05,,,,,,,,,False
2026-03-19 18:23:00.243652508+00:00,0.0,0.0,0.0,0.0,0.0,0.0,0.0,0.0,2123.1499999999996,2123.1,2123.2,0.09999999999990905,6.5621477396806e-05,,,,,,,,,False
2026-03-19 18:24:00.043519820+00:00,0.0,0.0,0.0,0.0,0.0,0.0,0.0,0.0,2122.25,2122.2,2122.3,0.1000000000003638,6.5885706168867e-05,,,,,,,,,False
2026-03-19 18:25:00.027996517+00:00,0.0,0.0,0.0,0.0,0.0,0.0,0.0,0.0,2121.75,2121.7,2121.8,0.1000000000003638,6.3958736247235e-05,,,,,,,,,False
2026-03-19 18:26:00.016866614+00:00,0.0,0.0,0.0,0.0,0.0,0.0,0.0,0.0,2121.3500000000004,2121.3,2121.4,0.09999999999990905,6.2312640298179e-05,,,,,,,,,False
2026-03-19 18:27:00.043669655+00:00,0.0,0.0,0.0,0.0,0.0,0.0,0.0,0.0,2120.95,2120.9,2121.0,0.09999999999990905,6.2868705767639e-05,,,,,,,,,False
2026-03-19 18:28:00.032007918+00:00,0.0,0.0,0.0,0.0,0.0,0.0,0.0,0.0,2118.8500000000004,2118.8,2118.9,0.09999999999990905,6.2263653975069e-05,,,,,,,,,False
2026-03-19 18:29:00.019867057+00:00,0.0,0.0,0.0,0.0,0.0,0.0,0.0,0.0,2118.95,2118.9,2119.0,0.09999999999990905,6.2540680846321e-05,,,,,,,,,False
2026-03-19 18:30:00.035947402+00:00,0.0,0.0,0.0,0.0,0.0,0.0,0.0,0.0,2118.8500000000004,2118.8,2118.9,0.09999999999990905,6.2551104856156e-05,,,,,,,,,False
2026-03-19 18:31:00.038728296+00:00,0.0,0.0,0.0,0.0,0.0,0.0,0.0,0.0,2118.8500000000004,2118.8,2118.9,0.09999999999990905,5.9542004305187e-05,,,,,,,,,False
2026-03-19 18:32:00.038414769+00:00,0.0,0.0,0.0,0.0,0.0,0.0,0.0,0.0,2118.05,2118.0,2118.1,0.09999999999990905,5.6786150241795e-05,,,,,,,,,False
2026-03-19 18:33:00.087764261+00:00,0.0,0.0,0.0,0.0,0.0,0.0,0.0,0.0,2117.95,2117.9,2118.0,0.09999999999990905,5.6839728747923e-05,,,,,,,,,False
2026-03-19 18:34:00.065397069+00:00,0.0,0.0,0.0,0.0,0.0,0.0,0.0,0.0,2116.05,2116.0,2116.1,0.09999999999990905,5.6925189987262e-05,,,,,,,,,False
2026-03-19 18:35:00.052322061+00:00,0.0,0.0,0.0,0.0,0.0,0.0,0.0,0.0,2116.05,2116.0,2116.1,0.09999999999990905,5.5222792687029e-05,,,,,,,,,False
2026-03-19 18:36:00.081010329+00:00,0.0,0.0,0.0,0.0,0.0,0.0,0.0,0.0,2116.45,2116.4,2116.5,0.09999999999990905,5.4409325408406e-05,,,,,,,,,False
2026-03-19 18:37:00.042925291+00:00,0.0,0.0,0.0,0.0,0.0,0.0,0.0,0.0,2115.45,2115.4,2115.5,0.09999999999990905,5.3950051834916e-05,,,,,,,,,False
2026-03-19 18:38:00.036511178+00:00,0.0,0.0,0.0,0.0,0.0,0.0,0.0,0.0,2115.95,2115.9,2116.0,0.09999999999990905,5.384868151585e-05,,,,,,,,,False
2026-03-19 18:39:00.071731321+00:00,0.0,0.0,0.0,0.0,0.0,0.0,0.0,0.0,2118.55,2118.5,2118.6,0.09999999999990905,5.1667129054856e-05,,,,,,,,,False
2026-03-19 18:40:00.047286784+00:00,0.0,0.0,0.0,0.0,0.0,0.0,0.0,0.0,2117.1499999999996,2117.1,2117.2,0.09999999999990905,5.1661839184946e-05,,,,,,,,,False
2026-03-19 18:41:00.035315186+00:00,0.0,0.0,0.0,0.0,0.0,0.0,0.0,0.0,2115.3500000000004,2115.3,2115.4,0.09999999999990905,5.2302297457741e-05,,,,,,,,,False
2026-03-19 18:42:00.023395225+00:00,0.0,0.0,0.0,0.0,0.0,0.0,0.0,0.0,2115.6499999999996,2115.6,2115.7,0.09999999999990905,5.2390018193519e-05,,,,,,,,,False
2026-03-19 18:43:00.040412451+00:00,0.0,0.0,0.0,0.0,0.0,0.0,0.0,0.0,2116.1499999999996,2116.1,2116.2,0.09999999999990905,5.2130425194548e-05,,,,,,,,,False
2026-03-19 18:44:00.033749486+00:00,0.0,0.0,0.0,0.0,0.0,0.0,0.0,0.0,2114.55,2114.5,2114.6,0.09999999999990905,5.1461217458434e-05,,,,,,,,,False
2026-03-19 18:45:00.022129896+00:00,0.0,0.0,0.0,0.0,0.0,0.0,0.0,0.0,2116.8500000000004,2116.8,2116.9,0.09999999999990905,5.0517864467106e-05,,,,,,0.0,0.0,uneconomic_spread,False
2026-03-19 18:46:00.142979660+00:00,0.0,0.0,0.0,0.0,0.0,0.0,0.0,0.0,2116.25,2116.2,2116.3,0.1000000000003638,5.1036672959364e-05,2116.0,2116.5,,,,,,,False
2026-03-19 18:47:00.048748696+00:00,0.0,0.0,0.0,0.0,0.0,0.0,0.0,0.0,2116.8500000000004,2116.8,2116.9,0.09999999999990905,5.0199002371703e-05,,,,,,,,,False
2026-03-19 18:48:00.035704908+00:00,0.0,0.0,0.0,0.0,0.0,0.0,0.0,0.0,2116.55,2116.5,2116.6,0.09999999999990905,4.8554436320552e-05,,,,,,0.0,0.0,uneconomic_spread,False
2026-03-19 18:49:00.035852592+00:00,0.0,0.0,0.0,0.0,0.0,0.0,0.0,0.0,2115.75,2115.7,2115.8,0.1000000000003638,4.8697639130501e-05,2115.5,2116.0,,,,,,,False
2026-03-19 18:50:00.031131410+00:00,0.0,0.0,0.0,0.0,0.0,0.0,0.0,0.0,2115.75,2115.7,2115.8,0.1000000000003638,4.7075057918313e-05,,,,,,,,,False
2026-03-19 18:51:00.044910007+00:00,0.0,0.0,0.0,0.0,0.0,0.0,0.0,0.0,2114.8500000000004,2114.8,2114.9,0.09999999999990905,4.5382011254051e-05,,,,,,,,,False
2026-03-19 18:52:00.081042223+00:00,0.0,0.0,0.0,0.0,0.0,0.0,0.0,0.0,2116.3500000000004,2116.3,2116.4,0.09999999999990905,4.5502658256761e-05,,,,,,,,,False
2026-03-19 18:53:00.063633469+00:00,0.0,0.0,0.0,0.0,0.0,0.0,0.0,0.0,2118.3500000000004,2118.3,2118.4,0.09999999999990905,4.3134071459626e-05,,,,,,,,,False
2026-03-19 18:54:00.043253465+00:00,0.0,0.0,0.0,0.0,0.0,0.0,0.0,0.0,2119.05,2119.0,2119.1,0.09999999999990905,4.2679215010548e-05,,,,,,,,,False
2026-03-19 18:55:00.018791522+00:00,0.0,0.0,0.0,0.0,0.0,0.0,0.0,0.0,2119.8500000000004,2119.8,2119.9,0.09999999999990905,4.1056748749455e-05,,,,,,,,,False
2026-03-19 18:56:00.063032185+00:00,0.0,0.0,0.0,0.0,0.0,0.0,0.0,0.0,2121.1499999999996,2121.1,2121.2,0.09999999999990905,4.0620583466775e-05,,,,,,,,,False
2026-03-19 18:57:00.035208936+00:00,0.0,0.0,0.0,0.0,0.0,0.0,0.0,0.0,2123.3500000000004,2123.3,2123.4,0.09999999999990905,3.6903339046039e-05,,,,,,,,,False
2026-03-19 18:58:00.037922714+00:00,0.0,0.0,0.0,0.0,0.0,0.0,0.0,0.0,2123.3500000000004,2123.3,2123.4,0.09999999999990905,3.5553071543457e-05,,,,,,,,,False
2026-03-19 18:59:00.046127872+00:00,0.0,0.0,0.0,0.0,0.0,0.0,0.0,0.0,2125.55,2125.5,2125.6,0.09999999999990905,3.307376939115e-05,,,,,,,,,False
2026-03-19 19:00:00.036729606+00:00,0.0,0.0,0.0,0.0,0.0,0.0,0.0,0.0,2124.95,2124.9,2125.0,0.09999999999990905,3.0833906618544e-05,,,,,,,,,False
2026-03-19 19:01:00.067618913+00:00,0.0,0.0,0.0,0.0,0.0,0.0,0.0,0.0,2127.8500000000004,2127.8,2127.9,0.09999999999990905,-0.000120954419378914,,,,,,,,,False
2026-03-19 19:02:00.017627779+00:00,0.0,0.0,0.0,0.0,0.0,0.0,0.0,0.0,2133.8500000000004,2133.8,2133.9,0.09999999999990905,-0.000133093921651743,,,,,,,,,False
2026-03-19 19:03:00.024506791+00:00,0.0,0.0,0.0,0.0,0.0,0.0,0.0,0.0,2135.1499999999996,2135.1,2135.2,0.09999999999990905,-0.000169678812487354,,,,,,,,,False
2026-03-19 19:04:00.028458843+00:00,0.0,0.0,0.0,0.0,0.0,0.0,0.0,0.0,2134.95,2134.9,2135.0,0.09999999999990905,-0.000181451176651593,,,,,,,,,False
2026-03-19 19:05:00.012325241+00:00,0.0,0.0,0.0,0.0,0.0,0.0,0.0,0.0,2136.1499999999996,2136.1,2136.2,0.09999999999990905,-0.000167255068728099,,,,,,,,,False
2026-03-19 19:06:00.027747156+00:00,0.0,0.0,0.0,0.0,0.0,0.0,0.0,0.0,2141.95,2141.9,2142.0,0.09999999999990905,-0.000190988824875732,,,,,,,,,False
2026-03-19 19:07:00.041200808+00:00,0.0,0.0,0.0,0.0,0.0,0.0,0.0,0.0,2145.45,2145.4,2145.5,0.09999999999990905,-0.000189404956490687,,,,,,,,,False
2026-03-19 19:08:00.028927142+00:00,0.0,0.0,0.0,0.0,0.0,0.0,0.0,0.0,2139.3500000000004,2139.3,2139.4,0.09999999999990905,-0.000154735851265923,,,,,,,,,False
2026-03-19 19:09:00.028575933+00:00,0.0,0.0,0.0,0.0,0.0,0.0,0.0,0.0,2140.3500000000004,2140.3,2140.4,0.09999999999990905,-0.000133550586989845,,,,,,,,,False
2026-03-19 19:10:00.013897271+00:00,0.0,0.0,0.0,0.0,0.0,0.0,0.0,0.0,2140.05,2140.0,2140.1,0.09999999999990905,-0.000114071269858202,,,,,,,,,False
2026-03-19 19:11:00.035730014+00:00,0.0,0.0,0.0,0.0,0.0,0.0,0.0,0.0,2148.75,2148.7,2148.8,0.1000000000003638,-0.000101017095264617,2148.4,2149.5,,,,,,,False
2026-03-19 19:12:00.038500339+00:00,0.0,0.0,0.0,0.0,0.0,0.0,0.0,0.0,2151.8500000000004,2151.8,2151.9,0.09999999999990905,-9.5682081246542e-05,,,,,,,,,False
2026-03-19 19:13:00.039893021+00:00,0.0,0.0,0.0,0.0,0.0,0.0,0.0,0.0,2143.6499999999996,2143.6,2143.7,0.09999999999990905,-6.5267217264579e-05,,,,,,,,,False
2026-03-19 19:14:00.005119503+00:00,0.0,0.0,0.0,0.0,0.0,0.0,0.0,0.0,2139.95,2139.9,2140.0,0.09999999999990905,-4.2793157322326e-05,,,,,,,,,False
2026-03-19 19:15:00.016333032+00:00,0.0,0.0,0.0,0.0,0.0,0.0,0.0,0.0,2142.1499999999996,2142.1,2142.2,0.09999999999990905,-4.038973114544e-05,,,,,,,,,False
2026-03-19 19:16:00.037394900+00:00,0.0,0.0,0.0,0.0,0.0,0.0,0.0,0.0,2141.8500000000004,2141.8,2141.9,0.09999999999990905,-3.2417709741665e-05,,,,,,,,,False
2026-03-19 19:17:00.035438558+00:00,0.0,0.0,0.0,0.0,0.0,0.0,0.0,0.0,2140.25,2140.2,2140.3,0.1000000000003638,-2.3721521200353e-05,2140.0,2140.6,,,,,,,False
2026-03-19 19:18:00.071832827+00:00,0.0,0.0,0.0,0.0,0.0,0.0,0.0,0.0,2145.45,2145.4,2145.5,0.09999999999990905,-2.4633714442872e-05,,,,,,,,,False
2026-03-19 19:19:00.025398057+00:00,0.0,0.0,0.0,0.0,0.0,0.0,0.0,0.0,2150.1499999999996,2150.1,2150.2,0.09999999999990905,-1.2917351621195e-05,,,,,,,,,False
2026-03-19 19:20:00.030392303+00:00,0.0,0.0,0.0,0.0,0.0,0.0,0.0,0.0,2154.3500000000004,2154.3,2154.4,0.09999999999990905,-6.214566785122e-06,,,,,,,,,False
2026-03-19 19:21:00.039216065+00:00,0.0,0.0,0.0,0.0,0.0,0.0,0.0,0.0,2153.95,2153.9,2154.0,0.09999999999990905,-1.155665590885e-06,,,,,,,,,False
2026-03-19 19:22:00.036586552+00:00,0.0,0.0,0.0,0.0,0.0,0.0,0.0,0.0,2154.95,2154.9,2155.0,0.09999999999990905,6.6900376149e-07,,,,,,,,,False
2026-03-19 19:23:00.047749631+00:00,0.0,0.0,0.0,0.0,0.0,0.0,0.0,0.0,2155.55,2155.5,2155.6,0.09999999999990905,3.290400788703e-06,,,,,,,,,False
2026-03-19 19:24:00.037549803+00:00,0.0,0.0,0.0,0.0,0.0,0.0,0.0,0.0,2153.95,2153.9,2154.0,0.09999999999990905,1.0815157772454e-05,,,,,,,,,False
2026-03-19 19:25:00.029105435+00:00,0.0,0.0,0.0,0.0,0.0,0.0,0.0,0.0,2152.45,2152.4,2152.5,0.09999999999990905,1.9361601159016e-05,,,,,,,,,False
2026-03-19 19:26:00.034045454+00:00,0.0,0.0,0.0,0.0,0.0,0.0,0.0,0.0,2146.3500000000004,2146.3,2146.4,0.09999999999990905,2.9459009002714e-05,,,,,,,,,False
2026-03-19 19:27:00.038392904+00:00,0.0,0.0,0.0,0.0,0.0,0.0,0.0,0.0,2143.55,2143.5,2143.6,0.09999999999990905,3.8277816315268e-05,,,,,,,,,False
2026-03-19 19:28:00.058004453+00:00,0.0,0.0,0.0,0.0,0.0,0.0,0.0,0.0,2141.6499999999996,2141.6,2141.7,0.09999999999990905,4.0755153336196e-05,,,,,,,,,False
2026-03-19 19:29:00.005461604+00:00,0.0,0.0,0.0,0.0,0.0,0.0,0.0,0.0,2144.55,2144.5,2144.6,0.09999999999990905,4.1293106313993e-05,,,,,,,,,False
2026-03-19 19:30:00.035582624+00:00,0.0,0.0,0.0,0.0,0.0,0.0,0.0,0.0,2145.45,2145.4,2145.5,0.09999999999990905,4.1405650474133e-05,,,,,,,,,False
2026-03-19 19:31:00.036932005+00:00,0.0,0.0,0.0,0.0,0.0,0.0,0.0,0.0,2143.55,2143.5,2143.6,0.09999999999990905,4.6779511519161e-05,,,,,,,,,False
2026-03-19 19:32:00.037700652+00:00,0.0,0.0,0.0,0.0,0.0,0.0,0.0,0.0,2143.6499999999996,2143.6,2143.7,0.09999999999990905,4.8233065492017e-05,,,,,,,,,False
2026-03-19 19:33:00.015583738+00:00,0.0,0.0,0.0,0.0,0.0,0.0,0.0,0.0,2143.45,2143.4,2143.5,0.09999999999990905,5.2222055314744e-05,,,,,,,,,False
2026-03-19 19:34:00.031287140+00:00,0.0,0.0,0.0,0.0,0.0,0.0,0.0,0.0,2144.75,2144.7,2144.8,0.1000000000003638,5.0752038361684e-05,,,,,,,,,False
2026-03-19 19:35:00.031964981+00:00,0.0,0.0,0.0,0.0,0.0,0.0,0.0,0.0,2142.05,2142.0,2142.1,0.09999999999990905,5.3581542406707e-05,,,,,,,,,False
2026-03-19 19:36:00.007619997+00:00,0.0,0.0,0.0,0.0,0.0,0.0,0.0,0.0,2139.45,2139.4,2139.5,0.09999999999990905,5.6549812451065e-05,,,,,,,,,False
2026-03-19 19:37:00.035337012+00:00,0.0,0.0,0.0,0.0,0.0,0.0,0.0,0.0,2138.1499999999996,2138.1,2138.2,0.09999999999990905,5.8772223230536e-05,,,,,,,,,False
2026-03-19 19:38:00.041913612+00:00,0.0,0.0,0.0,0.0,0.0,0.0,0.0,0.0,2144.1499999999996,2144.1,2144.2,0.09999999999990905,5.653474034992e-05,,,,,,,,,False
2026-03-19 19:39:00.054804177+00:00,0.0,0.0,0.0,0.0,0.0,0.0,0.0,0.0,2143.75,2143.7,2143.8,0.1000000000003638,5.5073443608811e-05,,,,,,,,,False
2026-03-19 19:40:00.067651311+00:00,0.0,0.0,0.0,0.0,0.0,0.0,0.0,0.0,2145.95,2145.9,2146.0,0.09999999999990905,5.3542675576668e-05,,,,,,,,,False
2026-03-19 19:41:00.019408995+00:00,0.0,0.0,0.0,0.0,0.0,0.0,0.0,0.0,2147.25,2147.2,2147.3,0.1000000000003638,5.3810372917829e-05,,,,,,,,,False
2026-03-19 19:42:00.088178629+00:00,0.0,0.0,0.0,0.0,0.0,0.0,0.0,0.0,2147.6499999999996,2147.6,2147.7,0.09999999999990905,5.1549434388498e-05,,,,,,0.0,0.0,uneconomic_spread,False
2026-03-19 19:43:00.039119+00:00,0.0,0.0,0.0,0.0,0.0,0.0,0.0,0.0,2145.55,2145.5,2145.6,0.09999999999990905,5.1896119258954e-05,,,,,,,,,False
2026-03-19 19:44:00.049563834+00:00,0.0,0.0,0.0,0.0,0.0,0.0,0.0,0.0,2146.55,2146.5,2146.6,0.09999999999990905,4.7767576533196e-05,,,,,,,,,False
2026-03-19 19:45:00.026507603+00:00,0.0,0.0,0.0,0.0,0.0,0.0,0.0,0.0,2145.6499999999996,2145.6,2145.7,0.09999999999990905,4.7914586130493e-05,,,,,,,,,False
2026-03-19 19:46:00.048812035+00:00,0.0,0.0,0.0,0.0,0.0,0.0,0.0,0.0,2145.25,2145.2,2145.3,0.1000000000003638,4.7643632971859e-05,,,,,,,,,False
2026-03-19 19:47:00.080962362+00:00,0.0,0.0,0.0,0.0,0.0,0.0,0.0,0.0,2145.75,2145.7,2145.8,0.1000000000003638,4.4914930825215e-05,2145.5,2146.0,,,,,,,False
2026-03-19 19:48:00.035847935+00:00,0.0,0.0,0.0,0.0,0.0,0.0,0.0,0.0,2147.55,2147.5,2147.6,0.09999999999990905,4.3825663318327e-05,,,,,,,,,False
2026-03-19 19:49:00.005211291+00:00,0.0,0.0,0.0,0.0,0.0,0.0,0.0,0.0,2145.6499999999996,2145.6,2145.7,0.09999999999990905,4.3827466394322e-05,,,,,,,,,False
2026-03-19 19:50:00.075367493+00:00,0.0,0.0,0.0,0.0,0.0,0.0,0.0,0.0,2145.05,2145.0,2145.1,0.09999999999990905,4.3390768445044e-05,,,,,,,,,False
2026-03-19 19:51:00.028272668+00:00,0.0,0.0,0.0,0.0,0.0,0.0,0.0,0.0,2140.05,2140.0,2140.1,0.09999999999990905,4.6352185154666e-05,,,,,,,,,False
2026-03-19 19:52:00.042073732+00:00,0.0,0.0,0.0,0.0,0.0,0.0,0.0,0.0,2141.95,2141.9,2142.0,0.09999999999990905,4.651903411067e-05,,,,,,,,,False
2026-03-19 19:53:00.037577613+00:00,0.0,0.0,0.0,0.0,0.0,0.0,0.0,0.0,2142.45,2142.4,2142.5,0.09999999999990905,4.6208083657824e-05,,,,,,,,,False
2026-03-19 19:54:00.079792330+00:00,0.0,0.0,0.0,0.0,0.0,0.0,0.0,0.0,2142.1499999999996,2142.1,2142.2,0.09999999999990905,4.7132318401688e-05,,,,,,,,,False
2026-03-19 19:55:00.036019531+00:00,0.0,0.0,0.0,0.0,0.0,0.0,0.0,0.0,2141.8500000000004,2141.8,2141.9,0.09999999999990905,4.7972484993737e-05,,,,,,,,,False
2026-03-19 19:56:00.021707489+00:00,0.0,0.0,0.0,0.0,0.0,0.0,0.0,0.0,2142.45,2142.4,2142.5,0.09999999999990905,4.8712688366428e-05,,,,,,,,,False
2026-03-19 19:57:00.038260994+00:00,0.0,0.0,0.0,0.0,0.0,0.0,0.0,0.0,2139.8500000000004,2139.8,2139.9,0.09999999999990905,5.0042295643225e-05,,,,,,,,,False
2026-03-19 19:58:00.075602238+00:00,0.0,0.0,0.0,0.0,0.0,0.0,0.0,0.0,2141.75,2141.7,2141.8,0.1000000000003638,5.017538755002e-05,2141.5,2142.0,,,,,,,False
2026-03-19 19:59:00.043285115+00:00,0.0,0.0,0.0,0.0,0.0,0.0,0.0,0.0,2141.8500000000004,2141.8,2141.9,0.09999999999990905,5.0398481909852e-05,,,,,,,,,False
2026-03-19 20:00:00.045560184+00:00,0.0,0.0,0.0,0.0,0.0,0.0,0.0,0.0,2141.3500000000004,2141.3,2141.4,0.09999999999990905,4.9706054678249e-05,,,,,,,,,False
2026-03-19 20:01:00.028269556+00:00,0.0,0.0,0.0,0.0,0.0,0.0,0.0,0.0,2140.3500000000004,2140.3,2140.4,0.09999999999990905,0.000166046241190519,,,,,,,,,False
2026-03-19 20:02:00.040805749+00:00,0.0,0.0,0.0,0.0,0.0,0.0,0.0,0.0,2139.95,2139.9,2140.0,0.09999999999990905,0.000181622827843465,,,,,,,,,False
2026-03-19 20:03:00.063226686+00:00,0.0,0.0,0.0,0.0,0.0,0.0,0.0,0.0,2141.05,2141.0,2141.1,0.09999999999990905,0.000135391005923124,,,,,,,,,False
2026-03-19 20:04:00.136162470+00:00,0.0,0.0,0.0,0.0,0.0,0.0,0.0,0.0,2142.3500000000004,2142.3,2142.4,0.09999999999990905,0.000108994083220856,,,,,,,,,False
2026-03-19 20:05:00.050103652+00:00,0.0,0.0,0.0,0.0,0.0,0.0,0.0,0.0,2142.45,2142.4,2142.5,0.09999999999990905,0.000104196882131626,,,,,,,,,False
2026-03-19 20:06:00.017073243+00:00,0.0,0.0,0.0,0.0,0.0,0.0,0.0,0.0,2141.3500000000004,2141.3,2141.4,0.09999999999990905,0.000117150028054029,,,,,,,,,False
2026-03-19 20:07:00.067097768+00:00,0.0,0.0,0.0,0.0,0.0,0.0,0.0,0.0,2140.8500000000004,2140.8,2140.9,0.09999999999990905,0.000121120591589164,,,,,,,,,False
2026-03-19 20:08:00.008436180+00:00,0.0,0.0,0.0,0.0,0.0,0.0,0.0,0.0,2143.25,2143.2,2143.3,0.1000000000003638,0.000111622790743178,2142.9,2143.4,,,,,,,False
2026-03-19 20:09:00.050223397+00:00,0.0,0.0,0.0,0.0,0.0,0.0,0.0,0.0,2145.05,2145.0,2145.1,0.09999999999990905,0.000106043871960067,,,,,,,,,False
2026-03-19 20:10:00.035819457+00:00,0.0,0.0,0.0,0.0,0.0,0.0,0.0,0.0,2143.75,2143.7,2143.8,0.1000000000003638,0.000105771380616894,2143.5,2144.0,,,,,,,False
2026-03-19 20:11:00.016406842+00:00,0.0,0.0,0.0,0.0,0.0,0.0,0.0,0.0,2142.05,2142.0,2142.1,0.09999999999990905,0.000116446275282102,,,,,,,,,False
2026-03-19 20:12:00.018755945+00:00,0.0,0.0,0.0,0.0,0.0,0.0,0.0,0.0,2141.1499999999996,2141.1,2141.2,0.09999999999990905,0.000118004556133774,,,,,,,,,False
2026-03-19 20:13:00.087280030+00:00,0.0,0.0,0.0,0.0,0.0,0.0,0.0,0.0,2141.75,2141.7,2141.8,0.1000000000003638,0.000112519712598553,,,,,,,,,False
2026-03-19 20:14:00.068267212+00:00,0.0,0.0,0.0,0.0,0.0,0.0,0.0,0.0,2143.1499999999996,2143.1,2143.2,0.09999999999990905,0.000110902354401908,,,,,,,,,False
2026-03-19 20:15:00.112118999+00:00,0.0,0.0,0.0,0.0,0.0,0.0,0.0,0.0,2144.25,2144.2,2144.3,0.1000000000003638,0.000102359748318144,2144.0,2144.5,,,,,,,False
2026-03-19 20:16:00.012454827+00:00,0.0,0.0,0.0,0.0,0.0,0.0,0.0,0.0,2147.8500000000004,2147.8,2147.9,0.09999999999990905,9.3177291371244e-05,,,,,,,,,False
2026-03-19 20:17:00.043867296+00:00,0.0,0.0,0.0,0.0,0.0,0.0,0.0,0.0,2146.95,2146.9,2147.0,0.09999999999990905,9.508157075455e-05,,,,,,,,,False
2026-03-19 20:18:00.058811738+00:00,0.0,0.0,0.0,0.0,0.0,0.0,0.0,0.0,2144.3500000000004,2144.3,2144.4,0.09999999999990905,9.1330668013305e-05,,,,,,,,,False
2026-03-19 20:19:00.021002344+00:00,0.0,0.0,0.0,0.0,0.0,0.0,0.0,0.0,2143.95,2143.9,2144.0,0.09999999999990905,9.1717922292866e-05,,,,,,,,,False
2026-03-19 20:20:00.035349949+00:00,0.0,0.0,0.0,0.0,0.0,0.0,0.0,0.0,2147.05,2147.0,2147.1,0.09999999999990905,8.0481193530626e-05,,,,,,,,,False
2026-03-19 20:21:00.036091403+00:00,0.0,0.0,0.0,0.0,0.0,0.0,0.0,0.0,2147.05,2147.0,2147.1,0.09999999999990905,7.6817075893798e-05,,,,,,,,,False
2026-03-19 20:22:00.084228882+00:00,0.0,0.0,0.0,0.0,0.0,0.0,0.0,0.0,2146.75,2146.7,2146.8,0.1000000000003638,7.3419781934457e-05,2146.4,2146.9,,,,,,,False
2026-03-19 20:23:00.109397711+00:00,0.0,0.0,0.0,0.0,0.0,0.0,0.0,0.0,2145.55,2145.5,2145.6,0.09999999999990905,7.5349558351554e-05,,,,,,,,,False
2026-03-19 20:24:00.056526010+00:00,0.0,0.0,0.0,0.0,0.0,0.0,0.0,0.0,2147.25,2147.2,2147.3,0.1000000000003638,7.024091179277e-05,2147.0,2147.6,,,,,,,False
2026-03-19 20:25:00.290709109+00:00,0.0,0.0,0.0,0.0,0.0,0.0,0.0,0.0,2142.45,2142.4,2142.5,0.09999999999990905,7.2737156217496e-05,,,,,,,,,False
2026-03-19 20:26:00.020945425+00:00,0.0,0.0,0.0,0.0,0.0,0.0,0.0,0.0,2143.05,2143.0,2143.1,0.09999999999990905,6.9113453433982e-05,,,,,,,,,False
2026-03-19 20:27:00.055731153+00:00,0.0,0.0,0.0,0.0,0.0,0.0,0.0,0.0,2143.75,2143.7,2143.8,0.1000000000003638,6.4700260148685e-05,2143.5,2144.1,,,,,,,False
2026-03-19 20:28:00.010761759+00:00,0.0,0.0,0.0,0.0,0.0,0.0,0.0,0.0,2144.3500000000004,2144.3,2144.4,0.09999999999990905,6.2319161582255e-05,,,,,,,,,False
2026-03-19 20:29:00.037102177+00:00,0.0,0.0,0.0,0.0,0.0,0.0,0.0,0.0,2141.6499999999996,2141.6,2141.7,0.09999999999990905,6.3331501049469e-05,,,,,,,,,False
2026-03-19 20:30:00.036145133+00:00,0.0,0.0,0.0,0.0,0.0,0.0,0.0,0.0,2141.05,2141.0,2141.1,0.09999999999990905,6.5081497933455e-05,,,,,,,,,False
2026-03-19 20:31:00.028559048+00:00,0.0,0.0,0.0,0.0,0.0,0.0,0.0,0.0,2141.8500000000004,2141.8,2141.9,0.09999999999990905,6.2567199053219e-05,,,,,,,,,False
2026-03-19 20:32:00.062550413+00:00,0.0,0.0,0.0,0.0,0.0,0.0,0.0,0.0,2142.1499999999996,2142.1,2142.2,0.09999999999990905,6.1772388971824e-05,,,,,,,,,False
2026-03-19 20:33:00.035700965+00:00,0.0,0.0,0.0,0.0,0.0,0.0,0.0,0.0,2142.55,2142.5,2142.6,0.09999999999990905,6.1518777623886e-05,,,,,,,,,False
2026-03-19 20:34:00.035905166+00:00,0.0,0.0,0.0,0.0,0.0,0.0,0.0,0.0,2142.8500000000004,2142.8,2142.9,0.09999999999990905,6.0186701781649e-05,,,,,,,,,False
2026-03-19 20:35:00.036054052+00:00,0.0,0.0,0.0,0.0,0.0,0.0,0.0,0.0,2143.25,2143.2,2143.3,0.1000000000003638,5.7516217115505e-05,2143.0,2143.5,,,,,,,False
2026-03-19 20:36:00.034893179+00:00,0.0,0.0,0.0,0.0,0.0,0.0,0.0,0.0,2144.3500000000004,2144.3,2144.4,0.09999999999990905,5.6040508406763e-05,,,,,,,,,False
2026-03-19 20:37:00.140983254+00:00,0.0,0.0,0.0,0.0,0.0,0.0,0.0,0.0,2144.1499999999996,2144.1,2144.2,0.09999999999990905,5.6136770804783e-05,,,,,,,,,False
2026-03-19 20:38:00.036789938+00:00,0.0,0.0,0.0,0.0,0.0,0.0,0.0,0.0,2146.55,2146.5,2146.6,0.09999999999990905,5.3512770791065e-05,,,,,,,,,False
2026-03-19 20:39:00.035645359+00:00,0.0,0.0,0.0,0.0,0.0,0.0,0.0,0.0,2146.8500000000004,2146.8,2146.9,0.09999999999990905,5.3546338290641e-05,,,,,,,,,False
2026-03-19 20:40:00.053582412+00:00,0.0,0.0,0.0,0.0,0.0,0.0,0.0,0.0,2149.8500000000004,2149.8,2149.9,0.09999999999990905,5.1595729983127e-05,,,,,,,,,False
2026-03-19 20:41:00.032587084+00:00,0.0,0.0,0.0,0.0,0.0,0.0,0.0,0.0,2151.55,2151.5,2151.6,0.09999999999990905,4.885489557213e-05,,,,,,,,,False
2026-03-19 20:42:00.025361715+00:00,0.0,0.0,0.0,0.0,0.0,0.0,0.0,0.0,2150.3500000000004,2150.3,2150.4,0.09999999999990905,5.1020266247754e-05,,,,,,,,,False
2026-03-19 20:43:00.037153132+00:00,0.0,0.0,0.0,0.0,0.0,0.0,0.0,0.0,2146.3500000000004,2146.3,2146.4,0.09999999999990905,5.4746846655283e-05,,,,,,,,,False
2026-03-19 20:44:00.021945099+00:00,0.0,0.0,0.0,0.0,0.0,0.0,0.0,0.0,2148.8500000000004,2148.8,2148.9,0.09999999999990905,5.4419601188204e-05,,,,,,,,,False
2026-03-19 20:45:00.035902376+00:00,0.0,0.0,0.0,0.0,0.0,0.0,0.0,0.0,2147.95,2147.9,2148.0,0.09999999999990905,5.6175262952628e-05,,,,,,,,,False
2026-03-19 20:46:00.036092494+00:00,0.0,0.0,0.0,0.0,0.0,0.0,0.0,0.0,2147.6499999999996,2147.6,2147.7,0.09999999999990905,5.7412433477213e-05,,,,,,,,,False
2026-03-19 20:47:00.035651090+00:00,0.0,0.0,0.0,0.0,0.0,0.0,0.0,0.0,2148.6499999999996,2148.6,2148.7,0.09999999999990905,5.7561924978148e-05,,,,,,,,,False
2026-03-19 20:48:00.053190313+00:00,0.0,0.0,0.0,0.0,0.0,0.0,0.0,0.0,2147.25,2147.2,2147.3,0.1000000000003638,5.8416383475297e-05,,,,,,,,,False
2026-03-19 20:49:00.004486365+00:00,0.0,0.0,0.0,0.0,0.0,0.0,0.0,0.0,2144.3500000000004,2144.3,2144.4,0.09999999999990905,6.0297943560787e-05,,,,,,,,,False
2026-03-19 20:50:00.057443559+00:00,0.0,0.0,0.0,0.0,0.0,0.0,0.0,0.0,2146.25,2146.2,2146.3,0.1000000000003638,5.97501890377e-05,2145.9,2146.4,,,,,,,False
2026-03-19 20:51:00.036152396+00:00,0.0,0.0,0.0,0.0,0.0,0.0,0.0,0.0,2146.1499999999996,2146.1,2146.2,0.09999999999990905,5.9306811224148e-05,,,,,,,,,False
2026-03-19 20:52:00.035896089+00:00,0.0,0.0,0.0,0.0,0.0,0.0,0.0,0.0,2145.3500000000004,2145.3,2145.4,0.09999999999990905,6.0221995342551e-05,,,,,,,,,False
2026-03-19 20:53:00.035967924+00:00,0.0,0.0,0.0,0.0,0.0,0.0,0.0,0.0,2145.1499999999996,2145.1,2145.2,0.09999999999990905,5.9160520389729e-05,,,,,,,,,False
2026-03-19 20:54:00.064205389+00:00,0.0,0.0,0.0,0.0,0.0,0.0,0.0,0.0,2146.05,2146.0,2146.1,0.09999999999990905,5.8442028481125e-05,,,,,,,,,False
2026-03-19 20:55:00.008452935+00:00,0.0,0.0,0.0,0.0,0.0,0.0,0.0,0.0,2146.95,2146.9,2147.0,0.09999999999990905,5.8106648523604e-05,,,,,,,,,False
2026-03-19 20:56:00.012165154+00:00,0.0,0.0,0.0,0.0,0.0,0.0,0.0,0.0,2146.6499999999996,2146.6,2146.7,0.09999999999990905,5.8238537065018e-05,,,,,,,,,False
2026-03-19 20:57:00.040294292+00:00,0.0,0.0,0.0,0.0,0.0,0.0,0.0,0.0,2146.95,2146.9,2147.0,0.09999999999990905,5.7379080623398e-05,,,,,,,,,False
2026-03-19 20:58:00.040050027+00:00,0.0,0.0,0.0,0.0,0.0,0.0,0.0,0.0,2145.95,2145.9,2146.0,0.09999999999990905,5.8300361148698e-05,,,,,,,,,False
2026-03-19 20:59:00.019431321+00:00,0.0,0.0,0.0,0.0,0.0,0.0,0.0,0.0,2146.3500000000004,2146.3,2146.4,0.09999999999990905,5.7689644042077e-05,,,,,,,,,False
2026-03-19 21:00:00.137240390+00:00,0.0,0.0,0.0,0.0,0.0,0.0,0.0,0.0,2146.45,2146.4,2146.5,0.09999999999990905,5.7189808164931e-05,,,,,,,,,False
2026-03-19 21:01:00.037746050+00:00,0.0,0.0,0.0,0.0,0.0,0.0,0.0,0.0,2147.1499999999996,2147.1,2147.2,0.09999999999990905,-2.7203926108393e-05,,,,,,,,,False
2026-03-19 21:02:00.092873987+00:00,0.0,0.0,0.0,0.0,0.0,0.0,0.0,0.0,2148.45,2148.4,2148.5,0.09999999999990905,3.2704340266149e-05,,,,,,,,,False
2026-03-19 21:03:00.023184155+00:00,0.0,0.0,0.0,0.0,0.0,0.0,0.0,0.0,2149.45,2149.4,2149.5,0.09999999999990905,5.4676529278059e-05,,,,,,,,,False
2026-03-19 21:04:00.016652674+00:00,0.0,0.0,0.0,0.0,0.0,0.0,0.0,0.0,2149.55,2149.5,2149.6,0.09999999999990905,6.0293267040839e-05,,,,,,,,,False
2026-03-19 21:05:00.039359197+00:00,0.0,0.0,0.0,0.0,0.0,0.0,0.0,0.0,2147.8500000000004,2147.8,2147.9,0.09999999999990905,7.5160565401729e-05,,,,,,,,,False
2026-03-19 21:06:00.020014311+00:00,0.0,0.0,0.0,0.0,0.0,0.0,0.0,0.0,2147.05,2147.0,2147.1,0.09999999999990905,8.2291323660615e-05,,,,,,,,,False
2026-03-19 21:07:00.042269017+00:00,0.0,0.0,0.0,0.0,0.0,0.0,0.0,0.0,2148.95,2148.9,2149.0,0.09999999999990905,6.3015080866517e-05,,,,,,,,,False
2026-03-19 21:08:00.067481871+00:00,0.0,0.0,0.0,0.0,0.0,0.0,0.0,0.0,2148.05,2148.0,2148.1,0.09999999999990905,7.3758490269717e-05,,,,,,,,,False
2026-03-19 21:09:00.033833275+00:00,0.0,0.0,0.0,0.0,0.0,0.0,0.0,0.0,2150.6499999999996,2150.6,2150.7,0.09999999999990905,6.2704417616751e-05,,,,,,,,,False
2026-03-19 21:10:00.174953134+00:00,0.0,0.0,0.0,0.0,0.0,0.0,0.0,0.0,2151.95,2151.9,2152.0,0.09999999999990905,5.6058305331497e-05,,,,,,,,,False
2026-03-19 21:11:00.022843242+00:00,0.0,0.0,0.0,0.0,0.0,0.0,0.0,0.0,2154.1499999999996,2154.1,2154.2,0.09999999999990905,5.275588940112e-05,,,,,,,,,False
2026-03-19 21:12:00.180734616+00:00,0.0,0.0,0.0,0.0,0.0,0.0,0.0,0.0,2154.3500000000004,2154.3,2154.4,0.09999999999990905,5.7561578900026e-05,,,,,,,,,False
2026-03-19 21:13:00.021407028+00:00,0.0,0.0,0.0,0.0,0.0,0.0,0.0,0.0,2154.95,2154.9,2155.0,0.09999999999990905,5.7043265473694e-05,,,,,,,,,False
2026-03-19 21:14:00.037073802+00:00,0.0,0.0,0.0,0.0,0.0,0.0,0.0,0.0,2153.25,2153.2,2153.3,0.1000000000003638,6.2418776470336e-05,2152.9,2153.4,,,,,,,False
2026-03-19 21:15:00.064140941+00:00,0.0,0.0,0.0,0.0,0.0,0.0,0.0,0.0,2154.25,2154.2,2154.3,0.1000000000003638,6.5611826933377e-05,2153.9,2154.5,,,,,,,False
2026-03-19 21:16:00.082883091+00:00,0.0,0.0,0.0,0.0,0.0,0.0,0.0,0.0,2153.3500000000004,2153.3,2153.4,0.09999999999990905,6.9645513988663e-05,,,,,,,,,False
2026-03-19 21:17:00.158925894+00:00,0.0,0.0,0.0,0.0,0.0,0.0,0.0,0.0,2153.6499999999996,2153.6,2153.7,0.09999999999990905,6.7969504443166e-05,,,,,,,,,False
2026-03-19 21:18:00.059030924+00:00,0.0,0.0,0.0,0.0,0.0,0.0,0.0,0.0,2152.45,2152.4,2152.5,0.09999999999990905,7.2721771317919e-05,,,,,,,,,False
2026-03-19 21:19:00.100141156+00:00,0.0,0.0,0.0,0.0,0.0,0.0,0.0,0.0,2152.1499999999996,2152.1,2152.2,0.09999999999990905,7.3791089071846e-05,,,,,,,,,False
2026-03-19 21:20:00.024954364+00:00,0.0,0.0,0.0,0.0,0.0,0.0,0.0,0.0,2150.55,2150.5,2150.6,0.09999999999990905,7.7500504173282e-05,,,,,,,,,False
2026-03-19 21:21:00.037031140+00:00,0.0,0.0,0.0,0.0,0.0,0.0,0.0,0.0,2149.45,2149.4,2149.5,0.09999999999990905,7.8956850619928e-05,,,,,,,,,False
2026-03-19 21:22:00.016953774+00:00,0.0,0.0,0.0,0.0,0.0,0.0,0.0,0.0,2150.1499999999996,2150.1,2150.2,0.09999999999990905,7.6023129825789e-05,,,,,,,,,False
2026-03-19 21:23:00.036368088+00:00,0.0,0.0,0.0,0.0,0.0,0.0,0.0,0.0,2149.8500000000004,2149.8,2149.9,0.09999999999990905,7.3545421335999e-05,,,,,,,,,False
2026-03-19 21:24:00.035505984+00:00,0.0,0.0,0.0,0.0,0.0,0.0,0.0,0.0,2147.6499999999996,2147.6,2147.7,0.09999999999990905,7.8218704012981e-05,,,,,,,,,False
2026-03-19 21:25:00.079443209+00:00,0.0,0.0,0.0,0.0,0.0,0.0,0.0,0.0,2146.95,2146.9,2147.0,0.09999999999990905,7.7774566302765e-05,,,,,,,,,False
2026-03-19 21:26:00.067271887+00:00,0.0,0.0,0.0,0.0,0.0,0.0,0.0,0.0,2148.6499999999996,2148.6,2148.7,0.09999999999990905,7.2565674819682e-05,,,,,,,,,False
2026-03-19 21:27:00.015062456+00:00,0.0,0.0,0.0,0.0,0.0,0.0,0.0,0.0,2148.3500000000004,2148.3,2148.4,0.09999999999990905,7.6947296334991e-05,,,,,,,,,False
2026-03-19 21:28:00.101579186+00:00,0.0,0.0,0.0,0.0,0.0,0.0,0.0,0.0,2148.55,2148.5,2148.6,0.09999999999990905,7.5923870078382e-05,,,,,,,,,False
2026-03-19 21:29:00.077039905+00:00,0.0,0.0,0.0,0.0,0.0,0.0,0.0,0.0,2147.8500000000004,2147.8,2147.9,0.09999999999990905,7.7813090061716e-05,,,,,,,,,False
2026-03-19 21:30:00.172816541+00:00,0.0,0.0,0.0,0.0,0.0,0.0,0.0,0.0,2148.95,2148.9,2149.0,0.09999999999990905,7.5435517293577e-05,,,,,,,,,False
2026-03-19 21:31:00.050480019+00:00,0.0,0.0,0.0,0.0,0.0,0.0,0.0,0.0,2150.05,2150.0,2150.1,0.09999999999990905,7.5215360815434e-05,,,,,,,,,False
2026-03-19 21:32:00.035491540+00:00,0.0,0.0,0.0,0.0,0.0,0.0,0.0,0.0,2148.45,2148.4,2148.5,0.09999999999990905,7.8618822199431e-05,,,,,,,,,False
2026-03-19 21:33:00.026370396+00:00,0.0,0.0,0.0,0.0,0.0,0.0,0.0,0.0,2148.75,2148.7,2148.8,0.1000000000003638,7.5067278240777e-05,2148.4,2148.9,,,,,,,False
2026-03-19 21:34:00.077854272+00:00,0.0,0.0,0.0,0.0,0.0,0.0,0.0,0.0,2146.55,2146.5,2146.6,0.09999999999990905,7.6140560974297e-05,,,,,,,,,False
2026-03-19 21:35:00.034978493+00:00,0.0,0.0,0.0,0.0,0.0,0.0,0.0,0.0,2147.95,2147.9,2148.0,0.09999999999990905,7.4364293078824e-05,,,,,,,,,False
2026-03-19 21:36:00.035640269+00:00,0.0,0.0,0.0,0.0,0.0,0.0,0.0,0.0,2149.75,2149.7,2149.8,0.1000000000003638,7.0574176519087e-05,2149.5,,,,,,,,False
2026-03-19 21:37:00.036181693+00:00,0.0,0.0,0.0,0.0,0.0,0.0,0.0,0.0,2150.55,2150.5,2150.6,0.09999999999990905,6.8605219865524e-05,,,,,,,,,False
2026-03-19 21:38:00.031183343+00:00,0.0,0.0,0.0,0.0,0.0,0.0,0.0,0.0,2148.3500000000004,2148.3,2148.4,0.09999999999990905,7.0938678813682e-05,,,,,,,,,False
2026-03-19 21:39:00.207526939+00:00,0.0,0.0,0.0,0.0,0.0,0.0,0.0,0.0,2149.95,2149.9,2150.0,0.09999999999990905,6.7968392990435e-05,,,,,,,,,False
2026-03-19 21:40:00.051377835+00:00,0.0,0.0,0.0,0.0,0.0,0.0,0.0,0.0,2149.3500000000004,2149.3,2149.4,0.09999999999990905,6.8154736522261e-05,,,,,,,,,False
2026-03-19 21:41:00.068323335+00:00,0.0,0.0,0.0,0.0,0.0,0.0,0.0,0.0,2149.25,2149.2,2149.3,0.1000000000003638,6.943452384818e-05,2148.8,2149.4,,,,,,,False
2026-03-19 21:42:00.070019745+00:00,0.0,0.0,0.0,0.0,0.0,0.0,0.0,0.0,2150.6499999999996,2150.6,2150.7,0.09999999999990905,6.8346696264551e-05,,,,,,,,,False
2026-03-19 21:43:00.069335808+00:00,0.0,0.0,0.0,0.0,0.0,0.0,0.0,0.0,2150.05,2150.0,2150.1,0.09999999999990905,6.9693562725079e-05,,,,,,,,,False
2026-03-19 21:44:00.035438666+00:00,0.0,0.0,0.0,0.0,0.0,0.0,0.0,0.0,2149.3500000000004,2149.3,2149.4,0.09999999999990905,6.9226539662977e-05,,,,,,,,,False
2026-03-19 21:45:00.045265309+00:00,0.0,0.0,0.0,0.0,0.0,0.0,0.0,0.0,2149.05,2149.0,2149.1,0.09999999999990905,6.8821613208119e-05,,,,,,,,,False
2026-03-19 21:46:00.011593904+00:00,0.0,0.0,0.0,0.0,0.0,0.0,0.0,0.0,2148.45,2148.4,2148.5,0.09999999999990905,7.0216622482345e-05,,,,,,,,,False
2026-03-19 21:47:00.038113221+00:00,0.0,0.0,0.0,0.0,0.0,0.0,0.0,0.0,2149.55,2149.5,2149.6,0.09999999999990905,6.9692956324014e-05,,,,,,,,,False
2026-03-19 21:48:00.053788045+00:00,0.0,0.0,0.0,0.0,0.0,0.0,0.0,0.0,2150.1499999999996,2150.1,2150.2,0.09999999999990905,6.7771255480624e-05,,,,,,,,,False
2026-03-19 21:49:00.062459914+00:00,0.0,0.0,0.0,0.0,0.0,0.0,0.0,0.0,2148.75,2148.7,2148.8,0.1000000000003638,6.8143913151726e-05,2148.5,2149.0,,,,,,,False
2026-03-19 21:50:00.016445103+00:00,0.0,0.0,0.0,0.0,0.0,0.0,0.0,0.0,2147.95,2147.9,2148.0,0.09999999999990905,6.8618242355065e-05,,,,,,,,,False
2026-03-19 21:51:00.130776435+00:00,0.0,0.0,0.0,0.0,0.0,0.0,0.0,0.0,2148.6499999999996,2148.6,2148.7,0.09999999999990905,6.7100064569539e-05,,,,,,,,,False
2026-03-19 21:52:00.035386443+00:00,0.0,0.0,0.0,0.0,0.0,0.0,0.0,0.0,2148.6499999999996,2148.6,2148.7,0.09999999999990905,6.5913967166421e-05,,,,,,,,,False
2026-03-19 21:53:00.031968038+00:00,0.0,0.0,0.0,0.0,0.0,0.0,0.0,0.0,2147.25,2147.2,2147.3,0.1000000000003638,6.7000096950239e-05,,,,,,,,,False
2026-03-19 21:54:00.058361914+00:00,0.0,0.0,0.0,0.0,0.0,0.0,0.0,0.0,2147.25,2147.2,2147.3,0.1000000000003638,6.6311895203084e-05,2147.0,2147.5,,,,,,,False
2026-03-19 21:55:00.010624083+00:00,0.0,0.0,0.0,0.0,0.0,0.0,0.0,0.0,2147.6499999999996,2147.6,2147.7,0.09999999999990905,6.5629385487555e-05,,,,,,,,,False
2026-03-19 21:56:00.046046996+00:00,0.0,0.0,0.0,0.0,0.0,0.0,0.0,0.0,2152.6499999999996,2152.6,2152.7,0.09999999999990905,6.3239406721581e-05,,,,,,,,,False
2026-03-19 21:57:00.115682986+00:00,0.0,0.0,0.0,0.0,0.0,0.0,0.0,0.0,2152.75,2152.7,2152.8,0.1000000000003638,6.4134332617268e-05,2152.3,2152.9,,,,,,,False
2026-03-19 21:58:00.022540408+00:00,0.0,0.0,0.0,0.0,0.0,0.0,0.0,0.0,2152.1499999999996,2152.1,2152.2,0.09999999999990905,6.4489435587182e-05,,,,,,,,,False
2026-03-19 21:59:00.052541062+00:00,0.0,0.0,0.0,0.0,0.0,0.0,0.0,0.0,2151.8500000000004,2151.8,2151.9,0.09999999999990905,6.482103410614e-05,,,,,,,,,False
2026-03-19 22:00:00.039032584+00:00,0.0,0.0,0.0,0.0,0.0,0.0,0.0,0.0,2150.3500000000004,2150.3,2150.4,0.09999999999990905,6.5397323744564e-05,,,,,,,,,False
2026-03-19 22:01:00.025348611+00:00,0.0,0.0,0.0,0.0,0.0,0.0,0.0,0.0,2151.1499999999996,2151.1,2151.2,0.09999999999990905,9.4477638641719e-05,,,,,,,,,False
2026-03-19 22:02:00.005233775+00:00,0.0,0.0,0.0,0.0,0.0,0.0,0.0,0.0,2149.6499999999996,2149.6,2149.7,0.09999999999990905,0.00010902815856247,,,,,,,,,False
2026-03-19 22:03:00.020793816+00:00,0.0,0.0,0.0,0.0,0.0,0.0,0.0,0.0,2150.3500000000004,2150.3,2150.4,0.09999999999990905,7.2231893855091e-05,,,,,,,,,False
2026-03-19 22:04:00.186017921+00:00,0.0,0.0,0.0,0.0,0.0,0.0,0.0,0.0,2148.05,2148.0,2148.1,0.09999999999990905,7.3742927908714e-05,,,,,,,,,False
2026-03-19 22:05:00.056248646+00:00,0.0,0.0,0.0,0.0,0.0,0.0,0.0,0.0,2146.8500000000004,2146.8,2146.9,0.09999999999990905,7.3658438637121e-05,,,,,,,,,False
2026-03-19 22:06:00.015956583+00:00,0.0,0.0,0.0,0.0,0.0,0.0,0.0,0.0,2143.95,2143.9,2144.0,0.09999999999990905,8.4817753453871e-05,,,,,,,,,False
2026-03-19 22:07:00.142800950+00:00,0.0,0.0,0.0,0.0,0.0,0.0,0.0,0.0,2144.25,2144.2,2144.3,0.1000000000003638,7.6820206076685e-05,2144.0,2144.5,,,,,,,False
2026-03-19 22:08:00.155001747+00:00,0.0,0.0,0.0,0.0,0.0,0.0,0.0,0.0,2147.8500000000004,2147.8,2147.9,0.09999999999990905,5.8307924497319e-05,,,,,,,,,False
2026-03-19 22:09:00.073308070+00:00,0.0,0.0,0.0,0.0,0.0,0.0,0.0,0.0,2150.55,2150.5,2150.6,0.09999999999990905,4.9839991919635e-05,,,,,,,,,False
2026-03-19 22:10:00.044002424+00:00,0.0,0.0,0.0,0.0,0.0,0.0,0.0,0.0,2149.75,2149.7,2149.8,0.1000000000003638,5.440470083024e-05,2149.4,2149.9,,,,,,,False
2026-03-19 22:11:00.012287573+00:00,0.0,0.0,0.0,0.0,0.0,0.0,0.0,0.0,2149.55,2149.5,2149.6,0.09999999999990905,5.9263371012315e-05,,,,,,,,,False
2026-03-19 22:12:00.035262411+00:00,0.0,0.0,0.0,0.0,0.0,0.0,0.0,0.0,2149.45,2149.4,2149.5,0.09999999999990905,5.7876239269596e-05,,,,,,,,,False
2026-03-19 22:13:00.078487871+00:00,0.0,0.0,0.0,0.0,0.0,0.0,0.0,0.0,2149.45,2149.4,2149.5,0.09999999999990905,6.1525478248688e-05,,,,,,,,,False
2026-03-19 22:14:00.047838950+00:00,0.0,0.0,0.0,0.0,0.0,0.0,0.0,0.0,2150.95,2150.9,2151.0,0.09999999999990905,6.8092796704977e-05,,,,,,,,,False
2026-03-19 22:15:00.166679650+00:00,0.0,0.0,0.0,0.0,0.0,0.0,0.0,0.0,2150.6499999999996,2150.6,2150.7,0.09999999999990905,6.676660442526e-05,,,,,,,,,False
2026-03-19 22:16:00.040998951+00:00,0.0,0.0,0.0,0.0,0.0,0.0,0.0,0.0,2151.55,2151.5,2151.6,0.09999999999990905,6.9426624630726e-05,,,,,,,,,False
2026-03-19 22:17:00.008342442+00:00,0.0,0.0,0.0,0.0,0.0,0.0,0.0,0.0,2149.55,2149.5,2149.6,0.09999999999990905,7.0670761311894e-05,,,,,,,,,False
2026-03-19 22:18:00.125259264+00:00,0.0,0.0,0.0,0.0,0.0,0.0,0.0,0.0,2147.95,2147.9,2148.0,0.09999999999990905,7.4783789795344e-05,,,,,,,,,False
2026-03-19 22:19:00.018702255+00:00,0.0,0.0,0.0,0.0,0.0,0.0,0.0,0.0,2149.45,2149.4,2149.5,0.09999999999990905,7.2365833439093e-05,,,,,,,,,False
2026-03-19 22:20:00.056219587+00:00,0.0,0.0,0.0,0.0,0.0,0.0,0.0,0.0,2152.05,2152.0,2152.1,0.09999999999990905,6.8945612612511e-05,,,,,,,,,False
2026-03-19 22:21:00.040339982+00:00,0.0,0.0,0.0,0.0,0.0,0.0,0.0,0.0,2151.8500000000004,2151.8,2151.9,0.09999999999990905,7.0304668283163e-05,,,,,,,,,False
2026-03-19 22:22:00.043701961+00:00,0.0,0.0,0.0,0.0,0.0,0.0,0.0,0.0,2149.95,2149.9,2150.0,0.09999999999990905,7.2050632200883e-05,,,,,,,,,False
2026-03-19 22:23:00.045659482+00:00,0.0,0.0,0.0,0.0,0.0,0.0,0.0,0.0,2149.6499999999996,2149.6,2149.7,0.09999999999990905,7.2884382975456e-05,,,,,,,,,False
2026-03-19 22:24:00.057743336+00:00,0.0,0.0,0.0,0.0,0.0,0.0,0.0,0.0,2148.45,2148.4,2148.5,0.09999999999990905,7.4639846824767e-05,,,,,,,,,False
2026-03-19 22:25:00.035873913+00:00,0.0,0.0,0.0,0.0,0.0,0.0,0.0,0.0,2150.55,2150.5,2150.6,0.09999999999990905,6.9424911224601e-05,,,,,,,,,False
2026-03-19 22:26:00.035769048+00:00,0.0,0.0,0.0,0.0,0.0,0.0,0.0,0.0,2151.05,2151.0,2151.1,0.09999999999990905,6.7717248955947e-05,,,,,,,,,False
2026-03-19 22:27:00.020309391+00:00,0.0,0.0,0.0,0.0,0.0,0.0,0.0,0.0,2151.45,2151.4,2151.5,0.09999999999990905,6.7061891921113e-05,,,,,,,,,False
2026-03-19 22:28:00.442913461+00:00,0.0,0.0,0.0,0.0,0.0,0.0,0.0,0.0,2150.8500000000004,2150.8,2150.9,0.09999999999990905,6.6543435183078e-05,,,,,,,,,False
2026-03-19 22:29:00.035724665+00:00,0.0,0.0,0.0,0.0,0.0,0.0,0.0,0.0,2151.8500000000004,2151.8,2151.9,0.09999999999990905,6.3940421973136e-05,,,,,,,,,False
2026-03-19 22:30:00.053651946+00:00,0.0,0.0,0.0,0.0,0.0,0.0,0.0,0.0,2149.95,2149.9,2150.0,0.09999999999990905,6.343828430681e-05,,,,,,0.0,0.0,uneconomic_spread,False
2026-03-19 22:31:00.035820456+00:00,0.0,0.0,0.0,0.0,0.0,0.0,0.0,0.0,2148.05,2148.0,2148.1,0.09999999999990905,6.7168605521076e-05,,,,,,,,,False
2026-03-19 22:32:00.041068407+00:00,0.0,0.0,0.0,0.0,0.0,0.0,0.0,0.0,2149.25,2149.2,2149.3,0.1000000000003638,6.5094794901316e-05,2148.9,2149.4,,,,,,,False
2026-03-19 22:33:00.035553702+00:00,0.0,0.0,0.0,0.0,0.0,0.0,0.0,0.0,2144.75,2144.7,2144.8,0.1000000000003638,6.1332380473655e-05,,,,,,,,,False
2026-03-19 22:34:00.062618192+00:00,0.0,0.0,0.0,0.0,0.0,0.0,0.0,0.0,2142.8500000000004,2142.8,2142.9,0.09999999999990905,6.5735579859889e-05,,,,,,,,,False
2026-03-19 22:35:00.063254571+00:00,0.0,0.0,0.0,0.0,0.0,0.0,0.0,0.0,2142.75,2142.7,2142.8,0.1000000000003638,6.3559268784908e-05,2142.4,2143.0,,,,,,,False
2026-03-19 22:36:00.037986643+00:00,0.0,0.0,0.0,0.0,0.0,0.0,0.0,0.0,2138.1499999999996,2138.1,2138.2,0.09999999999990905,6.318985914962e-05,,,,,,,,,False
2026-03-19 22:37:00.017589842+00:00,0.0,0.0,0.0,0.0,0.0,0.0,0.0,0.0,2135.1499999999996,2135.1,2135.2,0.09999999999990905,6.5524714154969e-05,,,,,,,,,False
2026-03-19 22:38:00.008308433+00:00,0.0,0.0,0.0,0.0,0.0,0.0,0.0,0.0,2135.45,2135.4,2135.5,0.09999999999990905,6.2512502981132e-05,,,,,,0.0,0.0,uneconomic_spread,False
2026-03-19 22:39:00.036462361+00:00,0.0,0.0,0.0,0.0,0.0,0.0,0.0,0.0,2136.95,2136.9,2137.0,0.09999999999990905,5.9608690565145e-05,,,,,,,,,False
2026-03-19 22:40:00.035565041+00:00,0.0,0.0,0.0,0.0,0.0,0.0,0.0,0.0,2137.8500000000004,2137.8,2137.9,0.09999999999990905,5.6754841209672e-05,,,,,,,,,False
2026-03-19 22:41:00.047881653+00:00,0.0,0.0,0.0,0.0,0.0,0.0,0.0,0.0,2135.8500000000004,2135.8,2135.9,0.09999999999990905,5.8116529439756e-05,,,,,,,,,False
2026-03-19 22:42:00.036178594+00:00,0.0,0.0,0.0,0.0,0.0,0.0,0.0,0.0,2137.1499999999996,2137.1,2137.2,0.09999999999990905,5.5252893396359e-05,,,,,,,,,False
2026-03-19 22:43:00.026047883+00:00,0.0,0.0,0.0,0.0,0.0,0.0,0.0,0.0,2136.95,2136.9,2137.0,0.09999999999990905,5.508105938287e-05,,,,,,,,,False
2026-03-19 22:44:00.059420176+00:00,0.0,0.0,0.0,0.0,0.0,0.0,0.0,0.0,2139.25,2139.2,2139.3,0.1000000000003638,5.200165090524e-05,2139.0,2139.5,,,,,,,False
2026-03-19 22:45:00.025048459+00:00,0.0,0.0,0.0,0.0,0.0,0.0,0.0,0.0,2139.05,2139.0,2139.1,0.09999999999990905,5.1632319372658e-05,,,,,,,,,False
2026-03-19 22:46:00.135666463+00:00,0.0,0.0,0.0,0.0,0.0,0.0,0.0,0.0,2138.1499999999996,2138.1,2138.2,0.09999999999990905,5.1576287782322e-05,,,,,,,,,False
2026-03-19 22:47:00.074977332+00:00,0.0,0.0,0.0,0.0,0.0,0.0,0.0,0.0,2137.25,2137.2,2137.3,0.1000000000003638,5.1858734241058e-05,2136.9,2137.5,,,,,,,False
2026-03-19 22:48:00.025423542+00:00,0.0,0.0,0.0,0.0,0.0,0.0,0.0,0.0,2135.6499999999996,2135.6,2135.7,0.09999999999990905,5.1724786171282e-05,,,,,,,,,False
2026-03-19 22:49:00.032013591+00:00,0.0,0.0,0.0,0.0,0.0,0.0,0.0,0.0,2137.3500000000004,2137.3,2137.4,0.09999999999990905,5.0066988632416e-05,,,,,,,,,False
2026-03-19 22:50:00.052035495+00:00,0.0,0.0,0.0,0.0,0.0,0.0,0.0,0.0,2139.55,2139.5,2139.6,0.09999999999990905,4.7531596016844e-05,,,,,,,,,False
2026-03-19 22:51:00.014476685+00:00,0.0,0.0,0.0,0.0,0.0,0.0,0.0,0.0,2141.25,2141.2,2141.3,0.1000000000003638,4.4735574195384e-05,,,,,,,,,False
2026-03-19 22:52:00.044501598+00:00,0.0,0.0,0.0,0.0,0.0,0.0,0.0,0.0,2141.1499999999996,2141.1,2141.2,0.09999999999990905,4.4441631111035e-05,,,,,,,,,False
2026-03-19 22:53:00.018539711+00:00,0.0,0.0,0.0,0.0,0.0,0.0,0.0,0.0,2140.3500000000004,2140.3,2140.4,0.09999999999990905,4.3651217685391e-05,,,,,,,,,False
2026-03-19 22:54:00.005630416+00:00,0.0,0.0,0.0,0.0,0.0,0.0,0.0,0.0,2139.8500000000004,2139.8,2139.9,0.09999999999990905,4.3307366684842e-05,,,,,,,,,False
2026-03-19 22:55:00.097986997+00:00,0.0,0.0,0.0,0.0,0.0,0.0,0.0,0.0,2141.1499999999996,2141.1,2141.2,0.09999999999990905,4.18194891381e-05,,,,,,,,,False
2026-03-19 22:56:00.137625254+00:00,0.0,0.0,0.0,0.0,0.0,0.0,0.0,0.0,2138.45,2138.4,2138.5,0.09999999999990905,4.2220773496913e-05,,,,,,0.0,0.0,uneconomic_spread,False
2026-03-19 22:57:00.041484274+00:00,0.0,0.0,0.0,0.0,0.0,0.0,0.0,0.0,2138.25,2138.2,2138.3,0.1000000000003638,4.2050023285703e-05,2137.9,2138.5,,,,,,,False
2026-03-19 22:58:00.039426950+00:00,0.0,0.0,0.0,0.0,0.0,0.0,0.0,0.0,2138.6499999999996,2138.6,2138.7,0.09999999999990905,4.1012424438928e-05,,,,,,,,,False
2026-03-19 22:59:00.063265484+00:00,0.0,0.0,0.0,0.0,0.0,0.0,0.0,0.0,2138.6499999999996,2138.6,2138.7,0.09999999999990905,3.9906580423692e-05,,,,,,,,,False
2026-03-19 23:00:00.056324326+00:00,0.0,0.0,0.0,0.0,0.0,0.0,0.0,0.0,2140.1499999999996,2140.1,2140.2,0.09999999999990905,3.7987146931025e-05,,,,,,0.0,0.0,uneconomic_spread,False
2026-03-19 23:01:00.028413044+00:00,0.0,0.0,0.0,0.0,0.0,0.0,0.0,0.0,2142.75,2142.7,2142.8,0.1000000000003638,-7.0803581996577e-05,,,,,,,,,False
2026-03-19 23:02:00.036016595+00:00,0.0,0.0,0.0,0.0,0.0,0.0,0.0,0.0,2142.8500000000004,2142.8,2142.9,0.09999999999990905,2.5688611270749e-05,,,,,,,,,False
2026-03-19 23:03:00.136205724+00:00,0.0,0.0,0.0,0.0,0.0,0.0,0.0,0.0,2144.95,2144.9,2145.0,0.09999999999990905,4.226233248429e-05,,,,,,,,,False
2026-03-19 23:04:00.035893683+00:00,0.0,0.0,0.0,0.0,0.0,0.0,0.0,0.0,2146.1499999999996,2146.1,2146.2,0.09999999999990905,3.8125910140798e-05,,,,,,,,,False
2026-03-19 23:05:00.004532346+00:00,0.0,0.0,0.0,0.0,0.0,0.0,0.0,0.0,2146.3500000000004,2146.3,2146.4,0.09999999999990905,3.316964708297e-05,,,,,,,,,False
2026-03-19 23:06:00.058994390+00:00,0.0,0.0,0.0,0.0,0.0,0.0,0.0,0.0,2146.75,2146.7,2146.8,0.1000000000003638,3.5354317973468e-05,2146.5,2147.0,,,,,,,False
2026-03-19 23:07:00.016005083+00:00,0.0,0.0,0.0,0.0,0.0,0.0,0.0,0.0,2147.25,2147.2,2147.3,0.1000000000003638,4.2947807326539e-05,,,,,,,,,False
2026-03-19 23:08:00.039810013+00:00,0.0,0.0,0.0,0.0,0.0,0.0,0.0,0.0,2146.8500000000004,2146.8,2146.9,0.09999999999990905,5.0579396514387e-05,,,,,,,,,False
2026-03-19 23:09:00.006913463+00:00,0.0,0.0,0.0,0.0,0.0,0.0,0.0,0.0,2146.95,2146.9,2147.0,0.09999999999990905,5.7879039980654e-05,,,,,,,,,False
2026-03-19 23:10:00.010128733+00:00,0.0,0.0,0.0,0.0,0.0,0.0,0.0,0.0,2146.3500000000004,2146.3,2146.4,0.09999999999990905,6.2230490686061e-05,,,,,,,,,False
2026-03-19 23:11:00.052062876+00:00,0.0,0.0,0.0,0.0,0.0,0.0,0.0,0.0,2144.8500000000004,2144.8,2144.9,0.09999999999990905,6.726290209105e-05,,,,,,,,,False
2026-03-19 23:12:00.048946948+00:00,0.0,0.0,0.0,0.0,0.0,0.0,0.0,0.0,2146.05,2146.0,2146.1,0.09999999999990905,6.4071525977196e-05,,,,,,,,,False
2026-03-19 23:13:00.028161978+00:00,0.0,0.0,0.0,0.0,0.0,0.0,0.0,0.0,2146.95,2146.9,2147.0,0.09999999999990905,5.6596986098506e-05,,,,,,,,,False
2026-03-19 23:14:00.036593255+00:00,0.0,0.0,0.0,0.0,0.0,0.0,0.0,0.0,2146.75,2146.7,2146.8,0.1000000000003638,4.7293494174871e-05,2146.5,2147.0,,,,,,,False
2026-03-19 23:15:00.092123077+00:00,0.0,0.0,0.0,0.0,0.0,0.0,0.0,0.0,2146.55,2146.5,2146.6,0.09999999999990905,4.2383886811398e-05,,,,,,,,,False
2026-03-19 23:16:00.014691244+00:00,0.0,0.0,0.0,0.0,0.0,0.0,0.0,0.0,2143.6499999999996,2143.6,2143.7,0.09999999999990905,4.7506484898222e-05,,,,,,,,,False
2026-03-19 23:17:00.106159203+00:00,0.0,0.0,0.0,0.0,0.0,0.0,0.0,0.0,2143.3500000000004,2143.3,2143.4,0.09999999999990905,4.445612820679e-05,,,,,,,,,False
2026-03-19 23:18:00.051873490+00:00,0.0,0.0,0.0,0.0,0.0,0.0,0.0,0.0,2143.75,2143.7,2143.8,0.1000000000003638,4.2402679163288e-05,2143.5,2144.0,,,,,,,False
2026-03-19 23:19:00.035024450+00:00,0.0,0.0,0.0,0.0,0.0,0.0,0.0,0.0,2142.05,2142.0,2142.1,0.09999999999990905,4.1579933517442e-05,,,,,,,,,False
2026-03-19 23:20:00.030990739+00:00,0.0,0.0,0.0,0.0,0.0,0.0,0.0,0.0,2140.3500000000004,2140.3,2140.4,0.09999999999990905,4.1280993175358e-05,,,,,,,,,False
2026-03-19 23:21:00.042552671+00:00,0.0,0.0,0.0,0.0,0.0,0.0,0.0,0.0,2139.6499999999996,2139.6,2139.7,0.09999999999990905,3.9165108901581e-05,,,,,,,,,False
2026-03-19 23:22:00.336138736+00:00,0.0,0.0,0.0,0.0,0.0,0.0,0.0,0.0,2139.45,2139.4,2139.5,0.09999999999990905,3.9963986475254e-05,,,,,,,,,False
2026-03-19 23:23:00.023719629+00:00,0.0,0.0,0.0,0.0,0.0,0.0,0.0,0.0,2138.3500000000004,2138.3,2138.4,0.09999999999990905,3.9998595392825e-05,,,,,,,,,False
2026-03-19 23:24:00.135503136+00:00,0.0,0.0,0.0,0.0,0.0,0.0,0.0,0.0,2137.6499999999996,2137.6,2137.7,0.09999999999990905,3.9399104870186e-05,,,,,,,,,False
2026-03-19 23:25:00.038022486+00:00,0.0,0.0,0.0,0.0,0.0,0.0,0.0,0.0,2138.45,2138.4,2138.5,0.09999999999990905,3.8807722120183e-05,,,,,,,,,False
2026-03-19 23:26:00.026327792+00:00,0.0,0.0,0.0,0.0,0.0,0.0,0.0,0.0,2140.1499999999996,2140.1,2140.2,0.09999999999990905,3.5035425548578e-05,,,,,,,,,False
2026-03-19 23:27:00.062765771+00:00,0.0,0.0,0.0,0.0,0.0,0.0,0.0,0.0,2138.95,2138.9,2139.0,0.09999999999990905,3.5086536357272e-05,,,,,,,,,False
2026-03-19 23:28:00.040576524+00:00,0.0,0.0,0.0,0.0,0.0,0.0,0.0,0.0,2140.75,2140.7,2140.8,0.1000000000003638,3.1999528702625e-05,2140.5,2141.1,,,,,,,False
2026-03-19 23:29:00.027211316+00:00,0.0,0.0,0.0,0.0,0.0,0.0,0.0,0.0,2142.8500000000004,2142.8,2142.9,0.09999999999990905,2.6285623487355e-05,,,,,,,,,False
2026-03-19 23:30:00.017628552+00:00,0.0,0.0,0.0,0.0,0.0,0.0,0.0,0.0,2142.6499999999996,2142.6,2142.7,0.09999999999990905,2.6189376586849e-05,,,,,,,,,False
2026-03-19 23:31:00.031885559+00:00,0.0,0.0,0.0,0.0,0.0,0.0,0.0,0.0,2142.75,2142.7,2142.8,0.1000000000003638,2.4455332860642e-05,,,,,,,,,False
2026-03-19 23:32:00.136042129+00:00,0.0,0.0,0.0,0.0,0.0,0.0,0.0,0.0,2140.6499999999996,2140.6,2140.7,0.09999999999990905,2.6123268502974e-05,,,,,,,,,False
2026-03-19 23:33:00.038089875+00:00,0.0,0.0,0.0,0.0,0.0,0.0,0.0,0.0,2139.45,2139.4,2139.5,0.09999999999990905,2.5104497434668e-05,,,,,,,,,False
2026-03-19 23:34:00.115180219+00:00,0.0,0.0,0.0,0.0,0.0,0.0,0.0,0.0,2138.6499999999996,2138.6,2138.7,0.09999999999990905,2.5874706857771e-05,,,,,,,,,False
2026-03-19 23:35:00.051025307+00:00,0.0,0.0,0.0,0.0,0.0,0.0,0.0,0.0,2136.1499999999996,2136.1,2136.2,0.09999999999990905,2.5178700008966e-05,,,,,,,,,False
2026-03-19 23:36:00.036142703+00:00,0.0,0.0,0.0,0.0,0.0,0.0,0.0,0.0,2136.45,2136.4,2136.5,0.09999999999990905,2.6490804361527e-05,,,,,,,,,False
2026-03-19 23:37:00.091186571+00:00,0.0,0.0,0.0,0.0,0.0,0.0,0.0,0.0,2136.55,2136.5,2136.6,0.09999999999990905,2.7284262438408e-05,,,,,,,,,False
2026-03-19 23:38:00.037403858+00:00,0.0,0.0,0.0,0.0,0.0,0.0,0.0,0.0,2135.25,2135.2,2135.3,0.1000000000003638,2.8266813891121e-05,2134.9,2135.5,,,,,,,False
2026-03-19 23:39:00.045754305+00:00,0.0,0.0,0.0,0.0,0.0,0.0,0.0,0.0,2135.8500000000004,2135.8,2135.9,0.09999999999990905,2.7882325742215e-05,,,,,,,,,False
2026-03-19 23:40:00.029636997+00:00,0.0,0.0,0.0,0.0,0.0,0.0,0.0,0.0,2131.75,2131.7,2131.8,0.1000000000003638,2.9197071595569e-05,,,,,,,,,False
2026-03-19 23:41:00.050522009+00:00,0.0,0.0,0.0,0.0,0.0,0.0,0.0,0.0,2132.55,2132.5,2132.6,0.09999999999990905,3.1191962053102e-05,,,,,,,,,False
2026-03-19 23:42:00.048718025+00:00,0.0,0.0,0.0,0.0,0.0,0.0,0.0,0.0,2134.8500000000004,2134.8,2134.9,0.09999999999990905,3.0716845399997e-05,,,,,,,,,False
2026-03-19 23:43:00.036281747+00:00,0.0,0.0,0.0,0.0,0.0,0.0,0.0,0.0,2132.6499999999996,2132.6,2132.7,0.09999999999990905,3.1149338068449e-05,,,,,,,,,False
2026-03-19 23:44:00.077390244+00:00,0.0,0.0,0.0,0.0,0.0,0.0,0.0,0.0,2133.3500000000004,2133.3,2133.4,0.09999999999990905,3.3651023754555e-05,,,,,,,,,False
2026-03-19 23:45:00.052497811+00:00,0.0,0.0,0.0,0.0,0.0,0.0,0.0,0.0,2134.6499999999996,2134.6,2134.7,0.09999999999990905,3.3662294575527e-05,,,,,,,,,False
2026-03-19 23:46:00.007701640+00:00,0.0,0.0,0.0,0.0,0.0,0.0,0.0,0.0,2134.6499999999996,2134.6,2134.7,0.09999999999990905,3.3128950829583e-05,,,,,,,,,False
2026-03-19 23:47:00.026040538+00:00,0.0,0.0,0.0,0.0,0.0,0.0,0.0,0.0,2135.75,2135.7,2135.8,0.1000000000003638,3.2753120540302e-05,2135.5,2136.1,,,,,,,False
2026-03-19 23:48:00.065494553+00:00,0.0,0.0,0.0,0.0,0.0,0.0,0.0,0.0,2136.25,2136.2,2136.3,0.1000000000003638,3.2078505753371e-05,2136.0,2136.5,,,,,,,False
2026-03-19 23:49:00.039154150+00:00,0.0,0.0,0.0,0.0,0.0,0.0,0.0,0.0,2136.75,2136.7,2136.8,0.1000000000003638,3.1839207839533e-05,2136.5,2137.0,,,,,,,False
2026-03-19 23:50:00.038049879+00:00,0.0,0.0,0.0,0.0,0.0,0.0,0.0,0.0,2136.3500000000004,2136.3,2136.4,0.09999999999990905,3.1678942700352e-05,,,,,,,,,False
2026-03-19 23:51:00.023906577+00:00,0.0,0.0,0.0,0.0,0.0,0.0,0.0,0.0,2136.55,2136.5,2136.6,0.09999999999990905,3.2770230220552e-05,,,,,,,,,False
2026-03-19 23:52:00.016246703+00:00,0.0,0.0,0.0,0.0,0.0,0.0,0.0,0.0,2135.6499999999996,2135.6,2135.7,0.09999999999990905,3.3738226786003e-05,,,,,,,,,False
2026-03-19 23:53:00.045179391+00:00,0.0,0.0,0.0,0.0,0.0,0.0,0.0,0.0,2136.25,2136.2,2136.3,0.1000000000003638,3.284614283039e-05,2136.0,2136.5,,,,,,,False
2026-03-19 23:54:00.042866603+00:00,0.0,0.0,0.0,0.0,0.0,0.0,0.0,0.0,2137.55,2137.5,2137.6,0.09999999999990905,3.1695975583473e-05,,,,,,,,,False
2026-03-19 23:55:00.084642294+00:00,0.0,0.0,0.0,0.0,0.0,0.0,0.0,0.0,2137.8500000000004,2137.8,2137.9,0.09999999999990905,3.1353441941047e-05,,,,,,,,,False
2026-03-19 23:56:00.014813504+00:00,0.0,0.0,0.0,0.0,0.0,0.0,0.0,0.0,2138.1499999999996,2138.1,2138.2,0.09999999999990905,3.0147109955809e-05,,,,,,,,,False
2026-03-19 23:57:00.257593854+00:00,0.0,0.0,0.0,0.0,0.0,0.0,0.0,0.0,2139.6499999999996,2139.6,2139.7,0.09999999999990905,2.9883581501504e-05,,,,,,,,,False
2026-03-19 23:58:00.005103159+00:00,0.0,0.0,0.0,0.0,0.0,0.0,0.0,0.0,2138.25,2138.2,2138.3,0.1000000000003638,3.1446662243672e-05,2138.0,2138.5,,,,,,,False
2026-03-19 23:59:00.032069607+00:00,0.0,0.0,0.0,0.0,0.0,0.0,0.0,0.0,2137.45,2137.4,2137.5,0.09999999999990905,3.232445922435e-05,,,,,,,,,False
2026-03-20 00:00:00.005986920+00:00,0.0,0.0,0.0,0.0,0.0,0.0,0.0,0.0,2137.95,2137.9,2138.0,0.09999999999990905,3.2733530764524e-05,,,,,,,,,False
2026-03-20 00:01:00.042370914+00:00,0.0,0.0,0.0,0.0,0.0,0.0,0.0,0.0,2138.75,2138.7,2138.8,0.1000000000003638,-1.6722276466189e-05,2138.5,,,,,,,,False
2026-03-20 00:02:00.053230768+00:00,0.0,0.0,0.0,0.0,0.0,0.0,0.0,0.0,2140.05,2140.0,2140.1,0.09999999999990905,1.5059441752741e-05,,,,,,,,,False
2026-03-20 00:03:00.036361360+00:00,0.0,0.0,0.0,0.0,0.0,0.0,0.0,0.0,2137.55,2137.5,2137.6,0.09999999999990905,3.2302207048686e-05,,,,,,,,,False
2026-03-20 00:04:00.008519078+00:00,0.0,0.0,0.0,0.0,0.0,0.0,0.0,0.0,2134.95,2134.9,2135.0,0.09999999999990905,3.4978988783535e-05,,,,,,,,,False
2026-03-20 00:05:00.030059989+00:00,0.0,0.0,0.0,0.0,0.0,0.0,0.0,0.0,2136.1499999999996,2136.1,2136.2,0.09999999999990905,3.588183656422e-05,,,,,,,,,False
2026-03-20 00:06:00.036293730+00:00,0.0,0.0,0.0,0.0,0.0,0.0,0.0,0.0,2137.45,2137.4,2137.5,0.09999999999990905,4.0816888480539e-05,,,,,,,,,False
2026-03-20 00:07:00.051039300+00:00,0.0,0.0,0.0,0.0,0.0,0.0,0.0,0.0,2139.6499999999996,2139.6,2139.7,0.09999999999990905,3.1592406706313e-05,,,,,,,,,False
2026-03-20 00:08:00.019073462+00:00,0.0,0.0,0.0,0.0,0.0,0.0,0.0,0.0,2139.6499999999996,2139.6,2139.7,0.09999999999990905,3.2897276634972e-05,,,,,,,,,False
2026-03-20 00:09:00.048537532+00:00,0.0,0.0,0.0,0.0,0.0,0.0,0.0,0.0,2143.55,2143.5,2143.6,0.09999999999990905,2.0607014487362e-05,,,,,,,,,False
2026-03-20 00:10:00.132822216+00:00,0.0,0.0,0.0,0.0,0.0,0.0,0.0,0.0,2142.8500000000004,2142.8,2142.9,0.09999999999990905,1.567819418454e-05,,,,,,,,,False
2026-03-20 00:11:00.050476063+00:00,0.0,0.0,0.0,0.0,0.0,0.0,0.0,0.0,2146.05,2146.0,2146.1,0.09999999999990905,1.2604321527253e-05,,,,,,,,,False
2026-03-20 00:12:00.264414096+00:00,0.0,0.0,0.0,0.0,0.0,0.0,0.0,0.0,2144.6499999999996,2144.6,2144.7,0.09999999999990905,1.8117348200877e-05,,,,,,,,,False
2026-03-20 00:13:00.062759611+00:00,0.0,0.0,0.0,0.0,0.0,0.0,0.0,0.0,2144.3500000000004,2144.3,2144.4,0.09999999999990905,1.7090293297558e-05,,,,,,,,,False
2026-03-20 00:14:00.049103292+00:00,0.0,0.0,0.0,0.0,0.0,0.0,0.0,0.0,2144.55,2144.5,2144.6,0.09999999999990905,1.2191797088455e-05,,,,,,,,,False
2026-03-20 00:15:00.037833144+00:00,0.0,0.0,0.0,0.0,0.0,0.0,0.0,0.0,2144.55,2144.5,2144.6,0.09999999999990905,1.0054803217759e-05,,,,,,,,,False
2026-03-20 00:16:00.020652655+00:00,0.0,0.0,0.0,0.0,0.0,0.0,0.0,0.0,2144.45,2144.4,2144.5,0.09999999999990905,8.508503371254e-06,,,,,,,,,False
2026-03-20 00:17:00.036243336+00:00,0.0,0.0,0.0,0.0,0.0,0.0,0.0,0.0,2144.75,2144.7,2144.8,0.1000000000003638,8.269088256458e-06,2144.5,2145.0,,,,,,,False
2026-03-20 00:18:00.071795131+00:00,0.0,0.0,0.0,0.0,0.0,0.0,0.0,0.0,2146.45,2146.4,2146.5,0.09999999999990905,5.029060525532e-06,,,,,,,,,False
2026-03-20 00:19:00.007297173+00:00,0.0,0.0,0.0,0.0,0.0,0.0,0.0,0.0,2147.8500000000004,2147.8,2147.9,0.09999999999990905,5.536640714318e-06,,,,,,,,,False
2026-03-20 00:20:00.338657464+00:00,0.0,0.0,0.0,0.0,0.0,0.0,0.0,0.0,2145.8500000000004,2145.8,2145.9,0.09999999999990905,7.693237047452e-06,,,,,,0.0,0.0,uneconomic_spread,False
2026-03-20 00:21:00.027494672+00:00,0.0,0.0,0.0,0.0,0.0,0.0,0.0,0.0,2145.1499999999996,2145.1,2145.2,0.09999999999990905,7.926845769173e-06,,,,,,,,,False
2026-03-20 00:22:00.137881527+00:00,0.0,0.0,0.0,0.0,0.0,0.0,0.0,0.0,2144.8500000000004,2144.8,2144.9,0.09999999999990905,9.252863970595e-06,,,,,,,,,False
2026-03-20 00:23:00.036169302+00:00,0.0,0.0,0.0,0.0,0.0,0.0,0.0,0.0,2145.05,2145.0,2145.1,0.09999999999990905,9.449705316716e-06,,,,,,,,,False
2026-03-20 00:24:00.022696299+00:00,0.0,0.0,0.0,0.0,0.0,0.0,0.0,0.0,2139.6499999999996,2139.6,2139.7,0.09999999999990905,1.4845808112171e-05,,,,,,,,,False
2026-03-20 00:25:00.006488682+00:00,0.0,0.0,0.0,0.0,0.0,0.0,0.0,0.0,2140.6499999999996,2140.6,2140.7,0.09999999999990905,1.6534089451266e-05,,,,,,,,,False
2026-03-20 00:26:00.062384690+00:00,0.0,0.0,0.0,0.0,0.0,0.0,0.0,0.0,2142.95,2142.9,2143.0,0.09999999999990905,1.4466893738013e-05,,,,,,,,,False
2026-03-20 00:27:00.037629060+00:00,0.0,0.0,0.0,0.0,0.0,0.0,0.0,0.0,2142.6499999999996,2142.6,2142.7,0.09999999999990905,1.5014347738887e-05,,,,,,,,,False
2026-03-20 00:28:00.043488389+00:00,0.0,0.0,0.0,0.0,0.0,0.0,0.0,0.0,2140.25,2140.2,2140.3,0.1000000000003638,1.8770248566175e-05,2140.0,2140.5,,,,,,,False
2026-03-20 00:29:00.054947824+00:00,0.0,0.0,0.0,0.0,0.0,0.0,0.0,0.0,2142.55,2142.5,2142.6,0.09999999999990905,1.864789163058e-05,,,,,,,,,False
2026-03-20 00:30:00.027670209+00:00,0.0,0.0,0.0,0.0,0.0,0.0,0.0,0.0,2142.95,2142.9,2143.0,0.09999999999990905,1.8733379342295e-05,,,,,,,,,False
2026-03-20 00:31:00.017060961+00:00,0.0,0.0,0.0,0.0,0.0,0.0,0.0,0.0,2143.1499999999996,2143.1,2143.2,0.09999999999990905,1.8228215603775e-05,,,,,,,,,False
2026-03-20 00:32:00.081608779+00:00,0.0,0.0,0.0,0.0,0.0,0.0,0.0,0.0,2142.05,2142.0,2142.1,0.09999999999990905,1.8911104441385e-05,,,,,,,,,False
2026-03-20 00:33:00.014834077+00:00,0.0,0.0,0.0,0.0,0.0,0.0,0.0,0.0,2143.05,2143.0,2143.1,0.09999999999990905,1.8447408678557e-05,,,,,,,,,False
2026-03-20 00:34:00.044780548+00:00,0.0,0.0,0.0,0.0,0.0,0.0,0.0,0.0,2144.95,2144.9,2145.0,0.09999999999990905,1.6373020750164e-05,,,,,,,,,False
2026-03-20 00:35:00.036255315+00:00,0.0,0.0,0.0,0.0,0.0,0.0,0.0,0.0,2144.95,2144.9,2145.0,0.09999999999990905,1.4729890400408e-05,,,,,,,,,False
2026-03-20 00:36:00.067042721+00:00,0.0,0.0,0.0,0.0,0.0,0.0,0.0,0.0,2147.55,2147.5,2147.6,0.09999999999990905,1.2874709298237e-05,,,,,,,,,False
2026-03-20 00:37:00.043994047+00:00,0.0,0.0,0.0,0.0,0.0,0.0,0.0,0.0,2143.1499999999996,2143.1,2143.2,0.09999999999990905,1.659739212699e-05,,,,,,,,,False
2026-03-20 00:38:00.031961400+00:00,0.0,0.0,0.0,0.0,0.0,0.0,0.0,0.0,2145.45,2145.4,2145.5,0.09999999999990905,1.2499971156785e-05,,,,,,,,,False
2026-03-20 00:39:00.035798211+00:00,0.0,0.0,0.0,0.0,0.0,0.0,0.0,0.0,2147.55,2147.5,2147.6,0.09999999999990905,1.2007109663351e-05,,,,,,,,,False
2026-03-20 00:40:00.006919389+00:00,0.0,0.0,0.0,0.0,0.0,0.0,0.0,0.0,2148.6499999999996,2148.6,2148.7,0.09999999999990905,1.0688945154069e-05,,,,,,,,,False
2026-03-20 00:41:00.036101516+00:00,0.0,0.0,0.0,0.0,0.0,0.0,0.0,0.0,2148.75,2148.7,2148.8,0.1000000000003638,1.0017424755504e-05,,,,,,,,,False
2026-03-20 00:42:00.037892894+00:00,0.0,0.0,0.0,0.0,0.0,0.0,0.0,0.0,2147.6499999999996,2147.6,2147.7,0.09999999999990905,9.713093528821e-06,,,,,,,,,False
2026-03-20 00:43:00.025662567+00:00,0.0,0.0,0.0,0.0,0.0,0.0,0.0,0.0,2147.25,2147.2,2147.3,0.1000000000003638,1.0042713118125e-05,2146.9,2147.5,2147.2426508358167,2147.235144020958,0.2,-0.025022716195357304,-0.36261553424006293,ok,False
2026-03-20 00:44:00.021338016+00:00,0.0,0.0,0.0,0.0,0.0,0.0,0.0,0.0,2146.45,2146.4,2146.5,0.09999999999990905,1.1688106823864e-05,,,,,,,,,False
2026-03-20 00:45:00.077181995+00:00,0.0,0.0,0.0,0.0,0.0,0.0,0.0,0.0,2146.05,2146.0,2146.1,0.09999999999990905,1.393731054613e-05,,,,,,,,,False
2026-03-20 00:46:00.047458977+00:00,0.0,0.0,0.0,0.0,0.0,0.0,0.0,0.0,2147.8500000000004,2147.8,2147.9,0.09999999999990905,1.3127926084417e-05,,,,,,,,,False
2026-03-20 00:47:00.042176864+00:00,0.0,0.0,0.0,0.0,0.0,0.0,0.0,0.0,2147.25,2147.2,2147.3,0.1000000000003638,1.3442866735829e-05,,,,,,,,,False
2026-03-20 00:48:00.035844890+00:00,0.0,0.0,0.0,0.0,0.0,0.0,0.0,0.0,2146.95,2146.9,2147.0,0.09999999999990905,1.3959638250611e-05,,,,,,,,,False
2026-03-20 00:49:00.035973106+00:00,0.0,0.0,0.0,0.0,0.0,0.0,0.0,0.0,2146.3500000000004,2146.3,2146.4,0.09999999999990905,1.6026035916303e-05,,,,,,,,,False
2026-03-20 00:50:00.042486754+00:00,0.0,0.0,0.0,0.0,0.0,0.0,0.0,0.0,2146.25,2146.2,2146.3,0.1000000000003638,1.6503872758587e-05,2145.9,2146.5,,,,,,,False
2026-03-20 00:51:00.074519059+00:00,0.0,0.0,0.0,0.0,0.0,0.0,0.0,0.0,2145.55,2145.5,2145.6,0.09999999999990905,1.8234597430595e-05,,,,,,,,,False
2026-03-20 00:52:00.006822875+00:00,0.0,0.0,0.0,0.0,0.0,0.0,0.0,0.0,2146.45,2146.4,2146.5,0.09999999999990905,1.8005246601654e-05,,,,,,,,,False
2026-03-20 00:53:00.028932200+00:00,0.0,0.0,0.0,0.0,0.0,0.0,0.0,0.0,2144.1499999999996,2144.1,2144.2,0.09999999999990905,2.0463356767464e-05,,,,,,,,,False
2026-03-20 00:54:00.037990038+00:00,0.0,0.0,0.0,0.0,0.0,0.0,0.0,0.0,2144.1499999999996,2144.1,2144.2,0.09999999999990905,2.1819567704263e-05,,,,,,,,,False
2026-03-20 00:55:00.032885505+00:00,0.0,0.0,0.0,0.0,0.0,0.0,0.0,0.0,2144.25,2144.2,2144.3,0.1000000000003638,2.2134706841761e-05,2144.0,,,,,,,,False
2026-03-20 00:56:00.042849445+00:00,0.0,0.0,0.0,0.0,0.0,0.0,0.0,0.0,2143.3500000000004,2143.3,2143.4,0.09999999999990905,2.2707914257658e-05,,,,,,,,,False
2026-03-20 00:57:00.036713968+00:00,0.0,0.0,0.0,0.0,0.0,0.0,0.0,0.0,2143.95,2143.9,2144.0,0.09999999999990905,2.3685055318727e-05,,,,,,,,,False
2026-03-20 00:58:00.023220742+00:00,0.0,0.0,0.0,0.0,0.0,0.0,0.0,0.0,2145.1499999999996,2145.1,2145.2,0.09999999999990905,2.2700393842149e-05,,,,,,,,,False
2026-03-20 00:59:00.051094724+00:00,0.0,0.0,0.0,0.0,0.0,0.0,0.0,0.0,2145.1499999999996,2145.1,2145.2,0.09999999999990905,2.3784031659558e-05,,,,,,,,,False
2026-03-20 01:00:00.077571712+00:00,0.0,0.0,0.0,0.0,0.0,0.0,0.0,0.0,2145.75,2145.7,2145.8,0.1000000000003638,2.3304752705895e-05,,,,,,,,,False
2026-03-20 01:01:00.057331345+00:00,0.0,0.0,0.0,0.0,0.0,0.0,0.0,0.0,2148.55,2148.5,2148.6,0.09999999999990905,-2.845602035067e-05,,,,,,,,,False
2026-03-20 01:02:00.043782662+00:00,0.0,0.0,0.0,0.0,0.0,0.0,0.0,0.0,2150.3500000000004,2150.3,2150.4,0.09999999999990905,-7.2842485772081e-05,,,,,,,,,False
2026-03-20 01:03:00.035569290+00:00,0.0,0.0,0.0,0.0,0.0,0.0,0.0,0.0,2151.6499999999996,2151.6,2151.7,0.09999999999990905,-6.5873219881719e-05,,,,,,,,,False
2026-03-20 01:04:00.023347660+00:00,0.0,0.0,0.0,0.0,0.0,0.0,0.0,0.0,2150.6499999999996,2150.6,2150.7,0.09999999999990905,-2.4996154885455e-05,,,,,,,,,False
2026-03-20 01:05:00.047278161+00:00,0.0,0.0,0.0,0.0,0.0,0.0,0.0,0.0,2150.45,2150.4,2150.5,0.09999999999990905,4.31771626561e-07,,,,,,,,,False
2026-03-20 01:06:00.035785012+00:00,0.0,0.0,0.0,0.0,0.0,0.0,0.0,0.0,2151.3500000000004,2151.3,2151.4,0.09999999999990905,1.611731740422e-06,,,,,,,,,False
2026-03-20 01:07:00.063397719+00:00,0.0,0.0,0.0,0.0,0.0,0.0,0.0,0.0,2151.25,2151.2,2151.3,0.1000000000003638,1.1311304911355e-05,2151.0,2151.6,,,,,,,False
2026-03-20 01:08:00.039974720+00:00,0.0,0.0,0.0,0.0,0.0,0.0,0.0,0.0,2152.45,2152.4,2152.5,0.09999999999990905,8.087337538271e-06,,,,,,,,,False
2026-03-20 01:09:00.039515554+00:00,0.0,0.0,0.0,0.0,0.0,0.0,0.0,0.0,2151.6499999999996,2151.6,2151.7,0.09999999999990905,1.5670039451485e-05,,,,,,,,,False
2026-03-20 01:10:00.040483156+00:00,0.0,0.0,0.0,0.0,0.0,0.0,0.0,0.0,2152.55,2152.5,2152.6,0.09999999999990905,1.976875133745e-05,,,,,,,,,False
2026-03-20 01:11:00.014925576+00:00,0.0,0.0,0.0,0.0,0.0,0.0,0.0,0.0,2152.3500000000004,2152.3,2152.4,0.09999999999990905,1.978865839524e-05,,,,,,,,,False
2026-03-20 01:12:00.017970574+00:00,0.0,0.0,0.0,0.0,0.0,0.0,0.0,0.0,2150.25,2150.2,2150.3,0.1000000000003638,2.8194675021568e-05,2150.0,2150.5,,,,,,,False
2026-03-20 01:13:00.034601165+00:00,0.0,0.0,0.0,0.0,0.0,0.0,0.0,0.0,2152.6499999999996,2152.6,2152.7,0.09999999999990905,2.8550839819969e-05,,,,,,,,,False
2026-03-20 01:14:00.037479618+00:00,0.0,0.0,0.0,0.0,0.0,0.0,0.0,0.0,2152.55,2152.5,2152.6,0.09999999999990905,3.0849053407542e-05,,,,,,,,,False
2026-03-20 01:15:00.067500206+00:00,0.0,0.0,0.0,0.0,0.0,0.0,0.0,0.0,2152.25,2152.2,2152.3,0.1000000000003638,3.2451371417729e-05,2152.0,2152.5,,,,,,,False
2026-03-20 01:16:00.042351908+00:00,0.0,0.0,0.0,0.0,0.0,0.0,0.0,0.0,2152.45,2152.4,2152.5,0.09999999999990905,3.1396462839201e-05,,,,,,,,,False
2026-03-20 01:17:00.035971829+00:00,0.0,0.0,0.0,0.0,0.0,0.0,0.0,0.0,2152.45,2152.4,2152.5,0.09999999999990905,3.2880644395493e-05,,,,,,,,,False
2026-03-20 01:18:00.037926078+00:00,0.0,0.0,0.0,0.0,0.0,0.0,0.0,0.0,2151.1499999999996,2151.1,2151.2,0.09999999999990905,3.6554712162454e-05,,,,,,,,,False
2026-03-20 01:19:00.094937967+00:00,0.0,0.0,0.0,0.0,0.0,0.0,0.0,0.0,2149.55,2149.5,2149.6,0.09999999999990905,4.019199208403e-05,,,,,,,,,False
2026-03-20 01:20:00.013194366+00:00,0.0,0.0,0.0,0.0,0.0,0.0,0.0,0.0,2151.25,2151.2,2151.3,0.1000000000003638,3.9465778483915e-05,,,,,,,,,False
2026-03-20 01:21:00.021154736+00:00,0.0,0.0,0.0,0.0,0.0,0.0,0.0,0.0,2149.55,2149.5,2149.6,0.09999999999990905,4.0374853815875e-05,,,,,,,,,False
2026-03-20 01:22:00.026205162+00:00,0.0,0.0,0.0,0.0,0.0,0.0,0.0,0.0,2147.8500000000004,2147.8,2147.9,0.09999999999990905,4.435608788535e-05,,,,,,,,,False
2026-03-20 01:23:00.010152496+00:00,0.0,0.0,0.0,0.0,0.0,0.0,0.0,0.0,2149.45,2149.4,2149.5,0.09999999999990905,4.1011045864337e-05,,,,,,,,,False
2026-03-20 01:24:00.060957029+00:00,0.0,0.0,0.0,0.0,0.0,0.0,0.0,0.0,2149.3500000000004,2149.3,2149.4,0.09999999999990905,4.2569770176529e-05,,,,,,,,,False
2026-03-20 01:25:00.081619417+00:00,0.0,0.0,0.0,0.0,0.0,0.0,0.0,0.0,2149.45,2149.4,2149.5,0.09999999999990905,4.3567037666016e-05,,,,,,,,,False
2026-03-20 01:26:00.038978996+00:00,0.0,0.0,0.0,0.0,0.0,0.0,0.0,0.0,2149.95,2149.9,2150.0,0.09999999999990905,4.2894668080105e-05,,,,,,,,,False
2026-03-20 01:27:00.016389976+00:00,0.0,0.0,0.0,0.0,0.0,0.0,0.0,0.0,2149.95,2149.9,2150.0,0.09999999999990905,4.4597600414872e-05,,,,,,,,,False
2026-03-20 01:28:00.052715797+00:00,0.0,0.0,0.0,0.0,0.0,0.0,0.0,0.0,2150.05,2150.0,2150.1,0.09999999999990905,4.6130753709475e-05,,,,,,,,,False
2026-03-20 01:29:00.059038573+00:00,0.0,0.0,0.0,0.0,0.0,0.0,0.0,0.0,2151.25,2151.2,2151.3,0.1000000000003638,4.6724171263608e-05,,,,,,,,,False
2026-03-20 01:30:00.051043655+00:00,0.0,0.0,0.0,0.0,0.0,0.0,0.0,0.0,2149.6499999999996,2149.6,2149.7,0.09999999999990905,4.8055623035893e-05,,,,,,,,,False
2026-03-20 01:31:00.141680812+00:00,0.0,0.0,0.0,0.0,0.0,0.0,0.0,0.0,2153.8500000000004,2153.8,2153.9,0.09999999999990905,4.2390429465738e-05,,,,,,,,,False
2026-03-20 01:32:00.032633960+00:00,0.0,0.0,0.0,0.0,0.0,0.0,0.0,0.0,2153.55,2153.5,2153.6,0.09999999999990905,4.4679626317941e-05,2153.3,,,,,,,,False
2026-03-20 01:33:00.038117789+00:00,0.0,0.0,0.0,0.0,0.0,0.0,0.0,0.0,2152.3500000000004,2152.3,2152.4,0.09999999999990905,4.6258171984488e-05,,,,,,,,,False
2026-03-20 01:34:00.081028931+00:00,0.0,0.0,0.0,0.0,0.0,0.0,0.0,0.0,2154.3500000000004,2154.3,2154.4,0.09999999999990905,4.518242680372e-05,,,,,,,,,False
2026-03-20 01:35:00.036290843+00:00,0.0,0.0,0.0,0.0,0.0,0.0,0.0,0.0,2153.45,2153.4,2153.5,0.09999999999990905,4.830519272841e-05,,,,,,,,,False
2026-03-20 01:36:00.036036516+00:00,0.0,0.0,0.0,0.0,0.0,0.0,0.0,0.0,2152.55,2152.5,2152.6,0.09999999999990905,5.0052061136033e-05,,,,,,,,,False
2026-03-20 01:37:00.010699765+00:00,0.0,0.0,0.0,0.0,0.0,0.0,0.0,0.0,2153.05,2153.0,2153.1,0.09999999999990905,5.1045878868964e-05,,,,,,,,,False
2026-03-20 01:38:00.008632260+00:00,0.0,0.0,0.0,0.0,0.0,0.0,0.0,0.0,2153.45,2153.4,2153.5,0.09999999999990905,5.0882619370899e-05,,,,,,,,,False
2026-03-20 01:39:00.035673499+00:00,0.0,0.0,0.0,0.0,0.0,0.0,0.0,0.0,2155.8500000000004,2155.8,2155.9,0.09999999999990905,4.9882520703723e-05,,,,,,,,,False
2026-03-20 01:40:00.060266999+00:00,0.0,0.0,0.0,0.0,0.0,0.0,0.0,0.0,2159.3500000000004,2159.3,2159.4,0.09999999999990905,4.9036820077014e-05,,,,,,,,,False
2026-03-20 01:41:00.028366997+00:00,0.0,0.0,0.0,0.0,0.0,0.0,0.0,0.0,2159.55,2159.5,2159.6,0.09999999999990905,4.9032755149439e-05,,,,,,,,,False
2026-03-20 01:42:00.037474599+00:00,0.0,0.0,0.0,0.0,0.0,0.0,0.0,0.0,2159.55,2159.5,2159.6,0.09999999999990905,4.7910127380111e-05,,,,,,,,,False
2026-03-20 01:43:00.038046085+00:00,0.0,0.0,0.0,0.0,0.0,0.0,0.0,0.0,2158.8500000000004,2158.8,2158.9,0.09999999999990905,4.8345220498356e-05,,,,,,,,,False
2026-03-20 01:44:00.100677968+00:00,0.0,0.0,0.0,0.0,0.0,0.0,0.0,0.0,2159.45,2159.4,2159.5,0.09999999999990905,4.7972278900793e-05,,,,,,,,,False
2026-03-20 01:45:00.095993843+00:00,0.0,0.0,0.0,0.0,0.0,0.0,0.0,0.0,2159.1499999999996,2159.1,2159.2,0.09999999999990905,4.651144401864e-05,,,,,,,,,False
2026-03-20 01:46:00.062711416+00:00,0.0,0.0,0.0,0.0,0.0,0.0,0.0,0.0,2159.25,2159.2,2159.3,0.1000000000003638,4.5755615198313e-05,2159.0,2159.5,,,,,,,False
2026-03-20 01:47:00.036232672+00:00,0.0,0.0,0.0,0.0,0.0,0.0,0.0,0.0,2159.05,2159.0,2159.1,0.09999999999990905,4.5892121569362e-05,,,,,,,,,False
2026-03-20 01:48:00.024631113+00:00,0.0,0.0,0.0,0.0,0.0,0.0,0.0,0.0,2157.3500000000004,2157.3,2157.4,0.09999999999990905,4.7399554352505e-05,,,,,,,,,False
2026-03-20 01:49:00.035667196+00:00,0.0,0.0,0.0,0.0,0.0,0.0,0.0,0.0,2158.95,2158.9,2159.0,0.09999999999990905,4.6280275026266e-05,,,,,,,,,False
2026-03-20 01:50:00.143691253+00:00,0.0,0.0,0.0,0.0,0.0,0.0,0.0,0.0,2158.25,2158.2,2158.3,0.1000000000003638,4.707419632079e-05,,,,,,,,,False
2026-03-20 01:51:00.042116924+00:00,0.0,0.0,0.0,0.0,0.0,0.0,0.0,0.0,2156.55,2156.5,2156.6,0.09999999999990905,4.785190823175e-05,,,,,,,,,False
2026-03-20 01:52:00.018521432+00:00,0.0,0.0,0.0,0.0,0.0,0.0,0.0,0.0,2156.05,2156.0,2156.1,0.09999999999990905,4.8298286066606e-05,,,,,,,,,False
2026-03-20 01:53:00.036797728+00:00,0.0,0.0,0.0,0.0,0.0,0.0,0.0,0.0,2156.3500000000004,2156.3,2156.4,0.09999999999990905,4.7368636683685e-05,,,,,,,,,False
2026-03-20 01:54:00.057396335+00:00,0.0,0.0,0.0,0.0,0.0,0.0,0.0,0.0,2157.45,2157.4,2157.5,0.09999999999990905,4.6739630224907e-05,,,,,,,,,False
2026-03-20 01:55:00.037192304+00:00,0.0,0.0,0.0,0.0,0.0,0.0,0.0,0.0,2155.3500000000004,2155.3,2155.4,0.09999999999990905,4.8799519501077e-05,,,,,,,,,False
2026-03-20 01:56:00.012462774+00:00,0.0,0.0,0.0,0.0,0.0,0.0,0.0,0.0,2155.05,2155.0,2155.1,0.09999999999990905,4.9516510218839e-05,,,,,,,,,False
2026-03-20 01:57:00.393000647+00:00,0.0,0.0,0.0,0.0,0.0,0.0,0.0,0.0,2154.05,2154.0,2154.1,0.09999999999990905,5.0929425319164e-05,,,,,,,,,False
2026-03-20 01:58:00.031072884+00:00,0.0,0.0,0.0,0.0,0.0,0.0,0.0,0.0,2152.55,2152.5,2152.6,0.09999999999990905,5.171590836964e-05,,,,,,,,,False
2026-03-20 01:59:00.078067102+00:00,0.0,0.0,0.0,0.0,0.0,0.0,0.0,0.0,2151.8500000000004,2151.8,2151.9,0.09999999999990905,5.2851678801877e-05,,,,,,,,,False
2026-03-20 02:00:00.043429359+00:00,0.0,0.0,0.0,0.0,0.0,0.0,0.0,0.0,2151.1499999999996,2151.1,2151.2,0.09999999999990905,5.2603532317959e-05,,,,,,,,,False
2026-03-20 02:01:00.063726855+00:00,0.0,0.0,0.0,0.0,0.0,0.0,0.0,0.0,2148.6499999999996,2148.6,2148.7,0.09999999999990905,0.000148848015731538,,,,,,,,,False
2026-03-20 02:02:00.037541163+00:00,0.0,0.0,0.0,0.0,0.0,0.0,0.0,0.0,2147.6499999999996,2147.6,2147.7,0.09999999999990905,0.000123109367975577,,,,,,,,,False
2026-03-20 02:03:00.028360244+00:00,0.0,0.0,0.0,0.0,0.0,0.0,0.0,0.0,2148.25,2148.2,2148.3,0.1000000000003638,7.642931428765e-05,2148.0,2148.5,,,,,,,False
2026-03-20 02:04:00.039482062+00:00,0.0,0.0,0.0,0.0,0.0,0.0,0.0,0.0,2149.05,2149.0,2149.1,0.09999999999990905,7.1279102419026e-05,,,,,,,,,False
2026-03-20 02:05:00.035918220+00:00,0.0,0.0,0.0,0.0,0.0,0.0,0.0,0.0,2149.05,2149.0,2149.1,0.09999999999990905,7.852226843515e-05,,,,,,,,,False
2026-03-20 02:06:00.252366645+00:00,0.0,0.0,0.0,0.0,0.0,0.0,0.0,0.0,2148.95,2148.9,2149.0,0.09999999999990905,8.1758077798495e-05,,,,,,,,,False
2026-03-20 02:07:00.136477310+00:00,0.0,0.0,0.0,0.0,0.0,0.0,0.0,0.0,2149.95,2149.9,2150.0,0.09999999999990905,7.6896368352575e-05,,,,,,,,,False
2026-03-20 02:08:00.071995283+00:00,0.0,0.0,0.0,0.0,0.0,0.0,0.0,0.0,2148.55,2148.5,2148.6,0.09999999999990905,7.8845713980807e-05,,,,,,,,,False
2026-03-20 02:09:00.149326227+00:00,0.0,0.0,0.0,0.0,0.0,0.0,0.0,0.0,2148.55,2148.5,2148.6,0.09999999999990905,7.8368445558639e-05,,,,,,,,,False
2026-03-20 02:10:00.035871242+00:00,0.0,0.0,0.0,0.0,0.0,0.0,0.0,0.0,2146.95,2146.9,2147.0,0.09999999999990905,7.9605786928988e-05,,,,,,,,,False
2026-03-20 02:11:00.075996296+00:00,0.0,0.0,0.0,0.0,0.0,0.0,0.0,0.0,2146.6499999999996,2146.6,2146.7,0.09999999999990905,8.2720804866705e-05,,,,,,,,,False
2026-03-20 02:12:00.036782966+00:00,0.0,0.0,0.0,0.0,0.0,0.0,0.0,0.0,2146.95,2146.9,2147.0,0.09999999999990905,7.5927332408179e-05,,,,,,,,,False
2026-03-20 02:13:00.039272129+00:00,0.0,0.0,0.0,0.0,0.0,0.0,0.0,0.0,2146.05,2146.0,2146.1,0.09999999999990905,7.410955454004e-05,,,,,,,,,False
2026-03-20 02:14:00.161992144+00:00,0.0,0.0,0.0,0.0,0.0,0.0,0.0,0.0,2146.45,2146.4,2146.5,0.09999999999990905,7.6001391703927e-05,,,,,,,,,False
2026-03-20 02:15:00.041429426+00:00,0.0,0.0,0.0,0.0,0.0,0.0,0.0,0.0,2145.6499999999996,2145.6,2145.7,0.09999999999990905,7.5317905016443e-05,,,,,,,,,False
2026-03-20 02:16:00.015940299+00:00,0.0,0.0,0.0,0.0,0.0,0.0,0.0,0.0,2143.45,2143.4,2143.5,0.09999999999990905,7.4825419978372e-05,,,,,,,,,False
2026-03-20 02:17:00.049634788+00:00,0.0,0.0,0.0,0.0,0.0,0.0,0.0,0.0,2142.05,2142.0,2142.1,0.09999999999990905,7.3048178997882e-05,,,,,,,,,False
2026-03-20 02:18:00.036877935+00:00,0.0,0.0,0.0,0.0,0.0,0.0,0.0,0.0,2143.1499999999996,2143.1,2143.2,0.09999999999990905,7.1838989754496e-05,,,,,,,,,False
2026-03-20 02:19:00.111920918+00:00,0.0,0.0,0.0,0.0,0.0,0.0,0.0,0.0,2143.25,2143.2,2143.3,0.1000000000003638,6.5369665285557e-05,2142.9,2143.4,,,,,,,False
2026-03-20 02:20:00.048045963+00:00,0.0,0.0,0.0,0.0,0.0,0.0,0.0,0.0,2141.55,2141.5,2141.6,0.09999999999990905,6.8196608343961e-05,,,,,,,,,False
2026-03-20 02:21:00.156649529+00:00,0.0,0.0,0.0,0.0,0.0,0.0,0.0,0.0,2142.8500000000004,2142.8,2142.9,0.09999999999990905,6.573679578213e-05,,,,,,,,,False
2026-03-20 02:22:00.136878199+00:00,0.0,0.0,0.0,0.0,0.0,0.0,0.0,0.0,2142.1499999999996,2142.1,2142.2,0.09999999999990905,6.6993389566457e-05,,,,,,,,,False
2026-03-20 02:23:00.072572598+00:00,0.0,0.0,0.0,0.0,0.0,0.0,0.0,0.0,2139.25,2139.2,2139.3,0.1000000000003638,6.9401713156723e-05,2139.0,2139.5,,,,,,,False
2026-03-20 02:24:00.035472172+00:00,0.0,0.0,0.0,0.0,0.0,0.0,0.0,0.0,2139.1499999999996,2139.1,2139.2,0.09999999999990905,6.959829458766e-05,,,,,,,,,False
2026-03-20 02:25:00.037432520+00:00,0.0,0.0,0.0,0.0,0.0,0.0,0.0,0.0,2138.95,2138.9,2139.0,0.09999999999990905,6.9992245845402e-05,,,,,,,,,False
2026-03-20 02:26:00.057667778+00:00,0.0,0.0,0.0,0.0,0.0,0.0,0.0,0.0,2138.05,2138.0,2138.1,0.09999999999990905,6.8927323779759e-05,,,,,,,,,False
2026-03-20 02:27:00.031960156+00:00,0.0,0.0,0.0,0.0,0.0,0.0,0.0,0.0,2137.8500000000004,2137.8,2137.9,0.09999999999990905,6.6145775547817e-05,,,,,,,,,False
2026-03-20 02:28:00.008012839+00:00,0.0,0.0,0.0,0.0,0.0,0.0,0.0,0.0,2138.25,2138.2,2138.3,0.1000000000003638,6.2913085532348e-05,2138.0,2138.6,,,,,,,False
2026-03-20 02:29:00.024265235+00:00,0.0,0.0,0.0,0.0,0.0,0.0,0.0,0.0,2138.6499999999996,2138.6,2138.7,0.09999999999990905,6.1169146855497e-05,,,,,,,,,False
2026-03-20 02:30:00.136233844+00:00,0.0,0.0,0.0,0.0,0.0,0.0,0.0,0.0,2139.05,2139.0,2139.1,0.09999999999990905,5.8245895368886e-05,,,,,,,,,False
2026-03-20 02:31:00.029939198+00:00,0.0,0.0,0.0,0.0,0.0,0.0,0.0,0.0,2137.25,2137.2,2137.3,0.1000000000003638,5.7248035986438e-05,,,,,,,,,False
2026-03-20 02:32:00.050588384+00:00,0.0,0.0,0.0,0.0,0.0,0.0,0.0,0.0,2137.45,2137.4,2137.5,0.09999999999990905,5.7107394043383e-05,,,,,,,,,False
2026-03-20 02:33:00.040057161+00:00,0.0,0.0,0.0,0.0,0.0,0.0,0.0,0.0,2135.8500000000004,2135.8,2135.9,0.09999999999990905,5.7199270250565e-05,,,,,,,,,False
2026-03-20 02:34:00.006533485+00:00,0.0,0.0,0.0,0.0,0.0,0.0,0.0,0.0,2133.95,2133.9,2134.0,0.09999999999990905,5.718734332593e-05,,,,,,,,,False
2026-03-20 02:35:00.052211652+00:00,0.0,0.0,0.0,0.0,0.0,0.0,0.0,0.0,2134.05,2134.0,2134.1,0.09999999999990905,5.4450591762436e-05,,,,,,,,,False
2026-03-20 02:36:00.018445278+00:00,0.0,0.0,0.0,0.0,0.0,0.0,0.0,0.0,2133.45,2133.4,2133.5,0.09999999999990905,5.3579930406089e-05,,,,,,,,,False
2026-03-20 02:37:00.047877133+00:00,0.0,0.0,0.0,0.0,0.0,0.0,0.0,0.0,2135.6499999999996,2135.6,2135.7,0.09999999999990905,5.2476423115527e-05,,,,,,,,,False
2026-03-20 02:38:00.018311625+00:00,0.0,0.0,0.0,0.0,0.0,0.0,0.0,0.0,2137.1499999999996,2137.1,2137.2,0.09999999999990905,4.9877788329879e-05,,,,,,,,,False
2026-03-20 02:39:00.053283641+00:00,0.0,0.0,0.0,0.0,0.0,0.0,0.0,0.0,2137.45,2137.4,2137.5,0.09999999999990905,4.8841870171076e-05,,,,,,,,,False
2026-03-20 02:40:00.006551647+00:00,0.0,0.0,0.0,0.0,0.0,0.0,0.0,0.0,2136.6499999999996,2136.6,2136.7,0.09999999999990905,4.9106697373431e-05,,,,,,,,,False
2026-03-20 02:41:00.036028334+00:00,0.0,0.0,0.0,0.0,0.0,0.0,0.0,0.0,2139.3500000000004,2139.3,2139.4,0.09999999999990905,4.6040620544293e-05,,,,,,,,,False
2026-03-20 02:42:00.053757870+00:00,0.0,0.0,0.0,0.0,0.0,0.0,0.0,0.0,2140.05,2140.0,2140.1,0.09999999999990905,4.527696544467e-05,,,,,,,,,False
2026-03-20 02:43:00.054009686+00:00,0.0,0.0,0.0,0.0,0.0,0.0,0.0,0.0,2141.55,2141.5,2141.6,0.09999999999990905,4.4698859139903e-05,,,,,,,,,False
2026-03-20 02:44:00.060553493+00:00,0.0,0.0,0.0,0.0,0.0,0.0,0.0,0.0,2143.45,2143.4,2143.5,0.09999999999990905,4.2765310135731e-05,,,,,,,,,False
2026-03-20 02:45:00.037626663+00:00,0.0,0.0,0.0,0.0,0.0,0.0,0.0,0.0,2143.05,2143.0,2143.1,0.09999999999990905,4.241885929709e-05,,,,,,,,,False
2026-03-20 02:46:00.039484774+00:00,0.0,0.0,0.0,0.0,0.0,0.0,0.0,0.0,2140.95,2140.9,2141.0,0.09999999999990905,4.245524066062e-05,,,,,,,,,False
2026-03-20 02:47:00.057652884+00:00,0.0,0.0,0.0,0.0,0.0,0.0,0.0,0.0,2140.3500000000004,2140.3,2140.4,0.09999999999990905,4.3378191178074e-05,,,,,,,,,False
2026-03-20 02:48:00.019821218+00:00,0.0,0.0,0.0,0.0,0.0,0.0,0.0,0.0,2141.75,2141.7,2141.8,0.1000000000003638,4.2432699909993e-05,2141.5,2142.0,,,,,,,False
2026-03-20 02:49:00.042109707+00:00,0.0,0.0,0.0,0.0,0.0,0.0,0.0,0.0,2142.95,2142.9,2143.0,0.09999999999990905,4.1181750538864e-05,,,,,,,,,False
2026-03-20 02:50:00.036797497+00:00,0.0,0.0,0.0,0.0,0.0,0.0,0.0,0.0,2144.95,2144.9,2145.0,0.09999999999990905,4.0027754354958e-05,,,,,,,,,False
2026-03-20 02:51:00.039908767+00:00,0.0,0.0,0.0,0.0,0.0,0.0,0.0,0.0,2144.8500000000004,2144.8,2144.9,0.09999999999990905,3.951841738904e-05,,,,,,,,,False
2026-03-20 02:52:00.037876409+00:00,0.0,0.0,0.0,0.0,0.0,0.0,0.0,0.0,2145.45,2145.4,2145.5,0.09999999999990905,3.8173125340138e-05,,,,,,,,,False
2026-03-20 02:53:00.038489464+00:00,0.0,0.0,0.0,0.0,0.0,0.0,0.0,0.0,2145.8500000000004,2145.8,2145.9,0.09999999999990905,3.8252081276689e-05,,,,,,,,,False
2026-03-20 02:54:00.027790591+00:00,0.0,0.0,0.0,0.0,0.0,0.0,0.0,0.0,2145.3500000000004,2145.3,2145.4,0.09999999999990905,3.8076460866104e-05,,,,,,,,,False
2026-03-20 02:55:00.052016774+00:00,0.0,0.0,0.0,0.0,0.0,0.0,0.0,0.0,2147.95,2147.9,2148.0,0.09999999999990905,3.6013298009528e-05,,,,,,,,,False
2026-03-20 02:56:00.073757636+00:00,0.0,0.0,0.0,0.0,0.0,0.0,0.0,0.0,2148.95,2148.9,2149.0,0.09999999999990905,3.6876103146894e-05,,,,,,,,,False
2026-03-20 02:57:00.079424638+00:00,0.0,0.0,0.0,0.0,0.0,0.0,0.0,0.0,2146.6499999999996,2146.6,2146.7,0.09999999999990905,3.7286974395158e-05,,,,,,,,,False
2026-03-20 02:58:00.043907323+00:00,0.0,0.0,0.0,0.0,0.0,0.0,0.0,0.0,2146.8500000000004,2146.8,2146.9,0.09999999999990905,3.5814556212297e-05,,,,,,,,,False
2026-03-20 02:59:00.020521930+00:00,0.0,0.0,0.0,0.0,0.0,0.0,0.0,0.0,2145.1499999999996,2145.1,2145.2,0.09999999999990905,3.6072103939463e-05,,,,,,,,,False
2026-03-20 03:00:00.046044097+00:00,0.0,0.0,0.0,0.0,0.0,0.0,0.0,0.0,2144.55,2144.5,2144.6,0.09999999999990905,3.534718200087e-05,,,,,,,,,False
2026-03-20 03:01:00.073019693+00:00,0.0,0.0,0.0,0.0,0.0,0.0,0.0,0.0,2144.55,2144.5,2144.6,0.09999999999990905,1.5033005524827e-05,,,,,,,,,False
2026-03-20 03:02:00.052990110+00:00,0.0,0.0,0.0,0.0,0.0,0.0,0.0,0.0,2145.45,2145.4,2145.5,0.09999999999990905,1.9394862488648e-05,,,,,,,,,False
2026-03-20 03:03:00.020516947+00:00,0.0,0.0,0.0,0.0,0.0,0.0,0.0,0.0,2146.75,2146.7,2146.8,0.1000000000003638,8.104713088628e-06,,,,,,,,,False
2026-03-20 03:04:00.037689260+00:00,0.0,0.0,0.0,0.0,0.0,0.0,0.0,0.0,2147.25,2147.2,2147.3,0.1000000000003638,-9.59963768406e-07,2147.0,,,,,,,,False
2026-03-20 03:05:00.091827868+00:00,0.0,0.0,0.0,0.0,0.0,0.0,0.0,0.0,2144.55,2144.5,2144.6,0.09999999999990905,2.1610238041045e-05,,,,,,,,,False
2026-03-20 03:06:00.014320689+00:00,0.0,0.0,0.0,0.0,0.0,0.0,0.0,0.0,2147.25,2147.2,2147.3,0.1000000000003638,1.2431917665527e-05,2146.9,2147.5,2147.2179328959915,2147.208656697256,0.2,-0.030920662450925004,-0.7969420801710951,ok,False
2026-03-20 03:07:00.061471326+00:00,0.0,0.0,0.0,0.0,0.0,0.0,0.0,0.0,2147.25,2147.2,2147.3,0.1000000000003638,1.8343350197608e-05,2146.9,2147.5,,,,,,,False
2026-03-20 03:08:00.089933728+00:00,0.0,0.0,0.0,0.0,0.0,0.0,0.0,0.0,2147.75,2147.7,2147.8,0.1000000000003638,1.830326985788e-05,2147.4,2148.0,2147.7356361724474,2147.7220599876505,0.2,-0.045253949323494594,-0.47913701616686855,ok,False
2026-03-20 03:09:00.018342696+00:00,0.0,0.0,0.0,0.0,0.0,0.0,0.0,0.0,2145.8500000000004,2145.8,2145.9,0.09999999999990905,2.4361922614606e-05,,,,,,,,,False
2026-03-20 03:10:00.035586865+00:00,0.0,0.0,0.0,0.0,0.0,0.0,0.0,0.0,2145.55,2145.5,2145.6,0.09999999999990905,2.473734010457e-05,,,,,,,,,False
2026-03-20 03:11:00.036240755+00:00,0.0,0.0,0.0,0.0,0.0,0.0,0.0,0.0,2145.95,2145.9,2146.0,0.09999999999990905,2.5040337041028e-05,,,,,,,,,False
2026-03-20 03:12:00.189850453+00:00,0.0,0.0,0.0,0.0,0.0,0.0,0.0,0.0,2145.95,2145.9,2146.0,0.09999999999990905,2.1683868181441e-05,,,,,,,,,False
2026-03-20 03:13:00.032078652+00:00,0.0,0.0,0.0,0.0,0.0,0.0,0.0,0.0,2147.3500000000004,2147.3,2147.4,0.09999999999990905,1.6444344616006e-05,,,,,,,,,False
2026-03-20 03:14:00.063708511+00:00,0.0,0.0,0.0,0.0,0.0,0.0,0.0,0.0,2147.25,2147.2,2147.3,0.1000000000003638,1.7674274846248e-05,2146.9,2147.5,,,,,,,False
2026-03-20 03:15:00.035426997+00:00,0.0,0.0,0.0,0.0,0.0,0.0,0.0,0.0,2145.6499999999996,2145.6,2145.7,0.09999999999990905,2.0030213588441e-05,,,,,,,,,False
2026-03-20 03:16:00.036399334+00:00,0.0,0.0,0.0,0.0,0.0,0.0,0.0,0.0,2146.25,2146.2,2146.3,0.1000000000003638,2.1641169558785e-05,2146.0,2146.5,,,,,,,False
2026-03-20 03:17:00.105440511+00:00,0.0,0.0,0.0,0.0,0.0,0.0,0.0,0.0,2145.6499999999996,2145.6,2145.7,0.09999999999990905,2.3046340337783e-05,,,,,,,,,False
2026-03-20 03:18:00.040564053+00:00,0.0,0.0,0.0,0.0,0.0,0.0,0.0,0.0,2146.45,2146.4,2146.5,0.09999999999990905,2.2420207960172e-05,,,,,,,,,False
2026-03-20 03:19:00.084556271+00:00,0.0,0.0,0.0,0.0,0.0,0.0,0.0,0.0,2147.45,2147.4,2147.5,0.09999999999990905,1.9300953633157e-05,,,,,,,,,False
2026-03-20 03:20:00.035296735+00:00,0.0,0.0,0.0,0.0,0.0,0.0,0.0,0.0,2150.8500000000004,2150.8,2150.9,0.09999999999990905,1.6394459381024e-05,,,,,,,,,False
2026-03-20 03:21:00.036087563+00:00,0.0,0.0,0.0,0.0,0.0,0.0,0.0,0.0,2150.3500000000004,2150.3,2150.4,0.09999999999990905,1.7495807646457e-05,,,,,,,,,False
2026-03-20 03:22:00.041974195+00:00,0.0,0.0,0.0,0.0,0.0,0.0,0.0,0.0,2149.1499999999996,2149.1,2149.2,0.09999999999990905,2.0547963084444e-05,,,,,,,,,False
2026-03-20 03:23:00.077702129+00:00,0.0,0.0,0.0,0.0,0.0,0.0,0.0,0.0,2149.8500000000004,2149.8,2149.9,0.09999999999990905,2.499681308213e-05,,,,,,,,,False
2026-03-20 03:24:00.061952242+00:00,0.0,0.0,0.0,0.0,0.0,0.0,0.0,0.0,2150.1499999999996,2150.1,2150.2,0.09999999999990905,2.041302125552e-05,,,,,,,,,False
2026-03-20 03:25:00.013335376+00:00,0.0,0.0,0.0,0.0,0.0,0.0,0.0,0.0,2150.1499999999996,2150.1,2150.2,0.09999999999990905,2.4348958971538e-05,,,,,,,,,False
2026-03-20 03:26:00.024439522+00:00,0.0,0.0,0.0,0.0,0.0,0.0,0.0,0.0,2150.05,2150.0,2150.1,0.09999999999990905,2.6092635938915e-05,,,,,,,,,False
2026-03-20 03:27:00.081366857+00:00,0.0,0.0,0.0,0.0,0.0,0.0,0.0,0.0,2150.3500000000004,2150.3,2150.4,0.09999999999990905,2.5401895039993e-05,,,,,,,,,False
2026-03-20 03:28:00.032069521+00:00,0.0,0.0,0.0,0.0,0.0,0.0,0.0,0.0,2149.45,2149.4,2149.5,0.09999999999990905,2.67285693151e-05,,,,,,,,,False
2026-03-20 03:29:00.041346038+00:00,0.0,0.0,0.0,0.0,0.0,0.0,0.0,0.0,2150.75,2150.7,2150.8,0.1000000000003638,2.5801100571203e-05,,,,,,,,,False
2026-03-20 03:30:00.008210017+00:00,0.0,0.0,0.0,0.0,0.0,0.0,0.0,0.0,2153.05,2153.0,2153.1,0.09999999999990905,2.4424464514652e-05,,,,,,,,,False
2026-03-20 03:31:00.037154593+00:00,0.0,0.0,0.0,0.0,0.0,0.0,0.0,0.0,2157.3500000000004,2157.3,2157.4,0.09999999999990905,2.0159032950471e-05,,,,,,,,,False
2026-03-20 03:32:00.011120323+00:00,0.0,0.0,0.0,0.0,0.0,0.0,0.0,0.0,2154.75,2154.7,2154.8,0.1000000000003638,2.1788824521885e-05,,,,,,,,,False
2026-03-20 03:33:00.053793082+00:00,0.0,0.0,0.0,0.0,0.0,0.0,0.0,0.0,2155.45,2155.4,2155.5,0.09999999999990905,2.1916598332157e-05,,,,,,,,,False
2026-03-20 03:34:00.078213593+00:00,0.0,0.0,0.0,0.0,0.0,0.0,0.0,0.0,2155.8500000000004,2155.8,2155.9,0.09999999999990905,2.3341073183876e-05,,,,,,,,,False
2026-03-20 03:35:00.053972302+00:00,0.0,0.0,0.0,0.0,0.0,0.0,0.0,0.0,2154.45,2154.4,2154.5,0.09999999999990905,2.3176422684848e-05,,,,,,,,,False
2026-03-20 03:36:00.065300484+00:00,0.0,0.0,0.0,0.0,0.0,0.0,0.0,0.0,2151.25,2151.2,2151.3,0.1000000000003638,2.5276858532848e-05,,,,,,,,,False
2026-03-20 03:37:00.051929872+00:00,0.0,0.0,0.0,0.0,0.0,0.0,0.0,0.0,2150.1499999999996,2150.1,2150.2,0.09999999999990905,2.5978162705746e-05,,,,,,,,,False
2026-03-20 03:38:00.035182727+00:00,0.0,0.0,0.0,0.0,0.0,0.0,0.0,0.0,2149.45,2149.4,2149.5,0.09999999999990905,2.7213411392193e-05,,,,,,,,,False
2026-03-20 03:39:00.041241712+00:00,0.0,0.0,0.0,0.0,0.0,0.0,0.0,0.0,2149.55,2149.5,2149.6,0.09999999999990905,2.7857977494406e-05,,,,,,,,,False
2026-03-20 03:40:00.070959905+00:00,0.0,0.0,0.0,0.0,0.0,0.0,0.0,0.0,2149.6499999999996,2149.6,2149.7,0.09999999999990905,2.74806183885e-05,,,,,,,,,False
2026-03-20 03:41:00.135335199+00:00,0.0,0.0,0.0,0.0,0.0,0.0,0.0,0.0,2151.1499999999996,2151.1,2151.2,0.09999999999990905,2.6222429689936e-05,,,,,,,,,False
2026-03-20 03:42:00.043298064+00:00,0.0,0.0,0.0,0.0,0.0,0.0,0.0,0.0,2149.55,2149.5,2149.6,0.09999999999990905,2.6466484414696e-05,,,,,,,,,False
2026-03-20 03:43:00.005480521+00:00,0.0,0.0,0.0,0.0,0.0,0.0,0.0,0.0,2149.95,2149.9,2150.0,0.09999999999990905,2.6451020174059e-05,,,,,,,,,False
2026-03-20 03:44:00.012515938+00:00,0.0,0.0,0.0,0.0,0.0,0.0,0.0,0.0,2149.1499999999996,2149.1,2149.2,0.09999999999990905,2.7238344496513e-05,,,,,,,,,False
2026-03-20 03:45:00.040449034+00:00,0.0,0.0,0.0,0.0,0.0,0.0,0.0,0.0,2149.1499999999996,2149.1,2149.2,0.09999999999990905,2.8327027953023e-05,,,,,,,,,False
2026-03-20 03:46:00.135502762+00:00,0.0,0.0,0.0,0.0,0.0,0.0,0.0,0.0,2148.3500000000004,2148.3,2148.4,0.09999999999990905,2.8653806791748e-05,,,,,,,,,False
2026-03-20 03:47:00.037994098+00:00,0.0,0.0,0.0,0.0,0.0,0.0,0.0,0.0,2149.05,2149.0,2149.1,0.09999999999990905,2.7744727678957e-05,,,,,,,,,False
2026-03-20 03:48:00.035643676+00:00,0.0,0.0,0.0,0.0,0.0,0.0,0.0,0.0,2151.75,2151.7,2151.8,0.1000000000003638,2.737427082275e-05,,,,,,,,,False
2026-03-20 03:49:00.036889287+00:00,0.0,0.0,0.0,0.0,0.0,0.0,0.0,0.0,2151.1499999999996,2151.1,2151.2,0.09999999999990905,2.8648776683095e-05,,,,,,,,,False
2026-03-20 03:50:00.037300655+00:00,0.0,0.0,0.0,0.0,0.0,0.0,0.0,0.0,2150.75,2150.7,2150.8,0.1000000000003638,2.990618084682e-05,,,,,,,,,False
2026-03-20 03:51:00.054355781+00:00,0.0,0.0,0.0,0.0,0.0,0.0,0.0,0.0,2153.05,2153.0,2153.1,0.09999999999990905,2.9722122868064e-05,,,,,,,,,False
2026-03-20 03:52:00.050148992+00:00,0.0,0.0,0.0,0.0,0.0,0.0,0.0,0.0,2153.3500000000004,2153.3,2153.4,0.09999999999990905,3.1304394676311e-05,,,,,,,,,False
2026-03-20 03:53:00.009603301+00:00,0.0,0.0,0.0,0.0,0.0,0.0,0.0,0.0,2153.75,2153.7,2153.8,0.1000000000003638,3.2851838300595e-05,,,,,,,,,False
2026-03-20 03:54:00.036186200+00:00,0.0,0.0,0.0,0.0,0.0,0.0,0.0,0.0,2153.1499999999996,2153.1,2153.2,0.09999999999990905,3.4735469847555e-05,,,,,,,,,False
2026-03-20 03:55:00.005309282+00:00,0.0,0.0,0.0,0.0,0.0,0.0,0.0,0.0,2152.75,2152.7,2152.8,0.1000000000003638,3.5721754079482e-05,,2152.9,,,,,,,False
2026-03-20 03:56:00.135598277+00:00,0.0,0.0,0.0,0.0,0.0,0.0,0.0,0.0,2152.55,2152.5,2152.6,0.09999999999990905,3.8060731856211e-05,,,,,,,,,False
2026-03-20 03:57:00.043147905+00:00,0.0,0.0,0.0,0.0,0.0,0.0,0.0,0.0,2153.3500000000004,2153.3,2153.4,0.09999999999990905,3.8036388416583e-05,,,,,,,,,False
2026-03-20 03:58:00.037636063+00:00,0.0,0.0,0.0,0.0,0.0,0.0,0.0,0.0,2153.75,2153.7,2153.8,0.1000000000003638,3.9356533061285e-05,2153.4,2154.0,,,,,,,False
2026-03-20 03:59:00.055301619+00:00,0.0,0.0,0.0,0.0,0.0,0.0,0.0,0.0,2152.55,2152.5,2152.6,0.09999999999990905,4.1517331193338e-05,,,,,,,,,False
2026-03-20 04:00:00.042134171+00:00,0.0,0.0,0.0,0.0,0.0,0.0,0.0,0.0,2151.55,2151.5,2151.6,0.09999999999990905,4.1549268011393e-05,,,,,,,,,False
2026-03-20 04:01:00.042148055+00:00,0.0,0.0,0.0,0.0,0.0,0.0,0.0,0.0,2151.25,2151.2,2151.3,0.1000000000003638,9.1484579394064e-05,,,,,,,,,False
2026-03-20 04:02:00.036042918+00:00,0.0,0.0,0.0,0.0,0.0,0.0,0.0,0.0,2151.6499999999996,2151.6,2151.7,0.09999999999990905,8.5256321715352e-05,,,,,,,,,False
2026-03-20 04:03:00.089334750+00:00,0.0,0.0,0.0,0.0,0.0,0.0,0.0,0.0,2153.1499999999996,2153.1,2153.2,0.09999999999990905,5.2193756803767e-05,,,,,,,,,False
2026-03-20 04:04:00.023530217+00:00,0.0,0.0,0.0,0.0,0.0,0.0,0.0,0.0,2153.3500000000004,2153.3,2153.4,0.09999999999990905,3.6066657089598e-05,,,,,,,,,False
2026-03-20 04:05:00.040177955+00:00,0.0,0.0,0.0,0.0,0.0,0.0,0.0,0.0,2153.1499999999996,2153.1,2153.2,0.09999999999990905,5.5664214905475e-05,,,,,,,,,False
2026-03-20 04:06:00.035928928+00:00,0.0,0.0,0.0,0.0,0.0,0.0,0.0,0.0,2154.25,2154.2,2154.3,0.1000000000003638,5.3904703350197e-05,,,,,,,,,False
2026-03-20 04:07:00.057847843+00:00,0.0,0.0,0.0,0.0,0.0,0.0,0.0,0.0,2154.75,2154.7,2154.8,0.1000000000003638,5.0297564510465e-05,2154.5,2155.0,,,,,,,False
2026-03-20 04:08:00.014469263+00:00,0.0,0.0,0.0,0.0,0.0,0.0,0.0,0.0,2158.75,2158.7,2158.8,0.1000000000003638,4.9778254514392e-05,,,,,,,,,False
2026-03-20 04:09:00.025042910+00:00,0.0,0.0,0.0,0.0,0.0,0.0,0.0,0.0,2159.05,2159.0,2159.1,0.09999999999990905,4.6999066619572e-05,,,,,,,,,False
2026-03-20 04:10:00.043545547+00:00,0.0,0.0,0.0,0.0,0.0,0.0,0.0,0.0,2158.05,2158.0,2158.1,0.09999999999990905,5.1667954680639e-05,,,,,,,,,False
2026-03-20 04:11:00.058844986+00:00,0.0,0.0,0.0,0.0,0.0,0.0,0.0,0.0,2156.55,2156.5,2156.6,0.09999999999990905,5.6869777026405e-05,,,,,,,,,False
2026-03-20 04:12:00.034091386+00:00,0.0,0.0,0.0,0.0,0.0,0.0,0.0,0.0,2157.55,2157.5,2157.6,0.09999999999990905,5.3128297883739e-05,,,,,,,,,False
2026-03-20 04:13:00.038720503+00:00,0.0,0.0,0.0,0.0,0.0,0.0,0.0,0.0,2158.55,2158.5,2158.6,0.09999999999990905,4.767631136544e-05,,,,,,,,,False
2026-03-20 04:14:00.043896073+00:00,0.0,0.0,0.0,0.0,0.0,0.0,0.0,0.0,2157.3500000000004,2157.3,2157.4,0.09999999999990905,4.8131863770521e-05,,,,,,,,,False
2026-03-20 04:15:00.035818735+00:00,0.0,0.0,0.0,0.0,0.0,0.0,0.0,0.0,2157.55,2157.5,2157.6,0.09999999999990905,4.8771386306023e-05,,,,,,,,,False
2026-03-20 04:16:00.026733732+00:00,0.0,0.0,0.0,0.0,0.0,0.0,0.0,0.0,2156.05,2156.0,2156.1,0.09999999999990905,5.2504910358806e-05,,,,,,,,,False
2026-03-20 04:17:00.007794042+00:00,0.0,0.0,0.0,0.0,0.0,0.0,0.0,0.0,2155.6499999999996,2155.6,2155.7,0.09999999999990905,5.16088637652e-05,,,,,,,,,False
2026-03-20 04:18:00.037918500+00:00,0.0,0.0,0.0,0.0,0.0,0.0,0.0,0.0,2154.75,2154.7,2154.8,0.1000000000003638,5.1463948394663e-05,2154.4,2154.9,,,,,,,False
2026-03-20 04:19:00.014853072+00:00,0.0,0.0,0.0,0.0,0.0,0.0,0.0,0.0,2154.25,2154.2,2154.3,0.1000000000003638,5.2745532044583e-05,2153.9,2154.4,,,,,,,False
2026-03-20 04:20:00.068196943+00:00,0.0,0.0,0.0,0.0,0.0,0.0,0.0,0.0,2154.45,2154.4,2154.5,0.09999999999990905,5.4038443833798e-05,,,,,,,,,False
2026-03-20 04:21:00.036524323+00:00,0.0,0.0,0.0,0.0,0.0,0.0,0.0,0.0,2155.25,2155.2,2155.3,0.1000000000003638,5.4224348963712e-05,,,,,,,,,False
2026-03-20 04:22:00.035303315+00:00,0.0,0.0,0.0,0.0,0.0,0.0,0.0,0.0,2154.6499999999996,2154.6,2154.7,0.09999999999990905,5.5987320343895e-05,,,,,,,,,False
2026-03-20 04:23:00.036238778+00:00,0.0,0.0,0.0,0.0,0.0,0.0,0.0,0.0,2153.75,2153.7,2153.8,0.1000000000003638,5.7136212785677e-05,,,,,,,,,False
2026-03-20 04:24:00.066313349+00:00,0.0,0.0,0.0,0.0,0.0,0.0,0.0,0.0,2153.3500000000004,2153.3,2153.4,0.09999999999990905,5.9203905179352e-05,,,,,,,,,False
2026-03-20 04:25:00.070542602+00:00,0.0,0.0,0.0,0.0,0.0,0.0,0.0,0.0,2154.1499999999996,2154.1,2154.2,0.09999999999990905,5.8638049671985e-05,,,,,,,,,False
2026-03-20 04:26:00.075567215+00:00,0.0,0.0,0.0,0.0,0.0,0.0,0.0,0.0,2153.95,2153.9,2154.0,0.09999999999990905,5.8515295015557e-05,,,,,,,,,False
2026-03-20 04:27:00.046350086+00:00,0.0,0.0,0.0,0.0,0.0,0.0,0.0,0.0,2153.95,2153.9,2154.0,0.09999999999990905,5.8521221795485e-05,,,,,,,,,False
2026-03-20 04:28:00.007417844+00:00,0.0,0.0,0.0,0.0,0.0,0.0,0.0,0.0,2154.1499999999996,2154.1,2154.2,0.09999999999990905,5.8935463327489e-05,,,,,,,,,False
2026-03-20 04:29:00.036930395+00:00,0.0,0.0,0.0,0.0,0.0,0.0,0.0,0.0,2154.6499999999996,2154.6,2154.7,0.09999999999990905,5.8338852151612e-05,,,,,,,,,False
2026-03-20 04:30:00.036134380+00:00,0.0,0.0,0.0,0.0,0.0,0.0,0.0,0.0,2154.75,2154.7,2154.8,0.1000000000003638,5.7821774161856e-05,2154.5,2155.0,,,,,,,False
2026-03-20 04:31:00.067240834+00:00,0.0,0.0,0.0,0.0,0.0,0.0,0.0,0.0,2153.95,2153.9,2154.0,0.09999999999990905,5.8982668387963e-05,,,,,,,,,False
2026-03-20 04:32:00.043750800+00:00,0.0,0.0,0.0,0.0,0.0,0.0,0.0,0.0,2148.55,2148.5,2148.6,0.09999999999990905,6.0417928733694e-05,,,,,,,,,False
2026-03-20 04:33:00.046005206+00:00,0.0,0.0,0.0,0.0,0.0,0.0,0.0,0.0,2145.95,2145.9,2146.0,0.09999999999990905,6.3715583049384e-05,,,,,,,,,False
2026-03-20 04:34:00.023343547+00:00,0.0,0.0,0.0,0.0,0.0,0.0,0.0,0.0,2143.95,2143.9,2144.0,0.09999999999990905,6.3589404217054e-05,,,,,,,,,False
2026-03-20 04:35:00.053339119+00:00,0.0,0.0,0.0,0.0,0.0,0.0,0.0,0.0,2143.6499999999996,2143.6,2143.7,0.09999999999990905,6.154737019653e-05,,,,,,,,,False
2026-03-20 04:36:00.036252094+00:00,0.0,0.0,0.0,0.0,0.0,0.0,0.0,0.0,2144.6499999999996,2144.6,2144.7,0.09999999999990905,6.0275994728181e-05,,,,,,,,,False
2026-03-20 04:37:00.038243588+00:00,0.0,0.0,0.0,0.0,0.0,0.0,0.0,0.0,2143.55,2143.5,2143.6,0.09999999999990905,5.7674951241016e-05,,,,,,,,,False
2026-03-20 04:38:00.037056675+00:00,0.0,0.0,0.0,0.0,0.0,0.0,0.0,0.0,2142.75,2142.7,2142.8,0.1000000000003638,5.5906531198509e-05,2142.5,2143.1,,,,,,,False
2026-03-20 04:39:00.052167570+00:00,0.021808425564522744,-187.07862198473316,0.08731790991119401,2142.5,0.0,0.021829477477798502,-2.105191328597926e-05,0.0,2142.75,2142.7,2142.8,0.1000000000003638,5.4212701115782e-05,,2142.9,,,,,,,False
2026-03-20 04:40:00.038458692+00:00,-0.10045657329443589,-187.07862198473316,0.08731790991119401,2142.5,0.0,-0.10041559639784134,-4.097689658397408e-05,0.0,2141.3500000000004,2141.3,2141.4,0.09999999999990905,4.987816397843e-05,,,,,,,,,False
2026-03-20 04:41:00.052911699+00:00,-0.056816472210864985,-187.07862198473316,0.08731790991119401,2142.5,0.0,-0.05675664144224434,-5.9830768630519714e-05,0.0,2141.8500000000004,2141.8,2141.9,0.09999999999990905,4.667998970872e-05,,,,,,,,,False
2026-03-20 04:42:00.076497060+00:00,-0.21400561044689392,-187.07862198473316,0.08731790991119401,2142.5,0.0,-0.21392887928240945,-7.673116448780335e-05,0.0,2140.05,2140.0,2140.1,0.09999999999990905,4.2158285745889e-05,,,,,,,,,False
2026-03-20 04:43:00.040133873+00:00,-0.24021652314223174,-187.07862198473316,0.08731790991119401,2142.5,0.0,-0.24012425225578352,-9.227088644946813e-05,0.0,2139.75,2139.7,2139.8,0.1000000000003638,3.7466293381537e-05,2139.4,2139.9,,,,,,,False
2026-03-20 04:44:00.156214696+00:00,-0.20530327230020382,-187.07862198473316,0.08731790991119401,2142.5,0.0,-0.20519708829133768,-0.00010618400887572645,0.0,2140.1499999999996,2140.1,2140.2,0.09999999999990905,3.4041367754132e-05,,,,,,,,,False
2026-03-20 04:45:00.038914685+00:00,-0.17912046109722837,-187.07862198473316,0.08731790991119401,2142.5,0.0,-0.1790017153179636,-0.00011874577927641696,0.0,2140.45,2140.4,2140.5,0.09999999999990905,3.0695882881358e-05,,,,,,,,,False
2026-03-20 04:46:00.073010558+00:00,-0.24025445838958118,-187.07862198473316,0.08731790991119401,2142.5,0.0,-0.24012425225578352,-0.00013020613379889677,0.0,2139.75,2139.7,2139.8,0.1000000000003638,2.8399995420039e-05,2139.4,2139.9,,,,,,,False
2026-03-20 04:47:00.478338727+00:00,-0.20533746621448923,-187.07862198473316,0.08731790991119401,2142.5,0.0,-0.20519708829133768,-0.00014037792316113067,0.0,2140.1499999999996,2140.1,2140.2,0.09999999999990905,2.4556820402234e-05,,,,,,,,,False
2026-03-20 04:48:00.040569308+00:00,-0.1966147999514135,-187.07862198473316,0.08731790991119401,2142.5,0.0,-0.19646529730018653,-0.00014950265122025487,0.0,2140.25,2140.2,2140.3,0.1000000000003638,2.3229910060684e-05,2140.0,2140.5,,,,,,,False
2026-03-20 04:49:00.016173689+00:00,-0.004523553464558429,-187.07862198473316,0.08731790991119401,2142.5,0.0,-0.004365895495575583,-0.0001576579689909998,0.0,2142.45,2142.4,2142.5,0.09999999999990905,1.9334498772318e-05,,,,,,,,,False
2026-03-20 04:50:00.035320165+00:00,0.1963011037173101,-187.07862198473316,0.08731790991119401,2142.5,0.0,0.19646529730018653,-0.0001641935828831477,0.0,2144.75,2144.7,2144.8,0.1000000000003638,1.467980143718e-05,2144.5,2145.0,,,,,,,False
2026-03-20 04:51:00.066596478+00:00,0.13517331559032367,-187.07862198473316,0.08731790991119401,2142.5,0.0,0.1353427603623666,-0.00016944477203926375,0.0,2144.05,2144.0,2144.1,0.09999999999990905,1.2962005932525e-05,,,,,,,,,False
2026-03-20 04:52:00.005819215+00:00,0.17882750274948223,-187.07862198473316,0.08731790991119401,2142.5,0.0,0.1790017153179636,-0.00017421256846972955,0.0,2144.55,2144.5,2144.6,0.09999999999990905,1.1047551975435e-05,,,,,,,,,False
2026-03-20 04:53:00.123544351+00:00,0.3272644294359489,-187.07862198473316,0.08731790991119401,2142.5,0.0,0.3274421621669775,-0.00017773273103982554,0.0,2146.25,2146.2,2146.3,0.1000000000003638,7.387543516025e-06,,,,,,,,,False
2026-03-20 04:54:00.005125873+00:00,0.2748710494981281,-187.07862198473316,0.08731790991119401,2142.5,0.0,0.2750514162202294,-0.00018036672210838218,0.0,2145.6499999999996,2145.6,2145.7,0.09999999999990905,6.072617483612e-06,,,,,,,,,False
2026-03-20 04:55:00.136613090+00:00,0.2661373024534891,-187.07862198473316,0.08731790991119401,2142.5,0.0,0.2663196252291576,-0.00018232277566932394,0.0,2145.55,2145.5,2145.6,0.09999999999990905,3.818596039202e-06,,,,,,,,,False
2026-03-20 04:56:00.037668602+00:00,0.5018949131149848,-187.07862198473316,0.08731790991119401,2142.5,0.0,0.5020779819893656,-0.0001830688743884612,0.0,2148.25,2148.2,2148.3,0.1000000000003638,3.73987250428e-07,2147.9,2148.5,,,,,,,False
2026-03-20 04:57:00.043461698+00:00,0.4407729060141931,-187.07862198473316,0.08731790991119401,2142.5,0.0,0.4409554450515456,-0.00018253903734980116,0.0,2147.55,2147.5,2147.6,0.09999999999990905,-2.325695588012e-06,,,,,,,,,False
2026-03-20 04:58:00.042075906+00:00,0.43204247483202973,-187.07862198473316,0.08731790991119401,2142.5,0.0,0.4322236540603945,-0.00018117922837833673,0.0,2147.45,2147.4,2147.5,0.09999999999990905,-4.616441839569e-06,,,,,,,,,False
2026-03-20 04:59:00.035911083+00:00,0.41458106384716636,-187.07862198473316,0.08731790991119401,2142.5,0.0,0.41476007207817156,-0.0001790082310004469,0.0,2147.25,2147.2,2147.3,0.1000000000003638,-6.348054456253e-06,2146.9,2147.5,,,,,,,False
2026-03-20 05:00:00.006689676+00:00,0.5106337964352641,-187.07862198473316,0.08731790991119401,2142.5,0.0,0.5108097729805167,-0.00017597654524409407,0.0,2148.3500000000004,2148.3,2148.4,0.09999999999990905,-9.496598585961e-06,,,,,,,,,False
2026-03-20 05:01:00.028176359+00:00,0.2748792669958135,-187.07862198473316,0.08731790991119401,2142.5,0.0,0.2750514162202294,-0.00017214922442294618,0.0,2145.6499999999996,2145.6,2145.7,0.09999999999990905,-3.7364201284766e-05,,,,,,,,,False
2026-03-20 05:02:00.018173578+00:00,0.2836439960431758,-187.07862198473316,0.08731790991119401,2142.5,0.0,0.2837832072113805,-0.00013921116819546158,0.0,2145.75,2145.7,2145.8,0.1000000000003638,-0.000112223930629126,2145.5,2146.0,,,,,,,False
2026-03-20 05:03:00.051115422+00:00,0.2836919711250422,-187.07862198473316,0.08731790991119401,2142.5,0.0,0.2837832072113805,-9.123608632911697e-05,0.0,2145.75,2145.7,2145.8,0.1000000000003638,-0.000128541499870541,2145.5,2146.0,,,,,,,False
2026-03-20 05:04:00.018374215+00:00,0.6854094442005261,-187.07862198473316,0.08731790991119401,2142.5,0.0,0.6854455928029047,-3.61486023665954e-05,0.0,2150.3500000000004,2150.3,2150.4,0.09999999999990905,-0.00015505742054532,,,,,,,,,False
2026-03-20 05:05:00.070512845+00:00,0.42351013966330914,-187.07862198473316,0.08731790991119401,2142.5,0.0,0.4234918630693227,1.827659397906041e-05,0.0,2147.3500000000004,2147.3,2147.4,0.09999999999990905,-0.000125789574576513,,,,,,,,,False
2026-03-20 05:06:00.054486321+00:00,0.3537045308600025,-187.07862198473316,0.08731790991119401,2142.5,0.0,0.3536375351403516,6.699571963760778e-05,0.0,2146.55,2146.5,2146.6,0.09999999999990905,-0.000123255781223891,,,,,,,,,False
2026-03-20 05:07:00.035863043+00:00,0.35375277060201965,-187.07862198473316,0.08731790991119401,2142.5,0.0,0.3536375351403516,0.00011523546165475538,0.0,2146.55,2146.5,2146.6,0.09999999999990905,-0.000122041164911628,,,,,,,,,False
2026-03-20 05:08:00.036378921+00:00,0.3450680737731345,-187.07862198473316,0.08731790991119401,2142.5,0.0,0.34490574414920044,0.00016232962393286974,0.0,2146.45,2146.4,2146.5,0.09999999999990905,-0.000119397860701182,,,,,,,,,False
2026-03-20 05:09:00.040841482+00:00,0.5721443649855882,-187.07862198473316,0.08731790991119401,2142.5,0.0,0.5719323099183367,0.0002120550672497711,0.0,2149.05,2149.0,2149.1,0.09999999999990905,-0.000127918046622417,,,,,,,,,False
2026-03-20 05:10:00.054616667+00:00,0.7031719144409925,-187.07862198473316,0.08731790991119401,2142.5,0.0,0.7029091747851276,0.00026273965585852705,0.0,2150.55,2150.5,2150.6,0.09999999999990905,-0.000136179271252671,,,,,,,,,False
2026-03-20 05:11:00.114335282+00:00,0.6595670358669533,-187.07862198473316,0.08731790991119401,2142.5,0.0,0.6592502198295307,0.0003168160374084536,0.0,2150.05,2150.0,2150.1,0.09999999999990905,-0.000138552953830632,,,,,,,,,False
2026-03-20 05:12:00.010873225+00:00,0.6159623121194856,-187.07862198473316,0.08731790991119401,2142.5,0.0,0.6155912648739337,0.0003710472455581289,0.0,2149.55,2149.5,2149.6,0.09999999999990905,-0.000139323782228036,,,,,,,,,False
2026-03-20 05:13:00.042077286+00:00,0.5898224010121242,-187.07862198473316,0.08731790991119401,2142.5,0.0,0.5893958919005595,0.0004265091115729662,0.0,2149.25,2149.2,2149.3,0.1000000000003638,-0.000143388772453696,2149.0,2149.5,,,,,,,False
2026-03-20 05:14:00.036592496+00:00,0.5898780638198977,-187.07862198473316,0.08731790991119401,2142.5,0.0,0.5893958919005595,0.0004821719193463753,0.0,2149.25,2149.2,2149.3,0.1000000000003638,-0.000142284831083828,2149.1,2149.6,,,,,,,False
2026-03-20 05:15:00.022585176+00:00,0.7034479589767817,-187.07862198473316,0.08731790991119401,2142.5,0.0,0.7029091747851276,0.0005387841916477805,0.0,2150.55,2150.5,2150.6,0.09999999999990905,-0.000148149669931958,,,,,,,,,False
2026-03-20 05:16:00.102956764+00:00,0.7122385021832232,-187.07862198473316,0.08731790991119401,2142.5,0.0,0.7116409657761994,0.0005975364070111655,0.0,2150.6499999999996,2150.6,2150.7,0.09999999999990905,-0.000152352200687244,,,,,,,,,False
2026-03-20 05:17:00.042539120+00:00,0.7122987233934114,-187.07862198473316,0.08731790991119401,2142.5,0.0,0.7116409657761994,0.0006577576171994223,0.0,2150.6499999999996,2150.6,2150.7,0.09999999999990905,-0.00015314255710531,,,,,,,,,False
2026-03-20 05:18:00.071664378+00:00,0.6250399856998238,-187.07862198473316,0.08731790991119401,2142.5,0.0,0.6243230558650054,0.0007169298348183263,0.0,2149.6499999999996,2149.6,2149.7,0.09999999999990905,-0.000147939244583821,,,,,,,,,False
2026-03-20 05:19:00.011602717+00:00,0.502852201081312,-187.07862198473316,0.08731790991119401,2142.5,0.0,0.5020779819893656,0.0007742190919387102,0.0,2148.25,2148.2,2148.3,0.1000000000003638,-0.00014699410427218,,,,,,,,,False
2026-03-20 05:20:00.043051851+00:00,0.616422833932279,-187.07862198473316,0.08731790991119401,2142.5,0.0,0.6155912648739337,0.0008315690583515822,0.0,2149.55,2149.5,2149.6,0.09999999999990905,-0.000148131326025823,,,,,,,,,False
2026-03-20 05:21:00.046253541+00:00,0.6077491337849774,-187.07862198473316,0.08731790991119401,2142.5,0.0,0.6068594738827825,0.0008896599021847874,0.0,2149.45,2149.4,2149.5,0.09999999999990905,-0.000147065208314223,,,,,,,,,False
2026-03-20 05:22:00.049443910+00:00,0.555415923121411,-187.07862198473316,0.08731790991119401,2142.5,0.0,0.5544687279361137,0.0009471951852853878,0.0,2148.8500000000004,2148.8,2148.9,0.09999999999990905,-0.000148095326354856,,,,,,,,,False
2026-03-20 05:23:00.017603149+00:00,0.39830144252773825,-187.07862198473316,0.08731790991119401,2142.5,0.0,0.39729649009594864,0.0010049524317843124,0.0,2147.05,2147.0,2147.1,0.09999999999990905,-0.000147170466591566,,,,,,,,,False
2026-03-20 05:24:00.051814099+00:00,0.49440907828070246,-187.07862198473316,0.08731790991119401,2142.5,0.0,0.49334619099821436,0.0010628872824924689,0.0,2148.1499999999996,2148.1,2148.2,0.09999999999990905,-0.000149640183548366,,,,,,,,,False
2026-03-20 05:25:00.008978808+00:00,0.44207636866312355,-187.07862198473316,0.08731790991119401,2142.5,0.0,0.4409554450515456,0.0011209236115806026,0.0,2147.55,2147.5,2147.6,0.09999999999990905,-0.000147903986731563,,,,,,,,,False
2026-03-20 05:26:00.052499570+00:00,0.32862018943861465,-187.07862198473316,0.08731790991119401,2142.5,0.0,0.3274421621669775,0.0011780272716259154,0.0,2146.25,2146.2,2146.3,0.1000000000003638,-0.000145378153127924,2146.0,2146.5,,,,,,,False
2026-03-20 05:27:00.225509687+00:00,0.41599527000235575,-187.07862198473316,0.08731790991119401,2142.5,0.0,0.41476007207817156,0.0012351979241889926,0.0,2147.25,2147.2,2147.3,0.1000000000003638,-0.000145823780341445,,,,,,,,,False
2026-03-20 05:28:00.036106305+00:00,0.3374659251168391,-187.07862198473316,0.08731790991119401,2142.5,0.0,0.3361739531581287,0.0012919719587155115,0.0,2146.3500000000004,2146.3,2146.4,0.09999999999990905,-0.000146175102032653,,,,,,,,,False
2026-03-20 05:29:00.061776739+00:00,0.10176383654163705,-187.07862198473316,0.08731790991119401,2142.5,0.0,0.10041559639784134,0.0013482401437851365,0.0,2143.6499999999996,2143.6,2143.7,0.09999999999990905,-0.000143536913506557,,,,,,,,,False
2026-03-20 05:30:00.035444831+00:00,0.0406969682954348,-187.07862198473316,0.08731790991119401,2142.5,0.0,0.03929305946002142,0.001403908835413205,0.0,2142.95,2142.9,2143.0,0.09999999999990905,-0.000143422762969051,,,,,,,,,False
2026-03-20 05:31:00.063270228+00:00,-0.020369444875177025,-187.07862198473316,0.08731790991119401,2142.5,0.0,-0.021829477477798502,0.0014600326026316971,0.0,2142.25,2142.2,2142.3,0.1000000000003638,-0.000144602700082968,2142.1,2142.6,,,,,,,False
2026-03-20 05:32:00.024142130+00:00,-0.23860840363149174,-187.07862198473316,0.08731790991119401,2142.5,0.0,-0.24012425225578352,0.0015158486242905196,0.0,2139.75,2139.7,2139.8,0.1000000000003638,-0.000142321722926276,,,,,,,,,False
2026-03-20 05:33:00.038913406+00:00,-0.16869875755803324,-187.07862198473316,0.08731790991119401,2142.5,0.0,-0.17026992432681243,0.0015711667687838505,0.0,2140.55,2140.5,2140.6,0.09999999999990905,-0.000141463177404088,,,,,,,,,False
2026-03-20 05:34:00.038599979+00:00,-0.22976647972109884,-187.07862198473316,0.08731790991119401,2142.5,0.0,-0.23139246126463237,0.0016259815435201398,0.0,2139.8500000000004,2139.8,2139.9,0.09999999999990905,-0.000139441567702058,,,,,,,,,False
2026-03-20 05:35:00.054593112+00:00,-0.33449399003881225,-187.07862198473316,0.08731790991119401,2142.5,0.0,-0.3361739531581287,0.001679963119311323,0.0,2138.6499999999996,2138.6,2138.7,0.09999999999990905,-0.000137936451905636,,,,,,,,,False
2026-03-20 05:36:00.037243629+00:00,-0.2733176117892546,-187.07862198473316,0.08731790991119401,2142.5,0.0,-0.2750514162202294,0.0017338044309818297,0.0,2139.3500000000004,2139.3,2139.4,0.09999999999990905,-0.000139031180382991,,,,,,,,,False
2026-03-20 05:37:00.111526074+00:00,-0.13355484511824073,-187.07862198473316,0.08731790991119401,2142.5,0.0,-0.1353427603623666,0.0017879152441222072,0.0,2140.95,2140.9,2141.0,0.09999999999990905,-0.000138831843394427,,,,,,,,,False
2026-03-20 05:38:00.040865586+00:00,0.16338034915282032,-187.07862198473316,0.08731790991119401,2142.5,0.0,0.16153813333574069,0.0018422158170812383,0.0,2144.3500000000004,2144.3,2144.4,0.09999999999990905,-0.000140290193459656,,,,,,,,,False
2026-03-20 05:39:00.031993772+00:00,0.006262553314339674,-187.07862198473316,0.08731790991119401,2142.5,0.0,0.004365895495575583,0.0018966578187722446,0.0,2142.55,2142.5,2142.6,0.09999999999990905,-0.000139250742166909,,,,,,,,,False
2026-03-20 05:40:00.012852607+00:00,0.02378043293390529,-187.07862198473316,0.08731790991119401,2142.5,0.0,0.021829477477798502,0.001950955456096568,0.0,2142.75,2142.7,2142.8,0.1000000000003638,-0.000139511455499275,2142.6,2143.1,,,,,,,False
2026-03-20 05:41:00.027001804+00:00,0.006371022388499934,-187.07862198473316,0.08731790991119401,2142.5,0.0,0.004365895495575583,0.0020051268929325047,0.0,2142.55,2142.5,2142.6,0.09999999999990905,-0.000138249536917215,,,,,,,,,False
2026-03-20 05:42:00.037473483+00:00,0.04135205377477359,-187.07862198473316,0.08731790991119401,2142.5,0.0,0.03929305946002142,0.002058994314752,0.0,2142.95,2142.9,2143.0,0.09999999999990905,-0.000137957801828852,,,,,,,,,False
2026-03-20 05:43:00.006309196+00:00,0.09379635798402411,-187.07862198473316,0.08731790991119401,2142.5,0.0,0.0916838054067696,0.002112552577250214,0.0,2143.55,2143.5,2143.6,0.09999999999990905,-0.000137185004806559,,,,,,,,,False
2026-03-20 05:44:00.116575555+00:00,0.19863141653048613,-187.07862198473316,0.08731790991119401,2142.5,0.0,0.19646529730018653,0.0021661192302928774,0.0,2144.75,2144.7,2144.8,0.1000000000003638,-0.000134806020703417,2144.5,2145.0,,,,,,,False
2026-03-20 05:45:00.112809566+00:00,0.20741543201077173,-187.07862198473316,0.08731790991119401,2142.5,0.0,0.20519708829133768,0.0022183437194436264,0.0,2144.8500000000004,2144.8,2144.9,0.09999999999990905,-0.000132194288643532,,,,,,,,,False
2026-03-20 05:46:00.047297668+00:00,0.23366191619498583,-187.07862198473316,0.08731790991119401,2142.5,0.0,0.23139246126463237,0.002269454930338421,0.0,2145.1499999999996,2145.1,2145.2,0.09999999999990905,-0.000130093482376968,,,,,,,,,False
2026-03-20 05:47:00.073527001+00:00,0.12893026398242055,-187.07862198473316,0.08731790991119401,2142.5,0.0,0.12661096937121544,0.002319294611192491,0.0,2143.95,2143.9,2144.0,0.09999999999990905,-0.000126446537122692,,,,,,,,,False
2026-03-20 05:48:00.011539922+00:00,0.1289790825115582,-187.07862198473316,0.08731790991119401,2142.5,0.0,0.12661096937121544,0.002368113140330128,0.0,2143.95,2143.9,2144.0,0.09999999999990905,-0.000124457579420595,,,,,,,,,False
2026-03-20 05:49:00.107307360+00:00,0.041709686307531565,-187.07862198473316,0.08731790991119401,2142.5,0.0,0.03929305946002142,0.002416626847509973,0.0,2142.95,2142.9,2143.0,0.09999999999990905,-0.000123837521034218,,,,,,,,,False
2026-03-20 05:50:00.035781492+00:00,0.05048944575043671,-187.07862198473316,0.08731790991119401,2142.5,0.0,0.048024850451172586,0.0024645952992518334,0.0,2143.05,2143.0,2143.1,0.09999999999990905,-0.000123081568467985,,,,,,,,,False
2026-03-20 05:51:00.035496219+00:00,0.11165961338537198,-187.07862198473316,0.08731790991119401,2142.5,0.0,0.10914738738899252,0.002512225996385208,0.0,2143.75,2143.7,2143.8,0.1000000000003638,-0.000121904849091884,2143.6,2144.1,,,,,,,False
2026-03-20 05:52:00.035442799+00:00,-0.02800162180605288,-187.07862198473316,0.08731790991119401,2142.5,0.0,-0.03056126846894967,0.002559646662890698,0.0,2142.1499999999996,2142.1,2142.2,0.09999999999990905,-0.000120938383251788,,,,,,,,,False
2026-03-20 05:53:00.034707309+00:00,-0.0716137170766013,-187.07862198473316,0.08731790991119401,2142.5,0.0,-0.07422022342454668,0.002606506347931309,0.0,2141.6499999999996,2141.6,2141.7,0.09999999999990905,-0.000120096696962877,,,,,,,,,False
2026-03-20 05:54:00.065827413+00:00,-0.0802994717877023,-187.07862198473316,0.08731790991119401,2142.5,0.0,-0.08295201441561842,0.002652542627908318,0.0,2141.55,2141.5,2141.6,0.09999999999990905,-0.000117729575949398,,,,,,,,,False
2026-03-20 05:55:00.016957591+00:00,-0.12391289812941444,-187.07862198473316,0.08731790991119401,2142.5,0.0,-0.12661096937121544,0.0026980712417852045,0.0,2141.05,2141.0,2141.1,0.09999999999990905,-0.000116498964723402,,,,,,,,,False
2026-03-20 05:56:00.018181225+00:00,-0.1849905637678446,-187.07862198473316,0.08731790991119401,2142.5,0.0,-0.18773350630903535,0.002742942541185384,0.0,2140.3500000000004,2140.3,2140.4,0.09999999999990905,-0.000114463013327843,,,,,,,,,False
2026-03-20 05:57:00.022567686+00:00,-0.2548008014168832,-187.07862198473316,0.08731790991119401,2142.5,0.0,-0.25758783423800646,0.0027870328211119424,0.0,2139.55,2139.5,2139.6,0.09999999999990905,-0.000112228277289075,,,,,,,,,False
2026-03-20 05:58:00.072530388+00:00,-0.24602588366434455,-187.07862198473316,0.08731790991119401,2142.5,0.0,-0.2488560432469347,0.002830159582601006,0.0,2139.6499999999996,2139.6,2139.7,0.09999999999990905,-0.000110074259793474,,,,,,,,,False
2026-03-20 05:59:00.035315937+00:00,-0.21105613079989985,-187.07862198473316,0.08731790991119401,2142.5,0.0,-0.21392887928240945,0.0028727484825062607,0.0,2140.05,2140.0,2140.1,0.09999999999990905,-0.000109013316697547,,,,,,,,,False
2026-03-20 06:00:00.037965979+00:00,-0.19355047480444085,-187.07862198473316,0.08731790991119401,2142.5,0.0,-0.19646529730018653,0.002914822495752388,0.0,2140.25,2140.2,2140.3,0.1000000000003638,-0.000107215583643505,2140.1,2140.6,,,,,,,False
2026-03-20 06:01:00.097663571+00:00,-0.42931199161733796,-187.07862198473316,0.08731790991119401,2142.5,0.0,-0.4322236540603945,0.0029116624430417003,0.0,2137.55,2137.5,2137.6,0.09999999999990905,2.1433704446324e-05,,,,,,,,,False
2026-03-20 06:02:00.052007823+00:00,-0.31578805070231847,-187.07862198473316,0.08731790991119401,2142.5,0.0,-0.31871037117582635,0.0029223204735069827,0.0,2138.8500000000004,2138.8,2138.9,0.09999999999990905,-4.9989525285676e-05,,,,,,,,,False
2026-03-20 06:03:00.037939556+00:00,-0.24591056036683848,-187.07862198473316,0.08731790991119401,2142.5,0.0,-0.2488560432469347,0.0029454828801070616,0.0,2139.6499999999996,2139.6,2139.7,0.09999999999990905,-7.7146146672021e-05,,,,,,,,,False
2026-03-20 06:04:00.009041464+00:00,-0.14983554006100724,-187.07862198473316,0.08731790991119401,2142.5,0.0,-0.1528063423445895,0.0029708022835685517,0.0,2140.75,2140.7,2140.8,0.1000000000003638,-6.5844515529393e-05,2140.6,,,,,,,,False
2026-03-20 06:05:00.038792551+00:00,-0.22839527492589493,-187.07862198473316,0.08731790991119401,2142.5,0.0,-0.23139246126463237,0.002997186338724059,0.0,2139.8500000000004,2139.8,2139.9,0.09999999999990905,-6.6445708573514e-05,,,,,,,,,False
2026-03-20 06:06:00.029430440+00:00,-0.2109073202906066,-187.07862198473316,0.08731790991119401,2142.5,0.0,-0.21392887928240945,0.003021558991799516,0.0,2140.05,2140.0,2140.1,0.09999999999990905,-5.9217495592891e-05,,,,,,,,,False
2026-03-20 06:07:00.055823707+00:00,-0.28947080647822804,-187.07862198473316,0.08731790991119401,2142.5,0.0,-0.2925149982025317,0.0030441917243065365,0.0,2139.1499999999996,2139.1,2139.2,0.09999999999990905,-5.565730579586e-05,,,,,,0.0,0.0,uneconomic_spread,False
2026-03-20 06:08:00.087601458+00:00,-0.4378907132983697,-187.07862198473316,0.08731790991119401,2142.5,0.0,-0.4409554450515456,0.0030647317531732094,0.0,2137.45,2137.4,2137.5,0.09999999999990905,-5.0255964865886e-05,,,,,,,,,False
2026-03-20 06:09:00.019347656+00:00,-0.32435900437151366,-187.07862198473316,0.08731790991119401,2142.5,0.0,-0.3274421621669775,0.0030831577954750946,0.0,2138.75,2138.7,2138.8,0.1000000000003638,-5.1513231042694e-05,2138.5,2139.0,,,,,,,False
2026-03-20 06:10:00.020267265+00:00,-0.36799725942421746,-187.07862198473316,0.08731790991119401,2142.5,0.0,-0.37110111712257454,0.003103857698360275,0.0,2138.25,2138.2,2138.3,0.1000000000003638,-5.3951436426734e-05,2138.0,2138.5,,,,,,,False
2026-03-20 06:11:00.052340621+00:00,-0.46402667812121456,-187.07862198473316,0.08731790991119401,2142.5,0.0,-0.4671508180249197,0.0031241399037045224,0.0,2137.1499999999996,2137.1,2137.2,0.09999999999990905,-5.1880344039043e-05,,,,,,,,,False
2026-03-20 06:12:00.071279653+00:00,-0.4378116461932157,-187.07862198473316,0.08731790991119401,2142.5,0.0,-0.4409554450515456,0.0031437988583271933,0.0,2137.45,2137.4,2137.5,0.09999999999990905,-5.0651536740965e-05,,,,,,0.0,0.0,uneconomic_spread,False
2026-03-20 06:13:00.077514548+00:00,-0.31554588263473776,-187.07862198473316,0.08731790991119401,2142.5,0.0,-0.31871037117582635,0.003164488541087669,0.0,2138.8500000000004,2138.8,2138.9,0.09999999999990905,-5.3973679722848e-05,,,,,,,,,False
2026-03-20 06:14:00.019557010+00:00,-0.36791538760477,-187.07862198473316,0.08731790991119401,2142.5,0.0,-0.37110111712257454,0.0031857295178077828,0.0,2138.25,2138.2,2138.3,0.1000000000003638,-5.541165072637e-05,2138.0,2138.6,,,,,,,False
2026-03-20 06:15:00.024271181+00:00,-0.30677127492725753,-187.07862198473316,0.08731790991119401,2142.5,0.0,-0.3099785801847546,0.003207305257489918,0.0,2138.95,2138.9,2139.0,0.09999999999990905,-5.631038535435e-05,,,,,,,,,False
2026-03-20 06:16:00.081243060+00:00,-0.43772677465573867,-187.07862198473316,0.08731790991119401,2142.5,0.0,-0.4409554450515456,0.0032286703958042413,0.0,2137.45,2137.4,2137.5,0.09999999999990905,-5.396608103882e-05,,,,,,,,,False
2026-03-20 06:17:00.027423364+00:00,-0.5075611775941204,-187.07862198473316,0.08731790991119401,2142.5,0.0,-0.5108097729805167,0.003248595386387675,0.0,2136.6499999999996,2136.6,2136.7,0.09999999999990905,-4.9429252197349e-05,,,,,,,,,False
2026-03-20 06:18:00.036069511+00:00,-0.5424697621167437,-187.07862198473316,0.08731790991119401,2142.5,0.0,-0.5457369369449625,0.0032671748282185773,0.0,2136.25,2136.2,2136.3,0.1000000000003638,-4.9621082037491e-05,2135.9,2136.5,,,,,,,False
2026-03-20 06:19:00.040330399+00:00,-0.6035737670797727,-187.07862198473316,0.08731790991119401,2142.5,0.0,-0.6068594738827825,0.0032857068030198496,0.0,2135.55,2135.5,2135.6,0.09999999999990905,-4.5984945381804e-05,,,,,,,,,False
2026-03-20 06:20:00.102625082+00:00,-0.6908735689032236,-187.07862198473316,0.08731790991119401,2142.5,0.0,-0.6941773837939765,0.0033038148907470915,0.0,2134.55,2134.5,2134.6,0.09999999999990905,-4.5159576338528e-05,,,,,,,,,False
2026-03-20 06:21:00.035289131+00:00,-0.6384657806186959,-187.07862198473316,0.08731790991119401,2142.5,0.0,-0.6417866378473077,0.0033208572286078006,0.0,2135.1499999999996,2135.1,2135.2,0.09999999999990905,-4.4899076355286e-05,,,,,,,,,False
2026-03-20 06:22:00.067289337+00:00,-0.6646439740444597,-187.07862198473316,0.08731790991119401,2142.5,0.0,-0.6679820108206024,0.003338036776134793,0.0,2134.8500000000004,2134.8,2134.9,0.09999999999990905,-4.4743540072335e-05,,,,,,,,,False
2026-03-20 06:23:00.045182881+00:00,-0.5860400353782649,-187.07862198473316,0.08731790991119401,2142.5,0.0,-0.5893958919005595,0.0033558565222863742,0.0,2135.75,2135.7,2135.8,0.1000000000003638,-4.6507329222973e-05,2135.5,,,,,,,,False
2026-03-20 06:24:00.058907212+00:00,-0.5860214819778596,-187.07862198473316,0.08731790991119401,2142.5,0.0,-0.5893958919005595,0.003374409922691633,0.0,2135.75,2135.7,2135.8,0.1000000000003638,-4.816288228155e-05,2135.4,2136.0,,,,,,,False
2026-03-20 06:25:00.036290341+00:00,-0.5248797845343662,-187.07862198473316,0.08731790991119401,2142.5,0.0,-0.5282733549627396,0.0033935704283831842,0.0,2136.45,2136.4,2136.5,0.09999999999990905,-5.1907869817266e-05,,,,,,,,,False
2026-03-20 06:26:00.049580566+00:00,-0.4986644784605526,-187.07862198473316,0.08731790991119401,2142.5,0.0,-0.5020779819893656,0.0034135035288206314,0.0,2136.75,2136.7,2136.8,0.1000000000003638,-5.1197058792932e-05,2136.5,2137.0,,,,,,,False
2026-03-20 06:27:00.035583194+00:00,-0.5073762530494209,-187.07862198473316,0.08731790991119401,2142.5,0.0,-0.5108097729805167,0.003433519931087245,0.0,2136.6499999999996,2136.6,2136.7,0.09999999999990905,-5.1269832591945e-05,,,,,,,,,False
2026-03-20 06:28:00.053545821+00:00,-0.5510149608736614,-187.07862198473316,0.08731790991119401,2142.5,0.0,-0.5544687279361137,0.0034537670624641727,0.0,2136.1499999999996,2136.1,2136.2,0.09999999999990905,-5.1726190315042e-05,,,,,,,,,False
2026-03-20 06:29:00.015791447+00:00,-0.5684586579388917,-187.07862198473316,0.08731790991119401,2142.5,0.0,-0.5719323099183367,0.003473651979446665,0.0,2135.95,2135.9,2136.0,0.09999999999990905,-5.1037527846094e-05,,,,,,,,,False
2026-03-20 06:30:00.050222164+00:00,-0.38507060287264033,-187.07862198473316,0.08731790991119401,2142.5,0.0,-0.38856469910479746,0.003494096232150279,0.0,2138.05,2138.0,2138.1,0.09999999999990905,-5.3864673432734e-05,,,,,,,,,False
2026-03-20 06:31:00.016860339+00:00,-0.20168124843520407,-187.07862198473316,0.08731790991119401,2142.5,0.0,-0.20519708829133768,0.003515839856124026,0.0,2140.1499999999996,2140.1,2140.2,0.09999999999990905,-5.7270616274085e-05,,,,,,,,,False
2026-03-20 06:32:00.048531858+00:00,-0.40249063765481835,-187.07862198473316,0.08731790991119401,2142.5,0.0,-0.4060282810870204,0.0035376434322135913,0.0,2137.8500000000004,2137.8,2137.9,0.09999999999990905,-5.5995131882406e-05,,,,,,,,,False
2026-03-20 06:33:00.062252483+00:00,-0.41120054148154733,-187.07862198473316,0.08731790991119401,2142.5,0.0,-0.41476007207817156,0.0035595305966194296,0.0,2137.75,2137.7,2137.8,0.1000000000003638,-5.5577713668455e-05,,,,,,,,,False
2026-03-20 06:34:00.037285050+00:00,-0.402447645839403,-187.07862198473316,0.08731790991119401,2142.5,0.0,-0.4060282810870204,0.003580635247628916,0.0,2137.8500000000004,2137.8,2137.9,0.09999999999990905,-5.4212307306195e-05,,,,,,,,,False
2026-03-20 06:35:00.258397048+00:00,-0.28891267811980287,-187.07862198473316,0.08731790991119401,2142.5,0.0,-0.2925149982025317,0.003602320082731724,0.0,2139.1499999999996,2139.1,2139.2,0.09999999999990905,-5.5688068641296e-05,,,,,,,,,False
2026-03-20 06:36:00.042671285+00:00,-0.2888912193641142,-187.07862198473316,0.08731790991119401,2142.5,0.0,-0.2925149982025317,0.003623778838420363,0.0,2139.1499999999996,2139.1,2139.2,0.09999999999990905,-5.5086357646771e-05,,,,,,,,,False
2026-03-20 06:37:00.020620837+00:00,-0.297601886358926,-187.07862198473316,0.08731790991119401,2142.5,0.0,-0.3012467891936034,0.003644902834686583,0.0,2139.05,2139.0,2139.1,0.09999999999990905,-5.411286278543e-05,,,,,,,,,False
2026-03-20 06:38:00.010169640+00:00,-0.29758083617661046,-187.07862198473316,0.08731790991119401,2142.5,0.0,-0.3012467891936034,0.0036659530170021284,0.0,2139.05,2139.0,2139.1,0.09999999999990905,-5.4415975759516e-05,,,,,,,,,False
2026-03-20 06:39:00.036387729+00:00,-0.34121870605262944,-187.07862198473316,0.08731790991119401,2142.5,0.0,-0.34490574414920044,0.0036870380965721636,0.0,2138.55,2138.5,2138.6,0.09999999999990905,-5.4331164906218e-05,,,,,,,,,False
2026-03-20 06:40:00.020067770+00:00,-0.4372474343749823,-187.07862198473316,0.08731790991119401,2142.5,0.0,-0.4409554450515456,0.0037080106765606394,0.0,2137.45,2137.4,2137.5,0.09999999999990905,-5.3225500598262e-05,,,,,,,,,False
2026-03-20 06:41:00.036253175+00:00,-0.777767385792793,-187.07862198473316,0.08731790991119401,2142.5,0.0,-0.7814952937051705,0.0037279079123841395,0.0,2133.55,2133.5,2133.6,0.09999999999990905,-4.9028050932228e-05,,,,,,,,,False
2026-03-20 06:42:00.066604746+00:00,-0.5157942797467585,-187.07862198473316,0.08731790991119401,2142.5,0.0,-0.5195415639715885,0.003747284224827657,0.0,2136.55,2136.5,2136.6,0.09999999999990905,-5.0729306043514e-05,,,,,,,,,False
2026-03-20 06:43:00.132926661+00:00,-0.5681651823746364,-187.07862198473316,0.08731790991119401,2142.5,0.0,-0.5719323099183367,0.003767127543701963,0.0,2135.95,2135.9,2136.0,0.09999999999990905,-5.1061307490089e-05,,,,,,,,,False
2026-03-20 06:44:00.035407952+00:00,-0.6205359554600646,-187.07862198473316,0.08731790991119401,2142.5,0.0,-0.6243230558650054,0.003787100404940884,0.0,2135.3500000000004,2135.3,2135.4,0.09999999999990905,-5.1826011898523e-05,,,,,,,,,False
2026-03-20 06:45:00.095304232+00:00,-0.4982705077409036,-187.07862198473316,0.08731790991119401,2142.5,0.0,-0.5020779819893656,0.0038074742484696597,0.0,2136.75,2136.7,2136.8,0.1000000000003638,-5.2793002582684e-05,2136.5,2137.0,,,,,,,False
2026-03-20 06:46:00.073971586+00:00,-0.48951824573509767,-187.07862198473316,0.08731790991119401,2142.5,0.0,-0.49334619099821436,0.003827945263112335,0.0,2136.8500000000004,2136.8,2136.9,0.09999999999990905,-5.2809977397737e-05,,,,,,,,,False
2026-03-20 06:47:00.049124041+00:00,-0.4283751453825766,-187.07862198473316,0.08731790991119401,2142.5,0.0,-0.4322236540603945,0.0038485086778030754,0.0,2137.55,2137.5,2137.6,0.09999999999990905,-5.3716229177604e-05,,,,,,,,,False
2026-03-20 06:48:00.026109434+00:00,-0.35849989559864626,-187.07862198473316,0.08731790991119401,2142.5,0.0,-0.36236932613142336,0.00386943053276822,0.0,2138.3500000000004,2138.3,2138.4,0.09999999999990905,-5.383472607814e-05,,,,,,,,,False
2026-03-20 06:49:00.019210809+00:00,-0.5156513184813449,-187.07862198473316,0.08731790991119401,2142.5,0.0,-0.5195415639715885,0.0038902454902412214,0.0,2136.55,2136.5,2136.6,0.09999999999990905,-5.2754513664209e-05,,,,,,,,,False
2026-03-20 06:50:00.193198825+00:00,-0.47197171667015664,-187.07862198473316,0.08731790991119401,2142.5,0.0,-0.47588260901599144,0.003910892345840491,0.0,2137.05,2137.0,2137.1,0.09999999999990905,-5.2783474999692e-05,,,,,,,,,False
2026-03-20 06:51:00.036262976+00:00,-0.41082891417037415,-187.07862198473316,0.08731790991119401,2142.5,0.0,-0.41476007207817156,0.003931157907792643,0.0,2137.75,2137.7,2137.8,0.1000000000003638,-5.1856601959708e-05,2137.5,2138.1,,,,,,,False
2026-03-20 06:52:00.023030983+00:00,-0.4195404212881032,-187.07862198473316,0.08731790991119401,2142.5,0.0,-0.4234918630693227,0.003951441781226845,0.0,2137.6499999999996,2137.6,2137.7,0.09999999999990905,-5.1977816545282e-05,,,,,,,,,False
2026-03-20 06:53:00.037701161+00:00,-0.4107884594895207,-187.07862198473316,0.08731790991119401,2142.5,0.0,-0.41476007207817156,0.003971612588646093,0.0,2137.75,2137.7,2137.8,0.1000000000003638,-5.1873143207008e-05,2137.5,2138.0,,,,,,,False
2026-03-20 06:54:00.041990515+00:00,-0.41949991494364003,-187.07862198473316,0.08731790991119401,2142.5,0.0,-0.4234918630693227,0.00399194812569005,0.0,2137.6499999999996,2137.6,2137.7,0.09999999999990905,-5.1897781899114e-05,,,,,,,,,False
2026-03-20 06:55:00.036459007+00:00,-0.43694325690048585,-187.07862198473316,0.08731790991119401,2142.5,0.0,-0.4409554450515456,0.004012188151057102,0.0,2137.45,2137.4,2137.5,0.09999999999990905,-5.185021432728e-05,,,,,,,,,False
2026-03-20 06:56:00.036632317+00:00,-0.49804575738642637,-187.07862198473316,0.08731790991119401,2142.5,0.0,-0.5020779819893656,0.0040322246029469095,0.0,2136.75,2136.7,2136.8,0.1000000000003638,-5.0675765944928e-05,2136.5,2137.0,,,,,,,False
2026-03-20 06:57:00.291846809+00:00,-0.5067578812488372,-187.07862198473316,0.08731790991119401,2142.5,0.0,-0.5108097729805167,0.004051891731670893,0.0,2136.6499999999996,2136.6,2136.7,0.09999999999990905,-4.9781485504901e-05,,,,,,,,,False
2026-03-20 06:58:00.010808622+00:00,-0.559129547233182,-187.07862198473316,0.08731790991119401,2142.5,0.0,-0.5632005189271855,0.004070971693993141,0.0,2136.05,2136.0,2136.1,0.09999999999990905,-4.8264327609651e-05,,,,,,,,,False
2026-03-20 06:59:00.035915537+00:00,-0.5241837482098854,-187.07862198473316,0.08731790991119401,2142.5,0.0,-0.5282733549627396,0.004089606752863949,0.0,2136.45,2136.4,2136.5,0.09999999999990905,-4.7345402205166e-05,,,,,,,,,False
2026-03-20 07:00:00.036049700+00:00,-0.4979699712674978,-187.07862198473316,0.08731790991119401,2142.5,0.0,-0.5020779819893656,0.00410801072187544,0.0,2136.75,2136.7,2136.8,0.1000000000003638,0.0,,,,,,,,,False
2026-03-20 07:01:00.023548247+00:00,-1.1703635384824786,-187.07862198473316,0.08731790991119401,2142.5,0.0,-1.1744258883055436,0.0040623498230564605,0.0,2129.05,2129.0,2129.1,0.09999999999990905,0.000214039688136021,,,,,,,,,False
2026-03-20 07:02:00.048407401+00:00,-1.755471350980394,-187.07862198473316,0.08731790991119401,2142.5,0.0,-1.7594558847105275,0.0039845337301249485,0.0,2122.3500000000004,2122.3,2122.4,0.09999999999990905,0.000195433550350187,,,,,,,,,False
2026-03-20 07:03:00.022007861+00:00,-1.7904359786074404,-187.07862198473316,0.08731790991119401,2142.5,0.0,-1.7943830486750527,0.003947070067618138,0.0,2121.95,2121.9,2122.0,0.09999999999990905,6.8156844388049e-05,,,,,,,,,False
2026-03-20 07:04:00.007351485+00:00,-1.5110254584400558,-187.07862198473316,0.08731790991119401,2142.5,0.0,-1.5149657369592477,0.003940278519198809,0.0,2125.1499999999996,2125.1,2125.2,0.09999999999990905,-4.256219236898e-06,,,,,,,,,False
2026-03-20 07:05:00.066531454+00:00,-1.3101861816209797,-187.07862198473316,0.08731790991119401,2142.5,0.0,-1.3141345441634857,0.003948362542514291,0.0,2127.45,2127.4,2127.5,0.09999999999990905,-2.9531404200421e-05,,,,,,,,,False
2026-03-20 07:06:00.035543658+00:00,-1.2752423859609279,-187.07862198473316,0.08731790991119401,2142.5,0.0,-1.2792073801989605,0.00396499423802665,0.0,2127.8500000000004,2127.8,2127.9,0.09999999999990905,-4.3482193414601e-05,,,,,,,,,False
2026-03-20 07:07:00.036253857+00:00,-1.3800080997203852,-187.07862198473316,0.08731790991119401,2142.5,0.0,-1.3839888720924567,0.003980772372073996,0.0,2126.6499999999996,2126.6,2126.7,0.09999999999990905,-4.1509809821541e-05,,,,,,,,,False
2026-03-20 07:08:00.041342437+00:00,-1.1442327354930841,-187.07862198473316,0.08731790991119401,2142.5,0.0,-1.1482305153321695,0.003997779839074924,0.0,2129.3500000000004,2129.3,2129.4,0.09999999999990905,-4.6877194855158e-05,,,,,,,,,False
2026-03-20 07:09:00.047379503+00:00,-0.8385993815010562,-187.07862198473316,0.08731790991119401,2142.5,0.0,-0.8426178306429905,0.004018449141922839,0.0,2132.8500000000004,2132.8,2132.9,0.09999999999990905,-5.7226250470143e-05,,,,,,,,,False
2026-03-20 07:10:00.035501771+00:00,-1.0219453175751108,-187.07862198473316,0.08731790991119401,2142.5,0.0,-1.0259854414565297,0.004040123881416126,0.0,2130.75,2130.7,2130.8,0.1000000000003638,-5.3114515994205e-05,,,,,,,,,False
2026-03-20 07:11:00.051932003+00:00,-1.1179761829669497,-187.07862198473316,0.08731790991119401,2142.5,0.0,-1.1220351423588748,0.004058959391918412,0.0,2129.6499999999996,2129.6,2129.7,0.09999999999990905,-4.7011688871732e-05,,,,,,,,,False
2026-03-20 07:12:00.063440346+00:00,-1.1790807159982288,-187.07862198473316,0.08731790991119401,2142.5,0.0,-1.1831576792966947,0.0040769632984695185,0.0,2128.95,2128.9,2129.0,0.09999999999990905,-4.7465048798576e-05,,,,,,,,,False
2026-03-20 07:13:00.011113839+00:00,-1.3187734495444106,-187.07862198473316,0.08731790991119401,2142.5,0.0,-1.3228663351545575,0.004092885610132961,0.0,2127.3500000000004,2127.3,2127.4,0.09999999999990905,-3.8327236193613e-05,,,,,,,,,False
2026-03-20 07:14:00.037002647+00:00,-1.310026589354942,-187.07862198473316,0.08731790991119401,2142.5,0.0,-1.3141345441634857,0.004107954808551926,0.0,2127.45,2127.4,2127.5,0.09999999999990905,-4.0462401563408e-05,,,,,,,,,False
2026-03-20 07:15:00.035926925+00:00,-1.2139605690222022,-187.07862198473316,0.08731790991119401,2142.5,0.0,-1.2180848432611406,0.004124274238950369,0.0,2128.55,2128.5,2128.6,0.09999999999990905,-4.3796639719403e-05,,,,,,,,,False
2026-03-20 07:16:00.063656847+00:00,-1.0218433840162342,-187.07862198473316,0.08731790991119401,2142.5,0.0,-1.0259854414565297,0.0041420574402925665,0.0,2130.75,2130.7,2130.8,0.1000000000003638,-4.9124063967568e-05,,,,,,,,,False
2026-03-20 07:17:00.036393385+00:00,-0.9781644771902892,-187.07862198473316,0.08731790991119401,2142.5,0.0,-0.9823264865009326,0.004162009310648615,0.0,2131.25,2131.2,2131.3,0.1000000000003638,-5.2673872401422e-05,,,,,,,,,False
2026-03-20 07:18:00.036938158+00:00,-0.8733623223726583,-187.07862198473316,0.08731790991119401,2142.5,0.0,-0.8775449946075157,0.0041826722348601636,0.0,2132.45,2132.4,2132.5,0.09999999999990905,-5.4054023098656e-05,,,,,,,,,False
2026-03-20 07:19:00.013731124+00:00,-1.004318913403372,-187.07862198473316,0.08731790991119401,2142.5,0.0,-1.0085218594743066,0.00420294607094189,0.0,2130.95,2130.9,2131.0,0.09999999999990905,-5.028734026903e-05,,,,,,,,,False
2026-03-20 07:20:00.035523837+00:00,-0.8995179025699108,-187.07862198473316,0.08731790991119401,2142.5,0.0,-0.9037403675808897,0.004222465010983728,0.0,2132.1499999999996,2132.1,2132.2,0.09999999999990905,-5.0936259842396e-05,,,,,,,,,False
2026-03-20 07:21:00.072036937+00:00,-0.777253467998977,-187.07862198473316,0.08731790991119401,2142.5,0.0,-0.7814952937051705,0.0042418257062001785,0.0,2133.55,2133.5,2133.6,0.09999999999990905,-5.0874527315367e-05,,,,,,,,,False
2026-03-20 07:22:00.035737802+00:00,-0.6549885345643018,-187.07862198473316,0.08731790991119401,2142.5,0.0,-0.6592502198295307,0.004261685265214683,0.0,2134.95,2134.9,2135.0,0.09999999999990905,-5.0442714814277e-05,,,,,,,,,False
2026-03-20 07:23:00.083038632+00:00,-0.2620375584191494,-187.07862198473316,0.08731790991119401,2142.5,0.0,-0.2663196252291576,0.004282066810009046,0.0,2139.45,2139.4,2139.5,0.09999999999990905,-5.5100812737401e-05,,,,,,,,,False
2026-03-20 07:24:00.012700542+00:00,-0.09611216538598238,-187.07862198473316,0.08731790991119401,2142.5,0.0,-0.10041559639784134,0.0043034310118695365,0.0,2141.3500000000004,2141.3,2141.4,0.09999999999990905,-5.6220272208606e-05,,,,,,,,,False
2026-03-20 07:25:00.033100335+00:00,-0.2183364963459699,-187.07862198473316,0.08731790991119401,2142.5,0.0,-0.2226606702735606,0.004324173927599482,0.0,2139.95,2139.9,2140.0,0.09999999999990905,-5.1905805192818e-05,,,,,,,,,False
2026-03-20 07:26:00.042405253+00:00,-0.17465741456758493,-187.07862198473316,0.08731790991119401,2142.5,0.0,-0.1790017153179636,0.0043443007503670234,0.0,2140.45,2140.4,2140.5,0.09999999999990905,-5.2543658728822e-05,,,,,,,,,False
2026-03-20 07:27:00.035351260+00:00,-0.19210057286271007,-187.07862198473316,0.08731790991119401,2142.5,0.0,-0.19646529730018653,0.004364724437483176,0.0,2140.25,2140.2,2140.3,0.1000000000003638,-5.2495648497313e-05,2140.0,2140.5,,,,,,,False
2026-03-20 07:28:00.036058824+00:00,-0.3230571100303427,-187.07862198473316,0.08731790991119401,2142.5,0.0,-0.3274421621669775,0.004385052136646018,0.0,2138.75,2138.7,2138.8,0.1000000000003638,-5.1377795651338e-05,,,,,,,,,False
2026-03-20 07:29:00.009552825+00:00,-0.34050084339455866,-187.07862198473316,0.08731790991119401,2142.5,0.0,-0.34490574414920044,0.004404900754642953,0.0,2138.55,2138.5,2138.6,0.09999999999990905,-5.1139735943376e-05,,,,,,,,,False
2026-03-20 07:30:00.005823089+00:00,-0.349213147904835,-187.07862198473316,0.08731790991119401,2142.5,0.0,-0.3536375351403516,0.004424387235501482,0.0,2138.45,2138.4,2138.5,0.09999999999990905,-4.9272625331643e-05,,,,,,,,,False
2026-03-20 07:31:00.035985363+00:00,-0.3841215627856887,-187.07862198473316,0.08731790991119401,2142.5,0.0,-0.38856469910479746,0.004443136319101918,0.0,2138.05,2138.0,2138.1,0.09999999999990905,-4.7494627807385e-05,,,,,,,,,False
2026-03-20 07:32:00.026454375+00:00,-0.31424809978938384,-187.07862198473316,0.08731790991119401,2142.5,0.0,-0.31871037117582635,0.004462271386441602,0.0,2138.8500000000004,2138.8,2138.9,0.09999999999990905,-4.9157305141454e-05,,,,,,,,,False
2026-03-20 07:33:00.060073537+00:00,-0.23564232157012413,-187.07862198473316,0.08731790991119401,2142.5,0.0,-0.24012425225578352,0.004481930685658132,0.0,2139.75,2139.7,2139.8,0.1000000000003638,-5.0781677121207e-05,,,,,,,,,False
2026-03-20 07:34:00.052093292+00:00,0.4716528037959324,-187.07862198473316,0.08731790991119401,2142.5,0.0,0.4671508180249197,0.004501985771013304,0.0,2147.8500000000004,2147.8,2147.9,0.09999999999990905,-5.2056051833572e-05,,,,,,,,,False
2026-03-20 07:35:00.031334062+00:00,0.39308765319711136,-187.07862198473316,0.08731790991119401,2142.5,0.0,0.38856469910479746,0.004522954092320729,0.0,2146.95,2146.9,2147.0,0.09999999999990905,-5.4357448792264e-05,,,,,,,,,False
2026-03-20 07:36:00.064735985+00:00,0.4280359748846389,-187.07862198473316,0.08731790991119401,2142.5,0.0,0.4234918630693227,0.004544111815308851,0.0,2147.3500000000004,2147.3,2147.4,0.09999999999990905,-5.4175521239128e-05,,,,,,,,,False
2026-03-20 07:37:00.032137137+00:00,0.5852293190674437,-187.07862198473316,0.08731790991119401,2142.5,0.0,0.5806641009094083,0.004565218158027204,0.0,2149.1499999999996,2149.1,2149.2,0.09999999999990905,-5.3911181822483e-05,,,,,,,,,False
2026-03-20 07:38:00.035845434+00:00,0.48920079697207897,-187.07862198473316,0.08731790991119401,2142.5,0.0,0.4846144000071426,0.004586396964946977,0.0,2148.05,2148.0,2148.1,0.09999999999990905,-5.3544257658848e-05,,,,,,,,,False
2026-03-20 07:39:00.042301257+00:00,0.5590760404961455,-187.07862198473316,0.08731790991119401,2142.5,0.0,0.5544687279361137,0.004607312560019859,0.0,2148.8500000000004,2148.8,2148.9,0.09999999999990905,-5.3359574653057e-05,,,,,,,,,False
2026-03-20 07:40:00.026719616+00:00,0.5067063207814994,-187.07862198473316,0.08731790991119401,2142.5,0.0,0.5020779819893656,0.004628338792126061,0.0,2148.25,2148.2,2148.3,0.1000000000003638,-5.4179766204394e-05,,,,,,,,,False
2026-03-20 07:41:00.062085667+00:00,0.6551677689582888,-187.07862198473316,0.08731790991119401,2142.5,0.0,0.6505184288383795,0.004649340119907099,0.0,2149.95,2149.9,2150.0,0.09999999999990905,-5.374743798442e-05,,,,,,,,,False
2026-03-20 07:42:00.020450680+00:00,0.7512383097149584,-187.07862198473316,0.08731790991119401,2142.5,0.0,0.7465681297407246,0.004670179974235476,0.0,2151.05,2151.0,2151.1,0.09999999999990905,-5.3369584064279e-05,,,,,,,,,False
2026-03-20 07:43:00.049255094+00:00,0.637745288711202,-187.07862198473316,0.08731790991119401,2142.5,0.0,0.6330548468561565,0.00469044185503324,0.0,2149.75,2149.7,2149.8,0.1000000000003638,-5.0568308855108e-05,,,,,,,,,False
2026-03-20 07:44:00.010526166+00:00,0.6726920618088601,-187.07862198473316,0.08731790991119401,2142.5,0.0,0.6679820108206024,0.004710050988265591,0.0,2150.1499999999996,2150.1,2150.2,0.09999999999990905,-4.9709290877113e-05,,,,,,,,,False
2026-03-20 07:45:00.044598352+00:00,0.8997383511107013,-187.07862198473316,0.08731790991119401,2142.5,0.0,0.8950085765897385,0.004729774520970003,0.0,2152.75,2152.7,2152.8,0.1000000000003638,-5.012468023682e-05,2152.5,2153.0,,,,,,,False
2026-03-20 07:46:00.039465146+00:00,0.8473667354332294,-187.07862198473316,0.08731790991119401,2142.5,0.0,0.8426178306429905,0.004748904790250332,0.0,2152.1499999999996,2152.1,2152.2,0.09999999999990905,-4.8457842840003e-05,,,,,,,,,False
2026-03-20 07:47:00.006067974+00:00,0.8386539785551259,-187.07862198473316,0.08731790991119401,2142.5,0.0,0.8338860396519187,0.004767938903196543,0.0,2152.05,2152.0,2152.1,0.09999999999990905,-4.8183138868735e-05,,,,,,,,,False
2026-03-20 07:48:00.023776920+00:00,0.6465730458994474,-187.07862198473316,0.08731790991119401,2142.5,0.0,0.6417866378473077,0.004786408052143837,0.0,2149.8500000000004,2149.8,2149.9,0.09999999999990905,-4.7169175031444e-05,,,,,,,,,False
2026-03-20 07:49:00.015324199+00:00,0.6727869293843157,-187.07862198473316,0.08731790991119401,2142.5,0.0,0.6679820108206024,0.00480491856372119,0.0,2150.1499999999996,2150.1,2150.2,0.09999999999990905,-4.7810635636786e-05,,,,,,,,,False
2026-03-20 07:50:00.006466247+00:00,0.6815373890676685,-187.07862198473316,0.08731790991119401,2142.5,0.0,0.6767138018117536,0.00482358725591074,0.0,2150.25,2150.2,2150.3,0.1000000000003638,-4.7328199263723e-05,,,,,,,,,False
2026-03-20 07:51:00.102223965+00:00,0.7252145084657727,-187.07862198473316,0.08731790991119401,2142.5,0.0,0.7203727567673506,0.004841751698425968,0.0,2150.75,2150.7,2150.8,0.1000000000003638,-4.5165439805117e-05,2150.5,2151.1,2150.7746515350714,2150.7802005100502,0.2,0.10581449317447653,0.5869274150444057,ok,False
2026-03-20 07:52:00.028119935+00:00,0.6029869886317735,-187.07862198473316,0.08731790991119401,2142.5,0.0,0.5981276828917107,0.004859305740058852,0.0,2149.3500000000004,2149.3,2149.4,0.09999999999990905,-4.3969871921638e-05,,,,,,,,,False
2026-03-20 07:53:00.036791292+00:00,0.6466631804754728,-187.07862198473316,0.08731790991119401,2142.5,0.0,0.6417866378473077,0.004876542628169164,0.0,2149.8500000000004,2149.8,2149.9,0.09999999999990905,-4.4232581605594e-05,,,,,,,,,False
2026-03-20 07:54:00.037762719+00:00,0.7689258142801065,-187.07862198473316,0.08731790991119401,2142.5,0.0,0.7640317117229476,0.004894102557170662,0.0,2151.25,2151.2,2151.3,0.1000000000003638,-4.5190243515866e-05,2151.0,2151.6,,,,,,,False
2026-03-20 07:55:00.073278088+00:00,0.7340160684089748,-187.07862198473316,0.08731790991119401,2142.5,0.0,0.7291045477585018,0.004911520650464753,0.0,2150.8500000000004,2150.8,2150.9,0.09999999999990905,-4.3787413203038e-05,,,,,,,,,False
2026-03-20 07:56:00.106330841+00:00,0.8038875155411516,-187.07862198473316,0.08731790991119401,2142.5,0.0,0.7989588756873934,0.0049286398537616285,0.0,2151.6499999999996,2151.6,2151.7,0.09999999999990905,-4.3986815622399e-05,,,,,,0.0,0.0,uneconomic_spread,False
2026-03-20 07:57:00.037398452+00:00,0.7602454717692222,-187.07862198473316,0.08731790991119401,2142.5,0.0,0.7552999207317964,0.004945551037421183,0.0,2151.1499999999996,2151.1,2151.2,0.09999999999990905,-4.2571995694712e-05,,,,,,,,,False
2026-03-20 07:58:00.014918301+00:00,0.7515303850776981,-187.07862198473316,0.08731790991119401,2142.5,0.0,0.7465681297407246,0.004962255336975127,0.0,2151.05,2151.0,2151.1,0.09999999999990905,-4.2628554308155e-05,,,,,,,,,False
2026-03-20 07:59:00.035708094+00:00,0.7690106901939698,-187.07862198473316,0.08731790991119401,2142.5,0.0,0.7640317117229476,0.004978978471034005,0.0,2151.25,2151.2,2151.3,0.1000000000003638,-4.2295254997353e-05,,,,,,,,,False
2026-03-20 08:00:00.038905517+00:00,0.6991728222975226,-187.07862198473316,0.08731790991119401,2142.5,0.0,0.6941773837939765,0.004995438503552029,0.0,2150.45,2150.4,2150.5,0.09999999999990905,-4.1569170863494e-05,,,,,,,,,False
2026-03-20 08:01:00.005755185+00:00,0.6380405939779161,-187.07862198473316,0.08731790991119401,2142.5,0.0,0.6330548468561565,0.004985747121747393,0.0,2149.75,2149.7,2149.8,0.1000000000003638,3.7324833101185e-05,,,,,,,,,False
2026-03-20 08:02:00.047140824+00:00,0.5332437794991451,-187.07862198473316,0.08731790991119401,2142.5,0.0,0.5282733549627396,0.004970424536395765,0.0,2148.55,2148.5,2148.6,0.09999999999990905,2.3609940510227e-05,,,,,,,,,False
2026-03-20 08:03:00.029114614+00:00,0.515774387537744,-187.07862198473316,0.08731790991119401,2142.5,0.0,0.5108097729805167,0.00496461455723586,0.0,2148.3500000000004,2148.3,2148.4,0.09999999999990905,6.952787908452e-06,,,,,,,,,False
2026-03-20 08:04:00.151473332+00:00,0.472113994335495,-187.07862198473316,0.08731790991119401,2142.5,0.0,0.4671508180249197,0.004963176310575909,0.0,2147.8500000000004,2147.8,2147.9,0.09999999999990905,-9.38154217604e-06,,,,,,,,,False
2026-03-20 08:05:00.035612503+00:00,0.358603790220496,-187.07862198473316,0.08731790991119401,2142.5,0.0,0.3536375351403516,0.004966255080131074,0.0,2146.55,2146.5,2146.6,0.09999999999990905,-3.959103743171e-06,,,,,,,,,False
2026-03-20 08:06:00.023297109+00:00,0.5245113743102617,-187.07862198473316,0.08731790991119401,2142.5,0.0,0.5195415639715885,0.004969810338675607,0.0,2148.45,2148.4,2148.5,0.09999999999990905,-1.4924363943466e-05,,,,,,,,,False
2026-03-20 08:07:00.044768148+00:00,0.8126691340186545,-187.07862198473316,0.08731790991119401,2142.5,0.0,0.8076906666785446,0.004978467340101182,0.0,2151.75,2151.7,2151.8,0.1000000000003638,-2.6167410894868e-05,,,,,,,,,False
2026-03-20 08:08:00.123728174+00:00,1.1444896281303287,-187.07862198473316,0.08731790991119401,2142.5,0.0,1.1394987243410977,0.004990903789219346,0.0,2155.55,2155.5,2155.6,0.09999999999990905,-3.6660877223491e-05,,,,,,,,,False
2026-03-20 08:09:00.053579800+00:00,1.2056250921185803,-187.07862198473316,0.08731790991119401,2142.5,0.0,1.2006212612789176,0.005003830839668826,0.0,2156.25,2156.2,2156.3,0.1000000000003638,-2.728902508868e-05,2156.0,2156.5,,,,,,,False
2026-03-20 08:10:00.017610465+00:00,2.0526217401026274,-187.07862198473316,0.08731790991119401,2142.5,0.0,2.0476049874174835,0.005016752685141122,0.0,2165.95,2165.9,2166.0,0.09999999999990905,-3.8305507763219e-05,,,,,,,,,False
2026-03-20 08:11:00.010872948+00:00,2.541617864068434,-187.07862198473316,0.08731790991119401,2142.5,0.0,2.536585282920202,0.005032581148220321,0.0,2171.55,2171.5,2171.6,0.09999999999990905,-4.2857398807159e-05,,,,,,,,,False
2026-03-20 08:12:00.027278606+00:00,2.559097550521389,-187.07862198473316,0.08731790991119401,2142.5,0.0,2.5540488649024247,0.005048685618962091,0.0,2171.75,2171.7,2171.8,0.1000000000003638,-3.9668104325086e-05,,,,,,,,,False
2026-03-20 08:13:00.041663959+00:00,2.681361003817917,-187.07862198473316,0.08731790991119401,2142.5,0.0,2.6762939387780644,0.0050670650398580395,0.0,2173.1499999999996,2173.1,2173.2,0.09999999999990905,-5.1223653721042e-05,,,,,,,,,False
2026-03-20 08:14:00.040935892+00:00,2.2709882023178394,-187.07862198473316,0.08731790991119401,2142.5,0.0,2.2658997621954686,0.005088440122379496,0.0,2168.45,2168.4,2168.5,0.09999999999990905,-5.3464012015798e-05,,,,,,,,,False
2026-03-20 08:15:00.056625047+00:00,2.454379180217744,-187.07862198473316,0.08731790991119401,2142.5,0.0,2.449267373009008,0.005111807208736484,0.0,2170.55,2170.5,2170.6,0.09999999999990905,-6.619468234328e-05,,,,,,,,,False
2026-03-20 08:16:00.017469228+00:00,2.3845510357355177,-187.07862198473316,0.08731790991119401,2142.5,0.0,2.3794130450800366,0.0051379906554752065,0.0,2169.75,2169.7,2169.8,0.1000000000003638,-7.1369060138579e-05,2169.5,2170.1,,,,,,,False
2026-03-20 08:17:00.032079265+00:00,2.4020433433473283,-187.07862198473316,0.08731790991119401,2142.5,0.0,2.3968766270622597,0.005166716285073064,0.0,2169.95,2169.9,2170.0,0.09999999999990905,-7.3878886181871e-05,,,,,,,,,False
2026-03-20 08:18:00.043752718+00:00,2.3234868448279933,-187.07862198473316,0.08731790991119401,2142.5,0.0,2.318290508142217,0.005196336685781293,0.0,2169.05,2169.0,2169.1,0.09999999999990905,-7.4524493011175e-05,,,,,,,,,False
2026-03-20 08:19:00.035790342+00:00,2.227468477065209,-187.07862198473316,0.08731790991119401,2142.5,0.0,2.2222408072398716,0.005227669825338242,0.0,2167.95,2167.9,2168.0,0.09999999999990905,-8.0633582415209e-05,,,,,,,,,False
2026-03-20 08:20:00.024897094+00:00,2.218769479669843,-187.07862198473316,0.08731790991119401,2142.5,0.0,2.2135090162488,0.0052604634210503525,0.0,2167.8500000000004,2167.8,2167.9,0.09999999999990905,-8.6103048807456e-05,,,,,,,,,False
2026-03-20 08:21:00.113538340+00:00,1.9655812807118753,-187.07862198473316,0.08731790991119401,2142.5,0.0,1.9602870775062895,0.005294203205595616,0.0,2164.95,2164.9,2165.0,0.09999999999990905,-8.6103872689818e-05,,,,,,,,,False
2026-03-20 08:22:00.063274153+00:00,1.7909791028760156,-187.07862198473316,0.08731790991119401,2142.5,0.0,1.7856512576839016,0.005327845192120376,0.0,2162.95,2162.9,2163.0,0.09999999999990905,-8.553702848598e-05,,,,,,,,,False
2026-03-20 08:23:00.037090172+00:00,1.8172087000397223,-187.07862198473316,0.08731790991119401,2142.5,0.0,1.8118466306572756,0.005362069382451088,0.0,2163.25,2163.2,2163.3,0.1000000000003638,-8.8131353554735e-05,,,,,,,,,False
2026-03-20 08:24:00.035391545+00:00,2.0966625622847848,-187.07862198473316,0.08731790991119401,2142.5,0.0,2.0912639423730806,0.005398619911709413,0.0,2166.45,2166.4,2166.5,0.09999999999990905,-9.6266993553457e-05,,,,,,,,,False
2026-03-20 08:25:00.013375130+00:00,2.140359442325359,-187.07862198473316,0.08731790991119401,2142.5,0.0,2.1349228973286776,0.005436544996666305,0.0,2166.95,2166.9,2167.0,0.09999999999990905,-9.6136742480349e-05,,,,,,,,,False
2026-03-20 08:26:00.016474507+00:00,2.1665935206276616,-187.07862198473316,0.08731790991119401,2142.5,0.0,2.1611182703020515,0.005475250325621129,0.0,2167.25,2167.2,2167.3,0.1000000000003638,-0.000100661329576706,2167.0,2167.6,,,,,,,False
2026-03-20 08:27:00.024507403+00:00,2.2102921866906198,-187.07862198473316,0.08731790991119401,2142.5,0.0,2.2047772252576485,0.005514961432961913,0.0,2167.75,2167.7,2167.8,0.1000000000003638,-0.000102163382039884,2167.5,2168.0,,,,,,,False
2026-03-20 08:28:00.039360558+00:00,2.0007692721098844,-187.07862198473316,0.08731790991119401,2142.5,0.0,1.995214241470815,0.005555030639065361,0.0,2165.3500000000004,2165.3,2165.4,0.09999999999990905,-0.000101898027243944,,,,,,,,,False
2026-03-20 08:29:00.036026585+00:00,2.0182738075218594,-187.07862198473316,0.08731790991119401,2142.5,0.0,2.012677823453038,0.0055959840688272885,0.0,2165.55,2165.5,2165.6,0.09999999999990905,-0.000105378634867133,,,,,,,,,False
2026-03-20 08:30:00.036718458+00:00,1.9571927825845972,-187.07862198473316,0.08731790991119401,2142.5,0.0,1.951555286515218,0.005637496069367105,0.0,2164.8500000000004,2164.8,2164.9,0.09999999999990905,-0.000106257953127032,,,,,,,,,False
2026-03-20 08:31:00.009282793+00:00,1.8262575015086198,-187.07862198473316,0.08731790991119401,2142.5,0.0,1.8205784216484269,0.005679079860185132,0.0,2163.3500000000004,2163.3,2163.4,0.09999999999990905,-0.000107186495713149,,,,,,,,,False
2026-03-20 08:32:00.043861091+00:00,1.7651775362958158,-187.07862198473316,0.08731790991119401,2142.5,0.0,1.7594558847105275,0.0057216515852967975,0.0,2162.6499999999996,2162.6,2162.7,0.09999999999990905,-0.000108072587519229,,,,,,,,,False
2026-03-20 08:33:00.047833889+00:00,1.7564884842639026,-187.07862198473316,0.08731790991119401,2142.5,0.0,1.7507240937194557,0.005764390544433149,0.0,2162.55,2162.5,2162.6,0.09999999999990905,-0.00010929326304132,,,,,,,,,False
2026-03-20 08:34:00.035564407+00:00,1.852581263402521,-187.07862198473316,0.08731790991119401,2142.5,0.0,1.8467737946217215,0.005807468780795389,0.0,2163.6499999999996,2163.6,2163.7,0.09999999999990905,-0.00011001298286135,,,,,,,,,False
2026-03-20 08:35:00.047835138+00:00,2.0621886665902247,-187.07862198473316,0.08731790991119401,2142.5,0.0,2.056336778408635,0.005851888181575084,0.0,2166.05,2166.0,2166.1,0.09999999999990905,-0.000115027768160841,,,,,,,,,False
2026-03-20 08:36:00.036047020+00:00,1.9923794406377793,-187.07862198473316,0.08731790991119401,2142.5,0.0,1.9864824504796637,0.005896990158123349,0.0,2165.25,2165.2,2165.3,0.1000000000003638,-0.000115396683559919,,,,,,,,,False
2026-03-20 08:37:00.035194488+00:00,1.9313024427664442,-187.07862198473316,0.08731790991119401,2142.5,0.0,1.9253599135418438,0.005942529224590252,0.0,2164.55,2164.5,2164.6,0.09999999999990905,-0.000115829640695571,,,,,,,,,False
2026-03-20 08:38:00.035806684+00:00,1.809102826654838,-187.07862198473316,0.08731790991119401,2142.5,0.0,1.8031148396661245,0.0059879869887014625,0.0,2163.1499999999996,2163.1,2163.2,0.09999999999990905,-0.00011533691793733,,,,,,,,,False
2026-03-20 08:39:00.035496949+00:00,1.8877348867130412,-187.07862198473316,0.08731790991119401,2142.5,0.0,1.8817009585862468,0.00603392812680479,0.0,2164.05,2164.0,2164.1,0.09999999999990905,-0.000117359715308942,,,,,,,,,False
2026-03-20 08:40:00.038069045+00:00,1.9750996499184026,-187.07862198473316,0.08731790991119401,2142.5,0.0,1.9690188684974408,0.00608078142095955,0.0,2165.05,2165.0,2165.1,0.09999999999990905,-0.000120093416438258,,,,,,,,,False
2026-03-20 08:41:00.016356723+00:00,1.9314877892151237,-187.07862198473316,0.08731790991119401,2142.5,0.0,1.9253599135418438,0.006127875673269694,0.0,2164.55,2164.5,2164.6,0.09999999999990905,-0.000120154619377486,,,,,,,,,False
2026-03-20 08:42:00.032676926+00:00,2.027585082232156,-187.07862198473316,0.08731790991119401,2142.5,0.0,2.0214096144441096,0.006175467788046011,0.0,2165.6499999999996,2165.6,2165.7,0.09999999999990905,-0.000121982733294652,,,,,,,,,False
2026-03-20 08:43:00.005836459+00:00,1.8966566082898937,-187.07862198473316,0.08731790991119401,2142.5,0.0,1.8904327495773185,0.006223858712579119,0.0,2164.1499999999996,2164.1,2164.2,0.09999999999990905,-0.000123122219895384,,,,,,,,,False
2026-03-20 08:44:00.024004695+00:00,1.940364040384125,-187.07862198473316,0.08731790991119401,2142.5,0.0,1.9340917045329156,0.00627233585122137,0.0,2164.6499999999996,2164.6,2164.7,0.09999999999990905,-0.00012359790594077,,,,,,,,,False
2026-03-20 08:45:00.035870797+00:00,1.8880220821669442,-187.07862198473316,0.08731790991119401,2142.5,0.0,1.8817009585862468,0.006321123580707713,0.0,2164.05,2164.0,2164.1,0.09999999999990905,-0.000124276390569073,,,,,,,,,False
2026-03-20 08:46:00.036922921+00:00,1.722167029458074,-187.07862198473316,0.08731790991119401,2142.5,0.0,1.7157969297549305,0.00637009970314388,0.0,2162.1499999999996,2162.1,2162.2,0.09999999999990905,-0.000125284414371717,,,,,,,,,False
2026-03-20 08:47:00.047208237+00:00,1.696021094357879,-187.07862198473316,0.08731790991119401,2142.5,0.0,1.6896015567816358,0.006419537576239907,0.0,2161.8500000000004,2161.8,2161.9,0.09999999999990905,-0.000125939855477016,,,,,,,,,False
2026-03-20 08:48:00.013933166+00:00,1.6262160523124434,-187.07862198473316,0.08731790991119401,2142.5,0.0,1.6197472288526646,0.0064688234597694155,0.0,2161.05,2161.0,2161.1,0.09999999999990905,-0.000125825490083243,,,,,,,,,False
2026-03-20 08:49:00.135382127+00:00,1.634997523041207,-187.07862198473316,0.08731790991119401,2142.5,0.0,1.6284790198437364,0.006518503197455118,0.0,2161.1499999999996,2161.1,2161.2,0.09999999999990905,-0.000126329022884161,,,,,,,,,False
2026-03-20 08:50:00.136695680+00:00,1.8096832121430702,-187.07862198473316,0.08731790991119401,2142.5,0.0,1.8031148396661245,0.006568372476933695,0.0,2163.1499999999996,2163.1,2163.2,0.09999999999990905,-0.000127577682750909,,,,,,,,,False
2026-03-20 08:51:00.059248875+00:00,1.9843694348043035,-187.07862198473316,0.08731790991119401,2142.5,0.0,1.9777506594885126,0.006618775315782542,0.0,2165.1499999999996,2165.1,2165.2,0.09999999999990905,-0.000127913796489278,,,,,,,,,False
2026-03-20 08:52:00.038405525+00:00,1.870906566085305,-187.07862198473316,0.08731790991119401,2142.5,0.0,1.8642373766040239,0.006669189481281269,0.0,2163.8500000000004,2163.8,2163.9,0.09999999999990905,-0.000127499335325868,,,,,,,,,False
2026-03-20 08:53:00.044448069+00:00,1.905884066971087,-187.07862198473316,0.08731790991119401,2142.5,0.0,1.8991645405684696,0.006719526402609307,0.0,2164.25,2164.2,2164.3,0.1000000000003638,-0.00012811999418038,2164.0,2164.5,,,,,,,False
2026-03-20 08:54:00.064673339+00:00,1.7924212681123375,-187.07862198473316,0.08731790991119401,2142.5,0.0,1.7856512576839016,0.006770010428442227,0.0,2162.95,2162.9,2163.0,0.09999999999990905,-0.000127241705336573,,,,,,,,,False
2026-03-20 08:55:00.036207042+00:00,1.8273984082349914,-187.07862198473316,0.08731790991119401,2142.5,0.0,1.8205784216484269,0.006819986586556867,0.0,2163.3500000000004,2163.3,2163.4,0.09999999999990905,-0.000126807050816101,,,,,,,,,False
2026-03-20 08:56:00.040148332+00:00,1.8099847840198018,-187.07862198473316,0.08731790991119401,2142.5,0.0,1.8031148396661245,0.006869944353665386,0.0,2163.1499999999996,2163.1,2163.2,0.09999999999990905,-0.000127200088039976,,,,,,,,,False
2026-03-20 08:57:00.047649211+00:00,1.9235479979294683,-187.07862198473316,0.08731790991119401,2142.5,0.0,1.9166281225506927,0.006919875378777575,0.0,2164.45,2164.4,2164.5,0.09999999999990905,-0.000127348226194588,,,,,,,,,False
2026-03-20 08:58:00.037039533+00:00,1.9235981867610425,-187.07862198473316,0.08731790991119401,2142.5,0.0,1.9166281225506927,0.006970064210351825,0.0,2164.45,2164.4,2164.5,0.09999999999990905,-0.000127051616053522,,,,,,,,,False
2026-03-20 08:59:00.122857269+00:00,1.8450620694406765,-187.07862198473316,0.08731790991119401,2142.5,0.0,1.8380420036306497,0.007020065810029115,0.0,2163.55,2163.5,2163.6,0.09999999999990905,-0.00012678626573612,,,,,,,,,False
2026-03-20 09:00:00.040571107+00:00,1.8713073433485987,-187.07862198473316,0.08731790991119401,2142.5,0.0,1.8642373766040239,0.0070699667445750245,0.0,2163.8500000000004,2163.8,2163.9,0.09999999999990905,-0.000127002452416714,,,,,,,,,False
2026-03-20 09:01:00.017149299+00:00,1.4522122004007083,-187.07862198473316,0.08731790991119401,2142.5,0.0,1.4451114090302768,0.007100791370418772,0.0,2159.05,2159.0,2159.1,0.09999999999990905,-5.7118675526789e-05,,,,,,,,,False
2026-03-20 09:02:00.037152076+00:00,1.3911197844254484,-187.07862198473316,0.08731790991119401,2142.5,0.0,1.3839888720924567,0.007130912332989206,0.0,2158.3500000000004,2158.3,2158.4,0.09999999999990905,-7.0861354577664e-05,,,,,,,,,False
2026-03-20 09:03:00.008690731+00:00,1.286368227756669,-187.07862198473316,0.08731790991119401,2142.5,0.0,1.2792073801989605,0.0071608475577146155,0.0,2157.1499999999996,2157.1,2157.2,0.09999999999990905,-8.0570455148605e-05,,,,,,,,,False
2026-03-20 09:04:00.005544144+00:00,1.2776718420426525,-187.07862198473316,0.08731790991119401,2142.5,0.0,1.2704755892078887,0.007196252834775911,0.0,2157.05,2157.0,2157.1,0.09999999999990905,-0.000108828265091968,,,,,,,,,False
2026-03-20 09:05:00.048503941+00:00,1.469816967331788,-187.07862198473316,0.08731790991119401,2142.5,0.0,1.4625749910124997,0.0072419763192855865,0.0,2159.25,2159.2,2159.3,0.1000000000003638,-0.000131776888111845,,,,,,,,,False
2026-03-20 09:06:00.026673783+00:00,1.1467913640017313,-187.07862198473316,0.08731790991119401,2142.5,0.0,1.1394987243410977,0.007292639660621863,0.0,2155.55,2155.5,2155.6,0.09999999999990905,-0.000125554402911918,,,,,,0.0,0.0,uneconomic_spread,False
2026-03-20 09:07:00.049190117+00:00,1.1293793040354558,-187.07862198473316,0.08731790991119401,2142.5,0.0,1.1220351423588748,0.007344161676587588,0.0,2155.3500000000004,2155.3,2155.4,0.09999999999990905,-0.000135683697712528,,,,,,,,,False
2026-03-20 09:08:00.005281907+00:00,1.3040684303600043,-187.07862198473316,0.08731790991119401,2142.5,0.0,1.2966709621812629,0.007397468178751721,0.0,2157.3500000000004,2157.3,2157.4,0.09999999999990905,-0.000145167779169019,,,,,,,,,False
2026-03-20 09:09:00.048762643+00:00,1.496225931639159,-187.07862198473316,0.08731790991119401,2142.5,0.0,1.4887703639858738,0.007455567653280638,0.0,2159.55,2159.5,2159.6,0.09999999999990905,-0.000152281354099329,,,,,,,,,False
2026-03-20 09:10:00.073037359+00:00,1.5050178423961695,-187.07862198473316,0.08731790991119401,2142.5,0.0,1.4975021549769454,0.007515687419213008,0.0,2159.6499999999996,2159.6,2159.7,0.09999999999990905,-0.000153887959687701,,,,,,,,,False
2026-03-20 09:11:00.037258984+00:00,1.3653693565365947,-187.07862198473316,0.08731790991119401,2142.5,0.0,1.3577934991190828,0.007575857417511684,0.0,2158.05,2158.0,2158.1,0.09999999999990905,-0.000150026393621551,,,,,,,,,False
2026-03-20 09:12:00.040965363+00:00,1.3654283060653447,-187.07862198473316,0.08731790991119401,2142.5,0.0,1.3577934991190828,0.0076348069462617825,0.0,2158.05,2158.0,2158.1,0.09999999999990905,-0.000150381322838633,,,,,,,,,False
2026-03-20 09:13:00.037424606+00:00,1.339291683725291,-187.07862198473316,0.08731790991119401,2142.5,0.0,1.3315981261457086,0.007693557579584204,0.0,2157.75,2157.7,2157.8,0.1000000000003638,-0.000148475404145098,2157.6,2158.1,,,,,,,False
2026-03-20 09:14:00.073392500+00:00,1.190910728964748,-187.07862198473316,0.08731790991119401,2142.5,0.0,1.1831576792966947,0.0077530496680496734,0.0,2156.05,2156.0,2156.1,0.09999999999990905,-0.000149456310887626,,,,,,,,,False
2026-03-20 09:15:00.042359177+00:00,1.05999092138552,-187.07862198473316,0.08731790991119401,2142.5,0.0,1.0521808144299036,0.007810106955617196,0.0,2154.55,2154.5,2154.6,0.09999999999990905,-0.00014148506095337,,,,,,,,,False
2026-03-20 09:16:00.060576767+00:00,0.9116062910619462,-187.07862198473316,0.08731790991119401,2142.5,0.0,0.9037403675808897,0.007865923481051598,0.0,2152.8500000000004,2152.8,2152.9,0.09999999999990905,-0.000140714022002272,,,,,,,,,False
2026-03-20 09:17:00.036666918+00:00,0.8680017558309185,-187.07862198473316,0.08731790991119401,2142.5,0.0,0.8600814126252927,0.007920343205613,0.0,2152.3500000000004,2152.3,2152.4,0.09999999999990905,-0.000137282114792635,,,,,,,,,False
2026-03-20 09:18:00.173652213+00:00,0.8331282480889617,-187.07862198473316,0.08731790991119401,2142.5,0.0,0.8251542486607675,0.007973999428195516,0.0,2151.95,2151.9,2152.0,0.09999999999990905,-0.000135637053129009,,,,,,,,,False
2026-03-20 09:19:00.052994315+00:00,0.7807902522975448,-187.07862198473316,0.08731790991119401,2142.5,0.0,0.7727635027140988,0.008026749583445724,0.0,2151.3500000000004,2151.3,2151.4,0.09999999999990905,-0.000133456947135802,,,,,,,,,False
2026-03-20 09:20:00.008560228+00:00,0.5974745594466152,-187.07862198473316,0.08731790991119401,2142.5,0.0,0.5893958919005595,0.008078667546063914,0.0,2149.25,2149.2,2149.3,0.1000000000003638,-0.000131183806800242,2148.9,2149.8,,,,,,,False
2026-03-20 09:21:00.048278463+00:00,0.2744488403112096,-187.07862198473316,0.08731790991119401,2142.5,0.0,0.2663196252291576,0.008129215082051142,0.0,2145.55,2145.5,2145.6,0.09999999999990905,-0.000128196142388898,,,,,,,,,False
2026-03-20 09:22:00.031955426+00:00,0.3443530765532295,-187.07862198473316,0.08731790991119401,2142.5,0.0,0.3361739531581287,0.008179123395105915,0.0,2146.3500000000004,2146.3,2146.4,0.09999999999990905,-0.000126707269841763,,,,,,,,,False
2026-03-20 09:23:00.056600795+00:00,0.39679363464116923,-187.07862198473316,0.08731790991119401,2142.5,0.0,0.38856469910479746,0.008228935536378575,0.0,2146.95,2146.9,2147.0,0.09999999999990905,-0.000126718939058422,,,,,,,,,False
2026-03-20 09:24:00.037920461+00:00,0.31825675840321405,-187.07862198473316,0.08731790991119401,2142.5,0.0,0.3099785801847546,0.00827817821846661,0.0,2146.05,2146.0,2146.1,0.09999999999990905,-0.000125729219229543,,,,,,,,,False
2026-03-20 09:25:00.071591175+00:00,-0.21433399309766968,-187.07862198473316,0.08731790991119401,2142.5,0.0,-0.2226606702735606,0.008326677175899709,0.0,2139.95,2139.9,2140.0,0.09999999999990905,-0.000120730203119611,,,,,,,,,False
2026-03-20 09:26:00.057832870+00:00,-0.0658459230764162,-187.07862198473316,0.08731790991119401,2142.5,0.0,-0.07422022342454668,0.008374300348116412,0.0,2141.6499999999996,2141.6,2141.7,0.09999999999990905,-0.000124972183662802,,,,,,,,,False
2026-03-20 09:27:00.038139457+00:00,-0.07452885510731497,-187.07862198473316,0.08731790991119401,2142.5,0.0,-0.08295201441561842,0.008423159308295645,0.0,2141.55,2141.5,2141.6,0.09999999999990905,-0.000126776510998899,,,,,,,,,False
2026-03-20 09:28:00.005954348+00:00,0.17001100952330594,-187.07862198473316,0.08731790991119401,2142.5,0.0,0.16153813333574069,0.008472876187566876,0.0,2144.3500000000004,2144.3,2144.4,0.09999999999990905,-0.000129579303399045,,,,,,,,,False
2026-03-20 09:29:00.096001051+00:00,0.03908472616957379,-187.07862198473316,0.08731790991119401,2142.5,0.0,0.03056126846894967,0.008523457700630212,0.0,2142.8500000000004,2142.8,2142.9,0.09999999999990905,-0.000129278250382174,,,,,,,,,False
2026-03-20 09:30:00.058671650+00:00,-0.013255931925164093,-187.07862198473316,0.08731790991119401,2142.5,0.0,-0.021829477477798502,0.00857354555264463,0.0,2142.25,2142.2,2142.3,0.1000000000003638,-0.000127991651749721,2142.0,2142.6,,,,,,,False
2026-03-20 09:31:00.051949478+00:00,0.1265028284904023,-187.07862198473316,0.08731790991119401,2142.5,0.0,0.11787917838014368,0.008623650110252264,0.0,2143.8500000000004,2143.8,2143.9,0.09999999999990905,-0.000129320374304522,,,,,,,,,False
2026-03-20 09:32:00.026280909+00:00,0.3186530881726207,-187.07862198473316,0.08731790991119401,2142.5,0.0,0.3099785801847546,0.008674507987873309,0.0,2146.05,2146.0,2146.1,0.09999999999990905,-0.000131599788716069,,,,,,,,,False
2026-03-20 09:33:00.092651950+00:00,0.39729055196147584,-187.07862198473316,0.08731790991119401,2142.5,0.0,0.38856469910479746,0.0087258528566852,0.0,2146.95,2146.9,2147.0,0.09999999999990905,-0.000131107699597805,,,,,,,,,False
2026-03-20 09:34:00.016857353+00:00,0.2576326747195089,-187.07862198473316,0.08731790991119401,2142.5,0.0,0.2488560432469347,0.008776631472563367,0.0,2145.3500000000004,2145.3,2145.4,0.09999999999990905,-0.000128966485842749,,,,,,0.0,0.0,uneconomic_spread,False
2026-03-20 09:35:00.050322478+00:00,0.2751461010454537,-187.07862198473316,0.08731790991119401,2142.5,0.0,0.2663196252291576,0.008826475816295235,0.0,2145.55,2145.5,2145.6,0.09999999999990905,-0.000126770309866789,,,,,,0.0,0.0,uneconomic_spread,False
2026-03-20 09:36:00.046951382+00:00,0.47602681974945155,-187.07862198473316,0.08731790991119401,2142.5,0.0,0.4671508180249197,0.008876001724532442,0.0,2147.8500000000004,2147.8,2147.9,0.09999999999990905,-0.000127474523285385,,,,,,,,,False
2026-03-20 09:37:00.026685083+00:00,0.42368536452803807,-187.07862198473316,0.08731790991119401,2142.5,0.0,0.41476007207817156,0.00892529244987127,0.0,2147.25,2147.2,2147.3,0.1000000000003638,-0.000125672233642642,2147.0,2147.5,,,,,,,False
2026-03-20 09:38:00.044559964+00:00,0.476124748643832,-187.07862198473316,0.08731790991119401,2142.5,0.0,0.4671508180249197,0.00897393061891287,0.0,2147.8500000000004,2147.8,2147.9,0.09999999999990905,-0.00012436017529052,,,,,,,,,False
2026-03-20 09:39:00.072510070+00:00,0.43251447929633263,-187.07862198473316,0.08731790991119401,2142.5,0.0,0.4234918630693227,0.009022616227002567,0.0,2147.3500000000004,2147.3,2147.4,0.09999999999990905,-0.00012467577207608,,,,,,,,,False
2026-03-20 09:40:00.064482006+00:00,0.2753907431652296,-187.07862198473316,0.08731790991119401,2142.5,0.0,0.2663196252291576,0.00907111793607121,0.0,2145.55,2145.5,2145.6,0.09999999999990905,-0.000124035237361014,,,,,,,,,False
2026-03-20 09:41:00.053173217+00:00,0.09207151068285954,-187.07862198473316,0.08731790991119401,2142.5,0.0,0.08295201441561842,0.009119496267248915,0.0,2143.45,2143.4,2143.5,0.09999999999990905,-0.000123678061035609,,,,,,,,,False
2026-03-20 09:42:00.037792355+00:00,0.13577817099721134,-187.07862198473316,0.08731790991119401,2142.5,0.0,0.12661096937121544,0.009167201625983286,0.0,2143.95,2143.9,2144.0,0.09999999999990905,-0.000122235564728179,,,,,,,,,False
2026-03-20 09:43:00.062583564+00:00,0.17075304616659062,-187.07862198473316,0.08731790991119401,2142.5,0.0,0.16153813333574069,0.009214912830851546,0.0,2144.3500000000004,2144.3,2144.4,0.09999999999990905,-0.000121218184987393,,,,,,,,,False
2026-03-20 09:44:00.036568807+00:00,0.2493866404937267,-187.07862198473316,0.08731790991119401,2142.5,0.0,0.24012425225578352,0.009262388237944437,0.0,2145.25,2145.2,2145.3,0.1000000000003638,-0.000121984790984192,2145.1,2145.6,,,,,,,False
2026-03-20 09:45:00.031994326+00:00,0.2843619262471859,-187.07862198473316,0.08731790991119401,2142.5,0.0,0.2750514162202294,0.009310510026949482,0.0,2145.6499999999996,2145.6,2145.7,0.09999999999990905,-0.00012388491032138,,,,,,,,,False
2026-03-20 09:46:00.011297616+00:00,0.18836031113731172,-187.07862198473316,0.08731790991119401,2142.5,0.0,0.1790017153179636,0.009358595819359779,0.0,2144.55,2144.5,2144.6,0.09999999999990905,-0.00012320492094689,,,,,,,,,False
2026-03-20 09:47:00.035099427+00:00,-0.0036915822484157625,-187.07862198473316,0.08731790991119401,2142.5,0.0,-0.013097686486647336,0.009406104238229681,0.0,2142.3500000000004,2142.3,2142.4,0.09999999999990905,-0.000120978340796388,,,,,,,,,False
2026-03-20 09:48:00.075163409+00:00,-0.0036445096429344355,-187.07862198473316,0.08731790991119401,2142.5,0.0,-0.013097686486647336,0.009453176843711008,0.0,2142.3500000000004,2142.3,2142.4,0.09999999999990905,-0.000120373383723228,,,,,,,,,False
2026-03-20 09:49:00.063081288+00:00,-0.09964736114302941,-187.07862198473316,0.08731790991119401,2142.5,0.0,-0.10914738738899252,0.009500026245957357,0.0,2141.25,2141.2,2141.3,0.1000000000003638,-0.000120554446130912,,2141.7000000000003,,,,,,,False
2026-03-20 09:50:00.026349328+00:00,-0.09960055791620326,-187.07862198473316,0.08731790991119401,2142.5,0.0,-0.10914738738899252,0.009546829472783513,0.0,2141.25,2141.2,2141.3,0.1000000000003638,-0.000120185475648358,2141.1,2141.6,,,,,,,False
2026-03-20 09:51:00.037964122+00:00,-0.08209024655710986,-187.07862198473316,0.08731790991119401,2142.5,0.0,-0.0916838054067696,0.009593558849664037,0.0,2141.45,2141.4,2141.5,0.09999999999990905,-0.00011948504976335,,,,,,,,,False
2026-03-20 09:52:00.026923476+00:00,-0.29160680714995346,-187.07862198473316,0.08731790991119401,2142.5,0.0,-0.3012467891936034,0.00963998204365914,0.0,2139.05,2139.0,2139.1,0.09999999999990905,-0.000119131471780489,,,,,,,,,False
2026-03-20 09:53:00.059166955+00:00,-0.33521897435093073,-187.07862198473316,0.08731790991119401,2142.5,0.0,-0.34490574414920044,0.009686769798270871,0.0,2138.55,2138.5,2138.6,0.09999999999990905,-0.000120452045093185,,,,,,,,,False
2026-03-20 09:54:00.025514016+00:00,-0.38756270925300074,-187.07862198473316,0.08731790991119401,2142.5,0.0,-0.39729649009594864,0.009733780842953154,0.0,2137.95,2137.9,2138.0,0.09999999999990905,-0.00012083834404416,,,,,,,,,False
2026-03-20 09:55:00.073122184+00:00,-0.5184929250691729,-187.07862198473316,0.08731790991119401,2142.5,0.0,-0.5282733549627396,0.009780429893576555,0.0,2136.45,2136.4,2136.5,0.09999999999990905,-0.000119765098321135,,,,,,,,,False
2026-03-20 09:56:00.043051192+00:00,-0.36127385006025337,-187.07862198473316,0.08731790991119401,2142.5,0.0,-0.37110111712257454,0.009827267062324377,0.0,2138.25,2138.2,2138.3,0.1000000000003638,-0.000120996833602647,,,,,,,,,False
2026-03-20 09:57:00.013816915+00:00,-0.2127859718550828,-187.07862198473316,0.08731790991119401,2142.5,0.0,-0.2226606702735606,0.009874698418486582,0.0,2139.95,2139.9,2140.0,0.09999999999990905,-0.000122157054970817,,,,,,,,,False
2026-03-20 09:58:00.061056307+00:00,-0.1952747753672883,-187.07862198473316,0.08731790991119401,2142.5,0.0,-0.20519708829133768,0.009922312924039802,0.0,2140.1499999999996,2140.1,2140.2,0.09999999999990905,-0.000122096019229198,,,,,,,,,False
2026-03-20 09:59:00.036102774+00:00,-0.23888633971467937,-187.07862198473316,0.08731790991119401,2142.5,0.0,-0.2488560432469347,0.009969703532266162,0.0,2139.6499999999996,2139.6,2139.7,0.09999999999990905,-0.000121466852340015,,,,,,,,,False
2026-03-20 10:00:00.027471887+00:00,-0.1253258829282719,-187.07862198473316,0.08731790991119401,2142.5,0.0,-0.1353427603623666,0.010016877434091033,0.0,2140.95,2140.9,2141.0,0.09999999999990905,-0.000121363948008541,,,,,,,,,False
2026-03-20 10:01:00.082816777+00:00,-0.17767050633315357,-187.07862198473316,0.08731790991119401,2142.5,0.0,-0.18773350630903535,0.010062999975876383,0.0,2140.3500000000004,2140.3,2140.4,0.09999999999990905,-0.000101038366628314,,,,,,,,,False
2026-03-20 10:02:00.063174136+00:00,-0.35225377027971055,-187.07862198473316,0.08731790991119401,2142.5,0.0,-0.36236932613142336,0.010115555851703916,0.0,2138.3500000000004,2138.3,2138.4,0.09999999999990905,-0.000151214139048936,,,,,,,,,False
2026-03-20 10:03:00.056942369+00:00,-0.4307843156312814,-187.07862198473316,0.08731790991119401,2142.5,0.0,-0.4409554450515456,0.010171129420261575,0.0,2137.45,2137.4,2137.5,0.09999999999990905,-0.000124125872212369,,,,,,,,,False
2026-03-20 10:04:00.036445085+00:00,-0.474395642835774,-187.07862198473316,0.08731790991119401,2142.5,0.0,-0.4846144000071426,0.010218757171357937,0.0,2136.95,2136.9,2137.0,0.09999999999990905,-0.000127067144110839,,,,,,,,,False
2026-03-20 10:05:00.043916522+00:00,-0.4918071846845754,-187.07862198473316,0.08731790991119401,2142.5,0.0,-0.5020779819893656,0.010270797304797824,0.0,2136.75,2136.7,2136.8,0.1000000000003638,-0.000140938832596401,2136.5,2137.1,,,,,,,False
2026-03-20 10:06:00.016515295+00:00,-0.32584755863011117,-187.07862198473316,0.08731790991119401,2142.5,0.0,-0.3361739531581287,0.010326394528012454,0.0,2138.6499999999996,2138.6,2138.7,0.09999999999990905,-0.000147207306930112,,,,,,,,,False
2026-03-20 10:07:00.057045024+00:00,-0.26466872056956386,-187.07862198473316,0.08731790991119401,2142.5,0.0,-0.2750514162202294,0.010382695650672548,0.0,2139.3500000000004,2139.3,2139.4,0.09999999999990905,-0.000142438528935166,,,,,,,,,False
2026-03-20 10:08:00.011504628+00:00,-0.6575453591720082,-187.07862198473316,0.08731790991119401,2142.5,0.0,-0.6679820108206024,0.0104366516485863,0.0,2134.8500000000004,2134.8,2134.9,0.09999999999990905,-0.000127519966194903,,,,,,,,,False
2026-03-20 10:09:00.035637742+00:00,-0.7011547861484587,-187.07862198473316,0.08731790991119401,2142.5,0.0,-0.7116409657761994,0.01048617962772479,0.0,2134.3500000000004,2134.3,2134.4,0.09999999999990905,-0.000123421670776807,,,,,,,,,False
2026-03-20 10:10:00.057983553+00:00,-0.5875921604723578,-187.07862198473316,0.08731790991119401,2142.5,0.0,-0.5981276828917107,0.010535522419356722,0.0,2135.6499999999996,2135.6,2135.7,0.09999999999990905,-0.000130868707133188,,,,,,,,,False
2026-03-20 10:11:00.037569985+00:00,-0.735982243940211,-187.07862198473316,0.08731790991119401,2142.5,0.0,-0.7465681297407246,0.010585885800511962,0.0,2133.95,2133.9,2134.0,0.09999999999990905,-0.000129672384544343,,,,,,,,,False
2026-03-20 10:12:00.074925485+00:00,-0.8756415146353445,-187.07862198473316,0.08731790991119401,2142.5,0.0,-0.8862767855985875,0.010635270963251954,0.0,2132.3500000000004,2132.3,2132.4,0.09999999999990905,-0.000127871384735361,,,,,,,,,False
2026-03-20 10:13:00.039991142+00:00,-0.613637502125428,-187.07862198473316,0.08731790991119401,2142.5,0.0,-0.6243230558650054,0.010685553739577469,0.0,2135.3500000000004,2135.3,2135.4,0.09999999999990905,-0.000132877542591089,,,,,,,,,False
2026-03-20 10:14:00.029248672+00:00,-0.6223183298816448,-187.07862198473316,0.08731790991119401,2142.5,0.0,-0.6330548468561565,0.01073651697452391,0.0,2135.25,2135.2,2135.3,0.1000000000003638,-0.000130388388268101,2135.0,2135.6,,,,,,,False
2026-03-20 10:15:00.058263744+00:00,-0.6222682921530822,-187.07862198473316,0.08731790991119401,2142.5,0.0,-0.6330548468561565,0.010786554703086537,0.0,2135.25,2135.2,2135.3,0.1000000000003638,-0.000126663715300725,2135.1,2135.6,,,,,,,False
2026-03-20 10:16:00.049017346+00:00,-0.6396833736673249,-187.07862198473316,0.08731790991119401,2142.5,0.0,-0.6505184288383795,0.010835055171056799,0.0,2135.05,2135.0,2135.1,0.09999999999990905,-0.000123253609432853,,,,,,,,,False
2026-03-20 10:17:00.083689550+00:00,-0.613441689801078,-187.07862198473316,0.08731790991119401,2142.5,0.0,-0.6243230558650054,0.010881366063927379,0.0,2135.3500000000004,2135.3,2135.4,0.09999999999990905,-0.000121854937078427,,,,,,,,,False
2026-03-20 10:18:00.067231652+00:00,-0.37763584772513586,-187.07862198473316,0.08731790991119401,2142.5,0.0,-0.38856469910479746,0.010928851379654755,0.0,2138.05,2138.0,2138.1,0.09999999999990905,-0.000122275216641882,,,,,,,,,False
2026-03-20 10:19:00.036150401+00:00,-0.5784203264425494,-187.07862198473316,0.08731790991119401,2142.5,0.0,-0.5893958919005595,0.01097556545800196,0.0,2135.75,2135.7,2135.8,0.1000000000003638,-0.000119706369905946,,,,,,,,,False
2026-03-20 10:20:00.047853671+00:00,-0.5434470791203323,-187.07862198473316,0.08731790991119401,2142.5,0.0,-0.5544687279361137,0.011021648815793235,0.0,2136.1499999999996,2136.1,2136.2,0.09999999999990905,-0.000118871110388637,,,,,,,,,False
2026-03-20 10:21:00.049921085+00:00,-0.8315514198460237,-187.07862198473316,0.08731790991119401,2142.5,0.0,-0.8426178306429905,0.01106641079695532,0.0,2132.8500000000004,2132.8,2132.9,0.09999999999990905,-0.000112348024842255,,,,,,,,,False
2026-03-20 10:22:00.236395172+00:00,-0.8577032345164901,-187.07862198473316,0.08731790991119401,2142.5,0.0,-0.8688132036163645,0.011109969099865018,0.0,2132.55,2132.5,2132.6,0.09999999999990905,-0.000112497079950433,,,,,,,,,False
2026-03-20 10:23:00.136881526+00:00,-0.9187822075926169,-187.07862198473316,0.08731790991119401,2142.5,0.0,-0.9299357405541844,0.011153532961568657,0.0,2131.8500000000004,2131.8,2131.9,0.09999999999990905,-0.000113205501309526,,,,,,,,,False
2026-03-20 10:24:00.038446929+00:00,-0.7179072763452565,-187.07862198473316,0.08731790991119401,2142.5,0.0,-0.7291045477585018,0.011197271413253556,0.0,2134.1499999999996,2134.1,2134.2,0.09999999999990905,-0.000112521805366306,,,,,,,,,False
2026-03-20 10:25:00.005076575+00:00,-0.604350287986853,-187.07862198473316,0.08731790991119401,2142.5,0.0,-0.6155912648739337,0.011240976887074499,0.0,2135.45,2135.4,2135.5,0.09999999999990905,-0.000112863739952884,,,,,,,,,False
2026-03-20 10:26:00.043507554+00:00,-0.621769953825299,-187.07862198473316,0.08731790991119401,2142.5,0.0,-0.6330548468561565,0.011284893030869762,0.0,2135.25,2135.2,2135.3,0.1000000000003638,-0.000113431868856542,2135.0,2135.5,,,,,,,False
2026-03-20 10:27:00.062019920+00:00,-0.6566528610797912,-187.07862198473316,0.08731790991119401,2142.5,0.0,-0.6679820108206024,0.011329149740803303,0.0,2134.8500000000004,2134.8,2134.9,0.09999999999990905,-0.000113588074964404,,,,,,,,,False
2026-03-20 10:28:00.038160278+00:00,-0.5867540142167366,-187.07862198473316,0.08731790991119401,2142.5,0.0,-0.5981276828917107,0.011373668674977995,0.0,2135.6499999999996,2135.6,2135.7,0.09999999999990905,-0.00011442570126165,,,,,,,,,False
2026-03-20 10:29:00.035817068+00:00,-0.6041731702930838,-187.07862198473316,0.08731790991119401,2142.5,0.0,-0.6155912648739337,0.011418094580843663,0.0,2135.45,2135.4,2135.5,0.09999999999990905,-0.000114234995265129,,,,,,,,,False
2026-03-20 10:30:00.038606128+00:00,-0.5866651659383413,-187.07862198473316,0.08731790991119401,2142.5,0.0,-0.5981276828917107,0.011462516953373346,0.0,2135.6499999999996,2135.6,2135.7,0.09999999999990905,-0.000114831870261085,,,,,,,,,False
2026-03-20 10:31:00.010699360+00:00,-0.5778888422993279,-187.07862198473316,0.08731790991119401,2142.5,0.0,-0.5893958919005595,0.011507049601223448,0.0,2135.75,2135.7,2135.8,0.1000000000003638,-0.000113485969992517,,,,,,,,,False
2026-03-20 10:32:00.032434106+00:00,-0.4905269495718489,-187.07862198473316,0.08731790991119401,2142.5,0.0,-0.5020779819893656,0.011551032417524351,0.0,2136.75,2136.7,2136.8,0.1000000000003638,-0.000112685051926712,2136.5,2137.0,,,,,,,False
2026-03-20 10:33:00.016462827+00:00,-0.3507745447538952,-187.07862198473316,0.08731790991119401,2142.5,0.0,-0.36236932613142336,0.011594781377519313,0.0,2138.3500000000004,2138.3,2138.4,0.09999999999990905,-0.000112746715100965,,,,,,,,,False
2026-03-20 10:34:00.053529594+00:00,-0.14116786061432013,-187.07862198473316,0.08731790991119401,2142.5,0.0,-0.1528063423445895,0.011638481730255678,0.0,2140.75,2140.7,2140.8,0.1000000000003638,-0.000111870182418471,,,,,,,,,False
2026-03-20 10:35:00.043668963+00:00,-0.12366093660687685,-187.07862198473316,0.08731790991119401,2142.5,0.0,-0.1353427603623666,0.011681823755486063,0.0,2140.95,2140.9,2141.0,0.09999999999990905,-0.000110149419551259,,,,,,,,,False
2026-03-20 10:36:00.011686689+00:00,-0.28079083897790624,-187.07862198473316,0.08731790991119401,2142.5,0.0,-0.2925149982025317,0.0117241592246283,0.0,2139.1499999999996,2139.1,2139.2,0.09999999999990905,-0.000108007734468296,,,,,,,,,False
2026-03-20 10:37:00.040710155+00:00,-0.2283581620147935,-187.07862198473316,0.08731790991119401,2142.5,0.0,-0.24012425225578352,0.011766090240988757,0.0,2139.75,2139.7,2139.8,0.1000000000003638,-0.000108024328772182,,,,,,,,,False
2026-03-20 10:38:00.024043507+00:00,-0.04494836050851662,-187.07862198473316,0.08731790991119401,2142.5,0.0,-0.05675664144224434,0.01180828093371785,0.0,2141.8500000000004,2141.8,2141.9,0.09999999999990905,-0.000107977223165072,,,,,,,,,False
2026-03-20 10:39:00.011041911+00:00,-0.0012474294513731398,-187.07862198473316,0.08731790991119401,2142.5,0.0,-0.013097686486647336,0.011850257035272304,0.0,2142.3500000000004,2142.3,2142.4,0.09999999999990905,-0.000106388196911695,,,,,,,,,False
2026-03-20 10:40:00.026041340+00:00,0.20835692432977632,-187.07862198473316,0.08731790991119401,2142.5,0.0,0.19646529730018653,0.011891627029583084,0.0,2144.75,2144.7,2144.8,0.1000000000003638,-0.000105443560048819,,,,,,,,,False
2026-03-20 10:41:00.005647879+00:00,0.7061100515331169,-187.07862198473316,0.08731790991119401,2142.5,0.0,0.6941773837939765,0.011932667739146198,0.0,2150.45,2150.4,2150.5,0.09999999999990905,-0.000107631414619106,,,,,,,,,False
2026-03-20 10:42:00.021560171+00:00,0.39180732825145564,-187.07862198473316,0.08731790991119401,2142.5,0.0,0.3798329081137257,0.011974420137714598,0.0,2146.8500000000004,2146.8,2146.9,0.09999999999990905,-0.000105166034160933,,,,,,,,,False
2026-03-20 10:43:00.051540111+00:00,0.49662987791978763,-187.07862198473316,0.08731790991119401,2142.5,0.0,0.4846144000071426,0.012015477912655646,0.0,2148.05,2148.0,2148.1,0.09999999999990905,-0.000104553166258543,,,,,,,,,False
2026-03-20 10:44:00.037969840+00:00,0.45301175971035007,-187.07862198473316,0.08731790991119401,2142.5,0.0,0.4409554450515456,0.012056314658807112,0.0,2147.55,2147.5,2147.6,0.09999999999990905,-0.0001039010766055,,,,,,,,,False
2026-03-20 10:45:00.035533461+00:00,0.46178401989848433,-187.07862198473316,0.08731790991119401,2142.5,0.0,0.4496872360426174,0.012096783855863387,0.0,2147.6499999999996,2147.6,2147.7,0.09999999999990905,-0.000103094082727544,,,,,,,,,False
2026-03-20 10:46:00.025433833+00:00,0.6277285127541481,-187.07862198473316,0.08731790991119401,2142.5,0.0,0.6155912648739337,0.012137247880220628,0.0,2149.55,2149.5,2149.6,0.09999999999990905,-0.000103991685147275,,,,,,,,,False
2026-03-20 10:47:00.054189168+00:00,0.5491829155591668,-187.07862198473316,0.08731790991119401,2142.5,0.0,0.5370051459538114,0.0121777696053678,0.0,2148.6499999999996,2148.6,2148.7,0.09999999999990905,-0.00010338494137845,,,,,,,,,False
2026-03-20 10:48:00.035627726+00:00,0.6278093259114934,-187.07862198473316,0.08731790991119401,2142.5,0.0,0.6155912648739337,0.012218061037565956,0.0,2149.55,2149.5,2149.6,0.09999999999990905,-0.000102957474490988,,,,,,,,,False
2026-03-20 10:49:00.067749870+00:00,0.5579952358784288,-187.07862198473316,0.08731790991119401,2142.5,0.0,0.5457369369449625,0.01225829893346653,0.0,2148.75,2148.7,2148.8,0.1000000000003638,-0.00010265757179176,2148.5,2149.1,,,,,,,False
2026-03-20 10:50:00.017872768+00:00,0.5493035679460754,-187.07862198473316,0.08731790991119401,2142.5,0.0,0.5370051459538114,0.012298421992276432,0.0,2148.6499999999996,2148.6,2148.7,0.09999999999990905,-0.000102406644295031,,,,,,,,,False
2026-03-20 10:51:00.046192518+00:00,0.549343733792142,-187.07862198473316,0.08731790991119401,2142.5,0.0,0.5370051459538114,0.012338587838342992,0.0,2148.6499999999996,2148.6,2148.7,0.09999999999990905,-0.000102955154503207,,,,,,,,,False
2026-03-20 10:52:00.097040078+00:00,0.5144570253672258,-187.07862198473316,0.08731790991119401,2142.5,0.0,0.5020779819893656,0.012379043377852521,0.0,2148.25,2148.2,2148.3,0.1000000000003638,-0.000103453622503857,,,,,,,,,False
2026-03-20 10:53:00.036002354+00:00,0.5581571114350555,-187.07862198473316,0.08731790991119401,2142.5,0.0,0.5457369369449625,0.012420174490093285,0.0,2148.75,2148.7,2148.8,0.1000000000003638,-0.000106492920551674,,,,,,,,,False
2026-03-20 10:54:00.044542103+00:00,0.6280535851336679,-187.07862198473316,0.08731790991119401,2142.5,0.0,0.6155912648739337,0.012462320259740511,0.0,2149.55,2149.5,2149.6,0.09999999999990905,-0.000108281553667391,,,,,,,,,False
2026-03-20 10:55:00.043864335+00:00,0.46219186986696104,-187.07862198473316,0.08731790991119401,2142.5,0.0,0.4496872360426174,0.012504633824340064,0.0,2147.6499999999996,2147.6,2147.7,0.09999999999990905,-0.000107839750532261,,,,,,,,,False
2026-03-20 10:56:00.016048228+00:00,0.3923797859409066,-187.07862198473316,0.08731790991119401,2142.5,0.0,0.3798329081137257,0.012546877827165567,0.0,2146.8500000000004,2146.8,2146.9,0.09999999999990905,-0.000108390402286728,,,,,,,,,False
2026-03-20 10:57:00.068283246+00:00,0.4360813915485509,-187.07862198473316,0.08731790991119401,2142.5,0.0,0.4234918630693227,0.01258952847922083,0.0,2147.3500000000004,2147.3,2147.4,0.09999999999990905,-0.000109497510583993,,,,,,,,,False
2026-03-20 10:58:00.035757731+00:00,0.4623199377818462,-187.07862198473316,0.08731790991119401,2142.5,0.0,0.4496872360426174,0.012632701739225238,0.0,2147.6499999999996,2147.6,2147.7,0.09999999999990905,-0.000111012732278655,,,,,,,,,False
2026-03-20 10:59:00.037551326+00:00,0.4972909619669277,-187.07862198473316,0.08731790991119401,2142.5,0.0,0.4846144000071426,0.012676561959795716,0.0,2148.05,2148.0,2148.1,0.09999999999990905,-0.000113198787070223,,,,,,,,,False
2026-03-20 11:00:00.035510399+00:00,0.4973356382007009,-187.07862198473316,0.08731790991119401,2142.5,0.0,0.4846144000071426,0.012721238193568978,0.0,2148.05,2148.0,2148.1,0.09999999999990905,-0.000115081567776906,,,,,,,,,False
2026-03-20 11:01:00.039970245+00:00,0.37513214059614297,-187.07862198473316,0.08731790991119401,2142.5,0.0,0.36236932613142336,0.012762814464728477,0.0,2146.6499999999996,2146.6,2146.7,0.09999999999990905,-0.00018644736236117,,,,,,,,,False
2026-03-20 11:02:00.038407339+00:00,0.4450550884787497,-187.07862198473316,0.08731790991119401,2142.5,0.0,0.4322236540603945,0.012831434418341624,0.0,2147.45,2147.4,2147.5,0.09999999999990905,-0.000164671576836124,,,,,,,,,False
2026-03-20 11:03:00.063717490+00:00,0.5411705611442348,-187.07862198473316,0.08731790991119401,2142.5,0.0,0.5282733549627396,0.012897206181485323,0.0,2148.55,2148.5,2148.6,0.09999999999990905,-0.000163239578998438,,,,,,,,,False
2026-03-20 11:04:00.053772341+00:00,0.6809467863611495,-187.07862198473316,0.08731790991119401,2142.5,0.0,0.6679820108206024,0.012964775540554987,0.0,2150.1499999999996,2150.1,2150.2,0.09999999999990905,-0.000170187639056715,,,,,,,,,False
2026-03-20 11:05:00.035534054+00:00,0.5849598640437297,-187.07862198473316,0.08731790991119401,2142.5,0.0,0.5719323099183367,0.01302755412539125,0.0,2149.05,2149.0,2149.1,0.09999999999990905,-0.000159157771324915,,,,,,,,,False
2026-03-20 11:06:00.051998539+00:00,0.7858548750685891,-187.07862198473316,0.08731790991119401,2142.5,0.0,0.7727635027140988,0.013091372354490025,0.0,2151.3500000000004,2151.3,2151.4,0.09999999999990905,-0.000163712158206927,,,,,,,,,False
2026-03-20 11:07:00.032042455+00:00,0.7946516864475359,-187.07862198473316,0.08731790991119401,2142.5,0.0,0.7814952937051705,0.013156392742358837,0.0,2151.45,2151.4,2151.5,0.09999999999990905,-0.000167549094185306,,,,,,,,,False
2026-03-20 11:08:00.107563634+00:00,0.7685209458353326,-187.07862198473316,0.08731790991119401,2142.5,0.0,0.7552999207317964,0.013221025103531625,0.0,2151.1499999999996,2151.1,2151.2,0.09999999999990905,-0.000157882802303374,,,,,,,,,False
2026-03-20 11:09:00.043221739+00:00,0.7423861704608191,-187.07862198473316,0.08731790991119401,2142.5,0.0,0.7291045477585018,0.013281622702309023,0.0,2150.8500000000004,2150.8,2150.9,0.09999999999990905,-0.000153203052941306,,,,,,,,,False
2026-03-20 11:10:00.058713397+00:00,0.7861054463314582,-187.07862198473316,0.08731790991119401,2142.5,0.0,0.7727635027140988,0.013341943617359102,0.0,2151.3500000000004,2151.3,2151.4,0.09999999999990905,-0.000155082553234606,,,,,,,,,False
2026-03-20 11:11:00.040787979+00:00,0.8734851062201593,-187.07862198473316,0.08731790991119401,2142.5,0.0,0.8600814126252927,0.013403693594853739,0.0,2152.3500000000004,2152.3,2152.4,0.09999999999990905,-0.000157210941123249,,,,,,,,,False
2026-03-20 11:12:00.173141311+00:00,0.9084743431607193,-187.07862198473316,0.08731790991119401,2142.5,0.0,0.8950085765897385,0.013465766570987962,0.0,2152.75,2152.7,2152.8,0.1000000000003638,-0.000157975502803969,,,,,,,,,False
2026-03-20 11:13:00.035450705+00:00,0.8474135080877544,-187.07862198473316,0.08731790991119401,2142.5,0.0,0.8338860396519187,0.013527468435824934,0.0,2152.05,2152.0,2152.1,0.09999999999990905,-0.000157574415252938,,,,,,,,,False
2026-03-20 11:14:00.037277842+00:00,0.8125471229846271,-187.07862198473316,0.08731790991119401,2142.5,0.0,0.7989588756873934,0.013588247297237028,0.0,2151.6499999999996,2151.6,2151.7,0.09999999999990905,-0.000152614191155017,,,,,,,,,False
2026-03-20 11:15:00.062563316+00:00,1.3627126146932882,-187.07862198473316,0.08731790991119401,2142.5,0.0,1.3490617081279315,0.013650906565368524,0.0,2157.95,2157.9,2158.0,0.09999999999990905,-0.000158607640142151,,,,,,,,,False
2026-03-20 11:16:00.007400073+00:00,1.0658918099422068,-187.07862198473316,0.08731790991119401,2142.5,0.0,1.0521808144299036,0.013710995512303708,0.0,2154.55,2154.5,2154.6,0.09999999999990905,-0.000149880063705247,,,,,,,,,False
2026-03-20 11:17:00.029298559+00:00,0.8825824529210793,-187.07862198473316,0.08731790991119401,2142.5,0.0,0.8688132036163645,0.013769249304724113,0.0,2152.45,2152.4,2152.5,0.09999999999990905,-0.000147703731484732,,,,,,,,,False
2026-03-20 11:18:00.007702532+00:00,0.7603947863996607,-187.07862198473316,0.08731790991119401,2142.5,0.0,0.7465681297407246,0.013826656658937805,0.0,2151.05,2151.0,2151.1,0.09999999999990905,-0.000146783923128486,,,,,,,,,False
2026-03-20 11:19:00.039636642+00:00,0.8303080413649856,-187.07862198473316,0.08731790991119401,2142.5,0.0,0.8164224576696958,0.013885583695297516,0.0,2151.8500000000004,2151.8,2151.9,0.09999999999990905,-0.000151115705846917,,,,,,,,,False
2026-03-20 11:20:00.035800753+00:00,0.8565633107515772,-187.07862198473316,0.08731790991119401,2142.5,0.0,0.8426178306429905,0.013945480108598236,0.0,2152.1499999999996,2152.1,2152.2,0.09999999999990905,-0.00015280324513925,,,,,,,,,False
2026-03-20 11:21:00.035893818+00:00,0.8566235879109716,-187.07862198473316,0.08731790991119401,2142.5,0.0,0.8426178306429905,0.014005757267992533,0.0,2152.1499999999996,2152.1,2152.2,0.09999999999990905,-0.000153846967240346,,,,,,,,,False
2026-03-20 11:22:00.035681452+00:00,0.8741476241672533,-187.07862198473316,0.08731790991119401,2142.5,0.0,0.8600814126252927,0.014066211541947734,0.0,2152.3500000000004,2152.3,2152.4,0.09999999999990905,-0.000154266726247351,,,,,,,,,False
2026-03-20 11:23:00.075892697+00:00,0.8392814248928128,-187.07862198473316,0.08731790991119401,2142.5,0.0,0.8251542486607675,0.014127176232046639,0.0,2151.95,2151.9,2152.0,0.09999999999990905,-0.000155552360480889,,,,,,,,,False
2026-03-20 11:24:00.037560303+00:00,0.6035833188311298,-187.07862198473316,0.08731790991119401,2142.5,0.0,0.5893958919005595,0.014187426930578452,0.0,2149.25,2149.2,2149.3,0.1000000000003638,-0.000153881444301605,,,,,,,,,False
2026-03-20 11:25:00.049134215+00:00,0.7520843760004547,-187.07862198473316,0.08731790991119401,2142.5,0.0,0.7378363387495734,0.014248037250866687,0.0,2150.95,2150.9,2151.0,0.09999999999990905,-0.000156209752304547,,,,,,,,,False
2026-03-20 11:26:00.035215463+00:00,0.7521456736662198,-187.07862198473316,0.08731790991119401,2142.5,0.0,0.7378363387495734,0.014309334916631654,0.0,2150.95,2150.9,2151.0,0.09999999999990905,-0.000156905246975958,,,,,,,,,False
2026-03-20 11:27:00.092411483+00:00,0.743475495511285,-187.07862198473316,0.08731790991119401,2142.5,0.0,0.7291045477585018,0.014370947752774926,0.0,2150.8500000000004,2150.8,2150.9,0.09999999999990905,-0.000156771774748224,,,,,,,,,False
2026-03-20 11:28:00.033062345+00:00,0.6474868180665109,-187.07862198473316,0.08731790991119401,2142.5,0.0,0.6330548468561565,0.014431971210342091,0.0,2149.75,2149.7,2149.8,0.1000000000003638,-0.000155925240308643,,,,,,,,,False
2026-03-20 11:29:00.082063465+00:00,0.6650116690283744,-187.07862198473316,0.08731790991119401,2142.5,0.0,0.6505184288383795,0.0144932401899928,0.0,2149.95,2149.9,2150.0,0.09999999999990905,-0.000156709712688833,,,,,,,,,False
2026-03-20 11:30:00.037243392+00:00,0.63887734038884,-187.07862198473316,0.08731790991119401,2142.5,0.0,0.6243230558650054,0.014554284523834591,0.0,2149.6499999999996,2149.6,2149.7,0.09999999999990905,-0.00015640265266025,,,,,,,,,False
2026-03-20 11:31:00.022387008+00:00,0.5166932131992479,-187.07862198473316,0.08731790991119401,2142.5,0.0,0.5020779819893656,0.014615231209874596,0.0,2148.25,2148.2,2148.3,0.1000000000003638,-0.000155518401043195,2148.0,2148.5,,,,,,,False
2026-03-20 11:32:00.035082553+00:00,0.6215359544465313,-187.07862198473316,0.08731790991119401,2142.5,0.0,0.6068594738827825,0.014676480563738705,0.0,2149.45,2149.4,2149.5,0.09999999999990905,-0.000156739960578115,,,,,,,,,False
2026-03-20 11:33:00.050018850+00:00,0.5517427402260185,-187.07862198473316,0.08731790991119401,2142.5,0.0,0.5370051459538114,0.014737594272219559,0.0,2148.6499999999996,2148.6,2148.7,0.09999999999990905,-0.000156139364553494,,,,,,,,,False
2026-03-20 11:34:00.042747671+00:00,0.4208268633743215,-187.07862198473316,0.08731790991119401,2142.5,0.0,0.4060282810870204,0.014798582287289605,0.0,2147.1499999999996,2147.1,2147.2,0.09999999999990905,-0.000155191674741344,,,,,,,,,False
2026-03-20 11:35:00.010407515+00:00,0.4470829215004937,-187.07862198473316,0.08731790991119401,2142.5,0.0,0.4322236540603945,0.01485926744008563,0.0,2147.45,2147.4,2147.5,0.09999999999990905,-0.000156029477675319,,,,,,,,,False
2026-03-20 11:36:00.050549486+00:00,0.3860210928694569,-187.07862198473316,0.08731790991119401,2142.5,0.0,0.37110111712257454,0.014919975746879127,0.0,2146.75,2146.7,2146.8,0.1000000000003638,-0.000154780624296965,,,,,,,,,False
2026-03-20 11:37:00.094614320+00:00,0.11539593866113922,-187.07862198473316,0.08731790991119401,2142.5,0.0,0.10041559639784134,0.014980342263287302,0.0,2143.6499999999996,2143.6,2143.7,0.09999999999990905,-0.000153885127665506,,,,,,,,,False
2026-03-20 11:38:00.061942333+00:00,-0.18142610393931913,-187.07862198473316,0.08731790991119401,2142.5,0.0,-0.19646529730018653,0.015039193360874116,0.0,2140.25,2140.2,2140.3,0.1000000000003638,-0.000150046438183144,,,,,,,,,False
2026-03-20 11:39:00.025737315+00:00,-0.4957121205863401,-187.07862198473316,0.08731790991119401,2142.5,0.0,-0.5108097729805167,0.015097652394168012,0.0,2136.6499999999996,2136.6,2136.7,0.09999999999990905,-0.000147819029534216,,,,,,,,,False
2026-03-20 11:40:00.035188779+00:00,-0.4083371446157353,-187.07862198473316,0.08731790991119401,2142.5,0.0,-0.4234918630693227,0.015154718453594769,0.0,2137.6499999999996,2137.6,2137.7,0.09999999999990905,-0.000146653954235376,,,,,,,,,False
2026-03-20 11:41:00.037659769+00:00,-0.294766494990168,-187.07862198473316,0.08731790991119401,2142.5,0.0,-0.3099785801847546,0.015212085194579476,0.0,2138.95,2138.9,2139.0,0.09999999999990905,-0.000147674891554043,,,,,,,,,False
2026-03-20 11:42:00.025059425+00:00,-0.4606133274699633,-187.07862198473316,0.08731790991119401,2142.5,0.0,-0.47588260901599144,0.015269281546033804,0.0,2137.05,2137.0,2137.1,0.09999999999990905,-0.00014698918420727,,,,,,,,,False
2026-03-20 11:43:00.047404+00:00,-0.25099283425090263,-187.07862198473316,0.08731790991119401,2142.5,0.0,-0.2663196252291576,0.01532679097825579,0.0,2139.45,2139.4,2139.5,0.09999999999990905,-0.000148630423760531,,,,,,,,,False
2026-03-20 11:44:00.053757257+00:00,-0.22473961572060766,-187.07862198473316,0.08731790991119401,2142.5,0.0,-0.24012425225578352,0.015384636535174613,0.0,2139.75,2139.7,2139.8,0.1000000000003638,-0.000148892050099082,2139.5,2140.1,,,,,,,False
2026-03-20 11:45:00.052979900+00:00,-0.27707245793761776,-187.07862198473316,0.08731790991119401,2142.5,0.0,-0.2925149982025317,0.015442540264916836,0.0,2139.1499999999996,2139.1,2139.2,0.09999999999990905,-0.000148865813412842,,,,,,,,,False
2026-03-20 11:46:00.035642782+00:00,-0.36433271915019083,-187.07862198473316,0.08731790991119401,2142.5,0.0,-0.3798329081137257,0.015500188963521816,0.0,2138.1499999999996,2138.1,2138.2,0.09999999999990905,-0.00014725636346526,,,,,,,,,False
2026-03-20 11:47:00.049365683+00:00,-0.3904705180852641,-187.07862198473316,0.08731790991119401,2142.5,0.0,-0.4060282810870204,0.015557763001767795,0.0,2137.8500000000004,2137.8,2137.9,0.09999999999990905,-0.000149604555157211,,,,,,,,,False
2026-03-20 11:48:00.140275446+00:00,-0.4253392663746198,-187.07862198473316,0.08731790991119401,2142.5,0.0,-0.4409554450515456,0.015616178676923187,0.0,2137.45,2137.4,2137.5,0.09999999999990905,-0.00014947054200873,,,,,,,,,False
2026-03-20 11:49:00.052231338+00:00,-0.2943040095917316,-187.07862198473316,0.08731790991119401,2142.5,0.0,-0.3099785801847546,0.015674570593015854,0.0,2138.95,2138.9,2139.0,0.09999999999990905,-0.000150837612541358,,,,,,,,,False
2026-03-20 11:50:00.116720071+00:00,-0.2593177555045413,-187.07862198473316,0.08731790991119401,2142.5,0.0,-0.2750514162202294,0.015733660715695156,0.0,2139.3500000000004,2139.3,2139.4,0.09999999999990905,-0.000152021832484655,,,,,,,,,False
2026-03-20 11:51:00.020905066+00:00,-0.42516276526269864,-187.07862198473316,0.08731790991119401,2142.5,0.0,-0.4409554450515456,0.01579267978884431,0.0,2137.45,2137.4,2137.5,0.09999999999990905,-0.000151754225688267,,,,,,,,,False
2026-03-20 11:52:00.035949675+00:00,-0.40764012727427,-187.07862198473316,0.08731790991119401,2142.5,0.0,-0.4234918630693227,0.015851735795060055,0.0,2137.6499999999996,2137.6,2137.7,0.09999999999990905,-0.000152497508198886,,,,,,,,,False
2026-03-20 11:53:00.035456202+00:00,-0.34645837383933903,-187.07862198473316,0.08731790991119401,2142.5,0.0,-0.36236932613142336,0.015910952292075467,0.0,2138.3500000000004,2138.3,2138.4,0.09999999999990905,-0.00015311948598926,,,,,,,,,False
2026-03-20 11:54:00.024008590+00:00,-0.37259415415032465,-187.07862198473316,0.08731790991119401,2142.5,0.0,-0.38856469910479746,0.015970544954465978,0.0,2138.05,2138.0,2138.1,0.09999999999990905,-0.000152943748887268,,,,,,,,,False
2026-03-20 11:55:00.036066262+00:00,-0.32887559013742884,-187.07862198473316,0.08731790991119401,2142.5,0.0,-0.34490574414920044,0.01603015401177274,0.0,2138.55,2138.5,2138.6,0.09999999999990905,-0.000153889655087325,,,,,,,,,False
2026-03-20 11:56:00.008242236+00:00,-0.2764248815913173,-187.07862198473316,0.08731790991119401,2142.5,0.0,-0.2925149982025317,0.01609011661121731,0.0,2139.1499999999996,2139.1,2139.2,0.09999999999990905,-0.000154415188964374,,,,,,,,,False
2026-03-20 11:57:00.024839892+00:00,-0.18904641474994752,-187.07862198473316,0.08731790991119401,2142.5,0.0,-0.20519708829133768,0.01615067354138059,0.0,2140.1499999999996,2140.1,2140.2,0.09999999999990905,-0.000156127424519653,,,,,,,,,False
2026-03-20 11:58:00.052830088+00:00,-0.10166753892395453,-187.07862198473316,0.08731790991119401,2142.5,0.0,-0.11787917838014368,0.016211639456195526,0.0,2141.1499999999996,2141.1,2141.2,0.09999999999990905,-0.000157149334908113,,,,,,,,,False
2026-03-20 11:59:00.036133608+00:00,-0.11033802735915871,-187.07862198473316,0.08731790991119401,2142.5,0.0,-0.12661096937121544,0.016272942012040943,0.0,2141.05,2141.0,2141.1,0.09999999999990905,-0.000157106569211783,,,,,,,,,False
2026-03-20 12:00:00.065350193+00:00,-0.10154508007522141,-187.07862198473316,0.08731790991119401,2142.5,0.0,-0.11787917838014368,0.01633409830492864,0.0,2141.1499999999996,2141.1,2141.2,0.09999999999990905,-0.000156747898491127,,,,,,,,,False
2026-03-20 12:01:00.035667875+00:00,0.13431057885758627,-187.07862198473316,0.08731790991119401,2142.5,0.0,0.11787917838014368,0.01643140047743622,0.0,2143.8500000000004,2143.8,2143.9,0.09999999999990905,-0.000304950060348265,,,,,,,,,False
2026-03-20 12:02:00.039876394+00:00,-0.11009676808419505,-187.07862198473316,0.08731790991119401,2142.5,0.0,-0.12661096937121544,0.016514201287004596,0.0,2141.05,2141.0,2141.1,0.09999999999990905,-0.000161234026408172,,,,,,,,,False
2026-03-20 12:03:00.004578451+00:00,-0.15369294333486905,-187.07862198473316,0.08731790991119401,2142.5,0.0,-0.17026992432681243,0.01657698099194804,0.0,2140.55,2140.5,2140.6,0.09999999999990905,-0.000161341477707397,,,,,,,,,False
2026-03-20 12:04:00.053074635+00:00,-0.06631301569457754,-187.07862198473316,0.08731790991119401,2142.5,0.0,-0.08295201441561842,0.01663899872103309,0.0,2141.55,2141.5,2141.6,0.09999999999990905,-0.000158452360222914,,,,,,,,,False
2026-03-20 12:05:00.036380060+00:00,-0.06624912930391225,-187.07862198473316,0.08731790991119401,2142.5,0.0,-0.08295201441561842,0.01670288511169837,0.0,2141.55,2141.5,2141.6,0.09999999999990905,-0.000173882145315869,,,,,,,,,False
2026-03-20 12:06:00.040502629+00:00,0.16957192953233313,-187.07862198473316,0.08731790991119401,2142.5,0.0,0.1528063423445895,0.016765587187728904,0.0,2144.25,2144.2,2144.3,0.1000000000003638,-0.000164492312016148,,,,,,,,,False
2026-03-20 12:07:00.049623848+00:00,0.3530030432745961,-187.07862198473316,0.08731790991119401,2142.5,0.0,0.3361739531581287,0.01682909011647251,0.0,2146.3500000000004,2146.3,2146.4,0.09999999999990905,-0.000165377214023264,,,,,,,,,False
2026-03-20 12:08:00.011544177+00:00,0.6412220892952456,-187.07862198473316,0.08731790991119401,2142.5,0.0,0.6243230558650054,0.01689903343024009,0.0,2149.6499999999996,2149.6,2149.7,0.09999999999990905,-0.000183128023176339,,,,,,,,,False
2026-03-20 12:09:00.036476354+00:00,0.5714345500185322,-187.07862198473316,0.08731790991119401,2142.5,0.0,0.5544687279361137,0.016965822082406566,0.0,2148.8500000000004,2148.8,2148.9,0.09999999999990905,-0.000169098134817761,,,,,,,,,False
2026-03-20 12:10:00.064884656+00:00,0.7112093166139216,-187.07862198473316,0.08731790991119401,2142.5,0.0,0.6941773837939765,0.01703193281995102,0.0,2150.45,2150.4,2150.5,0.09999999999990905,-0.000174404092457967,,,,,,,,,False
2026-03-20 12:11:00.070900868+00:00,0.6414246060199388,-187.07862198473316,0.08731790991119401,2142.5,0.0,0.6243230558650054,0.0171015501549333,0.0,2149.6499999999996,2149.6,2149.7,0.09999999999990905,-0.00017852582310951,,,,,,,,,False
2026-03-20 12:12:00.006025584+00:00,0.5978356774270295,-187.07862198473316,0.08731790991119401,2142.5,0.0,0.5806641009094083,0.01717157651761303,0.0,2149.1499999999996,2149.1,2149.2,0.09999999999990905,-0.000182231958085369,,,,,,,,,False
2026-03-20 12:13:00.035915629+00:00,0.5717120359324461,-187.07862198473316,0.08731790991119401,2142.5,0.0,0.5544687279361137,0.017243307996320584,0.0,2148.8500000000004,2148.8,2148.9,0.09999999999990905,-0.000185289826191992,,,,,,,,,False
2026-03-20 12:14:00.057948530+00:00,0.5019303410627374,-187.07862198473316,0.08731790991119401,2142.5,0.0,0.4846144000071426,0.017315941055605456,0.0,2148.05,2148.0,2148.1,0.09999999999990905,-0.000186475680472069,,,,,,,,,False
2026-03-20 12:15:00.035851160+00:00,0.274977089902296,-187.07862198473316,0.08731790991119401,2142.5,0.0,0.25758783423800646,0.017389255664300902,0.0,2145.45,2145.4,2145.5,0.09999999999990905,-0.000188123146947073,,,,,,,,,False
2026-03-20 12:16:00.008765782+00:00,0.3623679705974426,-187.07862198473316,0.08731790991119401,2142.5,0.0,0.34490574414920044,0.017462226448240963,0.0,2146.45,2146.4,2146.5,0.09999999999990905,-0.000186253385381398,,,,,,,,,False
2026-03-20 12:17:00.043139453+00:00,0.179072480772764,-187.07862198473316,0.08731790991119401,2142.5,0.0,0.16153813333574069,0.017534347437024915,0.0,2144.3500000000004,2144.3,2144.4,0.09999999999990905,-0.000182899771924017,,,,,,,,,False
2026-03-20 12:18:00.039696678+00:00,0.205339238633167,-187.07862198473316,0.08731790991119401,2142.5,0.0,0.18773350630903535,0.017605732324137025,0.0,2144.6499999999996,2144.6,2144.7,0.09999999999990905,-0.00018266071659292,,,,,,,,,False
2026-03-20 12:19:00.036188633+00:00,0.08316509944365533,-187.07862198473316,0.08731790991119401,2142.5,0.0,0.0654884324333955,0.017676667010257583,0.0,2143.25,2143.2,2143.3,0.1000000000003638,-0.00018200979170036,,,,,,,,,False
2026-03-20 12:20:00.037345058+00:00,0.2666038342546368,-187.07862198473316,0.08731790991119401,2142.5,0.0,0.2488560432469347,0.017747791007691232,0.0,2145.3500000000004,2145.3,2145.4,0.09999999999990905,-0.000183792923311744,,,,,,,,,False
2026-03-20 12:21:00.060282149+00:00,0.3277985295042344,-187.07862198473316,0.08731790991119401,2142.5,0.0,0.3099785801847546,0.01781994931948694,0.0,2146.05,2146.0,2146.1,0.09999999999990905,-0.000186773827401995,,,,,,,,,False
2026-03-20 12:22:00.036584558+00:00,0.3191405381665556,-187.07862198473316,0.08731790991119401,2142.5,0.0,0.3012467891936034,0.017893748972943005,0.0,2145.95,2145.9,2146.0,0.09999999999990905,-0.000189460350475054,,,,,,,,,False
2026-03-20 12:23:00.059025278+00:00,0.3803372918526045,-187.07862198473316,0.08731790991119401,2142.5,0.0,0.36236932613142336,0.01796796572119001,0.0,2146.6499999999996,2146.6,2146.7,0.09999999999990905,-0.000190658228315433,,,,,,,,,False
2026-03-20 12:24:00.073966780+00:00,0.41533979782979885,-187.07862198473316,0.08731790991119401,2142.5,0.0,0.39729649009594864,0.018043307733844913,0.0,2147.05,2147.0,2147.1,0.09999999999990905,-0.000194288097746451,,,,,,,,,False
2026-03-20 12:25:00.035571097+00:00,0.38921987229127736,-187.07862198473316,0.08731790991119401,2142.5,0.0,0.37110111712257454,0.0181187551686996,0.0,2146.75,2146.7,2146.8,0.1000000000003638,-0.000192832403507659,2146.5,2147.0,,,,,,,False
2026-03-20 12:26:00.006970830+00:00,0.14480460114285248,-187.07862198473316,0.08731790991119401,2142.5,0.0,0.12661096937121544,0.018193631771624405,0.0,2143.95,2143.9,2144.0,0.09999999999990905,-0.00019096884381569,,,,,,,,,False
2026-03-20 12:27:00.036940230+00:00,-0.05595319777505535,-187.07862198473316,0.08731790991119401,2142.5,0.0,-0.07422022342454668,0.018267025649477252,0.0,2141.6499999999996,2141.6,2141.7,0.09999999999990905,-0.000188201415855814,,,,,,,,,False
2026-03-20 12:28:00.035271169+00:00,-0.09080729163792106,-187.07862198473316,0.08731790991119401,2142.5,0.0,-0.10914738738899252,0.018340095751065717,0.0,2141.25,2141.2,2141.3,0.1000000000003638,-0.000187165376661634,2141.0,2141.5,,,,,,,False
2026-03-20 12:29:00.043425153+00:00,-0.0034157260946764446,-187.07862198473316,0.08731790991119401,2142.5,0.0,-0.021829477477798502,0.01841375138313228,0.0,2142.25,2142.2,2142.3,0.1000000000003638,-0.000190372290082074,2142.1,,,,,,,,False
2026-03-20 12:30:00.037083987+00:00,-0.012073069343106174,-187.07862198473316,0.08731790991119401,2142.5,0.0,-0.03056126846894967,0.018488199125837407,0.0,2142.1499999999996,2142.1,2142.2,0.09999999999990905,-0.000190938550456267,,,,,,,,,False
2026-03-20 12:31:00.011166462+00:00,-0.07312131364398157,-187.07862198473316,0.08731790991119401,2142.5,0.0,-0.0916838054067696,0.018562491762792326,0.0,2141.45,2141.4,2141.5,0.09999999999990905,-0.000190731131790971,,,,,,,,,False
2026-03-20 12:32:00.036488096+00:00,-0.35246546424748987,-187.07862198473316,0.08731790991119401,2142.5,0.0,-0.37110111712257454,0.018635652875087883,0.0,2138.25,2138.2,2138.3,0.1000000000003638,-0.00018756401816524,,,,,,,,,False
2026-03-20 12:33:00.035804770+00:00,-0.43971122499943394,-187.07862198473316,0.08731790991119401,2142.5,0.0,-0.4584190270337685,0.018707802034321874,0.0,2137.25,2137.2,2137.3,0.1000000000003638,-0.000185099251339966,2137.0,2137.5,,,,,,,False
2026-03-20 12:34:00.035453217+00:00,-0.33485711761907894,-187.07862198473316,0.08731790991119401,2142.5,0.0,-0.3536375351403516,0.01878041752125755,0.0,2138.45,2138.4,2138.5,0.09999999999990905,-0.000186559339371987,,,,,,,,,False
2026-03-20 12:35:00.036266082+00:00,-0.3871751614811811,-187.07862198473316,0.08731790991119401,2142.5,0.0,-0.4060282810870204,0.018853119605850854,0.0,2137.8500000000004,2137.8,2137.9,0.09999999999990905,-0.0001871340514164,,,,,,,,,False
2026-03-20 12:36:00.036082180+00:00,-0.32597976480130136,-187.07862198473316,0.08731790991119401,2142.5,0.0,-0.34490574414920044,0.018925979347900263,0.0,2138.55,2138.5,2138.6,0.09999999999990905,-0.000186825851964927,,,,,,,,,False
2026-03-20 12:37:00.071150739+00:00,-0.2036619736031849,-187.07862198473316,0.08731790991119401,2142.5,0.0,-0.2226606702735606,0.018998696670384497,0.0,2139.95,2139.9,2140.0,0.09999999999990905,-0.000187324817866778,,,,,,,,,False
2026-03-20 12:38:00.042915239+00:00,-0.1511978888507693,-187.07862198473316,0.08731790991119401,2142.5,0.0,-0.17026992432681243,0.019072035476047786,0.0,2140.55,2140.5,2140.6,0.09999999999990905,-0.000190152614363665,,,,,,,,,False
2026-03-20 12:39:00.027385738+00:00,-0.1423920833143173,-187.07862198473316,0.08731790991119401,2142.5,0.0,-0.16153813333574069,0.019146050021421782,0.0,2140.6499999999996,2140.6,2140.7,0.09999999999990905,-0.000190356967021908,,,,,,,,,False
2026-03-20 12:40:00.052311827+00:00,-0.26456291256209974,-187.07862198473316,0.08731790991119401,2142.5,0.0,-0.2837832072113805,0.01922029464927156,0.0,2139.25,2139.2,2139.3,0.1000000000003638,-0.000190750453017545,2139.0,2139.5,,,,,,,False
2026-03-20 12:41:00.030334885+00:00,-0.36053835918409183,-187.07862198473316,0.08731790991119401,2142.5,0.0,-0.3798329081137257,0.019294548929620785,0.0,2138.1499999999996,2138.1,2138.2,0.09999999999990905,-0.000191092675340304,,,,,,,,,False
2026-03-20 12:42:00.052716033+00:00,-0.5176370003267738,-187.07862198473316,0.08731790991119401,2142.5,0.0,-0.5370051459538114,0.019368145627025185,0.0,2136.3500000000004,2136.3,2136.4,0.09999999999990905,-0.000188947598628687,,,,,,,,,False
2026-03-20 12:43:00.032193412+00:00,-0.44770918168093476,-187.07862198473316,0.08731790991119401,2142.5,0.0,-0.4671508180249197,0.01944163634398433,0.0,2137.1499999999996,2137.1,2137.2,0.09999999999990905,-0.000189140382870321,,,,,,,,,False
2026-03-20 12:44:00.058478329+00:00,-0.4738304445611512,-187.07862198473316,0.08731790991119401,2142.5,0.0,-0.49334619099821436,0.019515746437058758,0.0,2136.8500000000004,2136.8,2136.9,0.09999999999990905,-0.000190648931647321,,,,,,,,,False
2026-03-20 12:45:00.035482259+00:00,-0.2991205630332629,-187.07862198473316,0.08731790991119401,2142.5,0.0,-0.31871037117582635,0.019589808142562545,0.0,2138.8500000000004,2138.8,2138.9,0.09999999999990905,-0.000190780672148777,,,,,,,,,False
2026-03-20 12:46:00.005000431+00:00,-0.4125596094993472,-187.07862198473316,0.08731790991119401,2142.5,0.0,-0.4322236540603945,0.019664044561032414,0.0,2137.55,2137.5,2137.6,0.09999999999990905,-0.000190504410033154,,,,,,,,,False
2026-03-20 12:47:00.051007963+00:00,-0.3077041062316984,-187.07862198473316,0.08731790991119401,2142.5,0.0,-0.3274421621669775,0.019738055935290308,0.0,2138.75,2138.7,2138.8,0.1000000000003638,-0.00019029262257458,2138.6,2139.1,,,,,,,False
2026-03-20 12:48:00.041405451+00:00,-0.3600207984428438,-187.07862198473316,0.08731790991119401,2142.5,0.0,-0.3798329081137257,0.019812109670868844,0.0,2138.1499999999996,2138.1,2138.2,0.09999999999990905,-0.000190453129798346,,,,,,,,,False
2026-03-20 12:49:00.022093801+00:00,-0.42980120832578095,-187.07862198473316,0.08731790991119401,2142.5,0.0,-0.4496872360426174,0.01988602771684003,0.0,2137.3500000000004,2137.3,2137.4,0.09999999999990905,-0.000189920710940587,,,,,,,,,False
2026-03-20 12:50:00.036548001+00:00,-0.15030979069848233,-187.07862198473316,0.08731790991119401,2142.5,0.0,-0.17026992432681243,0.01996013362833475,0.0,2140.55,2140.5,2140.6,0.09999999999990905,-0.000191388364366018,,,,,,,,,False
2026-03-20 12:51:00.017065361+00:00,-0.2026262364287606,-187.07862198473316,0.08731790991119401,2142.5,0.0,-0.2226606702735606,0.020034433844808807,0.0,2139.95,2139.9,2140.0,0.09999999999990905,-0.000190154813160972,,,,,,,,,False
2026-03-20 12:52:00.036035616+00:00,-0.32479748572289047,-187.07862198473316,0.08731790991119401,2142.5,0.0,-0.34490574414920044,0.02010825842631115,0.0,2138.55,2138.5,2138.6,0.09999999999990905,-0.000189229950279297,,,,,,,,,False
2026-03-20 12:53:00.040787909+00:00,-0.06276995637984384,-187.07862198473316,0.08731790991119401,2142.5,0.0,-0.08295201441561842,0.020182058035766788,0.0,2141.55,2141.5,2141.6,0.09999999999990905,-0.000189745787661873,,,,,,,,,False
2026-03-20 12:54:00.037064960+00:00,-0.12381894680129071,-187.07862198473316,0.08731790991119401,2142.5,0.0,-0.14407455135343836,0.02025560455215022,0.0,2140.8500000000004,2140.8,2140.9,0.09999999999990905,-0.000187767420225132,,,,,,,,,False
2026-03-20 12:55:00.036129312+00:00,-0.21979570768456952,-187.07862198473316,0.08731790991119401,2142.5,0.0,-0.24012425225578352,0.02032854457121275,0.0,2139.75,2139.7,2139.8,0.1000000000003638,-0.000186925545013386,,,,,,,,,False
2026-03-20 12:56:00.050467827+00:00,-0.15860061177258256,-187.07862198473316,0.08731790991119401,2142.5,0.0,-0.1790017153179636,0.020401103545369406,0.0,2140.45,2140.4,2140.5,0.09999999999990905,-0.000185719840451837,,,,,,,,,False
2026-03-20 12:57:00.036770271+00:00,-0.26330995770857485,-187.07862198473316,0.08731790991119401,2142.5,0.0,-0.2837832072113805,0.020473249502796435,0.0,2139.25,2139.2,2139.3,0.1000000000003638,-0.000184632129480841,2139.0,2139.5,,,,,,,False
2026-03-20 12:58:00.007510889+00:00,-0.2021157353255283,-187.07862198473316,0.08731790991119401,2142.5,0.0,-0.2226606702735606,0.020544934948041094,0.0,2139.95,2139.9,2140.0,0.09999999999990905,-0.000184063028820458,,,,,,,,,False
2026-03-20 12:59:00.049995307+00:00,-0.16711698595696461,-187.07862198473316,0.08731790991119401,2142.5,0.0,-0.18773350630903535,0.02061652035206536,0.0,2140.3500000000004,2140.3,2140.4,0.09999999999990905,-0.000182668382381982,,,,,,,,,False
2026-03-20 13:00:00.037541976+00:00,-0.1146551541985625,-187.07862198473316,0.08731790991119401,2142.5,0.0,-0.1353427603623666,0.02068760616380043,0.0,2140.95,2140.9,2141.0,0.09999999999990905,-0.000182132939746962,,,,,,,,,False
2026-03-20 13:01:00.005225980+00:00,-0.17572586103110646,-187.07862198473316,0.08731790991119401,2142.5,0.0,-0.19646529730018653,0.020739436269086777,0.0,2140.25,2140.2,2140.3,0.1000000000003638,-0.000119863548742022,,,,,,,,,False
2026-03-20 13:02:00.037626679+00:00,-0.09708980362678754,-187.07862198473316,0.08731790991119401,2142.5,0.0,-0.11787917838014368,0.020789374753362514,0.0,2141.1499999999996,2141.1,2141.2,0.09999999999990905,-0.000131963069858461,,,,,,,,,False
2026-03-20 13:03:00.007176378+00:00,-0.17562248936625977,-187.07862198473316,0.08731790991119401,2142.5,0.0,-0.19646529730018653,0.020842807933933477,0.0,2140.25,2140.2,2140.3,0.1000000000003638,-0.000119547827939974,,,,,,,,,False
2026-03-20 13:04:00.045785589+00:00,-0.035870716166222456,-187.07862198473316,0.08731790991119401,2142.5,0.0,-0.05675664144224434,0.02088592527601201,0.0,2141.8500000000004,2141.8,2141.9,0.09999999999990905,-0.000111517910650014,,,,,,,,,False
2026-03-20 13:05:00.067466813+00:00,-0.14061116740782187,-187.07862198473316,0.08731790991119401,2142.5,0.0,-0.16153813333574069,0.020926965927917207,0.0,2140.6499999999996,2140.6,2140.7,0.09999999999990905,-0.000103684348456726,,,,,,,,,False
2026-03-20 13:06:00.038644098+00:00,-0.10564166728683176,-187.07862198473316,0.08731790991119401,2142.5,0.0,-0.12661096937121544,0.020969302084367886,0.0,2141.05,2141.0,2141.1,0.09999999999990905,-0.000106766353663224,,,,,,,,,False
2026-03-20 13:07:00.036340711+00:00,-0.21038201234298803,-187.07862198473316,0.08731790991119401,2142.5,0.0,-0.23139246126463237,0.02101044892163094,0.0,2139.8500000000004,2139.8,2139.9,0.09999999999990905,-9.5243823831871e-05,,,,,,,,,False
2026-03-20 13:08:00.015727608+00:00,0.11273487052944628,-187.07862198473316,0.08731790991119401,2142.5,0.0,0.0916838054067696,0.021051065122672387,0.0,2143.55,2143.5,2143.6,0.09999999999990905,-0.000110719044482516,,,,,,,,,False
2026-03-20 13:09:03.372206761+00:00,0.1564398830450586,-187.07862198473316,0.08731790991119401,2142.5,0.0,0.1353427603623666,0.02109712268269568,0.0,2144.05,2144.0,2144.1,0.09999999999990905,-0.000108902813620147,,,,,,,,,False
2026-03-20 13:10:00.097669589+00:00,0.008039583527384164,-187.07862198473316,0.08731790991119401,2142.5,0.0,-0.013097686486647336,0.021137270014029607,0.0,2142.3500000000004,2142.3,2142.4,0.09999999999990905,-0.000103447519659529,,,,,,,,,False
2026-03-20 13:11:00.054665191+00:00,-0.38485156048011837,-187.07862198473316,0.08731790991119401,2142.5,0.0,-0.4060282810870204,0.02117672060691358,0.0,2137.8500000000004,2137.8,2137.9,0.09999999999990905,-9.5090178822244e-05,,,,,,,,,False
2026-03-20 13:12:00.011958487+00:00,-0.3935487246345441,-187.07862198473316,0.08731790991119401,2142.5,0.0,-0.41476007207817156,0.02121134744362271,0.0,2137.75,2137.7,2137.8,0.1000000000003638,-8.6644253130516e-05,,,,,,,,,False
2026-03-20 13:13:00.037936762+00:00,-0.5419555170661936,-187.07862198473316,0.08731790991119401,2142.5,0.0,-0.5632005189271855,0.02124500186098158,0.0,2136.05,2136.0,2136.1,0.09999999999990905,-8.5693940889518e-05,,,,,,,,,False
2026-03-20 13:14:04.165234038+00:00,-0.5506516331291826,-187.07862198473316,0.08731790991119401,2142.5,0.0,-0.5719323099183367,0.02128067678915575,0.0,2135.95,2135.9,2136.0,0.09999999999990905,-8.5277933745608e-05,,,,,,,,,False
2026-03-20 13:15:00.217244452+00:00,-0.31486089161852926,-187.07862198473316,0.08731790991119401,2142.5,0.0,-0.3361739531581287,0.021313061539594315,0.0,2138.6499999999996,2138.6,2138.7,0.09999999999990905,-9.44428770681e-05,,,,,,,,,False
2026-03-20 13:16:00.007278691+00:00,-0.2362378773026933,-187.07862198473316,0.08731790991119401,2142.5,0.0,-0.25758783423800646,0.02134995693530185,0.0,2139.55,2139.5,2139.6,0.09999999999990905,-9.502399710234e-05,,,,,,,,,False
2026-03-20 13:17:00.036129604+00:00,-0.1663436700343528,-187.07862198473316,0.08731790991119401,2142.5,0.0,-0.18773350630903535,0.021389836274677176,0.0,2140.3500000000004,2140.3,2140.4,0.09999999999990905,-0.000104013665721077,,,,,,,,,False
2026-03-20 13:18:00.268279214+00:00,-0.061520504726815486,-187.07862198473316,0.08731790991119401,2142.5,0.0,-0.08295201441561842,0.021431509688795133,0.0,2141.55,2141.5,2141.6,0.09999999999990905,-0.000107291043302038,,,,,,,,,False
2026-03-20 13:19:00.022132299+00:00,-0.11386973598691355,-187.07862198473316,0.08731790991119401,2142.5,0.0,-0.1353427603623666,0.021473024375449373,0.0,2140.95,2140.9,2141.0,0.09999999999990905,-0.000107355236645964,,,,,,,,,False
2026-03-20 13:20:00.011065413+00:00,-0.10509565330157795,-187.07862198473316,0.08731790991119401,2142.5,0.0,-0.12661096937121544,0.021515316069621693,0.0,2141.05,2141.0,2141.1,0.09999999999990905,-0.000109170351010552,,,,,,,,,False
2026-03-20 13:21:00.081476931+00:00,0.05648676483710254,-187.07862198473316,0.08731790991119401,2142.5,0.0,0.034927163964485544,0.021559600872619954,0.0,2142.9,2142.8,2143.0,0.1999999999998181,-0.000116304884358254,,,,,,,,,False
2026-03-20 13:22:00.047380286+00:00,0.19187533648496222,-187.07862198473316,0.08731790991119401,2142.5,0.0,0.17026992432681243,0.02160541215814512,0.0,2144.45,2144.4,2144.5,0.09999999999990905,-0.000119491713266943,,,,,,,,,False
2026-03-20 13:23:00.048291110+00:00,0.15699445105925913,-187.07862198473316,0.08731790991119401,2142.5,0.0,0.1353427603623666,0.02165169069689621,0.0,2144.05,2144.0,2144.1,0.09999999999990905,-0.000118511319537895,,,,,,,,,False
2026-03-20 13:24:00.036139988+00:00,0.1745051379312571,-187.07862198473316,0.08731790991119401,2142.5,0.0,0.1528063423445895,0.021698795586652886,0.0,2144.25,2144.2,2144.3,0.1000000000003638,-0.000122087240745485,2143.9,2144.5,,,,,,,False
2026-03-20 13:25:00.016597629+00:00,0.2269439827296633,-187.07862198473316,0.08731790991119401,2142.5,0.0,0.20519708829133768,0.021746894438335183,0.0,2144.8500000000004,2144.8,2144.9,0.09999999999990905,-0.000124614123679963,,,,,,,,,False
2026-03-20 13:26:00.010361872+00:00,0.6985115570020153,-187.07862198473316,0.08731790991119401,2142.5,0.0,0.6767138018117536,0.021797755190257485,0.0,2150.25,2150.2,2150.3,0.1000000000003638,-0.000131638848109389,2149.8,2150.8,,,,,,,False
2026-03-20 13:27:00.043893336+00:00,0.5588543531650281,-187.07862198473316,0.08731790991119401,2142.5,0.0,0.5370051459538114,0.02184920721122909,0.0,2148.6499999999996,2148.6,2148.7,0.09999999999990905,-0.00013071223813,,,,,,,,,False
2026-03-20 13:28:00.026496622+00:00,0.3056823764885045,-187.07862198473316,0.08731790991119401,2142.5,0.0,0.2837832072113805,0.0218991692771332,0.0,2145.75,2145.7,2145.8,0.1000000000003638,-0.000126521244112654,,,,,,,,,False
2026-03-20 13:29:00.037973361+00:00,0.37558668747905805,-187.07862198473316,0.08731790991119401,2142.5,0.0,0.3536375351403516,0.02194915233869316,0.0,2146.55,2146.5,2146.6,0.09999999999990905,-0.000128483795530018,,,,,,,,,False
2026-03-20 13:30:00.021710669+00:00,0.37563681202367877,-187.07862198473316,0.08731790991119401,2142.5,0.0,0.3536375351403516,0.02199927688331386,0.0,2146.55,2146.5,2146.6,0.09999999999990905,-0.000128221055287024,,,,,,,,,False
2026-03-20 13:31:00.024749244+00:00,-0.14822095099973992,-187.07862198473316,0.08731790991119401,2142.5,0.0,-0.17026992432681243,0.02204897332707717,0.0,2140.55,2140.5,2140.6,0.09999999999990905,-0.000126181763344343,,,,,,0.0,0.0,uneconomic_spread,False
2026-03-20 13:32:00.017918095+00:00,-0.7943257521750604,-187.07862198473316,0.08731790991119401,2142.5,0.0,-0.8164224576696958,0.022096705494627666,0.0,2133.1499999999996,2133.1,2133.2,0.09999999999990905,-0.000117775478988948,,,,,,,,,False
2026-03-20 13:33:00.019159319+00:00,-0.8030117361919433,-187.07862198473316,0.08731790991119401,2142.5,0.0,-0.8251542486607675,0.02214251246882279,0.0,2133.05,2133.0,2133.1,0.09999999999990905,-0.000121899628969147,,,,,,,,,False
2026-03-20 13:34:00.028316720+00:00,-1.0037946447724937,-187.07862198473316,0.08731790991119401,2142.5,0.0,-1.0259854414565297,0.022190796684033023,0.0,2130.75,2130.7,2130.8,0.1000000000003638,-0.000124468119220244,,,,,,,,,False
2026-03-20 13:35:00.042394748+00:00,-0.864037079967528,-187.07862198473316,0.08731790991119401,2142.5,0.0,-0.8862767855985875,0.022239705631068498,0.0,2132.3500000000004,2132.3,2132.4,0.09999999999990905,-0.000127816065693979,,,,,,,,,False
2026-03-20 13:36:00.051290951+00:00,-1.3966281035971946,-187.07862198473316,0.08731790991119401,2142.5,0.0,-1.4189160360569026,0.022287932459718652,0.0,2126.25,2126.2,2126.3,0.1000000000003638,-0.000125545299723064,,,,,,,,,False
2026-03-20 13:37:00.056414868+00:00,-1.0560382370062462,-187.07862198473316,0.08731790991119401,2142.5,0.0,-1.0783761874032778,0.022337950397032815,0.0,2130.1499999999996,2130.1,2130.2,0.09999999999990905,-0.000129831780010946,,,,,,,,,False
2026-03-20 13:38:00.020146011+00:00,-0.6019332114589193,-187.07862198473316,0.08731790991119401,2142.5,0.0,-0.6243230558650054,0.022389844406086153,0.0,2135.3500000000004,2135.3,2135.4,0.09999999999990905,-0.000135771824406889,,,,,,,,,False
2026-03-20 13:39:00.084309472+00:00,-0.9162252250793745,-187.07862198473316,0.08731790991119401,2142.5,0.0,-0.9386675315453356,0.02244230646594586,0.0,2131.75,2131.7,2131.8,0.1000000000003638,-0.000134292617483725,,,,,,,,,False
2026-03-20 13:40:00.037546156+00:00,-1.0733451978252297,-187.07862198473316,0.08731790991119401,2142.5,0.0,-1.0958397693855007,0.022494571560262293,0.0,2129.95,2129.9,2130.0,0.09999999999990905,-0.000135892761639474,,,,,,,,,False
2026-03-20 13:41:00.052811121+00:00,-1.082024316612714,-187.07862198473316,0.08731790991119401,2142.5,0.0,-1.1045715603765724,0.022547243763855983,0.0,2129.8500000000004,2129.8,2129.9,0.09999999999990905,-0.000137395147263505,,,,,,,,,False
2026-03-20 13:42:00.010009134+00:00,-0.8724079530109453,-187.07862198473316,0.08731790991119401,2142.5,0.0,-0.8950085765897385,0.022600623578786016,0.0,2132.25,2132.2,2132.3,0.1000000000003638,-0.000138970953148454,,,,,,,,,False
2026-03-20 13:43:00.023924096+00:00,-0.6365948429497372,-187.07862198473316,0.08731790991119401,2142.5,0.0,-0.6592502198295307,0.02265537687977926,0.0,2134.95,2134.9,2135.0,0.09999999999990905,-0.00014379972674755,,,,,,,,,False
2026-03-20 13:44:00.033736537+00:00,-0.17375336338897718,-187.07862198473316,0.08731790991119401,2142.5,0.0,-0.19646529730018653,0.02271193391121605,0.0,2140.25,2140.2,2140.3,0.1000000000003638,-0.000147617604534979,,,,,,,,,False
2026-03-20 13:45:00.047824210+00:00,-0.12130562302452175,-187.07862198473316,0.08731790991119401,2142.5,0.0,-0.14407455135343836,0.022768928328919188,0.0,2140.8500000000004,2140.8,2140.9,0.09999999999990905,-0.000146634351251401,,,,,,,,,False
2026-03-20 13:46:00.009737599+00:00,-0.12124769056415048,-187.07862198473316,0.08731790991119401,2142.5,0.0,-0.14407455135343836,0.02282686078929046,0.0,2140.8500000000004,2140.8,2140.9,0.09999999999990905,-0.000149415311400375,,,,,,,,,False
2026-03-20 13:47:00.013883205+00:00,-0.4879249664027589,-187.07862198473316,0.08731790991119401,2142.5,0.0,-0.5108097729805167,0.022884806577749207,0.0,2136.6499999999996,2136.6,2136.7,0.09999999999990905,-0.000147172335265711,,,,,,,,,False
2026-03-20 13:48:00.029402124+00:00,-0.1735234630005644,-187.07862198473316,0.08731790991119401,2142.5,0.0,-0.19646529730018653,0.02294183429962884,0.0,2140.25,2140.2,2140.3,0.1000000000003638,-0.000145965368577449,,,,,,,,,False
2026-03-20 13:49:00.037816972+00:00,-0.05122102372721468,-187.07862198473316,0.08731790991119401,2142.5,0.0,-0.07422022342454668,0.022999199697317927,0.0,2141.6499999999996,2141.6,2141.7,0.09999999999990905,-0.000146927035105936,,,,,,,,,False
2026-03-20 13:50:00.070616293+00:00,-0.17340852339560547,-187.07862198473316,0.08731790991119401,2142.5,0.0,-0.19646529730018653,0.023056773904587782,0.0,2140.25,2140.2,2140.3,0.1000000000003638,-0.00014801681564218,,,,,,,,,False
2026-03-20 13:51:00.072925511+00:00,-0.6797955103431168,-187.07862198473316,0.08731790991119401,2142.5,0.0,-0.7029091747851276,0.023113664442017075,0.0,2134.45,2134.4,2134.5,0.09999999999990905,-0.000145251798660781,,,,,,,,,False
2026-03-20 13:52:00.046049561+00:00,-1.0377430538251333,-187.07862198473316,0.08731790991119401,2142.5,0.0,-1.0609126054209754,0.02316955159584763,0.0,2130.3500000000004,2130.3,2130.4,0.09999999999990905,-0.000143280694870371,,,,,,0.0,0.0,uneconomic_spread,False
2026-03-20 13:53:00.010708507+00:00,-1.0726147649189677,-187.07862198473316,0.08731790991119401,2142.5,0.0,-1.0958397693855007,0.02322500446652435,0.0,2129.95,2129.9,2130.0,0.09999999999990905,-0.000143318593385406,,,,,,,,,False
2026-03-20 13:54:00.036452257+00:00,-0.897923324586783,-187.07862198473316,0.08731790991119401,2142.5,0.0,-0.9212039495631127,0.023280624976324462,0.0,2131.95,2131.9,2132.0,0.09999999999990905,-0.000144678969550632,,,,,,,,,False
2026-03-20 13:55:00.016469952+00:00,-0.9327944643650421,-187.07862198473316,0.08731790991119401,2142.5,0.0,-0.9561311135275585,0.023336649162519495,0.0,2131.55,2131.5,2131.6,0.09999999999990905,-0.000144502588436028,,,,,,,,,False
2026-03-20 13:56:00.038609015+00:00,-0.871615812688437,-187.07862198473316,0.08731790991119401,2142.5,0.0,-0.8950085765897385,0.02339276390129432,0.0,2132.25,2132.2,2132.3,0.1000000000003638,-0.000144029450795349,,,,,,,,,False
2026-03-20 13:57:00.015252820+00:00,-1.0811230080722387,-187.07862198473316,0.08731790991119401,2142.5,0.0,-1.1045715603765724,0.02344855230433121,0.0,2129.8500000000004,2129.8,2129.9,0.09999999999990905,-0.000142836139293402,,,,,,,,,False
2026-03-20 13:58:00.038489059+00:00,-1.386680137527353,-187.07862198473316,0.08731790991119401,2142.5,0.0,-1.4101842450657516,0.02350410753839705,0.0,2126.3500000000004,2126.3,2126.4,0.09999999999990905,-0.000142881101290871,,,,,,,,,False
2026-03-20 13:59:00.005722959+00:00,-1.4040888100463544,-187.07862198473316,0.08731790991119401,2142.5,0.0,-1.4276478270480537,0.023559017001693647,0.0,2126.1499999999996,2126.1,2126.2,0.09999999999990905,-0.000141052464746974,,,,,,,,,False
2026-03-20 14:00:00.037413622+00:00,-1.316716164661032,-187.07862198473316,0.08731790991119401,2142.5,0.0,-1.34032991713686,0.023613752475838138,0.0,2127.1499999999996,2127.1,2127.2,0.09999999999990905,-0.000141466302288945,,,,,,,,,False
2026-03-20 14:01:00.034068400+00:00,-1.7358759666588965,-187.07862198473316,0.08731790991119401,2142.5,0.0,-1.7594558847105275,0.023579918051622552,0.0,2122.3500000000004,2122.3,2122.4,0.09999999999990905,-3.4642791465702e-05,,,,,,,,,False
2026-03-20 14:02:00.043342719+00:00,-1.9453901784638639,-187.07862198473316,0.08731790991119401,2142.5,0.0,-1.9690188684974408,0.023628690033579137,0.0,2119.95,2119.9,2120.0,0.09999999999990905,-0.000183552909793533,,,,,,,,,False
2026-03-20 14:03:00.055997790+00:00,-1.569841130344373,-187.07862198473316,0.08731790991119401,2142.5,0.0,-1.5935518558792907,0.02371072553492491,0.0,2124.25,2124.2,2124.3,0.1000000000003638,-0.000250122296308234,,,,,,,,,False
2026-03-20 14:04:00.061238459+00:00,-1.333980863926242,-187.07862198473316,0.08731790991119401,2142.5,0.0,-1.3577934991190828,0.023812635192840905,0.0,2126.95,2126.9,2127.0,0.09999999999990905,-0.000254039975432534,,,,,,,,,False
2026-03-20 14:05:00.014680910+00:00,-1.2203683105007486,-187.07862198473316,0.08731790991119401,2142.5,0.0,-1.2442802162345146,0.023911905733751848,0.0,2128.25,2128.2,2128.3,0.1000000000003638,-0.000264504816143571,,,,,,,,,False
2026-03-20 14:06:00.024859049+00:00,-0.9495733839786028,-187.07862198473316,0.08731790991119401,2142.5,0.0,-0.9735946955097814,0.024021311531171655,0.0,2131.3500000000004,2131.3,2131.4,0.09999999999990905,-0.000286581726420077,,,,,,,,,False
2026-03-20 14:07:00.044375658+00:00,-0.8446822321167032,-187.07862198473316,0.08731790991119401,2142.5,0.0,-0.8688132036163645,0.02413097149965197,0.0,2132.55,2132.5,2132.6,0.09999999999990905,-0.000282805562411921,,,,,,,,,False
2026-03-20 14:08:00.038709367+00:00,-1.1152601376118063,-187.07862198473316,0.08731790991119401,2142.5,0.0,-1.1394987243410977,0.024238586729303166,0.0,2129.45,2129.4,2129.5,0.09999999999990905,-0.000265544660442254,,,,,,,,,False
2026-03-20 14:09:00.009593241+00:00,-1.804972821084585,-187.07862198473316,0.08731790991119401,2142.5,0.0,-1.8293102126394987,0.024337391554899175,0.0,2121.55,2121.5,2121.6,0.09999999999990905,-0.000237326356150106,,,,,,,,,False
2026-03-20 14:10:00.050239226+00:00,-1.2635093528910533,-187.07862198473316,0.08731790991119401,2142.5,0.0,-1.2879391711901116,0.024429818299064588,0.0,2127.75,2127.7,2127.8,0.1000000000003638,-0.000248507337621539,2127.6,2128.1,,,,,,,False
2026-03-20 14:11:00.107246733+00:00,-0.905407832752895,-187.07862198473316,0.08731790991119401,2142.5,0.0,-0.9299357405541844,0.024527907801290407,0.0,2131.8500000000004,2131.8,2131.9,0.09999999999990905,-0.000252860555503265,,,,,,,,,False
2026-03-20 14:12:00.016217372+00:00,-1.32443737501153,-187.07862198473316,0.08731790991119401,2142.5,0.0,-1.3490617081279315,0.024624333116389768,0.0,2127.05,2127.0,2127.1,0.09999999999990905,-0.00023410512131387,,,,,,0.0,0.0,uneconomic_spread,False
2026-03-20 14:13:00.030024723+00:00,-1.621229969562039,-187.07862198473316,0.08731790991119401,2142.5,0.0,-1.6459426018260388,0.02471263226401113,0.0,2123.6499999999996,2123.6,2123.7,0.09999999999990905,-0.000221068923535812,,,,,,,,,False
2026-03-20 14:14:00.037798326+00:00,-1.4115825006784308,-187.07862198473316,0.08731790991119401,2142.5,0.0,-1.4363796180391255,0.024797117360695443,0.0,2126.05,2126.0,2126.1,0.09999999999990905,-0.000219661524573964,,,,,,,,,False
2026-03-20 14:15:00.045141764+00:00,-1.5512075447549492,-187.07862198473316,0.08731790991119401,2142.5,0.0,-1.5760882738970676,0.024880729142107396,0.0,2124.45,2124.4,2124.5,0.09999999999990905,-0.000213072310505347,,,,,,,,,False
2026-03-20 14:16:00.057713237+00:00,-1.3939519135961962,-187.07862198473316,0.08731790991119401,2142.5,0.0,-1.4189160360569026,0.024964122460717053,0.0,2126.25,2126.2,2126.3,0.1000000000003638,-0.000212955740127055,,,,,,,,,False
2026-03-20 14:17:00.010653765+00:00,-1.5772381378451255,-187.07862198473316,0.08731790991119401,2142.5,0.0,-1.6022836468704418,0.02504550902530724,0.0,2124.1499999999996,2124.1,2124.2,0.09999999999990905,-0.000210611930387002,,,,,,,,,False
2026-03-20 14:18:00.065633928+00:00,-1.4811065199694142,-187.07862198473316,0.08731790991119401,2142.5,0.0,-1.5062339459680967,0.025127425998677184,0.0,2125.25,2125.2,2125.3,0.1000000000003638,-0.000210992984780814,2125.0,2125.5,,,,,,,False
2026-03-20 14:19:00.062943688+00:00,-1.7779066155548664,-187.07862198473316,0.08731790991119401,2142.5,0.0,-1.8031148396661245,0.025208224111270057,0.0,2121.8500000000004,2121.8,2121.9,0.09999999999990905,-0.000201761803537752,,,,,,,,,False
2026-03-20 14:20:00.024795436+00:00,-1.6119249975658878,-187.07862198473316,0.08731790991119401,2142.5,0.0,-1.6372108108348877,0.02528581326899901,0.0,2123.75,2123.7,2123.8,0.1000000000003638,-0.000201670478558807,2123.5,2124.0,2123.7425530296955,2123.788746829919,0.2,0.24129724398913532,-0.24100663408929848,ok,False
2026-03-20 14:21:00.027117208+00:00,-1.5856531309565003,-187.07862198473316,0.08731790991119401,2142.5,0.0,-1.6110154378615136,0.025362306905010477,0.0,2124.05,2124.0,2124.1,0.09999999999990905,-0.000201408394094753,,,,,,,,,False
2026-03-20 14:22:00.016437079+00:00,-1.7165517082868302,-187.07862198473316,0.08731790991119401,2142.5,0.0,-1.7419923027283046,0.025440594441475915,0.0,2122.55,2122.5,2122.6,0.09999999999990905,-0.000198921689614343,,,,,,,,,False
2026-03-20 14:23:00.023763458+00:00,-1.568034576219964,-187.07862198473316,0.08731790991119401,2142.5,0.0,-1.5935518558792907,0.02551727965933401,0.0,2124.25,2124.2,2124.3,0.1000000000003638,-0.000196778190278342,,,,,,,,,False
2026-03-20 14:24:00.037298442+00:00,-1.4282497837994705,-187.07862198473316,0.08731790991119401,2142.5,0.0,-1.4538432000213484,0.025593416221868583,0.0,2125.8500000000004,2125.8,2125.9,0.09999999999990905,-0.000196293385755993,,,,,,,,,False
2026-03-20 14:25:00.038197300+00:00,-0.8693389884802465,-187.07862198473316,0.08731790991119401,2142.5,0.0,-0.8950085765897385,0.025669588109484866,0.0,2132.25,2132.2,2132.3,0.1000000000003638,-0.00019555698023222,,,,,,,,,False
2026-03-20 14:26:00.035523382+00:00,-1.0264373562162956,-187.07862198473316,0.08731790991119401,2142.5,0.0,-1.0521808144299036,0.025743458213607302,0.0,2130.45,2130.4,2130.5,0.09999999999990905,-0.000188389147935723,,,,,,,,,False
2026-03-20 14:27:00.051035071+00:00,-0.6508969471691519,-187.07862198473316,0.08731790991119401,2142.5,0.0,-0.6767138018117536,0.025816854642605806,0.0,2134.75,2134.7,2134.8,0.1000000000003638,-0.000188155685285163,,,,,,,,,False
2026-03-20 14:28:00.047514569+00:00,-0.38013884876354936,-187.07862198473316,0.08731790991119401,2142.5,0.0,-0.4060282810870204,0.025889432323482554,0.0,2137.8500000000004,2137.8,2137.9,0.09999999999990905,-0.000184179981405349,,,,,,,,,False
2026-03-20 14:29:00.057366005+00:00,-0.64202137009652,-187.07862198473316,0.08731790991119401,2142.5,0.0,-0.6679820108206024,0.0259606407240744,0.0,2134.8500000000004,2134.8,2134.9,0.09999999999990905,-0.00018026291512306,,,,,,,,,False
2026-03-20 14:30:00.016597432+00:00,-0.598292914640786,-187.07862198473316,0.08731790991119401,2142.5,0.0,-0.6243230558650054,0.026030141224219466,0.0,2135.3500000000004,2135.3,2135.4,0.09999999999990905,-0.00017513574540456,,,,,,,,,False
2026-03-20 14:31:00.029029958+00:00,-0.3100755179452228,-187.07862198473316,0.08731790991119401,2142.5,0.0,-0.3361739531581287,0.026098435212900773,0.0,2138.6499999999996,2138.6,2138.7,0.09999999999990905,-0.000172479251313763,,,,,,,,,False
2026-03-20 14:32:00.029909800+00:00,-0.19649548042179682,-187.07862198473316,0.08731790991119401,2142.5,0.0,-0.2226606702735606,0.026165189851772568,0.0,2139.95,2139.9,2140.0,0.09999999999990905,-0.000169217276214497,,,,,,,,,False
2026-03-20 14:33:00.034626811+00:00,0.10918240062933005,-187.07862198473316,0.08731790991119401,2142.5,0.0,0.08295201441561842,0.026230386213719432,0.0,2143.45,2143.4,2143.5,0.09999999999990905,-0.000167585276015683,,,,,,,,,False
2026-03-20 14:34:00.059523284+00:00,0.18783302032539484,-187.07862198473316,0.08731790991119401,2142.5,0.0,0.16153813333574069,0.026294886989655777,0.0,2144.3500000000004,2144.3,2144.4,0.09999999999990905,-0.000164067263631173,,,,,,,,,False
2026-03-20 14:35:00.026263815+00:00,0.22282261080632138,-187.07862198473316,0.08731790991119401,2142.5,0.0,0.19646529730018653,0.026357313506128133,0.0,2144.75,2144.7,2144.8,0.1000000000003638,-0.000158552002888176,2144.5,2145.0,,,,,,,False
2026-03-20 14:36:00.030101062+00:00,0.37132451936879857,-187.07862198473316,0.08731790991119401,2142.5,0.0,0.34490574414920044,0.02641877521959696,0.0,2146.45,2146.4,2146.5,0.09999999999990905,-0.000158007244060558,,,,,,,,,False
2026-03-20 14:37:00.048103298+00:00,-0.03900881903608963,-187.07862198473316,0.08731790991119401,2142.5,0.0,-0.0654884324333955,0.026479613397308113,0.0,2141.75,2141.7,2141.8,0.1000000000003638,-0.00015436353940275,,,,,,,,,False
2026-03-20 14:38:00.019690914+00:00,-0.2572449454334029,-187.07862198473316,0.08731790991119401,2142.5,0.0,-0.2837832072113805,0.02653826177796838,0.0,2139.25,2139.2,2139.3,0.1000000000003638,-0.00014848014597313,,,,,,,,,False
2026-03-20 14:39:00.028518773+00:00,-0.23099226636768477,-187.07862198473316,0.08731790991119401,2142.5,0.0,-0.25758783423800646,0.026595567870310362,0.0,2139.55,2139.5,2139.6,0.09999999999990905,-0.000146163961508855,,,,,,,,,False
2026-03-20 14:40:00.043148955+00:00,-0.08249424442714823,-187.07862198473316,0.08731790991119401,2142.5,0.0,-0.10914738738899252,0.026653142961838544,0.0,2141.25,2141.2,2141.3,0.1000000000003638,-0.000147952998298719,,,,,,,,,False
2026-03-20 14:41:00.053724465+00:00,-0.0038518213324673853,-187.07862198473316,0.08731790991119401,2142.5,0.0,-0.03056126846894967,0.026709447136476196,0.0,2142.1499999999996,2142.1,2142.2,0.09999999999990905,-0.000143851339695951,,,,,,,,,False
2026-03-20 14:42:00.058244262+00:00,-0.19589595326612913,-187.07862198473316,0.08731790991119401,2142.5,0.0,-0.2226606702735606,0.02676471700744027,0.0,2139.95,2139.9,2140.0,0.09999999999990905,-0.000140554291307053,,,,,,,,,False
2026-03-20 14:43:00.018045155+00:00,-0.3006236423867024,-187.07862198473316,0.08731790991119401,2142.5,0.0,-0.3274421621669775,0.02681851978028631,0.0,2138.75,2138.7,2138.8,0.1000000000003638,-0.000137335597387005,2138.5,2139.0,,,,,,,False
2026-03-20 14:44:00.053912629+00:00,-0.31803431804631366,-187.07862198473316,0.08731790991119401,2142.5,0.0,-0.34490574414920044,0.026871426102887955,0.0,2138.55,2138.5,2138.6,0.09999999999990905,-0.000134984749556631,,,,,,,,,False
2026-03-20 14:45:00.024924554+00:00,-0.5362774392829979,-187.07862198473316,0.08731790991119401,2142.5,0.0,-0.5632005189271855,0.02692307964417734,0.0,2136.05,2136.0,2136.1,0.09999999999990905,-0.0001312469566421,,,,,,,,,False
2026-03-20 14:46:00.042073881+00:00,-0.47510396640244934,-187.07862198473316,0.08731790991119401,2142.5,0.0,-0.5020779819893656,0.02697401558692393,0.0,2136.75,2136.7,2136.8,0.1000000000003638,-0.000131430796178574,,,,,,,,,False
2026-03-20 14:47:00.053591101+00:00,-0.5187120294502187,-187.07862198473316,0.08731790991119401,2142.5,0.0,-0.5457369369449625,0.02702490749474357,0.0,2136.25,2136.2,2136.3,0.1000000000003638,-0.000129983419863106,,,,,,,,,False
2026-03-20 14:48:00.031648433+00:00,-0.6147118744798992,-187.07862198473316,0.08731790991119401,2142.5,0.0,-0.6417866378473077,0.027074763367404484,0.0,2135.1499999999996,2135.1,2135.2,0.09999999999990905,-0.000127618341324465,,,,,,,,,False
2026-03-20 14:49:00.039014948+00:00,-0.509880729102516,-187.07862198473316,0.08731790991119401,2142.5,0.0,-0.5370051459538114,0.02712441685128292,0.0,2136.3500000000004,2136.3,2136.4,0.09999999999990905,-0.000127933290727171,,,,,,,,,False
2026-03-20 14:50:00.035277336+00:00,-0.5709539316087756,-187.07862198473316,0.08731790991119401,2142.5,0.0,-0.5981276828917107,0.027173751282938956,0.0,2135.6499999999996,2135.6,2135.7,0.09999999999990905,-0.000127180116258388,,,,,,,,,False
2026-03-20 14:51:00.053150823+00:00,-0.8939813291601952,-187.07862198473316,0.08731790991119401,2142.5,0.0,-0.9212039495631127,0.02722262040291229,0.0,2131.95,2131.9,2132.0,0.09999999999990905,-0.000126135520071738,,,,,,,,,False
2026-03-20 14:52:00.017234154+00:00,-0.8153468387579937,-187.07862198473316,0.08731790991119401,2142.5,0.0,-0.8426178306429905,0.027270991884985246,0.0,2132.8500000000004,2132.8,2132.9,0.09999999999990905,-0.000124888303583007,,,,,,,,,False
2026-03-20 14:53:00.007949284+00:00,-1.3042792329804376,-187.07862198473316,0.08731790991119401,2142.5,0.0,-1.3315981261457086,0.02731889316526929,0.0,2127.25,2127.2,2127.3,0.1000000000003638,-0.000122038649560251,,,,,,,,,False
2026-03-20 14:54:00.074993612+00:00,-1.1819870530482544,-187.07862198473316,0.08731790991119401,2142.5,0.0,-1.2093530522700688,0.027365999221820203,0.0,2128.6499999999996,2128.6,2128.7,0.09999999999990905,-0.000121983616501237,,,,,,,,,False
2026-03-20 14:55:00.045016225+00:00,-1.3915033838076605,-187.07862198473316,0.08731790991119401,2142.5,0.0,-1.4189160360569026,0.02741265224925282,0.0,2126.25,2126.2,2126.3,0.1000000000003638,-0.000118790792561831,,,,,,,,,False
2026-03-20 14:56:00.004672261+00:00,-0.8850135860263613,-187.07862198473316,0.08731790991119401,2142.5,0.0,-0.9124721585719615,0.027458572545611373,0.0,2132.05,2132.0,2132.1,0.09999999999990905,-0.000118787633694425,,,,,,,,,False
2026-03-20 14:57:00.017396033+00:00,-1.1381891235733013,-187.07862198473316,0.08731790991119401,2142.5,0.0,-1.1656940973144718,0.027504973741155996,0.0,2129.1499999999996,2129.1,2129.2,0.09999999999990905,-0.000118870472594995,,,,,,,,,False
2026-03-20 14:58:00.026427292+00:00,-1.0071660368346125,-187.07862198473316,0.08731790991119401,2142.5,0.0,-1.0347172324476808,0.027551195613077648,0.0,2130.6499999999996,2130.6,2130.7,0.09999999999990905,-0.000119024709314156,,,,,,,,,False
2026-03-20 14:59:00.137637291+00:00,-1.0507787340456407,-187.07862198473316,0.08731790991119401,2142.5,0.0,-1.0783761874032778,0.02759745335763833,0.0,2130.1499999999996,2130.1,2130.2,0.09999999999990905,-0.000119352754286011,,,,,,,,,False
2026-03-20 15:00:00.044517974+00:00,-1.1467826421687928,-187.07862198473316,0.08731790991119401,2142.5,0.0,-1.1744258883055436,0.02764324613674241,0.0,2129.05,2129.0,2129.1,0.09999999999990905,-0.000117741498256319,,,,,,,,,False
2026-03-20 15:01:00.043709711+00:00,-0.6489485575202503,-187.07862198473316,0.08731790991119401,2142.5,0.0,-0.6767138018117536,0.02776524429150747,0.0,2134.75,2134.7,2134.8,0.1000000000003638,-0.000141476295754721,,,,,,,,,False
2026-03-20 15:02:00.097416472+00:00,-0.9632519856619655,-187.07862198473316,0.08731790991119401,2142.5,0.0,-0.9910582774920838,0.027806291830107164,0.0,2131.1499999999996,2131.1,2131.2,0.09999999999990905,-6.9597581464184e-05,,,,,,,,,False
2026-03-20 15:03:00.056619832+00:00,-1.1465963969898054,-187.07862198473316,0.08731790991119401,2142.5,0.0,-1.1744258883055436,0.02782949131572968,0.0,2129.05,2129.0,2129.1,0.09999999999990905,-3.53371798117e-05,,,,,,,,,False
2026-03-20 15:04:00.021094187+00:00,-1.4259942814793398,-187.07862198473316,0.08731790991119401,2142.5,0.0,-1.4538432000213484,0.02784891854199924,0.0,2125.8500000000004,2125.8,2125.9,0.09999999999990905,-4.5054949162874e-05,,,,,,,,,False
2026-03-20 15:05:00.084186603+00:00,-1.3823198178659213,-187.07862198473316,0.08731790991119401,2142.5,0.0,-1.4101842450657516,0.027864427199828835,0.0,2126.3500000000004,2126.3,2126.4,0.09999999999990905,-4.9743312379693e-05,,,,,,,,,False
2026-03-20 15:06:00.077615940+00:00,-1.443421399498745,-187.07862198473316,0.08731790991119401,2142.5,0.0,-1.4713067820036507,0.027885382504892146,0.0,2125.6499999999996,2125.6,2125.7,0.09999999999990905,-5.6725735584229e-05,,,,,,,,,False
2026-03-20 15:07:00.036066235+00:00,-1.3822766617712352,-187.07862198473316,0.08731790991119401,2142.5,0.0,-1.4101842450657516,0.027907583294514895,0.0,2126.3500000000004,2126.3,2126.4,0.09999999999990905,-5.2174672625094e-05,,,,,,,,,False
2026-03-20 15:08:00.042431135+00:00,-1.4171838192443835,-187.07862198473316,0.08731790991119401,2142.5,0.0,-1.4451114090302768,0.027927589785877466,0.0,2125.95,2125.9,2126.0,0.09999999999990905,-5.3025974732618e-05,,,,,,,,,False
2026-03-20 15:09:00.064826948+00:00,-1.7926312855284592,-187.07862198473316,0.08731790991119401,2142.5,0.0,-1.8205784216484269,0.02794713611997554,0.0,2121.6499999999996,2121.6,2121.7,0.09999999999990905,-4.8744432091377e-05,,,,,,,,,False
2026-03-20 15:10:00.029698093+00:00,-1.7751476129710064,-187.07862198473316,0.08731790991119401,2142.5,0.0,-1.8031148396661245,0.027967226695129965,0.0,2121.8500000000004,2121.8,2121.9,0.09999999999990905,-5.7694983307573e-05,,,,,,,,,False
2026-03-20 15:11:00.043534720+00:00,-1.6354143821679537,-187.07862198473316,0.08731790991119401,2142.5,0.0,-1.6634061838082617,0.02799180164030939,0.0,2123.45,2123.4,2123.5,0.09999999999990905,-6.7215877708519e-05,,,,,,,,,False
2026-03-20 15:12:00.047753347+00:00,-1.2861162234757708,-187.07862198473316,0.08731790991119401,2142.5,0.0,-1.3141345441634857,0.028018320687723187,0.0,2127.45,2127.4,2127.5,0.09999999999990905,-7.2810198644698e-05,,,,,,,,,False
2026-03-20 15:13:00.051461951+00:00,-1.286086628093481,-187.07862198473316,0.08731790991119401,2142.5,0.0,-1.3141345441634857,0.02804791607001289,0.0,2127.45,2127.4,2127.5,0.09999999999990905,-7.57257737431e-05,,,,,,,,,False
2026-03-20 15:14:00.075495385+00:00,-1.1725434101096566,-187.07862198473316,0.08731790991119401,2142.5,0.0,-1.2006212612789176,0.028077851169254844,0.0,2128.75,2128.7,2128.8,0.1000000000003638,-8.2004001443673e-05,2128.4,2129.0,,,,,,,False
2026-03-20 15:15:00.044801961+00:00,-1.0939232622084694,-187.07862198473316,0.08731790991119401,2142.5,0.0,-1.1220351423588748,0.02811188015039869,0.0,2129.6499999999996,2129.6,2129.7,0.09999999999990905,-9.5301148196154e-05,,,,,,,,,False
2026-03-20 15:16:00.009415588+00:00,-0.9716400775730398,-187.07862198473316,0.08731790991119401,2142.5,0.0,-0.9997900684831555,0.02814999091011082,0.0,2131.05,2131.0,2131.1,0.09999999999990905,-0.000104684721641326,,,,,,,,,False
2026-03-20 15:17:00.018072589+00:00,-1.3296019739927647,-187.07862198473316,0.08731790991119401,2142.5,0.0,-1.3577934991190828,0.028191525126318347,0.0,2126.95,2126.9,2127.0,0.09999999999990905,-0.000106231095433966,,,,,,,,,False
2026-03-20 15:18:00.032498520+00:00,-1.3906825720367408,-187.07862198473316,0.08731790991119401,2142.5,0.0,-1.4189160360569026,0.02823346402017238,0.0,2126.25,2126.2,2126.3,0.1000000000003638,-0.000113488126260976,,,,,,,,,False
2026-03-20 15:19:00.054772250+00:00,-1.6351289025715645,-187.07862198473316,0.08731790991119401,2142.5,0.0,-1.6634061838082617,0.028277281236698572,0.0,2123.45,2123.4,2123.5,0.09999999999990905,-0.00011659561889534,,,,,,,,,False
2026-03-20 15:20:00.065221332+00:00,-1.6612791821853798,-187.07862198473316,0.08731790991119401,2142.5,0.0,-1.6896015567816358,0.028322374596259303,0.0,2123.1499999999996,2123.1,2123.2,0.09999999999990905,-0.000120417799837437,,,,,,,,,False
2026-03-20 15:21:00.027322926+00:00,-1.5564500719208434,-187.07862198473316,0.08731790991119401,2142.5,0.0,-1.5848200648881394,0.028369992967291112,0.0,2124.3500000000004,2124.3,2124.4,0.09999999999990905,-0.000127086773916647,,,,,,,,,False
2026-03-20 15:22:00.038811555+00:00,-1.6087913013487125,-187.07862198473316,0.08731790991119401,2142.5,0.0,-1.6372108108348877,0.02841950948617428,0.0,2123.75,2123.7,2123.8,0.1000000000003638,-0.00012996364726463,,,,,,,,,False
2026-03-20 15:23:00.007286417+00:00,-1.6174719947660394,-187.07862198473316,0.08731790991119401,2142.5,0.0,-1.6459426018260388,0.0284706070600106,0.0,2123.6499999999996,2123.6,2123.7,0.09999999999990905,-0.000135571323395687,,,,,,,,,False
2026-03-20 15:24:00.014510881+00:00,-0.3949667295192318,-187.07862198473316,0.08731790991119401,2142.5,0.0,-0.4234918630693227,0.028525133550098256,0.0,2137.6499999999996,2137.6,2137.7,0.09999999999990905,-0.000151917093906376,,,,,,,,,False
2026-03-20 15:25:00.012675534+00:00,-0.9886699554689771,-187.07862198473316,0.08731790991119401,2142.5,0.0,-1.0172536504653784,0.028583694996386445,0.0,2130.8500000000004,2130.8,2130.9,0.09999999999990905,-0.000151100656197406,,,,,,,,,False
2026-03-20 15:26:00.073729247+00:00,-1.1457841996320626,-187.07862198473316,0.08731790991119401,2142.5,0.0,-1.1744258883055436,0.028641688673472648,0.0,2129.05,2129.0,2129.1,0.09999999999990905,-0.000147657657108227,,,,,,,,,False
2026-03-20 15:27:00.042049233+00:00,-1.2505087403176633,-187.07862198473316,0.08731790991119401,2142.5,0.0,-1.2792073801989605,0.028698639881291226,0.0,2127.8500000000004,2127.8,2127.9,0.09999999999990905,-0.000145872931798195,,,,,,,,,False
2026-03-20 15:28:00.043732425+00:00,-1.0146936538515177,-187.07862198473316,0.08731790991119401,2142.5,0.0,-1.0434490234387526,0.028755369587221965,0.0,2130.55,2130.5,2130.6,0.09999999999990905,-0.000146898066414846,,,,,,,,,False
2026-03-20 15:29:00.046554940+00:00,-1.2154679581906602,-187.07862198473316,0.08731790991119401,2142.5,0.0,-1.2442802162345146,0.028812258043840053,0.0,2128.25,2128.2,2128.3,0.1000000000003638,-0.000147144784566567,,,,,,,,,False
2026-03-20 15:30:00.036260165+00:00,-1.0582381424126328,-187.07862198473316,0.08731790991119401,2142.5,0.0,-1.0871079783943496,0.028869835981724278,0.0,2130.05,2130.0,2130.1,0.09999999999990905,-0.000148586762433491,,,,,,,,,False
2026-03-20 15:31:00.112404904+00:00,-1.2502802742312156,-187.07862198473316,0.08731790991119401,2142.5,0.0,-1.2792073801989605,0.02892710596773885,0.0,2127.8500000000004,2127.8,2127.9,0.09999999999990905,-0.000145464242667389,,,,,,,,,False
2026-03-20 15:32:00.075340725+00:00,-1.0581239446316992,-187.07862198473316,0.08731790991119401,2142.5,0.0,-1.0871079783943496,0.028984033762658006,0.0,2130.05,2130.0,2130.1,0.09999999999990905,-0.000148524686718011,,,,,,,,,False
2026-03-20 15:33:00.037067435+00:00,-0.9882118913489998,-187.07862198473316,0.08731790991119401,2142.5,0.0,-1.0172536504653784,0.029041759116363787,0.0,2130.8500000000004,2130.8,2130.9,0.09999999999990905,-0.000148358657382112,,,,,,,,,False
2026-03-20 15:34:00.036221530+00:00,-0.7174685493953875,-187.07862198473316,0.08731790991119401,2142.5,0.0,-0.7465681297407246,0.02909958034533546,0.0,2133.95,2133.9,2134.0,0.09999999999990905,-0.00014901970557589,,,,,,,,,False
2026-03-20 15:35:00.008782718+00:00,-0.8221923737488293,-187.07862198473316,0.08731790991119401,2142.5,0.0,-0.8513496216341416,0.029157247885313098,0.0,2132.75,2132.7,2132.8,0.1000000000003638,-0.000146918796334508,,,,,,,,,False
2026-03-20 15:36:00.053707148+00:00,-0.9181848290867924,-187.07862198473316,0.08731790991119401,2142.5,0.0,-0.9473993225364867,0.02921449344969119,0.0,2131.6499999999996,2131.6,2131.7,0.09999999999990905,-0.000147256435179878,,,,,,,,,False
2026-03-20 15:37:00.010465825+00:00,-1.0229092211987725,-187.07862198473316,0.08731790991119401,2142.5,0.0,-1.0521808144299036,0.029271593231130377,0.0,2130.45,2130.4,2130.5,0.09999999999990905,-0.000148003223509816,,,,,,,,,False
2026-03-20 15:38:00.039164194+00:00,-0.8482155838534717,-187.07862198473316,0.08731790991119401,2142.5,0.0,-0.8775449946075157,0.029329410754046752,0.0,2132.45,2132.4,2132.5,0.09999999999990905,-0.000150354579242244,,,,,,,,,False
2026-03-20 15:39:00.042517532+00:00,-0.9180109799485326,-187.07862198473316,0.08731790991119401,2142.5,0.0,-0.9473993225364867,0.02938834258795102,0.0,2131.6499999999996,2131.6,2131.7,0.09999999999990905,-0.000152695302693322,,,,,,,,,False
2026-03-20 15:40:00.007997796+00:00,-0.8655606637761002,-187.07862198473316,0.08731790991119401,2142.5,0.0,-0.8950085765897385,0.029447912813631173,0.0,2132.25,2132.2,2132.3,0.1000000000003638,-0.00015492242182525,,,,,,,,,False
2026-03-20 15:41:00.006970945+00:00,-0.9790139843781858,-187.07862198473316,0.08731790991119401,2142.5,0.0,-1.0085218594743066,0.029507875096128216,0.0,2130.95,2130.9,2131.0,0.09999999999990905,-0.000153648756240325,,,,,,,,,False
2026-03-20 15:42:00.072028411+00:00,-0.9876862051254808,-187.07862198473316,0.08731790991119401,2142.5,0.0,-1.0172536504653784,0.029567445339882807,0.0,2130.8500000000004,2130.8,2130.9,0.09999999999990905,-0.000153623253019722,,,,,,,,,False
2026-03-20 15:43:00.029360646+00:00,-0.8129906393762797,-187.07862198473316,0.08731790991119401,2142.5,0.0,-0.8426178306429905,0.02962719126669929,0.0,2132.8500000000004,2132.8,2132.9,0.09999999999990905,-0.000154246972449541,,,,,,,,,False
2026-03-20 15:44:00.019883152+00:00,-0.6906858029738572,-187.07862198473316,0.08731790991119401,2142.5,0.0,-0.7203727567673506,0.029686953793489675,0.0,2134.25,2134.2,2134.3,0.1000000000003638,-0.000154892695517475,,,,,,,,,False
2026-03-20 15:45:00.036276780+00:00,-0.8827252618829323,-187.07862198473316,0.08731790991119401,2142.5,0.0,-0.9124721585719615,0.02974689668904028,0.0,2132.05,2132.0,2132.1,0.09999999999990905,-0.000153743480367829,,,,,,,,,False
2026-03-20 15:46:00.040888050+00:00,-0.8564701680145046,-187.07862198473316,0.08731790991119401,2142.5,0.0,-0.8862767855985875,0.029806617584091886,0.0,2132.3500000000004,2132.3,2132.4,0.09999999999990905,-0.000153566285547244,,,,,,,,,False
2026-03-20 15:47:00.052534462+00:00,-1.144559867116051,-187.07862198473316,0.08731790991119401,2142.5,0.0,-1.1744258883055436,0.029866021189484022,0.0,2129.05,2129.0,2129.1,0.09999999999990905,-0.00015300035623154,,,,,,,,,False
2026-03-20 15:48:00.035399298+00:00,-0.7079110930851146,-187.07862198473316,0.08731790991119401,2142.5,0.0,-0.7378363387495734,0.029925245664445148,0.0,2134.05,2134.0,2134.1,0.09999999999990905,-0.000153919234703775,,,,,,,,,False
2026-03-20 15:49:00.070012083+00:00,-0.72531505768532,-187.07862198473316,0.08731790991119401,2142.5,0.0,-0.7552999207317964,0.02998486304648095,0.0,2133.8500000000004,2133.8,2133.9,0.09999999999990905,-0.000152824015743676,,,,,,,,,False
2026-03-20 15:50:00.014252767+00:00,-0.725255712149351,-187.07862198473316,0.08731790991119401,2142.5,0.0,-0.7552999207317964,0.030044208582449983,0.0,2133.8500000000004,2133.8,2133.9,0.09999999999990905,-0.000153315174337838,,,,,,,,,False
2026-03-20 15:51:00.041918052+00:00,-0.9172954223110601,-187.07862198473316,0.08731790991119401,2142.5,0.0,-0.9473993225364867,0.030103900225423537,0.0,2131.6499999999996,2131.6,2131.7,0.09999999999990905,-0.00015366485203029,,,,,,,,,False
2026-03-20 15:52:00.010863878+00:00,-0.8124543008764861,-187.07862198473316,0.08731790991119401,2142.5,0.0,-0.8426178306429905,0.03016352976649298,0.0,2132.8500000000004,2132.8,2132.9,0.09999999999990905,-0.000154038286189266,,,,,,,,,False
2026-03-20 15:53:00.072480982+00:00,-0.5766357150184419,-187.07862198473316,0.08731790991119401,2142.5,0.0,-0.6068594738827825,0.03022375886435068,0.0,2135.55,2135.5,2135.6,0.09999999999990905,-0.000155627255852021,,,,,,,,,False
2026-03-20 15:54:00.083858722+00:00,-0.663893030929793,-187.07862198473316,0.08731790991119401,2142.5,0.0,-0.6941773837939765,0.03028435286417764,0.0,2134.55,2134.5,2134.6,0.09999999999990905,-0.000156051372664926,,,,,,,,,False
2026-03-20 15:55:00.026663749+00:00,-0.7598824659571669,-187.07862198473316,0.08731790991119401,2142.5,0.0,-0.7902270846963216,0.030344618739145037,0.0,2133.45,2133.4,2133.5,0.09999999999990905,-0.000155230446971496,,,,,,,,,False
2026-03-20 15:56:00.041887310+00:00,-0.829676707993112,-187.07862198473316,0.08731790991119401,2142.5,0.0,-0.8600814126252927,0.030404704632165186,0.0,2132.6499999999996,2132.6,2132.7,0.09999999999990905,-0.000154853624869291,,,,,,,,,False
2026-03-20 15:57:00.019352879+00:00,-0.9082030040708007,-187.07862198473316,0.08731790991119401,2142.5,0.0,-0.9386675315453356,0.030464527474519623,0.0,2131.75,2131.7,2131.8,0.1000000000003638,-0.000154216135699591,,,,,,,,,False
2026-03-20 15:58:00.035899687+00:00,-0.7684342525583581,-187.07862198473316,0.08731790991119401,2142.5,0.0,-0.7989588756873934,0.030524623129031942,0.0,2133.3500000000004,2133.3,2133.4,0.09999999999990905,-0.000155057777919228,,,,,,,,,False
2026-03-20 15:59:00.074703577+00:00,-0.7509104434449071,-187.07862198473316,0.08731790991119401,2142.5,0.0,-0.7814952937051705,0.03058485026027005,0.0,2133.55,2133.5,2133.6,0.09999999999990905,-0.000154855961083246,,,,,,,,,False
2026-03-20 16:00:00.007255645+00:00,-0.715923093570092,-187.07862198473316,0.08731790991119401,2142.5,0.0,-0.7465681297407246,0.030645036170631003,0.0,2133.95,2133.9,2134.0,0.09999999999990905,-0.000155517217793996,,,,,,,,,False
2026-03-20 16:01:00.025694155+00:00,-0.5587180640463154,-187.07862198473316,0.08731790991119401,2142.5,0.0,-0.5893958919005595,0.03067782785423592,0.0,2135.75,2135.7,2135.8,0.1000000000003638,-0.000148695622929276,2135.6,2136.1,,,,,,,False
2026-03-20 16:02:00.008474339+00:00,-0.43638465356645867,-187.07862198473316,0.08731790991119401,2142.5,0.0,-0.4671508180249197,0.030766164458460418,0.0,2137.1499999999996,2137.1,2137.2,0.09999999999990905,-0.00024663272108561,,,,,,,,,False
2026-03-20 16:03:00.029051786+00:00,-0.5061534658307303,-187.07862198473316,0.08731790991119401,2142.5,0.0,-0.5370051459538114,0.030851680123068735,0.0,2136.3500000000004,2136.3,2136.4,0.09999999999990905,-0.000215073062091429,,,,,,,,,False
2026-03-20 16:04:00.033776215+00:00,-0.41875303068565817,-187.07862198473316,0.08731790991119401,2142.5,0.0,-0.4496872360426174,0.030934205356962764,0.0,2137.3500000000004,2137.3,2137.4,0.09999999999990905,-0.000208455693579901,,,,,,,,,False
2026-03-20 16:05:00.043008529+00:00,-0.26149767424225506,-187.07862198473316,0.08731790991119401,2142.5,0.0,-0.2925149982025317,0.031017323960279484,0.0,2139.1499999999996,2139.1,2139.2,0.09999999999990905,-0.000217156159625463,,,,,,,,,False
2026-03-20 16:06:00.041087842+00:00,-0.4185894227539748,-187.07862198473316,0.08731790991119401,2142.5,0.0,-0.4496872360426174,0.03109781328864615,0.0,2137.3500000000004,2137.3,2137.4,0.09999999999990905,-0.000200385302420449,,,,,,,,,False
2026-03-20 16:07:00.037001240+00:00,-0.4272410073313611,-187.07862198473316,0.08731790991119401,2142.5,0.0,-0.4584190270337685,0.03117801970239468,0.0,2137.25,2137.2,2137.3,0.1000000000003638,-0.000206183754200392,2137.1,2137.6,,,,,,,False
2026-03-20 16:08:00.057940047+00:00,-0.4795505468686473,-187.07862198473316,0.08731790991119401,2142.5,0.0,-0.5108097729805167,0.0312592261118608,0.0,2136.6499999999996,2136.6,2136.7,0.09999999999990905,-0.000207462543458792,,,,,,,,,False
2026-03-20 16:09:00.038469999+00:00,-0.7239610375884264,-187.07862198473316,0.08731790991119401,2142.5,0.0,-0.7552999207317964,0.03133888314337447,0.0,2133.8500000000004,2133.8,2133.9,0.09999999999990905,-0.000201563225277973,,,,,,,,,False
2026-03-20 16:10:00.015494794+00:00,-0.45319634947210663,-187.07862198473316,0.08731790991119401,2142.5,0.0,-0.4846144000071426,0.03141805053502532,0.0,2136.95,2136.9,2137.0,0.09999999999990905,-0.000209522037173889,,,,,,,,,False
2026-03-20 16:11:00.017587728+00:00,-0.28720986624141154,-187.07862198473316,0.08731790991119401,2142.5,0.0,-0.31871037117582635,0.03150050493441389,0.0,2138.8500000000004,2138.8,2138.9,0.09999999999990905,-0.000218549361126217,,,,,,,,,False
2026-03-20 16:12:00.035430847+00:00,-0.15614854216831578,-187.07862198473316,0.08731790991119401,2142.5,0.0,-0.18773350630903535,0.031584964140714177,0.0,2140.3500000000004,2140.3,2140.4,0.09999999999990905,-0.000218476966428094,,,,,,,,,False
2026-03-20 16:13:00.051936300+00:00,-0.12113408055155211,-187.07862198473316,0.08731790991119401,2142.5,0.0,-0.1528063423445895,0.03167226179302369,0.0,2140.75,2140.7,2140.8,0.1000000000003638,-0.000224856350625138,,,,,,,,,False
2026-03-20 16:14:00.048992172+00:00,-0.1385119166418702,-187.07862198473316,0.08731790991119401,2142.5,0.0,-0.17026992432681243,0.03175800768494688,0.0,2140.55,2140.5,2140.6,0.09999999999990905,-0.000216069466676088,,,,,,,,,False
2026-03-20 16:15:00.099419751+00:00,-0.2519422852601885,-187.07862198473316,0.08731790991119401,2142.5,0.0,-0.2837832072113805,0.031840921951182745,0.0,2139.25,2139.2,2139.3,0.1000000000003638,-0.000211699736101283,,,,,,,,,False
2026-03-20 16:16:00.027966410+00:00,-0.40903442049402466,-187.07862198473316,0.08731790991119401,2142.5,0.0,-0.4409554450515456,0.03192102455751826,0.0,2137.45,2137.4,2137.5,0.09999999999990905,-0.000201371653429419,,,,,,,,,False
2026-03-20 16:17:00.048208833+00:00,-0.3740296870909786,-187.07862198473316,0.08731790991119401,2142.5,0.0,-0.4060282810870204,0.03199859399605334,0.0,2137.8500000000004,2137.8,2137.9,0.09999999999990905,-0.000198330820101962,,,,,,,,,False
2026-03-20 16:18:00.008323973+00:00,-0.24297609174887785,-187.07862198473316,0.08731790991119401,2142.5,0.0,-0.2750514162202294,0.032075324471358586,0.0,2139.3500000000004,2139.3,2139.4,0.09999999999990905,-0.000196816003913979,,,,,,,,,False
2026-03-20 16:19:00.048010223+00:00,-0.033334857788394436,-187.07862198473316,0.08731790991119401,2142.5,0.0,-0.0654884324333955,0.03215357464500331,0.0,2141.75,2141.7,2141.8,0.1000000000003638,-0.000200171252476549,,,,,,,,,False
2026-03-20 16:20:00.021475472+00:00,0.0627931873619699,-187.07862198473316,0.08731790991119401,2142.5,0.0,0.03056126846894967,0.03223191889302632,0.0,2142.8500000000004,2142.8,2142.9,0.09999999999990905,-0.000200496441963952,,,,,,,,,False
2026-03-20 16:21:00.005867758+00:00,0.0890663143027809,-187.07862198473316,0.08731790991119401,2142.5,0.0,0.05675664144224434,0.03230967286054644,0.0,2143.1499999999996,2143.1,2143.2,0.09999999999990905,-0.000198029349374804,,,,,,,,,False
2026-03-20 16:22:00.021154186+00:00,-0.050565284967992265,-187.07862198473316,0.08731790991119401,2142.5,0.0,-0.08295201441561842,0.032386729447618355,0.0,2141.55,2141.5,2141.6,0.09999999999990905,-0.000197143323755514,,,,,,,,,False
2026-03-20 16:23:00.041923302+00:00,-0.05048997683887524,-187.07862198473316,0.08731790991119401,2142.5,0.0,-0.08295201441561842,0.03246203757673538,0.0,2141.55,2141.5,2141.6,0.09999999999990905,-0.000192361752707381,,,,,,,,,False
2026-03-20 16:24:00.018338972+00:00,-0.1464646928600415,-187.07862198473316,0.08731790991119401,2142.5,0.0,-0.1790017153179636,0.03253702245791045,0.0,2140.45,2140.4,2140.5,0.09999999999990905,-0.000190344497744728,,,,,,,,,False
2026-03-20 16:25:00.036173313+00:00,-0.2773683149977758,-187.07862198473316,0.08731790991119401,2142.5,0.0,-0.3099785801847546,0.03261026518697162,0.0,2138.95,2138.9,2139.0,0.09999999999990905,-0.000186051290505212,,,,,,,,,False
2026-03-20 16:26:00.054098417+00:00,-0.3558829017669229,-187.07862198473316,0.08731790991119401,2142.5,0.0,-0.38856469910479746,0.03268179733786776,0.0,2138.05,2138.0,2138.1,0.09999999999990905,-0.000182455321379352,,,,,,,,,False
2026-03-20 16:27:00.051539285+00:00,-0.37327610767419894,-187.07862198473316,0.08731790991119401,2142.5,0.0,-0.4060282810870204,0.032752173412833006,0.0,2137.8500000000004,2137.8,2137.9,0.09999999999990905,-0.000180329846718563,,,,,,,,,False
2026-03-20 16:28:00.035638825+00:00,-0.26842480741875135,-187.07862198473316,0.08731790991119401,2142.5,0.0,-0.3012467891936034,0.03282198177486123,0.0,2139.05,2139.0,2139.1,0.09999999999990905,-0.000179667054929617,,,,,,,,,False
2026-03-20 16:29:00.066288946+00:00,-0.29455047869362927,-187.07862198473316,0.08731790991119401,2142.5,0.0,-0.3274421621669775,0.03289168347335949,0.0,2138.75,2138.7,2138.8,0.1000000000003638,-0.000178797519943546,2138.6,2139.1,,,,,,,False
2026-03-20 16:30:00.046699320+00:00,-0.19843079300987548,-187.07862198473316,0.08731790991119401,2142.5,0.0,-0.23139246126463237,0.03296166825474349,0.0,2139.8500000000004,2139.8,2139.9,0.09999999999990905,-0.000180698890258986,,,,,,,,,False
2026-03-20 16:31:00.037626645+00:00,-0.3468009683144295,-187.07862198473316,0.08731790991119401,2142.5,0.0,-0.3798329081137257,0.03303193979928312,0.0,2138.1499999999996,2138.1,2138.2,0.09999999999990905,-0.000179445533097007,,,,,,,,,False
2026-03-20 16:32:00.037029929+00:00,-0.9317621786229876,-187.07862198473316,0.08731790991119401,2142.5,0.0,-0.9648629045187097,0.03310072589570888,0.0,2131.45,2131.4,2131.5,0.09999999999990905,-0.000174716076240466,,,,,,,,,False
2026-03-20 16:33:00.009586502+00:00,-0.8531079835167795,-187.07862198473316,0.08731790991119401,2142.5,0.0,-0.8862767855985875,0.0331688020818169,0.0,2132.3500000000004,2132.3,2132.4,0.09999999999990905,-0.000176014647534609,,,,,,,,,False
2026-03-20 16:34:00.039194342+00:00,-0.4863044313250363,-187.07862198473316,0.08731790991119401,2142.5,0.0,-0.5195415639715885,0.03323713264654979,0.0,2136.55,2136.5,2136.6,0.09999999999990905,-0.000175625066696293,,,,,,,,,False
2026-03-20 16:35:00.069369677+00:00,-0.5648220856507906,-187.07862198473316,0.08731790991119401,2142.5,0.0,-0.5981276828917107,0.03330559724092402,0.0,2135.6499999999996,2135.6,2135.7,0.09999999999990905,-0.000175837010899588,,,,,,,,,False
2026-03-20 16:36:00.039026484+00:00,-0.6869988874730991,-187.07862198473316,0.08731790991119401,2142.5,0.0,-0.7203727567673506,0.03337386929424773,0.0,2134.25,2134.2,2134.3,0.1000000000003638,-0.000175100995100474,,,,,,,,,False
2026-03-20 16:37:00.011142350+00:00,-0.7043949646647845,-187.07862198473316,0.08731790991119401,2142.5,0.0,-0.7378363387495734,0.03344137408477522,0.0,2134.05,2134.0,2134.1,0.09999999999990905,-0.000173768938885741,,,,,,,,,False
2026-03-20 16:38:00.020846907+00:00,-0.6955954484168262,-187.07862198473316,0.08731790991119401,2142.5,0.0,-0.7291045477585018,0.03350909934168386,0.0,2134.1499999999996,2134.1,2134.2,0.09999999999990905,-0.000174161595544147,,,,,,,,,False
2026-03-20 16:39:00.008347501+00:00,-0.7915782222115175,-187.07862198473316,0.08731790991119401,2142.5,0.0,-0.8251542486607675,0.03357602644924858,0.0,2133.05,2133.0,2133.1,0.09999999999990905,-0.000171403876876375,,,,,,,,,False
2026-03-20 16:40:00.017034083+00:00,-0.6779986562805597,-187.07862198473316,0.08731790991119401,2142.5,0.0,-0.7116409657761994,0.03364230949562386,0.0,2134.3500000000004,2134.3,2134.4,0.09999999999990905,-0.000171315229120132,,,,,,,,,False
2026-03-20 16:41:00.055529799+00:00,-0.6866637844774479,-187.07862198473316,0.08731790991119401,2142.5,0.0,-0.7203727567673506,0.033708972289898866,0.0,2134.25,2134.2,2134.3,0.1000000000003638,-0.000171900599478571,,,,,,,,,False
2026-03-20 16:42:00.071252277+00:00,-0.6429380040519029,-187.07862198473316,0.08731790991119401,2142.5,0.0,-0.6767138018117536,0.03377579775985479,0.0,2134.75,2134.7,2134.8,0.1000000000003638,-0.000173062875651829,2134.5,2135.0,,,,,,,False
2026-03-20 16:43:00.035936435+00:00,-0.6079436532374394,-187.07862198473316,0.08731790991119401,2142.5,0.0,-0.6417866378473077,0.03384298460986422,0.0,2135.1499999999996,2135.1,2135.2,0.09999999999990905,-0.000173002609992336,,,,,,,,,False
2026-03-20 16:44:00.038893477+00:00,-0.5904129321260826,-187.07862198473316,0.08731790991119401,2142.5,0.0,-0.6243230558650054,0.03391012373892288,0.0,2135.3500000000004,2135.3,2135.4,0.09999999999990905,-0.000172855896687045,,,,,,,,,False
2026-03-20 16:45:00.030183268+00:00,-0.6427365914775224,-187.07862198473316,0.08731790991119401,2142.5,0.0,-0.6767138018117536,0.03397721033423535,0.0,2134.75,2134.7,2134.8,0.1000000000003638,-0.000172465471047834,2134.5,2135.0,,,,,,,False
2026-03-20 16:46:00.008834301+00:00,-0.6514015851398963,-187.07862198473316,0.08731790991119401,2142.5,0.0,-0.6854455928029047,0.03404400766299628,0.0,2134.6499999999996,2134.6,2134.7,0.09999999999990905,-0.0001726293567984,,,,,,,,,False
2026-03-20 16:47:00.037729921+00:00,-0.42430766921415786,-187.07862198473316,0.08731790991119401,2142.5,0.0,-0.4584190270337685,0.03411135781959798,0.0,2137.25,2137.2,2137.3,0.1000000000003638,-0.000174199379374742,2137.1,2137.6,,,,,,,False
2026-03-20 16:48:00.037488072+00:00,-0.5639487790604881,-187.07862198473316,0.08731790991119401,2142.5,0.0,-0.5981276828917107,0.03417890383122646,0.0,2135.6499999999996,2135.6,2135.7,0.09999999999990905,-0.000172990556464076,,,,,,,,,False
2026-03-20 16:49:00.140354102+00:00,-0.6511993213709593,-187.07862198473316,0.08731790991119401,2142.5,0.0,-0.6854455928029047,0.034246271431933345,0.0,2134.6499999999996,2134.6,2134.7,0.09999999999990905,-0.000172361279833601,,,,,,,,,False
2026-03-20 16:50:00.243110017+00:00,-0.7035231732401794,-187.07862198473316,0.08731790991119401,2142.5,0.0,-0.7378363387495734,0.034313165509380225,0.0,2134.05,2134.0,2134.1,0.09999999999990905,-0.000171859576644063,,,,,,,,,False
2026-03-20 16:51:00.067782454+00:00,-0.6772612172540179,-187.07862198473316,0.08731790991119401,2142.5,0.0,-0.7116409657761994,0.034379748522165646,0.0,2134.3500000000004,2134.3,2134.4,0.09999999999990905,-0.000172756278131909,,,,,,,,,False
2026-03-20 16:52:00.055771077+00:00,-0.9828073030498717,-187.07862198473316,0.08731790991119401,2142.5,0.0,-1.0172536504653784,0.03444634741549184,0.0,2130.8500000000004,2130.8,2130.9,0.09999999999990905,-0.000170534716351377,,,,,,,,,False
2026-03-20 16:53:00.036224083+00:00,-0.790641691544342,-187.07862198473316,0.08731790991119401,2142.5,0.0,-0.8251542486607675,0.034512557116424064,0.0,2133.05,2133.0,2133.1,0.09999999999990905,-0.000171464700978287,,,,,,,,,False
2026-03-20 16:54:00.043206337+00:00,-0.5984755827371159,-187.07862198473316,0.08731790991119401,2142.5,0.0,-0.6330548468561565,0.03457926411905285,0.0,2135.25,2135.2,2135.3,0.1000000000003638,-0.000172283711123429,,,,,,,,,False
2026-03-20 16:55:00.030415261+00:00,-0.6246038897539046,-187.07862198473316,0.08731790991119401,2142.5,0.0,-0.6592502198295307,0.034646330075611895,0.0,2134.95,2134.9,2135.0,0.09999999999990905,-0.000173127352209519,,,,,,,,,False
2026-03-20 16:56:00.062273493+00:00,-0.44990063306281347,-187.07862198473316,0.08731790991119401,2142.5,0.0,-0.4846144000071426,0.03471376694431847,0.0,2136.95,2136.9,2137.0,0.09999999999990905,-0.000174336054587452,,,,,,,,,False
2026-03-20 16:57:00.041510545+00:00,-0.22280597788269557,-187.07862198473316,0.08731790991119401,2142.5,0.0,-0.25758783423800646,0.03478185635529958,0.0,2139.55,2139.5,2139.6,0.09999999999990905,-0.000176343317510793,,,,,,,,,False
2026-03-20 16:58:00.016525574+00:00,-0.2663963122069706,-187.07862198473316,0.08731790991119401,2142.5,0.0,-0.3012467891936034,0.03485047698664199,0.0,2139.05,2139.0,2139.1,0.09999999999990905,-0.000176274820287341,,,,,,,,,False
2026-03-20 16:59:00.028198316+00:00,-0.2663277353837718,-187.07862198473316,0.08731790991119401,2142.5,0.0,-0.3012467891936034,0.03491905380984076,0.0,2139.05,2139.0,2139.1,0.09999999999990905,-0.000176189174314269,,,,,,,,,False
2026-03-20 17:00:00.039143106+00:00,-0.4408952193865286,-187.07862198473316,0.08731790991119401,2142.5,0.0,-0.47588260901599144,0.0349873896294685,0.0,2137.05,2137.0,2137.1,0.09999999999990905,-0.000174933296562015,,,,,,,,,False
2026-03-20 17:01:00.060950431+00:00,-0.29236875576602095,-187.07862198473316,0.08731790991119401,2142.5,0.0,-0.3274421621669775,0.03507340640096777,0.0,2138.75,2138.7,2138.8,0.1000000000003638,-0.000245054266408535,2138.6,2139.1,,,,,,,False
2026-03-20 17:02:00.036864839+00:00,-0.30973794637025914,-187.07862198473316,0.08731790991119401,2142.5,0.0,-0.34490574414920044,0.035167797778942446,0.0,2138.55,2138.5,2138.6,0.09999999999990905,-0.000225782438201199,,,,,,,,,False
2026-03-20 17:03:00.037313985+00:00,-0.3096532739177037,-187.07862198473316,0.08731790991119401,2142.5,0.0,-0.34490574414920044,0.0352524702314979,0.0,2138.55,2138.5,2138.6,0.09999999999990905,-0.000215215199789964,,,,,,,,,False
2026-03-20 17:04:00.016087402+00:00,-0.30084404045261254,-187.07862198473316,0.08731790991119401,2142.5,0.0,-0.3361739531581287,0.03532991270551108,0.0,2138.6499999999996,2138.6,2138.7,0.09999999999990905,-0.000189417173643929,,,,,,0.0,0.0,uneconomic_spread,False
2026-03-20 17:05:00.052590208+00:00,-0.20471712610869372,-187.07862198473316,0.08731790991119401,2142.5,0.0,-0.24012425225578352,0.03540712614708854,0.0,2139.75,2139.7,2139.8,0.1000000000003638,-0.00019868366527308,,,,,,,,,False
2026-03-20 17:06:00.060193390+00:00,-0.8071358820388337,-187.07862198473316,0.08731790991119401,2142.5,0.0,-0.8426178306429905,0.0354819486041453,0.0,2132.8500000000004,2132.8,2132.9,0.09999999999990905,-0.000178664926153159,,,,,,,,,False
2026-03-20 17:07:00.020138749+00:00,-0.5887728624755373,-187.07862198473316,0.08731790991119401,2142.5,0.0,-0.6243230558650054,0.03555019338946823,0.0,2135.3500000000004,2135.3,2135.4,0.09999999999990905,-0.000181449721190741,,,,,,,,,False
2026-03-20 17:08:00.052976865+00:00,-0.5188508315800581,-187.07862198473316,0.08731790991119401,2142.5,0.0,-0.5544687279361137,0.03561789635606745,0.0,2136.1499999999996,2136.1,2136.2,0.09999999999990905,-0.000172314225023163,,,,,,,,,False
2026-03-20 17:09:00.016292404+00:00,-0.3528784914543204,-187.07862198473316,0.08731790991119401,2142.5,0.0,-0.38856469910479746,0.035686207650470286,0.0,2138.05,2138.0,2138.1,0.09999999999990905,-0.000180497369407218,,,,,,,,,False
2026-03-20 17:10:00.087297223+00:00,-0.5449068501210477,-187.07862198473316,0.08731790991119401,2142.5,0.0,-0.5806641009094083,0.03575725078836879,0.0,2135.8500000000004,2135.8,2135.9,0.09999999999990905,-0.000183460505649672,,,,,,,,,False
2026-03-20 17:11:00.038210133+00:00,-0.6932755294284523,-187.07862198473316,0.08731790991119401,2142.5,0.0,-0.7291045477585018,0.03582901833005785,0.0,2134.1499999999996,2134.1,2134.2,0.09999999999990905,-0.000185272136453546,,,,,,,,,False
2026-03-20 17:12:00.048602883+00:00,-0.6146193291883885,-187.07862198473316,0.08731790991119401,2142.5,0.0,-0.6505184288383795,0.03589909964999321,0.0,2135.05,2135.0,2135.1,0.09999999999990905,-0.000181743865067471,,,,,,,,,False
2026-03-20 17:13:00.058852439+00:00,-0.6756722658648378,-187.07862198473316,0.08731790991119401,2142.5,0.0,-0.7116409657761994,0.0359686999113458,0.0,2134.3500000000004,2134.3,2134.4,0.09999999999990905,-0.000176864939226163,,,,,,,,,False
2026-03-20 17:14:00.047147600+00:00,-0.8502394655389409,-187.07862198473316,0.08731790991119401,2142.5,0.0,-0.8862767855985875,0.03603732005965555,0.0,2132.3500000000004,2132.3,2132.4,0.09999999999990905,-0.000174577092768386,,,,,,,,,False
2026-03-20 17:15:00.023313349+00:00,-0.8152448069785657,-187.07862198473316,0.08731790991119401,2142.5,0.0,-0.8513496216341416,0.03610481465557661,0.0,2132.75,2132.7,2132.8,0.1000000000003638,-0.000172295942243315,,,,,,,,,False
2026-03-20 17:16:00.035936573+00:00,-0.7889810284708217,-187.07862198473316,0.08731790991119401,2142.5,0.0,-0.8251542486607675,0.03617322018994443,0.0,2133.05,2133.0,2133.1,0.09999999999990905,-0.000176953907651475,,,,,,,,,False
2026-03-20 17:17:00.238593671+00:00,-0.8936945096537507,-187.07862198473316,0.08731790991119401,2142.5,0.0,-0.9299357405541844,0.03624123090043469,0.0,2131.8500000000004,2131.8,2131.9,0.09999999999990905,-0.000174209255452396,,,,,,,,,False
2026-03-20 17:18:00.039334144+00:00,-0.8063099351707086,-187.07862198473316,0.08731790991119401,2142.5,0.0,-0.8426178306429905,0.03630789547227044,0.0,2132.8500000000004,2132.8,2132.9,0.09999999999990905,-0.000172668909327584,,,,,,,,,False
2026-03-20 17:19:00.017550519+00:00,-0.867364867866599,-187.07862198473316,0.08731790991119401,2142.5,0.0,-0.9037403675808897,0.036375499714295566,0.0,2132.1499999999996,2132.1,2132.2,0.09999999999990905,-0.000173106227761484,,,,,,,,,False
2026-03-20 17:20:00.036331541+00:00,-0.7887121524450885,-187.07862198473316,0.08731790991119401,2142.5,0.0,-0.8251542486607675,0.03644209621567758,0.0,2133.05,2133.0,2133.1,0.09999999999990905,-0.000172853442218159,,,,,,,,,False
2026-03-20 17:21:00.007886230+00:00,-0.8934267779580195,-187.07862198473316,0.08731790991119401,2142.5,0.0,-0.9299357405541844,0.036508962596166,0.0,2131.8500000000004,2131.8,2131.9,0.09999999999990905,-0.00017224960405172,,,,,,,,,False
2026-03-20 17:22:00.052342159+00:00,-0.9108238627390942,-187.07862198473316,0.08731790991119401,2142.5,0.0,-0.9473993225364867,0.03657545979738936,0.0,2131.6499999999996,2131.6,2131.7,0.09999999999990905,-0.000170814833828151,,,,,,,,,False
2026-03-20 17:23:00.032314463+00:00,-0.7099256217928346,-187.07862198473316,0.08731790991119401,2142.5,0.0,-0.7465681297407246,0.036642507947888384,0.0,2133.95,2133.9,2134.0,0.09999999999990905,-0.000173913024048795,,,,,,,,,False
2026-03-20 17:24:00.157838422+00:00,-0.7797116634710366,-187.07862198473316,0.08731790991119401,2142.5,0.0,-0.8164224576696958,0.03671079419865153,0.0,2133.1499999999996,2133.1,2133.2,0.09999999999990905,-0.000175951918191151,,,,,,,,,False
2026-03-20 17:25:00.071780864+00:00,-0.8494973177787697,-187.07862198473316,0.08731790991119401,2142.5,0.0,-0.8862767855985875,0.036779467819826765,0.0,2132.3500000000004,2132.3,2132.4,0.09999999999990905,-0.00017788211817617,,,,,,,,,False
2026-03-20 17:26:00.041492256+00:00,-0.840697656243642,-187.07862198473316,0.08731790991119401,2142.5,0.0,-0.8775449946075157,0.03684733836387643,0.0,2132.45,2132.4,2132.5,0.09999999999990905,-0.00017488879568253,,,,,,,,,False
2026-03-20 17:27:00.032259302+00:00,-0.9017522841413462,-187.07862198473316,0.08731790991119401,2142.5,0.0,-0.9386675315453356,0.0369152474039741,0.0,2131.75,2131.7,2131.8,0.1000000000003638,-0.000174800651261966,2131.6,2132.2000000000003,,,,,,,False
2026-03-20 17:28:00.071738397+00:00,-0.8492936225699691,-187.07862198473316,0.08731790991119401,2142.5,0.0,-0.8862767855985875,0.036983163028627336,0.0,2132.3500000000004,2132.3,2132.4,0.09999999999990905,-0.000175924267351392,,,,,,,,,False
2026-03-20 17:29:00.036630180+00:00,-0.9802025302853646,-187.07862198473316,0.08731790991119401,2142.5,0.0,-1.0172536504653784,0.037051120179998925,0.0,2130.8500000000004,2130.8,2130.9,0.09999999999990905,-0.000173412921072455,,,,,,,,,False
2026-03-20 17:30:00.021611557+00:00,-1.006330740863559,-187.07862198473316,0.08731790991119401,2142.5,0.0,-1.0434490234387526,0.03711828257518079,0.0,2130.55,2130.5,2130.6,0.09999999999990905,-0.000173266987056548,,,,,,,,,False
2026-03-20 17:31:00.037476041+00:00,-0.9364089158539989,-187.07862198473316,0.08731790991119401,2142.5,0.0,-0.9735946955097814,0.03718577965577559,0.0,2131.3500000000004,2131.3,2131.4,0.09999999999990905,-0.000174653653101984,,,,,,,,,False
2026-03-20 17:32:00.037787249+00:00,-1.1895636217236927,-187.07862198473316,0.08731790991119401,2142.5,0.0,-1.2268166342522917,0.03725301252859474,0.0,2128.45,2128.4,2128.5,0.09999999999990905,-0.00017290904550897,,,,,,,,,False
2026-03-20 17:33:00.046842567+00:00,-1.3204740451239572,-187.07862198473316,0.08731790991119401,2142.5,0.0,-1.3577934991190828,0.03731945399512589,0.0,2126.95,2126.9,2127.0,0.09999999999990905,-0.000170984397789458,,,,,,,,,False
2026-03-20 17:34:00.037095100+00:00,-1.425189584137337,-187.07862198473316,0.08731790991119401,2142.5,0.0,-1.4625749910124997,0.03738540687516536,0.0,2125.75,2125.7,2125.8,0.1000000000003638,-0.000169985969478601,,,,,,,,,False
2026-03-20 17:35:00.035604501+00:00,-1.4949786609926838,-187.07862198473316,0.08731790991119401,2142.5,0.0,-1.5324293189414708,0.03745065794878357,0.0,2124.95,2124.9,2125.0,0.09999999999990905,-0.00016937222718834,,,,,,,,,False
2026-03-20 17:36:00.066186380+00:00,-1.5298399416612651,-187.07862198473316,0.08731790991119401,2142.5,0.0,-1.5673564829059166,0.03751654124465661,0.0,2124.55,2124.5,2124.6,0.09999999999990905,-0.000169238539850867,,,,,,,,,False
2026-03-20 17:37:00.056592452+00:00,-1.6956786465853673,-187.07862198473316,0.08731790991119401,2142.5,0.0,-1.7332605117372328,0.03758186515186094,0.0,2122.6499999999996,2122.6,2122.7,0.09999999999990905,-0.000168521482904389,,,,,,,,,False
2026-03-20 17:38:00.033583368+00:00,-1.6170275410178974,-187.07862198473316,0.08731790991119401,2142.5,0.0,-1.6546743928171106,0.03764685179920234,0.0,2123.55,2123.5,2123.6,0.09999999999990905,-0.000169869735018516,,,,,,,,,False
2026-03-20 17:39:00.008549950+00:00,-1.4248616171378365,-187.07862198473316,0.08731790991119401,2142.5,0.0,-1.4625749910124997,0.03771337387466584,0.0,2125.75,2125.7,2125.8,0.1000000000003638,-0.000173411977568972,,,,,,,,,False
2026-03-20 17:40:00.047659310+00:00,-1.180303671965126,-187.07862198473316,0.08731790991119401,2142.5,0.0,-1.2180848432611406,0.03778117129602649,0.0,2128.55,2128.5,2128.6,0.09999999999990905,-0.000176318077624298,,,,,,,,,False
2026-03-20 17:41:00.021711298+00:00,-1.180235524575073,-187.07862198473316,0.08731790991119401,2142.5,0.0,-1.2180848432611406,0.03784931868607945,0.0,2128.55,2128.5,2128.6,0.09999999999990905,-0.000176918452729362,,,,,,,,,False
2026-03-20 17:42:00.008501928+00:00,-1.4421213351990123,-187.07862198473316,0.08731790991119401,2142.5,0.0,-1.4800385729947225,0.03791723779570283,0.0,2125.55,2125.5,2125.6,0.09999999999990905,-0.000175362487694658,,,,,,,,,False
2026-03-20 17:43:00.045752524+00:00,-1.3634670971806195,-187.07862198473316,0.08731790991119401,2142.5,0.0,-1.4014524540746798,0.03798535689405241,0.0,2126.45,2126.4,2126.5,0.09999999999990905,-0.000177037500404472,,,,,,,,,False
2026-03-20 17:44:00.071164088+00:00,-1.5380347414461282,-187.07862198473316,0.08731790991119401,2142.5,0.0,-1.5760882738970676,0.038053532450928275,0.0,2124.45,2124.4,2124.5,0.09999999999990905,-0.000175984291691105,,,,,,,,,False
2026-03-20 17:45:00.054067096+00:00,-1.5292348309571342,-187.07862198473316,0.08731790991119401,2142.5,0.0,-1.5673564829059166,0.038121651948787395,0.0,2124.55,2124.5,2124.6,0.09999999999990905,-0.000176577663653759,,,,,,,,,False
2026-03-20 17:46:00.017715484+00:00,-1.4767755165376337,-187.07862198473316,0.08731790991119401,2142.5,0.0,-1.5149657369592477,0.038190220421620874,0.0,2125.1499999999996,2125.1,2125.2,0.09999999999990905,-0.000178355999069322,,,,,,,,,False
2026-03-20 17:47:00.013958191+00:00,-1.3457297933574803,-187.07862198473316,0.08731790991119401,2142.5,0.0,-1.3839888720924567,0.03825907873497882,0.0,2126.6499999999996,2126.6,2126.7,0.09999999999990905,-0.000178496433386791,,,,,,,,,False
2026-03-20 17:48:00.038108954+00:00,-1.5377599242813649,-187.07862198473316,0.08731790991119401,2142.5,0.0,-1.5760882738970676,0.038328349615691586,0.0,2124.45,2124.4,2124.5,0.09999999999990905,-0.000178727466454068,,,,,,,,,False
2026-03-20 17:49:00.075385689+00:00,-1.3630550126846426,-187.07862198473316,0.08731790991119401,2142.5,0.0,-1.4014524540746798,0.03839744139002943,0.0,2126.45,2126.4,2126.5,0.09999999999990905,-0.00017909304823447,,,,,,,,,False
2026-03-20 17:50:00.041195784+00:00,-1.3979127195581593,-187.07862198473316,0.08731790991119401,2142.5,0.0,-1.4363796180391255,0.03846689848096685,0.0,2126.05,2126.0,2126.1,0.09999999999990905,-0.000179546229479968,,,,,,,,,False
2026-03-20 17:51:00.020315109+00:00,-1.293061840523913,-187.07862198473316,0.08731790991119401,2142.5,0.0,-1.3315981261457086,0.03853628562179393,0.0,2127.25,2127.2,2127.3,0.1000000000003638,-0.000179766663181945,,,,,,,,,False
2026-03-20 17:52:00.048306814+00:00,-1.2056738212987115,-187.07862198473316,0.08731790991119401,2142.5,0.0,-1.2442802162345146,0.038606394935788824,0.0,2128.25,2128.2,2128.3,0.1000000000003638,-0.000182458767188271,,,,,,,,,False
2026-03-20 17:53:00.019908347+00:00,-1.2405302808523195,-187.07862198473316,0.08731790991119401,2142.5,0.0,-1.2792073801989605,0.03867709934663502,0.0,2127.8500000000004,2127.8,2127.9,0.09999999999990905,-0.000182950222345362,,,,,,,,,False
2026-03-20 17:54:00.036245437+00:00,-1.0658233229253575,-187.07862198473316,0.08731790991119401,2142.5,0.0,-1.1045715603765724,0.03874823745121246,0.0,2129.8500000000004,2129.8,2129.9,0.09999999999990905,-0.000184975961086416,,,,,,,,,False
2026-03-20 17:55:00.030530316+00:00,-1.0046287985588271,-187.07862198473316,0.08731790991119401,2142.5,0.0,-1.0434490234387526,0.03882022487991257,0.0,2130.55,2130.5,2130.6,0.09999999999990905,-0.000186532481990844,,,,,,,,,False
2026-03-20 17:56:00.095101560+00:00,-0.8648476392841475,-187.07862198473316,0.08731790991119401,2142.5,0.0,-0.9037403675808897,0.038892728296747024,0.0,2132.1499999999996,2132.1,2132.2,0.09999999999990905,-0.000187467197588428,,,,,,,,,False
2026-03-20 17:57:00.036228480+00:00,-0.8385797533645151,-187.07862198473316,0.08731790991119401,2142.5,0.0,-0.8775449946075157,0.03896524124300341,0.0,2132.45,2132.4,2132.5,0.09999999999990905,-0.000187162697607779,,,,,,,,,False
2026-03-20 17:58:00.035475209+00:00,-0.48923525983104243,-187.07862198473316,0.08731790991119401,2142.5,0.0,-0.5282733549627396,0.03903809513170697,0.0,2136.45,2136.4,2136.5,0.09999999999990905,-0.000187638209831632,,,,,,,,,False
2026-03-20 17:59:00.014144123+00:00,-0.4455032854395446,-187.07862198473316,0.08731790991119401,2142.5,0.0,-0.4846144000071426,0.03911111456758735,0.0,2136.95,2136.9,2137.0,0.09999999999990905,-0.000187420373161817,,,,,,,,,False
2026-03-20 18:00:00.135261302+00:00,-0.48908942846783204,-187.07862198473316,0.08731790991119401,2142.5,0.0,-0.5282733549627396,0.039183926494917386,0.0,2136.45,2136.4,2136.5,0.09999999999990905,-0.000186141680553449,,,,,,,,,False
2026-03-20 18:01:00.017762514+00:00,-0.5850326833360622,-187.07862198473316,0.08731790991119401,2142.5,0.0,-0.6243230558650054,0.03929037252894324,0.0,2135.3500000000004,2135.3,2135.4,0.09999999999990905,-0.000213906715137908,,,,,,,,,False
2026-03-20 18:02:00.037923088+00:00,-0.6460793281056996,-187.07862198473316,0.08731790991119401,2142.5,0.0,-0.6854455928029047,0.0393662646971931,0.0,2134.6499999999996,2134.6,2134.7,0.09999999999990905,-0.000177220273567345,,,,,,,,,False
2026-03-20 18:03:00.006122586+00:00,-0.4451829381799455,-187.07862198473316,0.08731790991119401,2142.5,0.0,-0.4846144000071426,0.03943146182718646,0.0,2136.95,2136.9,2137.0,0.09999999999990905,-0.000189279244330555,,,,,,,,,False
2026-03-20 18:04:00.036514691+00:00,-0.5411615572282099,-187.07862198473316,0.08731790991119401,2142.5,0.0,-0.5806641009094083,0.03950254368120652,0.0,2135.8500000000004,2135.8,2135.9,0.09999999999990905,-0.000180410206567742,,,,,,,,,False
2026-03-20 18:05:00.017425517+00:00,-0.776854206694018,-187.07862198473316,0.08731790991119401,2142.5,0.0,-0.8164224576696958,0.03956825097567019,0.0,2133.1499999999996,2133.1,2133.2,0.09999999999990905,-0.000158370541007531,,,,,,,,,False
2026-03-20 18:06:00.053492086+00:00,-0.6632797165513447,-187.07862198473316,0.08731790991119401,2142.5,0.0,-0.7029091747851276,0.03962945823378927,0.0,2134.45,2134.4,2134.5,0.09999999999990905,-0.000156711257983188,,,,,,,,,False
2026-03-20 18:07:00.025268448+00:00,-0.593363795396687,-187.07862198473316,0.08731790991119401,2142.5,0.0,-0.6330548468561565,0.03969105145948175,0.0,2135.25,2135.2,2135.3,0.1000000000003638,-0.000153109928240078,2135.1,2135.6,,,,,,,False
2026-03-20 18:08:00.061989493+00:00,-0.549644932729604,-187.07862198473316,0.08731790991119401,2142.5,0.0,-0.5893958919005595,0.03975095917094729,0.0,2135.75,2135.7,2135.8,0.1000000000003638,-0.000156324942888874,,,,,,,,,False
2026-03-20 18:09:00.041934410+00:00,-0.7067567461973326,-187.07862198473316,0.08731790991119401,2142.5,0.0,-0.7465681297407246,0.03981138354339031,0.0,2133.95,2133.9,2134.0,0.09999999999990905,-0.000146420173112579,,,,,,,,,False
2026-03-20 18:10:00.057002731+00:00,-0.5844547847661403,-187.07862198473316,0.08731790991119401,2142.5,0.0,-0.6243230558650054,0.03986827109886509,0.0,2135.3500000000004,2135.3,2135.4,0.09999999999990905,-0.000148747722222292,,,,,,,,,False
2026-03-20 18:11:00.037600868+00:00,-0.7939608062946442,-187.07862198473316,0.08731790991119401,2142.5,0.0,-0.8338860396519187,0.039925233357285296,0.0,2132.95,2132.9,2133.0,0.09999999999990905,-0.000142949878971771,,,,,,,,,False
2026-03-20 18:12:00.032532634+00:00,-0.5668776402461296,-187.07862198473316,0.08731790991119401,2142.5,0.0,-0.6068594738827825,0.03998183363666292,0.0,2135.55,2135.5,2135.6,0.09999999999990905,-0.000148328013582416,,,,,,,,,False
2026-03-20 18:13:00.038387285+00:00,-0.6104780438298378,-187.07862198473316,0.08731790991119401,2142.5,0.0,-0.6505184288383795,0.04004038500854373,0.0,2135.05,2135.0,2135.1,0.09999999999990905,-0.000148805103042436,,,,,,,,,False
2026-03-20 18:14:00.004482501+00:00,-0.5754929606453444,-187.07862198473316,0.08731790991119401,2142.5,0.0,-0.6155912648739337,0.04009830422858307,0.0,2135.45,2135.4,2135.5,0.09999999999990905,-0.000147960785572309,,,,,,,,,False
2026-03-20 18:15:00.094468488+00:00,-0.6016313181143189,-187.07862198473316,0.08731790991119401,2142.5,0.0,-0.6417866378473077,0.04015531973298472,0.0,2135.1499999999996,2135.1,2135.2,0.09999999999990905,-0.000144303317887352,,,,,,,,,False
2026-03-20 18:16:00.066024864+00:00,-0.6015755303515866,-187.07862198473316,0.08731790991119401,2142.5,0.0,-0.6417866378473077,0.04021110749571699,0.0,2135.1499999999996,2135.1,2135.2,0.09999999999990905,-0.000142506203453765,,,,,,,,,False
2026-03-20 18:17:00.035462728+00:00,-0.6451798254114881,-187.07862198473316,0.08731790991119401,2142.5,0.0,-0.6854455928029047,0.04026576739140449,0.0,2134.6499999999996,2134.6,2134.7,0.09999999999990905,-0.000139625568789483,,,,,,,,,False
2026-03-20 18:18:00.035306663+00:00,-0.8110298155628001,-187.07862198473316,0.08731790991119401,2142.5,0.0,-0.8513496216341416,0.040319806071342223,0.0,2132.75,2132.7,2132.8,0.1000000000003638,-0.000137647149594957,,,,,,,,,False
2026-03-20 18:19:00.038464465+00:00,-0.8459035356444606,-187.07862198473316,0.08731790991119401,2142.5,0.0,-0.8862767855985875,0.04037324995413586,0.0,2132.3500000000004,2132.3,2132.4,0.09999999999990905,-0.000138055758472337,,,,,,,,,False
2026-03-20 18:20:00.014003941+00:00,-0.7061418205784864,-187.07862198473316,0.08731790991119401,2142.5,0.0,-0.7465681297407246,0.0404263091622366,0.0,2133.95,2133.9,2134.0,0.09999999999990905,-0.00013659295850882,,,,,,,,,False
2026-03-20 18:21:00.038239942+00:00,-0.8457962983343726,-187.07862198473316,0.08731790991119401,2142.5,0.0,-0.8862767855985875,0.04048048726422383,0.0,2132.3500000000004,2132.3,2132.4,0.09999999999990905,-0.000140355398267915,,,,,,,,,False
2026-03-20 18:22:00.008898740+00:00,-1.0465739570042096,-187.07862198473316,0.08731790991119401,2142.5,0.0,-1.0871079783943496,0.04053402139014748,0.0,2130.05,2130.0,2130.1,0.09999999999990905,-0.000138513595079641,,,,,,,,,False
2026-03-20 18:23:00.035605215+00:00,-1.360866358992654,-187.07862198473316,0.08731790991119401,2142.5,0.0,-1.4014524540746798,0.04058609508201814,0.0,2126.45,2126.4,2126.5,0.09999999999990905,-0.000132139811221689,,,,,,,,,False
2026-03-20 18:24:00.053561450+00:00,-1.3171563584611803,-187.07862198473316,0.08731790991119401,2142.5,0.0,-1.3577934991190828,0.04063714065790265,0.0,2126.95,2126.9,2127.0,0.09999999999990905,-0.000132886043388405,,,,,,,,,False
2026-03-20 18:25:00.018277103+00:00,-1.4393504535053292,-187.07862198473316,0.08731790991119401,2142.5,0.0,-1.4800385729947225,0.040688119489386096,0.0,2125.55,2125.5,2125.6,0.09999999999990905,-0.000130625989552284,,,,,,,,,False
2026-03-20 18:26:00.035619656+00:00,-1.3345178688279782,-187.07862198473316,0.08731790991119401,2142.5,0.0,-1.3752570811013056,0.04073921227331759,0.0,2126.75,2126.7,2126.8,0.1000000000003638,-0.000133810387578317,,,,,,,,,False
2026-03-20 18:27:00.030243312+00:00,-1.3431978454878999,-187.07862198473316,0.08731790991119401,2142.5,0.0,-1.3839888720924567,0.040791026604559175,0.0,2126.6499999999996,2126.6,2126.7,0.09999999999990905,-0.000133492790753348,,,,,,,,,False
2026-03-20 18:28:00.037823777+00:00,-1.2470963463109828,-187.07862198473316,0.08731790991119401,2142.5,0.0,-1.2879391711901116,0.040842824879135035,0.0,2127.75,2127.7,2127.8,0.1000000000003638,-0.000134300913161449,,,,,,,,,False
2026-03-20 18:29:00.012768599+00:00,-1.4653390968026534,-187.07862198473316,0.08731790991119401,2142.5,0.0,-1.5062339459680967,0.040894849165437855,0.0,2125.25,2125.2,2125.3,0.1000000000003638,-0.000134256007271251,2125.0,2125.5,,,,,,,False
2026-03-20 18:30:00.035973111+00:00,-1.4565549989069018,-187.07862198473316,0.08731790991119401,2142.5,0.0,-1.4975021549769454,0.040947156070054745,0.0,2125.3500000000004,2125.3,2125.4,0.09999999999990905,-0.000135673377969808,,,,,,,,,False
2026-03-20 18:31:00.017838488+00:00,-1.5787471149875334,-187.07862198473316,0.08731790991119401,2142.5,0.0,-1.6197472288526646,0.04100011386514063,0.0,2123.95,2123.9,2124.0,0.09999999999990905,-0.000136643494844804,,,,,,,,,False
2026-03-20 18:32:00.037289405+00:00,-1.7096703719568902,-187.07862198473316,0.08731790991119401,2142.5,0.0,-1.7507240937194557,0.0410537217625509,0.0,2122.45,2122.4,2122.5,0.09999999999990905,-0.0001387613592532,,,,,,,,,False
2026-03-20 18:33:00.037663420+00:00,-1.770739781555953,-187.07862198473316,0.08731790991119401,2142.5,0.0,-1.8118466306572756,0.041106849101318364,0.0,2121.75,2121.7,2121.8,0.1000000000003638,-0.000136958026092346,,,,,,,,,False
2026-03-20 18:34:00.035811446+00:00,-1.7357597360794184,-187.07862198473316,0.08731790991119401,2142.5,0.0,-1.7769194666928299,0.04115973061339891,0.0,2122.1499999999996,2122.1,2122.2,0.09999999999990905,-0.00013734795191212,,,,,,,,,False
2026-03-20 18:35:00.035997184+00:00,-1.6833153998508286,-187.07862198473316,0.08731790991119401,2142.5,0.0,-1.7245287207460818,0.041213320895264846,0.0,2122.75,2122.7,2122.8,0.1000000000003638,-0.000139728431097375,,,,,,,,,False
2026-03-20 18:36:00.082592894+00:00,-1.7618477764020364,-187.07862198473316,0.08731790991119401,2142.5,0.0,-1.8031148396661245,0.041267063264100054,0.0,2121.8500000000004,2121.8,2121.9,0.09999999999990905,-0.000138879634975414,,,,,,,,,False
2026-03-20 18:37:00.007544960+00:00,-1.8927712536540737,-187.07862198473316,0.08731790991119401,2142.5,0.0,-1.9340917045329156,0.04132045087882982,0.0,2120.3500000000004,2120.3,2120.4,0.09999999999990905,-0.000138229035886703,,,,,,,,,False
2026-03-20 18:38:00.039416172+00:00,-2.119745110992417,-187.07862198473316,0.08731790991119401,2142.5,0.0,-2.1611182703020515,0.04137315930962357,0.0,2117.75,2117.7,2117.8,0.1000000000003638,-0.000136408115074721,2117.4,2118.0,,,,,,,False
2026-03-20 18:39:00.029172029+00:00,-1.9537884841125497,-187.07862198473316,0.08731790991119401,2142.5,0.0,-1.995214241470815,0.04142575735826955,0.0,2119.6499999999996,2119.6,2119.7,0.09999999999990905,-0.000136455044191158,,,,,,,,,False
2026-03-20 18:40:00.048969857+00:00,-1.779098910368399,-187.07862198473316,0.08731790991119401,2142.5,0.0,-1.8205784216484269,0.04147951128003573,0.0,2121.6499999999996,2121.6,2121.7,0.09999999999990905,-0.000139817883647745,,,,,,,,,False
2026-03-20 18:41:00.047279521+00:00,-1.5869452280149365,-187.07862198473316,0.08731790991119401,2142.5,0.0,-1.6284790198437364,0.04153379182878711,0.0,2123.8500000000004,2123.8,2123.9,0.09999999999990905,-0.000141423725891212,,,,,,,,,False
2026-03-20 18:42:00.064041887+00:00,-1.543231457322902,-187.07862198473316,0.08731790991119401,2142.5,0.0,-1.5848200648881394,0.041588607565232485,0.0,2124.3500000000004,2124.3,2124.4,0.09999999999990905,-0.000142129888463104,,,,,,,,,False
2026-03-20 18:43:00.079320342+00:00,-1.6479580856924894,-187.07862198473316,0.08731790991119401,2142.5,0.0,-1.6896015567816358,0.04164347108914977,0.0,2123.1499999999996,2123.1,2123.2,0.09999999999990905,-0.000142497858409211,,,,,,,,,False
2026-03-20 18:44:00.026337260+00:00,-1.438339762620352,-187.07862198473316,0.08731790991119401,2142.5,0.0,-1.4800385729947225,0.04169881037436312,0.0,2125.55,2125.5,2125.6,0.09999999999990905,-0.000144622303966503,,,,,,,,,False
2026-03-20 18:45:00.037657945+00:00,-1.6478462141869452,-187.07862198473316,0.08731790991119401,2142.5,0.0,-1.6896015567816358,0.04175534259469395,0.0,2123.1499999999996,2123.1,2123.2,0.09999999999990905,-0.000145884273396554,,,,,,,,,False
2026-03-20 18:46:00.029632727+00:00,-1.5779355624692304,-187.07862198473316,0.08731790991119401,2142.5,0.0,-1.6197472288526646,0.04181166638344356,0.0,2123.95,2123.9,2124.0,0.09999999999990905,-0.000145728354762354,,,,,,,,,False
2026-03-20 18:47:00.044979248+00:00,-1.2722659582569662,-187.07862198473316,0.08731790991119401,2142.5,0.0,-1.3141345441634857,0.04186858590652777,0.0,2127.45,2127.4,2127.5,0.09999999999990905,-0.000147460552486235,,,,,,,,,False
2026-03-20 18:48:07.930987288+00:00,-1.333323159444426,-187.07862198473316,0.08731790991119401,2142.5,0.0,-1.3752570811013056,0.04193392165686986,0.0,2126.75,2126.7,2126.8,0.1000000000003638,-0.000149695831506978,2126.5,2127.0,2126.7358365541895,2126.777485962608,0.2,0.2261492713051668,-0.4844222714208656,ok,False
2026-03-20 18:49:00.063087606+00:00,-1.6825447020399134,-187.07862198473316,0.08731790991119401,2142.5,0.0,-1.7245287207460818,0.041984018706179876,0.0,2122.75,2122.7,2122.8,0.1000000000003638,-0.00014828163739545,2122.5,2123.0,2122.738144160617,2122.779598361136,0.2,0.2254985783063356,-0.4276809950949929,ok,False
2026-03-20 18:50:00.010317690+00:00,-1.603901077204552,-187.07862198473316,0.08731790991119401,2142.5,0.0,-1.6459426018260388,0.04204152462149801,0.0,2123.6499999999996,2123.6,2123.7,0.09999999999990905,-0.000149266259537593,,,,,,,,,False
2026-03-20 18:51:00.041042977+00:00,-1.6213070924740145,-187.07862198473316,0.08731790991119401,2142.5,0.0,-1.6634061838082617,0.04209909133424847,0.0,2123.45,2123.4,2123.5,0.09999999999990905,-0.000148911634952904,,,,,,,,,False
2026-03-20 18:52:00.102530545+00:00,-1.4378815875020476,-187.07862198473316,0.08731790991119401,2142.5,0.0,-1.4800385729947225,0.04215698549266759,0.0,2125.55,2125.5,2125.6,0.09999999999990905,-0.000149855628276096,,,,,,0.0,0.0,uneconomic_spread,False
2026-03-20 18:53:00.024236487+00:00,-1.4465556031271372,-187.07862198473316,0.08731790991119401,2142.5,0.0,-1.4887703639858738,0.042214760858741394,0.0,2125.45,2125.4,2125.5,0.09999999999990905,-0.000149389539712524,,,,,,,,,False
2026-03-20 18:54:00.009511594+00:00,-1.5076201914145466,-187.07862198473316,0.08731790991119401,2142.5,0.0,-1.5498929009236937,0.04227270950913383,0.0,2124.75,2124.7,2124.8,0.1000000000003638,-0.000149647183333281,,,,,,,,,False
2026-03-20 18:55:00.035242453+00:00,-1.463903394534492,-187.07862198473316,0.08731790991119401,2142.5,0.0,-1.5062339459680967,0.0423305514335994,0.0,2125.25,2125.2,2125.3,0.1000000000003638,-0.000149761076706214,,,,,,,,,False
2026-03-20 18:56:00.046646895+00:00,-1.734531252337723,-187.07862198473316,0.08731790991119401,2142.5,0.0,-1.7769194666928299,0.042388214355094274,0.0,2122.1499999999996,2122.1,2122.2,0.09999999999990905,-0.0001481169329049,,,,,,,,,False
2026-03-20 18:57:00.013144575+00:00,-1.8392560544593541,-187.07862198473316,0.08731790991119401,2142.5,0.0,-1.8817009585862468,0.042444904126882455,0.0,2120.95,2120.9,2121.0,0.09999999999990905,-0.000146495910020165,,,,,,,,,False
2026-03-20 18:58:00.028141221+00:00,-1.8741266917910417,-187.07862198473316,0.08731790991119401,2142.5,0.0,-1.9166281225506927,0.04250143075964897,0.0,2120.55,2120.5,2120.6,0.09999999999990905,-0.000146170198460792,,,,,,,,,False
2026-03-20 18:59:00.027926013+00:00,-1.865338703439829,-187.07862198473316,0.08731790991119401,2142.5,0.0,-1.907896331559621,0.04255762811978381,0.0,2120.6499999999996,2120.6,2120.7,0.09999999999990905,-0.000145159773277516,,,,,,,,,False
2026-03-20 19:00:00.049735342+00:00,-1.6469878233810138,-187.07862198473316,0.08731790991119401,2142.5,0.0,-1.6896015567816358,0.04261373340062526,0.0,2123.1499999999996,2123.1,2123.2,0.09999999999990905,-0.000145002309368018,,,,,,,,,False
2026-03-20 19:01:00.051712621+00:00,-1.3849033447843646,-187.07862198473316,0.08731790991119401,2142.5,0.0,-1.4276478270480537,0.04274448226368357,0.0,2126.1499999999996,2126.1,2126.2,0.09999999999990905,-0.000241781025870784,,,,,,,,,False
2026-03-20 19:02:00.009600151+00:00,-1.2451005561173611,-187.07862198473316,0.08731790991119401,2142.5,0.0,-1.2879391711901116,0.04283861507275673,0.0,2127.75,2127.7,2127.8,0.1000000000003638,-0.00022694990737758,2127.6,2128.1,,,,,,,False
2026-03-20 19:03:00.045862491+00:00,-1.3323344413741778,-187.07862198473316,0.08731790991119401,2142.5,0.0,-1.3752570811013056,0.042922639727118114,0.0,2126.75,2126.7,2126.8,0.1000000000003638,-0.000199931835110366,2126.6,2127.1,,,,,,,False
2026-03-20 19:04:00.012354645+00:00,-1.2973335656975054,-187.07862198473316,0.08731790991119401,2142.5,0.0,-1.34032991713686,0.04299635143936486,0.0,2127.1499999999996,2127.1,2127.2,0.09999999999990905,-0.000181158394957647,,,,,,,,,False
2026-03-20 19:05:00.037887457+00:00,-1.4544375093450654,-187.07862198473316,0.08731790991119401,2142.5,0.0,-1.4975021549769454,0.04306464563189096,0.0,2125.3500000000004,2125.3,2125.4,0.09999999999990905,-0.000170680229463742,,,,,,,,,False
2026-03-20 19:06:00.052639309+00:00,-1.5329594482378408,-187.07862198473316,0.08731790991119401,2142.5,0.0,-1.5760882738970676,0.04312882565921574,0.0,2124.45,2124.4,2124.5,0.09999999999990905,-0.000150978738593325,,,,,,,,,False
2026-03-20 19:07:00.039078142+00:00,-1.6551506868675563,-187.07862198473316,0.08731790991119401,2142.5,0.0,-1.6983333477727076,0.04318266090516083,0.0,2123.05,2123.0,2123.1,0.09999999999990905,-0.000127279308367695,,,,,,,,,False
2026-03-20 19:08:00.035887605+00:00,-1.7162216288503858,-187.07862198473316,0.08731790991119401,2142.5,0.0,-1.7594558847105275,0.04323425586013328,0.0,2122.3500000000004,2122.3,2122.4,0.09999999999990905,-0.000133201268024182,,,,,,,,,False
2026-03-20 19:09:00.062336010+00:00,-1.6026575995029906,-187.07862198473316,0.08731790991119401,2142.5,0.0,-1.6459426018260388,0.04328500232305951,0.0,2123.6499999999996,2123.6,2123.7,0.09999999999990905,-0.000129808457363991,,,,,,,,,False
2026-03-20 19:10:00.067451883+00:00,-1.6637311480948975,-187.07862198473316,0.08731790991119401,2142.5,0.0,-1.7070651387638587,0.043333990668954554,0.0,2122.95,2122.9,2123.0,0.09999999999990905,-0.000122592625114801,,,,,,,,,False
2026-03-20 19:11:00.035492125+00:00,-1.7771966844268083,-187.07862198473316,0.08731790991119401,2142.5,0.0,-1.8205784216484269,0.043381737221626214,0.0,2121.6499999999996,2121.6,2121.7,0.09999999999990905,-0.000121961158923762,,,,,,,,,False
2026-03-20 19:12:00.044198813+00:00,-1.8208098915566566,-187.07862198473316,0.08731790991119401,2142.5,0.0,-1.8642373766040239,0.04342748504736708,0.0,2121.1499999999996,2121.1,2121.2,0.09999999999990905,-0.000117213774309799,,,,,,,,,False
2026-03-20 19:13:00.037160173+00:00,-1.6112015439434437,-187.07862198473316,0.08731790991119401,2142.5,0.0,-1.6546743928171106,0.043472848873655934,0.0,2123.55,2123.5,2123.6,0.09999999999990905,-0.000117926512177639,,,,,,,,,False
2026-03-20 19:14:00.009849207+00:00,-1.4627158298349132,-187.07862198473316,0.08731790991119401,2142.5,0.0,-1.5062339459680967,0.04351811613317823,0.0,2125.25,2125.2,2125.3,0.1000000000003638,-0.000114668130913019,,,,,,,,,False
2026-03-20 19:15:00.047371502+00:00,-1.4277440907699355,-187.07862198473316,0.08731790991119401,2142.5,0.0,-1.4713067820036507,0.04356269123370167,0.0,2125.6499999999996,2125.6,2125.7,0.09999999999990905,-0.000113628593856881,,,,,,,,,False
2026-03-20 19:16:00.032476979+00:00,-1.4888226981749684,-187.07862198473316,0.08731790991119401,2142.5,0.0,-1.5324293189414708,0.0436066207664992,0.0,2124.95,2124.9,2125.0,0.09999999999990905,-0.000115359608298182,,,,,,,,,False
2026-03-20 19:17:00.167408789+00:00,-1.654682555385552,-187.07862198473316,0.08731790991119401,2142.5,0.0,-1.6983333477727076,0.04365079238716529,0.0,2123.05,2123.0,2123.1,0.09999999999990905,-0.000112141783047076,,,,,,,,,False
2026-03-20 19:18:00.042643447+00:00,-1.4188808509225899,-187.07862198473316,0.08731790991119401,2142.5,0.0,-1.4625749910124997,0.04369414008991241,0.0,2125.75,2125.7,2125.8,0.1000000000003638,-0.000114299736779874,2125.5,2126.1,,,,,,,False
2026-03-20 19:19:00.067519122+00:00,-1.3926417143310756,-187.07862198473316,0.08731790991119401,2142.5,0.0,-1.4363796180391255,0.04373790370805043,0.0,2126.05,2126.0,2126.1,0.09999999999990905,-0.000112946966578437,,,,,,,,,False
2026-03-20 19:20:00.046445802+00:00,-1.3140119908061365,-187.07862198473316,0.08731790991119401,2142.5,0.0,-1.3577934991190828,0.04378150831294652,0.0,2126.95,2126.9,2127.0,0.09999999999990905,-0.000110153496000861,,,,,,,,,False
2026-03-20 19:21:00.007680121+00:00,-1.3401642848077062,-187.07862198473316,0.08731790991119401,2142.5,0.0,-1.3839888720924567,0.04382458728475299,0.0,2126.6499999999996,2126.6,2126.7,0.09999999999990905,-0.000111381249004154,,,,,,0.0,0.0,uneconomic_spread,False
2026-03-20 19:22:00.057846216+00:00,-1.418707776257452,-187.07862198473316,0.08731790991119401,2142.5,0.0,-1.4625749910124997,0.04386721475505037,0.0,2125.75,2125.7,2125.8,0.1000000000003638,-0.000107088762417989,,,,,,,,,False
2026-03-20 19:23:00.041790091+00:00,-1.3662749869197093,-187.07862198473316,0.08731790991119401,2142.5,0.0,-1.4101842450657516,0.043909258146040644,0.0,2126.3500000000004,2126.3,2126.4,0.09999999999990905,-0.000106994553527926,,,,,,,,,False
2026-03-20 19:24:00.027373057+00:00,-1.4884786414470177,-187.07862198473316,0.08731790991119401,2142.5,0.0,-1.5324293189414708,0.04395067749444979,0.0,2124.95,2124.9,2125.0,0.09999999999990905,-0.00010545293052126,,,,,,,,,False
2026-03-20 19:25:00.048613623+00:00,-1.7241969021615684,-187.07862198473316,0.08731790991119401,2142.5,0.0,-1.7681876757016786,0.0439907735401139,0.0,2122.25,2122.2,2122.3,0.1000000000003638,-0.00010179072133354,2122.0,2122.5,,,,,,,False
2026-03-20 19:26:00.052757988+00:00,-1.6543031779020159,-187.07862198473316,0.08731790991119401,2142.5,0.0,-1.6983333477727076,0.0440301698707012,0.0,2123.05,2123.0,2123.1,0.09999999999990905,-0.000101225868938763,,,,,,,,,False
2026-03-20 19:27:00.035616416+00:00,-1.6629959783303023,-187.07862198473316,0.08731790991119401,2142.5,0.0,-1.7070651387638587,0.044069160433549796,0.0,2122.95,2122.9,2123.0,0.09999999999990905,-0.000100218321870061,,,,,,,,,False
2026-03-20 19:28:00.043307427+00:00,-1.4708577180965416,-187.07862198473316,0.08731790991119401,2142.5,0.0,-1.5149657369592477,0.04410801886271309,0.0,2125.1499999999996,2125.1,2125.2,0.09999999999990905,-0.000100551363208795,,,,,,,,,False
2026-03-20 19:29:00.048214142+00:00,-1.4882823938472758,-187.07862198473316,0.08731790991119401,2142.5,0.0,-1.5324293189414708,0.044146925094191616,0.0,2124.95,2124.9,2125.0,0.09999999999990905,-0.000100597237459527,,,,,,,,,False
2026-03-20 19:30:00.076533760+00:00,-1.496975425058005,-187.07862198473316,0.08731790991119401,2142.5,0.0,-1.5411611099325424,0.044185684874540596,0.0,2124.8500000000004,2124.8,2124.9,0.09999999999990905,-0.000100051504758355,,,,,,,,,False
2026-03-20 19:31:00.047787856+00:00,-1.2611780620436464,-187.07862198473316,0.08731790991119401,2142.5,0.0,-1.3054027531723345,0.044224691128684324,0.0,2127.55,2127.5,2127.6,0.09999999999990905,-0.000102177290078917,,,,,,,,,False
2026-03-20 19:32:00.021036576+00:00,-1.409578976653637,-187.07862198473316,0.08731790991119401,2142.5,0.0,-1.4538432000213484,0.04426422336770202,0.0,2125.8500000000004,2125.8,2125.9,0.09999999999990905,-0.00010305303159126,,,,,,,,,False
2026-03-20 19:33:00.037437821+00:00,-1.514320915054665,-187.07862198473316,0.08731790991119401,2142.5,0.0,-1.5586246919148448,0.044303776860178695,0.0,2124.6499999999996,2124.6,2124.7,0.09999999999990905,-0.000100259076007066,,,,,,,,,False
2026-03-20 19:34:00.035370365+00:00,-1.5841364553178816,-187.07862198473316,0.08731790991119401,2142.5,0.0,-1.6284790198437364,0.04434256452584186,0.0,2123.8500000000004,2123.8,2123.9,0.09999999999990905,-9.8983576732596e-05,,,,,,,,,False
2026-03-20 19:35:00.035299432+00:00,-1.750002704680519,-187.07862198473316,0.08731790991119401,2142.5,0.0,-1.7943830486750527,0.04438034399453927,0.0,2121.95,2121.9,2122.0,0.09999999999990905,-9.6496745202735e-05,,,,,,,,,False
2026-03-20 19:36:00.035634072+00:00,-1.9071380230259207,-187.07862198473316,0.08731790991119401,2142.5,0.0,-1.951555286515218,0.04441726348930937,0.0,2120.1499999999996,2120.1,2120.2,0.09999999999990905,-9.441748918708e-05,,,,,,,,,False
2026-03-20 19:37:00.035124808+00:00,-1.9769563981134075,-187.07862198473316,0.08731790991119401,2142.5,0.0,-2.0214096144441096,0.04445321633070265,0.0,2119.3500000000004,2119.3,2119.4,0.09999999999990905,-9.2795759317609e-05,,,,,,,,,False
2026-03-20 19:38:00.054029137+00:00,-2.1428252064929914,-187.07862198473316,0.08731790991119401,2142.5,0.0,-2.187313643275426,0.04448843678242527,0.0,2117.45,2117.4,2117.5,0.09999999999990905,-9.1089596626772e-05,,,,,,,,,False
2026-03-20 19:39:00.037540006+00:00,-2.055471858086815,-187.07862198473316,0.08731790991119401,2142.5,0.0,-2.099995733364232,0.04452387527742323,0.0,2118.45,2118.4,2118.5,0.09999999999990905,-9.2085845115458e-05,,,,,,,,,False
2026-03-20 19:40:00.025853736+00:00,-1.9506549307079428,-187.07862198473316,0.08731790991119401,2142.5,0.0,-1.995214241470815,0.0445593107628764,0.0,2119.6499999999996,2119.6,2119.7,0.09999999999990905,-9.227407111703e-05,,,,,,,,,False
2026-03-20 19:41:00.007161808+00:00,-1.723592142011586,-187.07862198473316,0.08731790991119401,2142.5,0.0,-1.7681876757016786,0.044595533690096195,0.0,2122.25,2122.2,2122.3,0.1000000000003638,-9.4322128147532e-05,2122.1,2122.6,,,,,,,False
2026-03-20 19:42:00.017622136+00:00,-1.6275060936278771,-187.07862198473316,0.08731790991119401,2142.5,0.0,-1.6721379747993335,0.0446318811714639,0.0,2123.3500000000004,2123.3,2123.4,0.09999999999990905,-9.2985087973692e-05,,,,,,,,,False
2026-03-20 19:43:00.072953592+00:00,-1.5314204336602766,-187.07862198473316,0.08731790991119401,2142.5,0.0,-1.5760882738970676,0.04466784023677997,0.0,2124.45,2124.4,2124.5,0.09999999999990905,-9.2816942192679e-05,,,,,,,,,False
2026-03-20 19:44:00.048696248+00:00,-1.260698559563739,-187.07862198473316,0.08731790991119401,2142.5,0.0,-1.3054027531723345,0.04470419360859165,0.0,2127.55,2127.5,2127.6,0.09999999999990905,-9.4600047838906e-05,,,,,,,,,False
2026-03-20 19:45:00.080782525+00:00,-1.0860259819552134,-187.07862198473316,0.08731790991119401,2142.5,0.0,-1.1307669333499466,0.04474095139473275,0.0,2129.55,2129.5,2129.6,0.09999999999990905,-9.5635121336539e-05,,,,,,,,,False
2026-03-20 19:46:00.036303824+00:00,-1.1558436535764003,-187.07862198473316,0.08731790991119401,2142.5,0.0,-1.2006212612789176,0.04477760770251107,0.0,2128.75,2128.7,2128.8,0.1000000000003638,-9.3679729635334e-05,,,,,,,,,False
2026-03-20 19:47:00.062968823+00:00,-1.2431252225235294,-187.07862198473316,0.08731790991119401,2142.5,0.0,-1.2879391711901116,0.04481394866658848,0.0,2127.75,2127.7,2127.8,0.1000000000003638,-9.3732088206438e-05,2127.5,2128.1,,,,,,,False
2026-03-20 19:48:00.014187868+00:00,-1.2081623609623011,-187.07862198473316,0.08731790991119401,2142.5,0.0,-1.2530120072256659,0.044849646263362554,0.0,2128.1499999999996,2128.1,2128.2,0.09999999999990905,-9.2154882478596e-05,,,,,,,,,False
2026-03-20 19:49:00.035816361+00:00,-1.3478359184526105,-187.07862198473316,0.08731790991119401,2142.5,0.0,-1.3927206630835285,0.04488474463092658,0.0,2126.55,2126.5,2126.6,0.09999999999990905,-8.9700729817375e-05,,,,,,,,,False
2026-03-20 19:50:00.035547089+00:00,-1.5660963907597383,-187.07862198473316,0.08731790991119401,2142.5,0.0,-1.6110154378615136,0.04491904710177247,0.0,2124.05,2124.0,2124.1,0.09999999999990905,-8.8067423646566e-05,,,,,,,,,False
2026-03-20 19:51:00.044437784+00:00,-1.3826947850085036,-187.07862198473316,0.08731790991119401,2142.5,0.0,-1.4276478270480537,0.044953042039544616,0.0,2126.1499999999996,2126.1,2126.2,0.09999999999990905,-8.758954104498e-05,,,,,,,,,False
2026-03-20 19:52:00.124744839+00:00,-1.2429520586663343,-187.07862198473316,0.08731790991119401,2142.5,0.0,-1.2879391711901116,0.044987112523783485,0.0,2127.75,2127.7,2127.8,0.1000000000003638,-8.7914998119627e-05,,,,,,,,,False
2026-03-20 19:53:00.005039483+00:00,-1.1119410813971156,-187.07862198473316,0.08731790991119401,2142.5,0.0,-1.1569623063233205,0.045021224926206777,0.0,2129.25,2129.2,2129.3,0.1000000000003638,-8.7802001949959e-05,,,,,,,,,False
2026-03-20 19:54:00.067261861+00:00,-0.9983935687283058,-187.07862198473316,0.08731790991119401,2142.5,0.0,-1.0434490234387526,0.045055454710433936,0.0,2130.55,2130.5,2130.6,0.09999999999990905,-8.8188343165796e-05,,,,,,,,,False
2026-03-20 19:55:00.043734283+00:00,-0.8673827070055806,-187.07862198473316,0.08731790991119401,2142.5,0.0,-0.9124721585719615,0.04508945156639198,0.0,2132.05,2132.0,2132.1,0.09999999999990905,-8.7816212556767e-05,,,,,,,,,False
2026-03-20 19:56:00.063314459+00:00,-0.771299121835385,-187.07862198473316,0.08731790991119401,2142.5,0.0,-0.8164224576696958,0.04512333583430319,0.0,2133.1499999999996,2133.1,2133.2,0.09999999999990905,-8.6421289665762e-05,,,,,,,,,False
2026-03-20 19:57:00.049087602+00:00,-0.8236567539281933,-187.07862198473316,0.08731790991119401,2142.5,0.0,-0.8688132036163645,0.045156449688161925,0.0,2132.55,2132.5,2132.6,0.09999999999990905,-8.4278895869982e-05,,,,,,,,,False
2026-03-20 19:58:00.035513353+00:00,-0.7363064118468181,-187.07862198473316,0.08731790991119401,2142.5,0.0,-0.7814952937051705,0.04518888185835905,0.0,2133.55,2133.5,2133.6,0.09999999999990905,-8.2951561704871e-05,,,,,,,,,False
2026-03-20 19:59:00.006374618+00:00,-0.7362745044848183,-187.07862198473316,0.08731790991119401,2142.5,0.0,-0.7814952937051705,0.04522078922035877,0.0,2133.55,2133.5,2133.6,0.09999999999990905,-8.1251371764941e-05,,,,,,,,,False
2026-03-20 20:00:00.014229761+00:00,-0.7799023255078033,-187.07862198473316,0.08731790991119401,2142.5,0.0,-0.8251542486607675,0.045251923152962836,0.0,2133.05,2133.0,2133.1,0.09999999999990905,-7.9528413807408e-05,,,,,,,,,False
2026-03-20 20:01:00.136394124+00:00,-0.6488897740653731,-187.07862198473316,0.08731790991119401,2142.5,0.0,-0.6941773837939765,0.045287609728597605,0.0,2134.55,2134.5,2134.6,0.09999999999990905,-7.7922340202077e-05,,,,,,,,,False
2026-03-20 20:02:00.073146429+00:00,-0.9195639605855418,-187.07862198473316,0.08731790991119401,2142.5,0.0,-0.9648629045187097,0.04529894393315468,0.0,2131.45,2131.4,2131.5,0.09999999999990905,2.640466673456e-06,,,,,,,,,False
2026-03-20 20:03:00.036902506+00:00,-0.7885878052998813,-187.07862198473316,0.08731790991119401,2142.5,0.0,-0.8338860396519187,0.045298234352048175,0.0,2132.95,2132.9,2133.0,0.09999999999990905,-3.057966364148e-06,,,,,,,,,False
2026-03-20 20:04:00.077149341+00:00,-0.5615545357283723,-187.07862198473316,0.08731790991119401,2142.5,0.0,-0.6068594738827825,0.04530493815442029,0.0,2135.55,2135.5,2135.6,0.09999999999990905,-2.3116682455057e-05,,,,,,,,,False
2026-03-20 20:05:00.055192544+00:00,-0.8235023613566032,-187.07862198473316,0.08731790991119401,2142.5,0.0,-0.8688132036163645,0.04531084225975203,0.0,2132.55,2132.5,2132.6,0.09999999999990905,-1.1624811053038e-05,,,,,,,,,False
2026-03-20 20:06:00.019588528+00:00,-0.7711087157958814,-187.07862198473316,0.08731790991119401,2142.5,0.0,-0.8164224576696958,0.04531374187380682,0.0,2133.1499999999996,2133.1,2133.2,0.09999999999990905,-8.342634834691e-06,,,,,,,,,False
2026-03-20 20:07:00.039414136+00:00,-0.6837870324359554,-187.07862198473316,0.08731790991119401,2142.5,0.0,-0.7291045477585018,0.04531751532255473,0.0,2134.1499999999996,2134.1,2134.2,0.09999999999990905,-1.1902390148535e-05,,,,,,,,,False
2026-03-20 20:08:00.021097439+00:00,-0.6925140409230028,-187.07862198473316,0.08731790991119401,2142.5,0.0,-0.7378363387495734,0.04532229782655687,0.0,2134.05,2134.0,2134.1,0.09999999999990905,-1.0458136061112e-05,,,,,,,,,False
2026-03-20 20:09:00.135402915+00:00,-0.6925095293315829,-187.07862198473316,0.08731790991119401,2142.5,0.0,-0.7378363387495734,0.04532680941797676,0.0,2134.05,2134.0,2134.1,0.09999999999990905,-1.3088693353446e-05,,,,,,,,,False
2026-03-20 20:10:00.051422367+00:00,-0.6837721182038182,-187.07862198473316,0.08731790991119401,2142.5,0.0,-0.7291045477585018,0.0453324295546919,0.0,2134.1499999999996,2134.1,2134.2,0.09999999999990905,-1.8757638774269e-05,,,,,,,,,False
2026-03-20 20:11:00.057525417+00:00,-0.5789825826054734,-187.07862198473316,0.08731790991119401,2142.5,0.0,-0.6243230558650054,0.04534047325953203,0.0,2135.3500000000004,2135.3,2135.4,0.09999999999990905,-2.257499567623e-05,,,,,,,,,False
2026-03-20 20:12:00.036621011+00:00,-0.6400953749717063,-187.07862198473316,0.08731790991119401,2142.5,0.0,-0.6854455928029047,0.04535021783118634,0.0,2134.6499999999996,2134.6,2134.7,0.09999999999990905,-2.618323617466e-05,,,,,,,,,False
2026-03-20 20:13:00.018636028+00:00,-0.49164232669053876,-187.07862198473316,0.08731790991119401,2142.5,0.0,-0.5370051459538114,0.04536281926326022,0.0,2136.3500000000004,2136.3,2136.4,0.09999999999990905,-3.5476498965177e-05,,,,,,,,,False
2026-03-20 20:14:00.035624795+00:00,-0.5964105178424217,-187.07862198473316,0.08731790991119401,2142.5,0.0,-0.6417866378473077,0.045376120004881934,0.0,2135.1499999999996,2135.1,2135.2,0.09999999999990905,-3.3343447719562e-05,,,,,,,,,False
2026-03-20 20:15:00.046839827+00:00,-0.5963973369221733,-187.07862198473316,0.08731790991119401,2142.5,0.0,-0.6417866378473077,0.04538930092513032,0.0,2135.1499999999996,2135.1,2135.2,0.09999999999990905,-3.4977753690566e-05,,,,,,,,,False
2026-03-20 20:16:00.054762688+00:00,-0.8059469244997376,-187.07862198473316,0.08731790991119401,2142.5,0.0,-0.8513496216341416,0.045402697134404736,0.0,2132.75,2132.7,2132.8,0.1000000000003638,-3.3847008955643e-05,2132.5,2133.0,,,,,,,False
2026-03-20 20:17:00.047378992+00:00,-0.779739439377809,-187.07862198473316,0.08731790991119401,2142.5,0.0,-0.8251542486607675,0.04541480928295719,0.0,2133.05,2133.0,2133.1,0.09999999999990905,-3.0837604383215e-05,,,,,,,,,False
2026-03-20 20:18:00.069702204+00:00,-0.7186044518040183,-187.07862198473316,0.08731790991119401,2142.5,0.0,-0.7640317117229476,0.04542725991891751,0.0,2133.75,2133.7,2133.8,0.1000000000003638,-3.2990251364567e-05,2133.5,2134.1,,,,,,,False
2026-03-20 20:19:00.027833338+00:00,-1.0853270960295138,-187.07862198473316,0.08731790991119401,2142.5,0.0,-1.1307669333499466,0.04543983732043228,0.0,2129.55,2129.5,2129.6,0.09999999999990905,-3.1306018740625e-05,,,,,,,,,False
2026-03-20 20:20:00.012973403+00:00,-0.919411650800397,-187.07862198473316,0.08731790991119401,2142.5,0.0,-0.9648629045187097,0.04545125371829945,0.0,2131.45,2131.4,2131.5,0.09999999999990905,-2.8634055538793e-05,,,,,,,,,False
2026-03-20 20:21:00.039481408+00:00,-0.9717917455381061,-187.07862198473316,0.08731790991119401,2142.5,0.0,-1.0172536504653784,0.04546190492725747,0.0,2130.8500000000004,2130.8,2130.9,0.09999999999990905,-2.6508066558605e-05,,,,,,,,,False
2026-03-20 20:22:00.073961896+00:00,-1.0067092847180878,-187.07862198473316,0.08731790991119401,2142.5,0.0,-1.0521808144299036,0.04547152971181509,0.0,2130.45,2130.4,2130.5,0.09999999999990905,-2.4205359781212e-05,,,,,,,,,False
2026-03-20 20:23:00.035974664+00:00,-0.9717733335724255,-187.07862198473316,0.08731790991119401,2142.5,0.0,-1.0172536504653784,0.04548031689293808,0.0,2130.8500000000004,2130.8,2130.9,0.09999999999990905,-2.1164344243555e-05,,,,,,,,,False
2026-03-20 20:24:00.053949411+00:00,-0.8757149953238622,-187.07862198473316,0.08731790991119401,2142.5,0.0,-0.9212039495631127,0.04548895423924529,0.0,2131.95,2131.9,2132.0,0.09999999999990905,-2.1660018684201e-05,,,,,,,,,False
2026-03-20 20:25:00.030403656+00:00,-0.9630251218861967,-187.07862198473316,0.08731790991119401,2142.5,0.0,-1.0085218594743066,0.04549673758811721,0.0,2130.95,2130.9,2131.0,0.09999999999990905,-1.7975509260271e-05,,,,,,,,,False
2026-03-20 20:26:00.066554325+00:00,-1.0677998956793502,-187.07862198473316,0.08731790991119401,2142.5,0.0,-1.1133033513677235,0.04550345568838305,0.0,2129.75,2129.7,2129.8,0.1000000000003638,-1.79846383392e-05,,,,,,,,,False
2026-03-20 20:27:00.291522388+00:00,-1.015401640727893,-187.07862198473316,0.08731790991119401,2142.5,0.0,-1.0609126054209754,0.04551096469308796,0.0,2130.3500000000004,2130.3,2130.4,0.09999999999990905,-1.9404626752439e-05,,,,,,,,,False
2026-03-20 20:28:00.033626742+00:00,-1.0765169380097834,-187.07862198473316,0.08731790991119401,2142.5,0.0,-1.1220351423588748,0.045518204349084816,0.0,2129.6499999999996,2129.6,2129.7,0.09999999999990905,-1.8668198318175e-05,,,,,,0.0,0.0,uneconomic_spread,False
2026-03-20 20:29:00.185148007+00:00,-1.0765100099002556,-187.07862198473316,0.08731790991119401,2142.5,0.0,-1.1220351423588748,0.045525132458612554,0.0,2129.6499999999996,2129.6,2129.7,0.09999999999990905,-1.749002485336e-05,,,,,,,,,False
2026-03-20 20:30:00.042813928+00:00,-0.9542580736321197,-187.07862198473316,0.08731790991119401,2142.5,0.0,-0.9997900684831555,0.04553199485103103,0.0,2131.05,2131.0,2131.1,0.09999999999990905,-1.7486878212624e-05,,,,,,,,,False
2026-03-20 20:31:00.021057325+00:00,-1.2424007308893414,-187.07862198473316,0.08731790991119401,2142.5,0.0,-1.2879391711901116,0.04553844030077627,0.0,2127.75,2127.7,2127.8,0.1000000000003638,-1.5034343425896e-05,,,,,,,,,False
2026-03-20 20:32:00.056985010+00:00,-1.3646400466227837,-187.07862198473316,0.08731790991119401,2142.5,0.0,-1.4101842450657516,0.04554419844296639,0.0,2126.3500000000004,2126.3,2126.4,0.09999999999990905,-1.4274555199146e-05,,,,,,,,,False
2026-03-20 20:33:00.353578371+00:00,-1.5218069282716746,-187.07862198473316,0.08731790991119401,2142.5,0.0,-1.5673564829059166,0.04554955463424709,0.0,2124.55,2124.5,2124.6,0.09999999999990905,-1.2749335367768e-05,,,,,,,,,False
2026-03-20 20:34:00.118151503+00:00,-1.504338642788443,-187.07862198473316,0.08731790991119401,2142.5,0.0,-1.5498929009236937,0.04555425813523734,0.0,2124.75,2124.7,2124.8,0.1000000000003638,-1.1878007784749e-05,2124.5,2125.0,,,,,,,False
2026-03-20 20:35:00.141828447+00:00,-1.4519431761908623,-187.07862198473316,0.08731790991119401,2142.5,0.0,-1.4975021549769454,0.04555897878609424,0.0,2125.3500000000004,2125.3,2125.4,0.09999999999990905,-1.3134739549367e-05,,,,,,,,,False
2026-03-20 20:36:00.035492708+00:00,-1.5305242201911813,-187.07862198473316,0.08731790991119401,2142.5,0.0,-1.5760882738970676,0.04556405370587514,0.0,2124.45,2124.4,2124.5,0.09999999999990905,-1.2598264580056e-05,,,,,,,,,False
2026-03-20 20:37:00.053543082+00:00,-1.3908105561985706,-187.07862198473316,0.08731790991119401,2142.5,0.0,-1.4363796180391255,0.04556906184055558,0.0,2126.05,2126.0,2126.1,0.09999999999990905,-1.2707200380951e-05,,,,,,,,,False
2026-03-20 20:38:00.035336722+00:00,-1.1550469032167108,-187.07862198473316,0.08731790991119401,2142.5,0.0,-1.2006212612789176,0.04557435806220047,0.0,2128.75,2128.7,2128.8,0.1000000000003638,-1.4975703957052e-05,2128.5,2129.0,,,,,,,False
2026-03-20 20:39:00.068932332+00:00,-1.1463093986110697,-187.07862198473316,0.08731790991119401,2142.5,0.0,-1.1918894702877665,0.04558007167670672,0.0,2128.8500000000004,2128.8,2128.9,0.09999999999990905,-1.4507427922438e-05,,,,,,,,,False
2026-03-20 20:40:00.010139063+00:00,-1.1550357230407557,-187.07862198473316,0.08731790991119401,2142.5,0.0,-1.2006212612789176,0.04558553823815569,0.0,2128.75,2128.7,2128.8,0.1000000000003638,-1.3282917674114e-05,2128.5,2129.1,,,,,,,False
2026-03-20 20:41:00.399840498+00:00,-1.2248850275068202,-187.07862198473316,0.08731790991119401,2142.5,0.0,-1.2704755892078887,0.045590561701056374,0.0,2127.95,2127.9,2128.0,0.09999999999990905,-1.2981821362978e-05,,,,,,,,,False
2026-03-20 20:42:00.008208428+00:00,-1.1288300975902152,-187.07862198473316,0.08731790991119401,2142.5,0.0,-1.1744258883055436,0.045595790715320016,0.0,2129.05,2129.0,2129.1,0.09999999999990905,-1.329572494878e-05,,,,,,,,,False
2026-03-20 20:43:00.037264024+00:00,-1.1899475720488493,-187.07862198473316,0.08731790991119401,2142.5,0.0,-1.2355484252433635,0.04560085319451623,0.0,2128.3500000000004,2128.3,2128.4,0.09999999999990905,-1.2306318535967e-05,,,,,,,,,False
2026-03-20 20:44:00.036294668+00:00,-1.172479130779169,-187.07862198473316,0.08731790991119401,2142.5,0.0,-1.2180848432611406,0.04560571248198356,0.0,2128.55,2128.5,2128.6,0.09999999999990905,-1.2646816391267e-05,,,,,,,,,False
2026-03-20 20:45:00.050507362+00:00,-1.1375472857738342,-187.07862198473316,0.08731790991119401,2142.5,0.0,-1.1831576792966947,0.045610393522864154,0.0,2128.95,2128.9,2129.0,0.09999999999990905,-1.123441859286e-05,,,,,,,,,False
2026-03-20 20:46:00.027908486+00:00,-1.0851521039060559,-187.07862198473316,0.08731790991119401,2142.5,0.0,-1.1307669333499466,0.04561482944389028,0.0,2129.55,2129.5,2129.6,0.09999999999990905,-1.1250725986845e-05,,,,,,,,,False
2026-03-20 20:47:00.037513015+00:00,-1.1113433778188748,-187.07862198473316,0.08731790991119401,2142.5,0.0,-1.1569623063233205,0.045618928504447404,0.0,2129.25,2129.2,2129.3,0.1000000000003638,-9.735578328759e-06,2128.9,2129.5,,,,,,,False
2026-03-20 20:48:00.143613073+00:00,-0.9890943916144876,-187.07862198473316,0.08731790991119401,2142.5,0.0,-1.0347172324476808,0.04562284083320241,0.0,2130.6499999999996,2130.6,2130.7,0.09999999999990905,-1.13758157984e-05,,,,,,,,,False
2026-03-20 20:49:00.236480359+00:00,-0.9017721343895423,-187.07862198473316,0.08731790991119401,2142.5,0.0,-0.9473993225364867,0.04562718814694134,0.0,2131.6499999999996,2131.6,2131.7,0.09999999999990905,-1.1336112897058e-05,,,,,,,,,False
2026-03-20 20:50:00.052207979+00:00,-0.7882543220372906,-187.07862198473316,0.08731790991119401,2142.5,0.0,-0.8338860396519187,0.04563171761463876,0.0,2132.95,2132.9,2133.0,0.09999999999990905,-1.1981513244553e-05,,,,,,,,,False
2026-03-20 20:51:00.009233688+00:00,-0.6834678435354229,-187.07862198473316,0.08731790991119401,2142.5,0.0,-0.7291045477585018,0.045636704223087195,0.0,2134.1499999999996,2134.1,2134.2,0.09999999999990905,-1.3537374057346e-05,,,,,,,,,False
2026-03-20 20:52:00.035191788+00:00,-0.6485358618664233,-187.07862198473316,0.08731790991119401,2142.5,0.0,-0.6941773837939765,0.045641521927547356,0.0,2134.55,2134.5,2134.6,0.09999999999990905,-1.267992896594e-05,,,,,,,,,False
2026-03-20 20:53:00.029780345+00:00,-0.7533128966423811,-187.07862198473316,0.08731790991119401,2142.5,0.0,-0.7989588756873934,0.045645979045008875,0.0,2133.3500000000004,2133.3,2133.4,0.09999999999990905,-1.0788805637196e-05,,,,,,,,,False
2026-03-20 20:54:00.077230300+00:00,-0.7707726134162002,-187.07862198473316,0.08731790991119401,2142.5,0.0,-0.8164224576696958,0.045649844253487996,0.0,2133.1499999999996,2133.1,2133.2,0.09999999999990905,-9.285999277445e-06,,,,,,,,,False
2026-03-20 20:55:00.047574887+00:00,-0.7707687713600269,-187.07862198473316,0.08731790991119401,2142.5,0.0,-0.8164224576696958,0.04565368630966121,0.0,2133.1499999999996,2133.1,2133.2,0.09999999999990905,-9.923225719822e-06,,,,,,,,,False
2026-03-20 20:56:00.059998771+00:00,-0.7620332238319194,-187.07862198473316,0.08731790991119401,2142.5,0.0,-0.8076906666785446,0.045657442846633894,0.0,2133.25,2133.2,2133.3,0.1000000000003638,-9.752036654732e-06,2133.0,2133.5,,,,,,,False
2026-03-20 20:57:00.035507832+00:00,-0.7183706387028191,-187.07862198473316,0.08731790991119401,2142.5,0.0,-0.7640317117229476,0.04566107302011671,0.0,2133.75,2133.7,2133.8,0.1000000000003638,-8.720284175162e-06,2133.5,2134.0,,,,,,,False
2026-03-20 20:58:00.027442280+00:00,-0.6921722076701091,-187.07862198473316,0.08731790991119401,2142.5,0.0,-0.7378363387495734,0.04566413107945057,0.0,2134.05,2134.0,2134.1,0.09999999999990905,-7.432552841366e-06,,,,,,,,,False
2026-03-20 20:59:00.019359488+00:00,-0.7620239837661691,-187.07862198473316,0.08731790991119401,2142.5,0.0,-0.8076906666785446,0.0456666829123842,0.0,2133.25,2133.2,2133.3,0.1000000000003638,-5.595409397037e-06,,,,,,,,,False
2026-03-20 21:00:00.035739421+00:00,-0.7445589244336118,-187.07862198473316,0.08731790991119401,2142.5,0.0,-0.7902270846963216,0.045668160262700146,0.0,2133.45,2133.4,2133.5,0.09999999999990905,-2.70581653335e-06,,,,,,,,,False
2026-03-20 21:01:00.022864421+00:00,-0.6747186102598517,-187.07862198473316,0.08731790991119401,2142.5,0.0,-0.7203727567673506,0.045654146507495164,0.0,2134.25,2134.2,2134.3,0.1000000000003638,6.189963014724e-05,2133.9,2134.5,,,,,,,False
2026-03-20 21:02:00.036534887+00:00,-0.7533384732130354,-187.07862198473316,0.08731790991119401,2142.5,0.0,-0.7989588756873934,0.045620402474354615,0.0,2133.3500000000004,2133.3,2133.4,0.09999999999990905,9.9007667171227e-05,,,,,,,,,False
2026-03-20 21:03:00.073689459+00:00,-0.8581596732221565,-187.07862198473316,0.08731790991119401,2142.5,0.0,-0.9037403675808897,0.045580694358738086,0.0,2132.1499999999996,2132.1,2132.2,0.09999999999990905,0.000100603175836924,,,,,,,,,False
2026-03-20 21:04:00.036927584+00:00,-0.7184840472103022,-187.07862198473316,0.08731790991119401,2142.5,0.0,-0.7640317117229476,0.045547664512633625,0.0,2133.75,2133.7,2133.8,0.1000000000003638,8.0761115811601e-05,2133.4,2134.0,,,,,,,False
2026-03-20 21:05:00.065253159+00:00,-0.7185130961218769,-187.07862198473316,0.08731790991119401,2142.5,0.0,-0.7640317117229476,0.045518615601059,0.0,2133.75,2133.7,2133.8,0.1000000000003638,6.4662545559782e-05,2133.5,2134.0,,,,,,,False
2026-03-20 21:06:00.092343348+00:00,-0.7621950627948741,-187.07862198473316,0.08731790991119401,2142.5,0.0,-0.8076906666785446,0.04549560388367912,0.0,2133.25,2133.2,2133.3,0.1000000000003638,6.0640849490468e-05,2132.9,2133.5,,,,,,,False
2026-03-20 21:07:00.020905455+00:00,-0.6748992686352999,-187.07862198473316,0.08731790991119401,2142.5,0.0,-0.7203727567673506,0.04547348813204688,0.0,2134.25,2134.2,2134.3,0.1000000000003638,5.5464419268858e-05,2134.0,2134.5,,,,,,,False
2026-03-20 21:08:00.036597984+00:00,-0.7447778595058379,-187.07862198473316,0.08731790991119401,2142.5,0.0,-0.7902270846963216,0.04544922519047411,0.0,2133.45,2133.4,2133.5,0.09999999999990905,6.4773256724818e-05,,,,,,,,,False
2026-03-20 21:09:00.063294193+00:00,-0.7273397152880422,-187.07862198473316,0.08731790991119401,2142.5,0.0,-0.7727635027140988,0.045423787426056864,0.0,2133.6499999999996,2133.6,2133.7,0.09999999999990905,6.4139167717935e-05,,,,,,,,,False
2026-03-20 21:10:00.033395013+00:00,-0.7273645833649317,-187.07862198473316,0.08731790991119401,2142.5,0.0,-0.7727635027140988,0.045398919349167406,0.0,2133.6499999999996,2133.6,2133.7,0.09999999999990905,6.0370555695722e-05,,,,,,,,,False
2026-03-20 21:11:00.024090668+00:00,-0.8583640703643173,-187.07862198473316,0.08731790991119401,2142.5,0.0,-0.9037403675808897,0.04537629721657732,0.0,2132.1499999999996,2132.1,2132.2,0.09999999999990905,5.9775132321445e-05,,,,,,,,,False
2026-03-20 21:12:00.035637676+00:00,-0.9020474753877088,-187.07862198473316,0.08731790991119401,2142.5,0.0,-0.9473993225364867,0.045351847148774826,0.0,2131.6499999999996,2131.6,2131.7,0.09999999999990905,6.2903659746781e-05,,,,,,,,,False
2026-03-20 21:13:00.067639556+00:00,-0.7972888794109467,-187.07862198473316,0.08731790991119401,2142.5,0.0,-0.8426178306429905,0.04532895123203227,0.0,2132.8500000000004,2132.8,2132.9,0.09999999999990905,5.6300220029149e-05,,,,,,,,,False
2026-03-20 21:14:00.068005799+00:00,-0.6401388449652943,-187.07862198473316,0.08731790991119401,2142.5,0.0,-0.6854455928029047,0.04530674783759837,0.0,2134.6499999999996,2134.6,2134.7,0.09999999999990905,5.4598775250963e-05,,,,,,,,,False
2026-03-20 21:15:00.016760368+00:00,-0.6488922788281855,-187.07862198473316,0.08731790991119401,2142.5,0.0,-0.6941773837939765,0.04528510496578521,0.0,2134.55,2134.5,2134.6,0.09999999999990905,5.6425554686543e-05,,,,,,,,,False
2026-03-20 21:16:00.052448971+00:00,-0.5877915154405504,-187.07862198473316,0.08731790991119401,2142.5,0.0,-0.6330548468561565,0.04526333141561835,0.0,2135.25,2135.2,2135.3,0.1000000000003638,5.6086996970688e-05,,,,,,,,,False
2026-03-20 21:17:00.071983180+00:00,-0.4830316531341124,-187.07862198473316,0.08731790991119401,2142.5,0.0,-0.5282733549627396,0.04524170182863701,0.0,2136.45,2136.4,2136.5,0.09999999999990905,5.5971556344784e-05,,,,,,,,,False
2026-03-20 21:18:00.039464823+00:00,-0.3695398896458813,-187.07862198473316,0.08731790991119401,2142.5,0.0,-0.41476007207817156,0.04522018243228548,0.0,2137.75,2137.7,2137.8,0.1000000000003638,5.4852454048802e-05,2137.4,2137.9,,,,,,,False
2026-03-20 21:19:00.036576353+00:00,0.6345955051653769,-187.07862198473316,0.08731790991119401,2142.5,0.0,0.5893958919005595,0.04519961326482558,0.0,2149.25,2149.2,2149.3,0.1000000000003638,4.9826312361738e-05,,,,,,,,,False
2026-03-20 21:20:00.058088791+00:00,0.5472584725026534,-187.07862198473316,0.08731790991119401,2142.5,0.0,0.5020779819893656,0.045180490513280075,0.0,2148.25,2148.2,2148.3,0.1000000000003638,5.0853248361437e-05,2147.7000000000003,2148.6,,,,,,,False
2026-03-20 21:21:00.011641394+00:00,0.5035805286991052,-187.07862198473316,0.08731790991119401,2142.5,0.0,0.4584190270337685,0.04516150166532091,0.0,2147.75,2147.7,2147.8,0.1000000000003638,5.0372282948884e-05,2147.5,2148.0,,,,,,,False
2026-03-20 21:22:00.035569126+00:00,0.6170747868718296,-187.07862198473316,0.08731790991119401,2142.5,0.0,0.5719323099183367,0.045142476953491155,0.0,2149.05,2149.0,2149.1,0.09999999999990905,4.6992675581217e-05,,,,,,,,,False
2026-03-20 21:23:00.062124802+00:00,0.5733970733629938,-187.07862198473316,0.08731790991119401,2142.5,0.0,0.5282733549627396,0.04512371840024445,0.0,2148.55,2148.5,2148.6,0.09999999999990905,4.8070979636433e-05,,,,,,,,,False
2026-03-20 21:24:00.132662827+00:00,0.5559153183393158,-187.07862198473316,0.08731790991119401,2142.5,0.0,0.5108097729805167,0.04510554535880772,0.0,2148.3500000000004,2148.3,2148.4,0.09999999999990905,4.5434483980409e-05,,,,,,,,,False
2026-03-20 21:25:00.032590532+00:00,0.5384340191372589,-187.07862198473316,0.08731790991119401,2142.5,0.0,0.49334619099821436,0.04508782813904893,0.0,2148.1499999999996,2148.1,2148.2,0.09999999999990905,4.5285755089265e-05,,,,,,,,,False
2026-03-20 21:26:00.078241696+00:00,0.6344672487781832,-187.07862198473316,0.08731790991119401,2142.5,0.0,0.5893958919005595,0.04507135687763186,0.0,2149.25,2149.2,2149.3,0.1000000000003638,3.9954503958385e-05,,,,,,,,,False
2026-03-20 21:27:00.035621308+00:00,0.6257201195069504,-187.07862198473316,0.08731790991119401,2142.5,0.0,0.5806641009094083,0.045056018597534,0.0,2149.1499999999996,2149.1,2149.2,0.09999999999990905,3.9446205032352e-05,,,,,,,,,False
2026-03-20 21:28:00.052101011+00:00,0.6519006782260496,-187.07862198473316,0.08731790991119401,2142.5,0.0,0.6068594738827825,0.04504120434325703,0.0,2149.45,2149.4,2149.5,0.09999999999990905,3.5059112464421e-05,,,,,,0.0,0.0,uneconomic_spread,False
2026-03-20 21:29:00.077986866+00:00,0.6955470718832656,-187.07862198473316,0.08731790991119401,2142.5,0.0,0.6505184288383795,0.04502864304488395,0.0,2149.95,2149.9,2150.0,0.09999999999990905,3.2117580996386e-05,,,,,,,,,False
2026-03-20 21:30:00.036036712+00:00,0.878902554494073,-187.07862198473316,0.08731790991119401,2142.5,0.0,0.8338860396519187,0.04501651484214354,0.0,2152.05,2152.0,2152.1,0.09999999999990905,2.997399451947e-05,,,,,,,,,False
2026-03-20 21:31:00.043866496+00:00,0.8439635478225017,-187.07862198473316,0.08731790991119401,2142.5,0.0,0.7989588756873934,0.04500467213511175,0.0,2151.6499999999996,2151.6,2151.7,0.09999999999990905,2.9336478471879e-05,,,,,,,,,False
2026-03-20 21:32:00.067215495+00:00,0.9923934829553208,-187.07862198473316,0.08731790991119401,2142.5,0.0,0.9473993225364867,0.044994160418837206,0.0,2153.3500000000004,2153.3,2153.4,0.09999999999990905,2.5597924946117e-05,,,,,,,,,False
2026-03-20 21:33:00.042076099+00:00,1.0185789726072627,-187.07862198473316,0.08731790991119401,2142.5,0.0,0.9735946955097814,0.0449842770974883,0.0,2153.6499999999996,2153.6,2153.7,0.09999999999990905,2.5270390385384e-05,,,,,,0.0,0.0,uneconomic_spread,False
2026-03-20 21:34:00.010808463+00:00,1.0534963152464565,-187.07862198473316,0.08731790991119401,2142.5,0.0,1.0085218594743066,0.044974455772142534,0.0,2154.05,2154.0,2154.1,0.09999999999990905,2.4356607732976e-05,,,,,,,,,False
2026-03-20 21:35:00.033652064+00:00,0.8875825905006356,-187.07862198473316,0.08731790991119401,2142.5,0.0,0.8426178306429905,0.044964759857656564,0.0,2152.1499999999996,2152.1,2152.2,0.09999999999990905,2.658142986488e-05,,,,,,,,,False
2026-03-20 21:36:00.159369443+00:00,0.8788402970298792,-187.07862198473316,0.08731790991119401,2142.5,0.0,0.8338860396519187,0.04495425737794983,0.0,2152.05,2152.0,2152.1,0.09999999999990905,2.5803610570363e-05,,,,,,,,,False
2026-03-20 21:37:00.042631196+00:00,1.062198355481755,-187.07862198473316,0.08731790991119401,2142.5,0.0,1.0172536504653784,0.044944705016362975,0.0,2154.1499999999996,2154.1,2154.2,0.09999999999990905,2.1456001124488e-05,,,,,,,,,False
2026-03-20 21:38:00.062278568+00:00,1.0359945242475876,-187.07862198473316,0.08731790991119401,2142.5,0.0,0.9910582774920838,0.044936246755514886,0.0,2153.8500000000004,2153.8,2153.9,0.09999999999990905,2.2380606010618e-05,,,,,,,,,False
2026-03-20 21:39:00.036752483+00:00,0.7740318928868066,-187.07862198473316,0.08731790991119401,2142.5,0.0,0.7291045477585018,0.04492734512829653,0.0,2150.8500000000004,2150.8,2150.9,0.09999999999990905,2.3304366685315e-05,,,,,,,,,False
2026-03-20 21:40:00.014414998+00:00,0.8264133952576375,-187.07862198473316,0.08731790991119401,2142.5,0.0,0.7814952937051705,0.04491810155246037,0.0,2151.45,2151.4,2151.5,0.09999999999990905,2.37664858232e-05,,,,,,,,,False
2026-03-20 21:41:00.076044607+00:00,0.3636184700951722,-187.07862198473316,0.08731790991119401,2142.5,0.0,0.31871037117582635,0.0449080989193467,0.0,2146.1499999999996,2146.1,2146.2,0.09999999999990905,2.7266057128919e-05,,,,,,,,,False
2026-03-20 21:42:00.097614971+00:00,0.36360807291482716,-187.07862198473316,0.08731790991119401,2142.5,0.0,0.31871037117582635,0.0448977017390017,0.0,2146.1499999999996,2146.1,2146.2,0.09999999999990905,2.6937759933592e-05,,,,,,,,,False
2026-03-20 21:43:00.062573717+00:00,0.25008399334283343,-187.07862198473316,0.08731790991119401,2142.5,0.0,0.20519708829133768,0.044886905051505346,0.0,2144.8500000000004,2144.8,2144.9,0.09999999999990905,2.9460425269142e-05,,,,,,,,,False
2026-03-20 21:44:00.087478995+00:00,0.2849997971891864,-187.07862198473316,0.08731790991119401,2142.5,0.0,0.24012425225578352,0.044875544933404114,0.0,2145.25,2145.2,2145.3,0.1000000000003638,2.938481479662e-05,2144.9,2145.4,,,,,,,False
2026-03-20 21:45:00.060612804+00:00,0.24132919035778255,-187.07862198473316,0.08731790991119401,2142.5,0.0,0.19646529730018653,0.04486389305758931,0.0,2144.75,2144.7,2144.8,0.1000000000003638,2.967903277404e-05,2144.5,2145.0,,,,,,,False
2026-03-20 21:46:00.081687199+00:00,0.4072219364545031,-187.07862198473316,0.08731790991119401,2142.5,0.0,0.36236932613142336,0.0448526103230886,0.0,2146.6499999999996,2146.6,2146.7,0.09999999999990905,2.7949454184142e-05,,,,,,,,,False
2026-03-20 21:47:00.012852099+00:00,0.4421379139104377,-187.07862198473316,0.08731790991119401,2142.5,0.0,0.39729649009594864,0.044841423814483826,0.0,2147.05,2147.0,2147.1,0.09999999999990905,2.9461935293031e-05,,,,,,,,,False
2026-03-20 21:48:00.006459348+00:00,0.2849535299071258,-187.07862198473316,0.08731790991119401,2142.5,0.0,0.24012425225578352,0.044829277651343556,0.0,2145.25,2145.2,2145.3,0.1000000000003638,3.1830478064132e-05,2145.0,2145.5,,,,,,,False
2026-03-20 21:49:00.052208289+00:00,0.34606370757429017,-187.07862198473316,0.08731790991119401,2142.5,0.0,0.3012467891936034,0.04481691838067757,0.0,2145.95,2145.9,2146.0,0.09999999999990905,3.1413200125777e-05,,,,,,,,,False
2026-03-20 21:50:00.063392843+00:00,0.494492063330891,-187.07862198473316,0.08731790991119401,2142.5,0.0,0.4496872360426174,0.044804827288270094,0.0,2147.6499999999996,2147.6,2147.7,0.09999999999990905,2.9435634766655e-05,,,,,,,,,False
2026-03-20 21:51:00.037909378+00:00,0.4857484777981383,-187.07862198473316,0.08731790991119401,2142.5,0.0,0.4409554450515456,0.04479303274659534,0.0,2147.55,2147.5,2147.6,0.09999999999990905,3.0795455128023e-05,,,,,,,,,False
2026-03-20 21:52:00.081486856+00:00,0.5468589582828264,-187.07862198473316,0.08731790991119401,2142.5,0.0,0.5020779819893656,0.04478097629345313,0.0,2148.25,2148.2,2148.3,0.1000000000003638,3.0874536698485e-05,2148.0,2148.5,,,,,,,False
2026-03-20 21:53:00.037004460+00:00,0.6254330755067337,-187.07862198473316,0.08731790991119401,2142.5,0.0,0.5806641009094083,0.04476897459731725,0.0,2149.1499999999996,2149.1,2149.2,0.09999999999990905,3.0372202386127e-05,,,,,,,,,False
2026-03-20 21:54:00.085244996+00:00,0.5992258001514817,-187.07862198473316,0.08731790991119401,2142.5,0.0,0.5544687279361137,0.0447570722153562,0.0,2148.8500000000004,2148.8,2148.9,0.09999999999990905,3.0223414395747e-05,,,,,,,,,False
2026-03-20 21:55:00.059739059+00:00,0.4944324777504219,-187.07862198473316,0.08731790991119401,2142.5,0.0,0.4496872360426174,0.04474524170780089,0.0,2147.6499999999996,2147.6,2147.7,0.09999999999990905,3.0696702245177e-05,,,,,,,,,False
2026-03-20 21:56:00.132514446+00:00,0.5817384787830383,-187.07862198473316,0.08731790991119401,2142.5,0.0,0.5370051459538114,0.044733332829239296,0.0,2148.6499999999996,2148.6,2148.7,0.09999999999990905,2.9618668681617e-05,,,,,,,,,False
2026-03-20 21:57:00.042221338+00:00,0.4856771099086069,-187.07862198473316,0.08731790991119401,2142.5,0.0,0.4409554450515456,0.044721664857063956,0.0,2147.55,2147.5,2147.6,0.09999999999990905,2.9960044040183e-05,,,,,,,,,False
2026-03-20 21:58:00.208383538+00:00,0.5380563677811355,-187.07862198473316,0.08731790991119401,2142.5,0.0,0.49334619099821436,0.04471017678292553,0.0,2148.1499999999996,2148.1,2148.2,0.09999999999990905,2.9006693199345e-05,,,,,,,,,False
2026-03-20 21:59:00.104821491+00:00,0.5118495059005429,-187.07862198473316,0.08731790991119401,2142.5,0.0,0.4671508180249197,0.044698687875623797,0.0,2147.8500000000004,2147.8,2147.9,0.09999999999990905,3.0529671645917e-05,,,,,,,,,False
2026-03-20 22:00:00.016787997+00:00,0.5118374755868969,-187.07862198473316,0.08731790991119401,2142.5,0.0,0.4671508180249197,0.04468665756197775,0.0,2147.8500000000004,2147.8,2147.9,0.09999999999990905,3.1101152937466e-05,,,,,,,,,False
2026-03-20 22:01:00.058410796+00:00,0.904774928778344,-187.07862198473316,0.08731790991119401,2142.5,0.0,0.8600814126252927,0.04469351615303845,0.0,2152.3500000000004,2152.3,2152.4,0.09999999999990905,-1.608410420807e-05,,,,,,,,,False
2026-03-20 22:02:00.235640442+00:00,0.9920855809201796,-187.07862198473316,0.08731790991119401,2142.5,0.0,0.9473993225364867,0.04468625838369603,0.0,2153.3500000000004,2153.3,2153.4,0.09999999999990905,5.030399645522e-05,,,,,,,,,False
2026-03-20 22:03:00.016532698+00:00,1.0095221577716873,-187.07862198473316,0.08731790991119401,2142.5,0.0,0.9648629045187097,0.04465925325296239,0.0,2153.55,2153.5,2153.6,0.09999999999990905,8.6094657032485e-05,,,,,,,,,False
2026-03-20 22:04:00.018168887+00:00,1.3762280984970983,-187.07862198473316,0.08731790991119401,2142.5,0.0,1.3315981261457086,0.04462997235139144,0.0,2157.75,2157.7,2157.8,0.1000000000003638,6.2555665433179e-05,2157.2000000000003,2158.1,,,,,,,False
2026-03-20 22:05:00.044448981+00:00,2.0834777559360953,-187.07862198473316,0.08731790991119401,2142.5,0.0,2.0388731964264117,0.044604559509687086,0.0,2165.8500000000004,2165.8,2165.9,0.09999999999990905,7.3111718414349e-05,,,,,,,,,False
2026-03-20 22:06:00.052500664+00:00,2.048522007438291,-187.07862198473316,0.08731790991119401,2142.5,0.0,2.0039460324618865,0.04457597497639384,0.0,2165.45,2165.4,2165.5,0.09999999999990905,8.2553349914928e-05,,,,,,,,,False
2026-03-20 22:07:00.049067737+00:00,1.8563873611245303,-187.07862198473316,0.08731790991119401,2142.5,0.0,1.8118466306572756,0.04454073046725886,0.0,2163.25,2163.2,2163.3,0.1000000000003638,9.8125286857432e-05,2162.9,2163.4,,,,,,,False
2026-03-20 22:08:00.079679831+00:00,1.8869117021084465,-187.07862198473316,0.08731790991119401,2142.5,0.0,1.8424078991261856,0.04450380298225994,0.0,2163.6,2163.5,2163.7,0.1999999999998181,8.9900048922912e-05,,,,,,,,,False
2026-03-20 22:09:00.042168417+00:00,1.8563103862374886,-187.07862198473316,0.08731790991119401,2142.5,0.0,1.8118466306572756,0.0444637555802173,0.0,2163.25,2163.2,2163.3,0.1000000000003638,0.00010484802147169,,,,,,,,,False
2026-03-20 22:10:00.056394131+00:00,1.760220339700641,-187.07862198473316,0.08731790991119401,2142.5,0.0,1.7157969297549305,0.04442340994571099,0.0,2162.1499999999996,2162.1,2162.2,0.09999999999990905,0.000105420758567855,,,,,,,,,False
2026-03-20 22:11:00.037389628+00:00,1.8213023192397473,-187.07862198473316,0.08731790991119401,2142.5,0.0,1.7769194666928299,0.04438285254690171,0.0,2162.8500000000004,2162.8,2162.9,0.09999999999990905,0.00010202960700333,,,,,,,,,False
2026-03-20 22:12:00.162419666+00:00,1.8125290441250288,-187.07862198473316,0.08731790991119401,2142.5,0.0,1.7681876757016786,0.04434136842334639,0.0,2162.75,2162.7,2162.8,0.1000000000003638,0.000105069172798401,2162.4,2162.9,,,,,,,False
2026-03-20 22:13:00.024088566+00:00,1.795024402305467,-187.07862198473316,0.08731790991119401,2142.5,0.0,1.7507240937194557,0.0443003085859975,0.0,2162.55,2162.5,2162.6,0.09999999999990905,0.000101283871823991,,,,,,,,,False
2026-03-20 22:14:00.034095601+00:00,1.471904869247531,-187.07862198473316,0.08731790991119401,2142.5,0.0,1.4276478270480537,0.04425704219948277,0.0,2158.8500000000004,2158.8,2158.9,0.09999999999990905,0.000113628638845004,,,,,,,,,False
2026-03-20 22:15:00.042399890+00:00,1.6377642841644964,-187.07862198473316,0.08731790991119401,2142.5,0.0,1.5935518558792907,0.04421242828519863,0.0,2160.75,2160.7,2160.8,0.1000000000003638,0.000112933659125278,2160.4,2161.0,,,,,,,False
2026-03-20 22:16:00.006804082+00:00,1.5940622441944041,-187.07862198473316,0.08731790991119401,2142.5,0.0,1.5498929009236937,0.0441693432706954,0.0,2160.25,2160.2,2160.3,0.1000000000003638,0.000109775960746485,2159.9,2160.5,,,,,,,False
2026-03-20 22:17:00.007473398+00:00,1.7162651437848313,-187.07862198473316,0.08731790991119401,2142.5,0.0,1.6721379747993335,0.044127168985490205,0.0,2161.6499999999996,2161.6,2161.7,0.09999999999990905,0.000107062687224647,,,,,,,,,False
2026-03-20 22:18:00.084759689+00:00,1.8210049023144281,-187.07862198473316,0.08731790991119401,2142.5,0.0,1.7769194666928299,0.04408543562158248,0.0,2162.8500000000004,2162.8,2162.9,0.09999999999990905,0.000104736166223875,,,,,,,,,False
2026-03-20 22:19:00.063614725+00:00,1.6550592153100736,-187.07862198473316,0.08731790991119401,2142.5,0.0,1.6110154378615136,0.04404377744856281,0.0,2160.95,2160.9,2161.0,0.09999999999990905,0.000107569669168489,,,,,,,,,False
2026-03-20 22:20:00.037438607+00:00,1.6375531306710416,-187.07862198473316,0.08731790991119401,2142.5,0.0,1.5935518558792907,0.04400127479174366,0.0,2160.75,2160.7,2160.8,0.1000000000003638,0.000107349927291697,2160.4,2160.9,,,,,,,False
2026-03-20 22:21:00.046141801+00:00,1.6113153075635487,-187.07862198473316,0.08731790991119401,2142.5,0.0,1.5673564829059166,0.04395882465762698,0.0,2160.45,2160.4,2160.5,0.09999999999990905,0.00010701522733608,,,,,,,,,False
2026-03-20 22:22:00.036501366+00:00,1.3318544023436552,-187.07862198473316,0.08731790991119401,2142.5,0.0,1.2879391711901116,0.04391523115353734,0.0,2157.25,2157.2,2157.3,0.1000000000003638,0.000113442570834203,2156.9,2157.4,,,,,,,False
2026-03-20 22:23:00.067056709+00:00,1.2619565119325395,-187.07862198473316,0.08731790991119401,2142.5,0.0,1.2180848432611406,0.04387166867138684,0.0,2156.45,2156.4,2156.5,0.09999999999990905,0.000109912235723208,,,,,,,,,False
2026-03-20 22:24:00.052702909+00:00,1.2706447364406925,-187.07862198473316,0.08731790991119401,2142.5,0.0,1.2268166342522917,0.04382810218840507,0.0,2156.55,2156.5,2156.6,0.09999999999990905,0.000110294195833297,,,,,,,,,False
2026-03-20 22:25:00.070075307+00:00,1.2706018540484394,-187.07862198473316,0.08731790991119401,2142.5,0.0,1.2268166342522917,0.043785219796151964,0.0,2156.55,2156.5,2156.6,0.09999999999990905,0.000108467200286307,,,,,,,,,False
2026-03-20 22:26:00.053510893+00:00,1.3404142817965419,-187.07862198473316,0.08731790991119401,2142.5,0.0,1.2966709621812629,0.04374331961528922,0.0,2157.3500000000004,2157.3,2157.4,0.09999999999990905,0.000105463117831338,,,,,,,,,False
2026-03-20 22:27:00.059468410+00:00,1.3141773004311097,-187.07862198473316,0.08731790991119401,2142.5,0.0,1.2704755892078887,0.043701711223233165,0.0,2157.05,2157.0,2157.1,0.09999999999990905,0.000106183918293316,,,,,,,,,False
2026-03-20 22:28:00.009951326+00:00,1.3839908350205359,-187.07862198473316,0.08731790991119401,2142.5,0.0,1.34032991713686,0.04366091788366588,0.0,2157.8500000000004,2157.8,2157.9,0.09999999999990905,0.000101893859405642,,,,,,,,,False
2026-03-20 22:29:00.009679328+00:00,1.349023640682951,-187.07862198473316,0.08731790991119401,2142.5,0.0,1.3054027531723345,0.04362088751062033,0.0,2157.45,2157.4,2157.5,0.09999999999990905,0.000100389743517757,,,,,,,,,False
2026-03-20 22:30:00.040480512+00:00,1.2965938535421329,-187.07862198473316,0.08731790991119401,2142.5,0.0,1.2530120072256659,0.04358184631646925,0.0,2156.8500000000004,2156.8,2156.9,0.09999999999990905,9.9395936563076e-05,,,,,,,,,False
2026-03-20 22:31:00.035561111+00:00,1.2528956998098872,-187.07862198473316,0.08731790991119401,2142.5,0.0,1.2093530522700688,0.043542647539812684,0.0,2156.3500000000004,2156.3,2156.4,0.09999999999990905,0.000101148417528989,,,,,,,,,False
2026-03-20 22:32:00.075294645+00:00,1.2353925241102082,-187.07862198473316,0.08731790991119401,2142.5,0.0,1.1918894702877665,0.043503053822431796,0.0,2156.1499999999996,2156.1,2156.2,0.09999999999990905,0.000100731419191998,,,,,,,,,False
2026-03-20 22:33:00.039665826+00:00,1.2091576993805746,-187.07862198473316,0.08731790991119401,2142.5,0.0,1.1656940973144718,0.043463602066089124,0.0,2155.8500000000004,2155.8,2155.9,0.09999999999990905,0.000100326490779994,,,,,,,,,False
2026-03-20 22:34:00.064142707+00:00,1.2702414693490285,-187.07862198473316,0.08731790991119401,2142.5,0.0,1.2268166342522917,0.043424835096740964,0.0,2156.55,2156.5,2156.6,0.09999999999990905,9.7651722087144e-05,,,,,,,,,False
2026-03-20 22:35:00.150877722+00:00,1.2265442509568154,-187.07862198473316,0.08731790991119401,2142.5,0.0,1.1831576792966947,0.04338657166011698,0.0,2156.05,2156.0,2156.1,0.09999999999990905,9.7239843244671e-05,,,,,,,,,False
2026-03-20 22:36:00.036448877+00:00,1.2527015916071025,-187.07862198473316,0.08731790991119401,2142.5,0.0,1.2093530522700688,0.04334853933702779,0.0,2156.3500000000004,2156.3,2156.4,0.09999999999990905,9.7219464962039e-05,,,,,,,,,False
2026-03-20 22:37:00.006169+00:00,1.1129543201445764,-187.07862198473316,0.08731790991119401,2142.5,0.0,1.0696443964121265,0.04330992373246066,0.0,2154.75,2154.7,2154.8,0.1000000000003638,9.9645738719798e-05,2154.4,2154.9,,,,,,,False
2026-03-20 22:38:00.009253935+00:00,1.1565744080975984,-187.07862198473316,0.08731790991119401,2142.5,0.0,1.1133033513677235,0.043271056729865066,0.0,2155.25,2155.2,2155.3,0.1000000000003638,9.8453238345988e-05,,,,,,,,,False
2026-03-20 22:39:00.035804533+00:00,1.1914629229431841,-187.07862198473316,0.08731790991119401,2142.5,0.0,1.1482305153321695,0.043232407611024995,0.0,2155.6499999999996,2155.6,2155.7,0.09999999999990905,9.7590937392952e-05,,,,,,,,,False
2026-03-20 22:40:00.067668048+00:00,1.3224017473942458,-187.07862198473316,0.08731790991119401,2142.5,0.0,1.2792073801989605,0.043194367195291294,0.0,2157.1499999999996,2157.1,2157.2,0.09999999999990905,9.5421893696847e-05,,,,,,,,,False
2026-03-20 22:41:00.195977081+00:00,1.3136322797865934,-187.07862198473316,0.08731790991119401,2142.5,0.0,1.2704755892078887,0.04315669057871685,0.0,2157.05,2157.0,2157.1,0.09999999999990905,9.4777640757925e-05,,,,,,,,,False
2026-03-20 22:42:00.027137171+00:00,1.2350092039268816,-187.07862198473316,0.08731790991119401,2142.5,0.0,1.1918894702877665,0.04311973363910518,0.0,2156.1499999999996,2156.1,2156.2,0.09999999999990905,9.4313037767791e-05,,,,,,,,,False
2026-03-20 22:43:00.035776863+00:00,1.0516043888161715,-187.07862198473316,0.08731790991119401,2142.5,0.0,1.0085218594743066,0.04308252934185754,0.0,2154.05,2154.0,2154.1,0.09999999999990905,9.544312874519e-05,,,,,,,,,False
2026-03-20 22:44:00.409060093+00:00,1.08649417596758,-187.07862198473316,0.08731790991119401,2142.5,0.0,1.0434490234387526,0.043045152528811886,0.0,2154.45,2154.4,2154.5,0.09999999999990905,9.433822488894e-05,,,,,,,,,False
2026-03-20 22:45:00.135793300+00:00,1.095189179806896,-187.07862198473316,0.08731790991119401,2142.5,0.0,1.0521808144299036,0.04300836537699309,0.0,2154.55,2154.5,2154.6,0.09999999999990905,9.3129772012009e-05,,,,,,0.0,0.0,uneconomic_spread,False
2026-03-20 22:46:00.035575956+00:00,1.0514936988158958,-187.07862198473316,0.08731790991119401,2142.5,0.0,1.0085218594743066,0.04297183934158196,0.0,2154.05,2154.0,2154.1,0.09999999999990905,9.3148463526399e-05,,,,,,,,,False
2026-03-20 22:47:00.085705096+00:00,0.9816027060759278,-187.07862198473316,0.08731790991119401,2142.5,0.0,0.9386675315453356,0.04293517453057899,0.0,2153.25,2153.2,2153.3,0.1000000000003638,9.3131709201664e-05,2152.9,2153.4,,,,,,,False
2026-03-20 22:48:00.076351571+00:00,0.9815665380551264,-187.07862198473316,0.08731790991119401,2142.5,0.0,0.9386675315453356,0.04289900650977757,0.0,2153.25,2153.2,2153.3,0.1000000000003638,9.1918207134063e-05,,,,,,,,,False
2026-03-20 22:49:00.051955882+00:00,1.1998256477724967,-187.07862198473316,0.08731790991119401,2142.5,0.0,1.1569623063233205,0.0428633414491744,0.0,2155.75,2155.7,2155.8,0.1000000000003638,8.9496192607317e-05,2155.4,2156.0,,,,,,,False
2026-03-20 22:50:00.035470411+00:00,1.3569627963271425,-187.07862198473316,0.08731790991119401,2142.5,0.0,1.3141345441634857,0.04282825216364849,0.0,2157.55,2157.5,2157.6,0.09999999999990905,8.890925057395e-05,,,,,,,,,False
2026-03-20 22:51:00.035208399+00:00,1.426782360212831,-187.07862198473316,0.08731790991119401,2142.5,0.0,1.3839888720924567,0.04279348812037187,0.0,2158.3500000000004,2158.3,2158.4,0.09999999999990905,8.9000662847439e-05,,,,,,,,,False
2026-03-20 22:52:00.156615246+00:00,1.4005517591193966,-187.07862198473316,0.08731790991119401,2142.5,0.0,1.3577934991190828,0.04275826000031353,0.0,2158.05,2158.0,2158.1,0.09999999999990905,8.9661367567612e-05,,,,,,,,,False
2026-03-20 22:53:00.235810729+00:00,1.3655890740030032,-187.07862198473316,0.08731790991119401,2142.5,0.0,1.3228663351545575,0.042722738848431176,0.0,2157.6499999999996,2157.6,2157.7,0.09999999999990905,9.1533120776088e-05,,,,,,,,,False
2026-03-20 22:54:00.035470046+00:00,1.2433077382186581,-187.07862198473316,0.08731790991119401,2142.5,0.0,1.2006212612789176,0.042686476939746705,0.0,2156.25,2156.2,2156.3,0.1000000000003638,9.3490415383946e-05,2155.9,2156.4,,,,,,,False
2026-03-20 22:55:00.663760334+00:00,1.2345386283431388,-187.07862198473316,0.08731790991119401,2142.5,0.0,1.1918894702877665,0.04264915805536234,0.0,2156.1499999999996,2156.1,2156.2,0.09999999999990905,9.4826018641978e-05,,,,,,,,,False
2026-03-20 22:56:00.010981787+00:00,1.3043560986448184,-187.07862198473316,0.08731790991119401,2142.5,0.0,1.2617437982167374,0.04261230042807684,0.0,2156.95,2156.9,2157.0,0.09999999999990905,9.6245915143454e-05,,,,,,,,,False
2026-03-20 22:57:00.036237587+00:00,1.2781229335368176,-187.07862198473316,0.08731790991119401,2142.5,0.0,1.2355484252433635,0.04257450829345209,0.0,2156.6499999999996,2156.6,2156.7,0.09999999999990905,9.73636681352e-05,,,,,,,,,False
2026-03-20 22:58:00.091063496+00:00,1.304279877550098,-187.07862198473316,0.08731790991119401,2142.5,0.0,1.2617437982167374,0.04253607933335649,0.0,2156.95,2156.9,2157.0,0.09999999999990905,9.8016295006573e-05,,,,,,,,,False
2026-03-20 22:59:00.010759113+00:00,1.2955093664268404,-187.07862198473316,0.08731790991119401,2142.5,0.0,1.2530120072256659,0.0424973592011768,0.0,2156.8500000000004,2156.8,2156.9,0.09999999999990905,9.9216454485523e-05,,,,,,,,,False
2026-03-20 23:00:00.016520510+00:00,1.1557612243040256,-187.07862198473316,0.08731790991119401,2142.5,0.0,1.1133033513677235,0.04245787293629243,0.0,2155.25,2155.2,2155.3,0.1000000000003638,0.000102549303602762,,,,,,,,,False
2026-03-20 23:01:00.010736408+00:00,1.1557062466647534,-187.07862198473316,0.08731790991119401,2142.5,0.0,1.1133033513677235,0.04240289529702014,0.0,2155.25,2155.2,2155.3,0.1000000000003638,0.000107335811190869,,,,,,,,,False
2026-03-20 23:02:00.013492594+00:00,1.103259043458749,-187.07862198473316,0.08731790991119401,2142.5,0.0,1.0609126054209754,0.04234643803776808,0.0,2154.6499999999996,2154.6,2154.7,0.09999999999990905,0.000152267150707615,,,,,,0.0,0.0,uneconomic_spread,False
2026-03-20 23:03:00.035533927+00:00,0.8936342381481927,-187.07862198473316,0.08731790991119401,2142.5,0.0,0.8513496216341416,0.04228461651405036,0.0,2152.25,2152.2,2152.3,0.1000000000003638,0.000176195376625858,2151.9,2152.4,,,,,,,False
2026-03-20 23:04:00.024985715+00:00,0.9284926255410718,-187.07862198473316,0.08731790991119401,2142.5,0.0,0.8862767855985875,0.04221583994247533,0.0,2152.6499999999996,2152.6,2152.7,0.09999999999990905,0.000159210465414109,,,,,,,,,False
2026-03-20 23:05:00.106364813+00:00,0.9284316855924151,-187.07862198473316,0.08731790991119401,2142.5,0.0,0.8862767855985875,0.0421548999938186,0.0,2152.6499999999996,2152.6,2152.7,0.09999999999990905,0.000144377208483219,,,,,,,,,False
2026-03-20 23:06:00.057125847+00:00,0.7362750455447268,-187.07862198473316,0.08731790991119401,2142.5,0.0,0.6941773837939765,0.04209766175075612,0.0,2150.45,2150.4,2150.5,0.09999999999990905,0.000143918066032559,,,,,,,,,False
2026-03-20 23:07:00.009727007+00:00,0.6314363203126145,-187.07862198473316,0.08731790991119401,2142.5,0.0,0.5893958919005595,0.04204042841206327,0.0,2149.25,2149.2,2149.3,0.1000000000003638,0.000146022688743257,2148.9,2149.4,,,,,,,False
2026-03-20 23:08:00.021397059+00:00,0.5091341093483671,-187.07862198473316,0.08731790991119401,2142.5,0.0,0.4671508180249197,0.041983291323447997,0.0,2147.8500000000004,2147.8,2147.9,0.09999999999990905,0.000141991311724061,,,,,,,,,False
2026-03-20 23:09:00.042775347+00:00,0.5178125488151545,-187.07862198473316,0.08731790991119401,2142.5,0.0,0.47588260901599144,0.04192993979915736,0.0,2147.95,2147.9,2148.0,0.09999999999990905,0.000134462140781196,,,,,,,,,False
2026-03-20 23:10:00.023662101+00:00,0.5264922272976833,-187.07862198473316,0.08731790991119401,2142.5,0.0,0.4846144000071426,0.041877827290551395,0.0,2148.05,2148.0,2148.1,0.09999999999990905,0.000132000207446175,,,,,,,,,False
2026-03-20 23:11:00.045112913+00:00,0.45658610088038554,-187.07862198473316,0.08731790991119401,2142.5,0.0,0.41476007207817156,0.04182602880221874,0.0,2147.25,2147.2,2147.3,0.1000000000003638,0.000137413222873917,,,,,,,,,False
2026-03-20 23:12:00.007689619+00:00,0.44780043628262095,-187.07862198473316,0.08731790991119401,2142.5,0.0,0.4060282810870204,0.041772155195589036,0.0,2147.1499999999996,2147.1,2147.2,0.09999999999990905,0.000137111525061798,,,,,,,,,False
2026-03-20 23:13:00.011013653+00:00,0.32550274455859857,-187.07862198473316,0.08731790991119401,2142.5,0.0,0.2837832072113805,0.04171953734722729,0.0,2145.75,2145.7,2145.8,0.1000000000003638,0.000133915989448549,2145.1,2146.2000000000003,,,,,,,False
2026-03-20 23:14:00.024858880+00:00,0.37784119635942753,-187.07862198473316,0.08731790991119401,2142.5,0.0,0.3361739531581287,0.04166724320130396,0.0,2146.3500000000004,2146.3,2146.4,0.09999999999990905,0.000133752961281587,,,,,,,,,False
2026-03-20 23:15:00.066680897+00:00,0.31666713132462565,-187.07862198473316,0.08731790991119401,2142.5,0.0,0.2750514162202294,0.041615715104389196,0.0,2145.6499999999996,2145.6,2145.7,0.09999999999990905,0.000133312612644864,,,,,,,,,False
2026-03-20 23:16:00.170656119+00:00,0.29915110582772636,-187.07862198473316,0.08731790991119401,2142.5,0.0,0.25758783423800646,0.041563271589731235,0.0,2145.45,2145.4,2145.5,0.09999999999990905,0.000132720173067293,,,,,,,,,False
2026-03-20 23:17:00.125225430+00:00,0.26417150235673076,-187.07862198473316,0.08731790991119401,2142.5,0.0,0.2226606702735606,0.041510832083161364,0.0,2145.05,2145.0,2145.1,0.09999999999990905,0.000135779671617452,,,,,,,,,False
2026-03-20 23:18:00.048733725+00:00,0.4300234647680851,-187.07862198473316,0.08731790991119401,2142.5,0.0,0.38856469910479746,0.041458765663294476,0.0,2146.95,2146.9,2147.0,0.09999999999990905,0.000130487001306274,,,,,,,,,False
2026-03-20 23:19:00.035151265+00:00,0.4299725559070795,-187.07862198473316,0.08731790991119401,2142.5,0.0,0.38856469910479746,0.04140785680228884,0.0,2146.95,2146.9,2147.0,0.09999999999990905,0.000133561278851651,,,,,,,,,False
2026-03-20 23:20:00.099246753+00:00,0.48231060089395483,-187.07862198473316,0.08731790991119401,2142.5,0.0,0.4409554450515456,0.04135515584241187,0.0,2147.55,2147.5,2147.6,0.09999999999990905,0.000134073485478955,,,,,,,,,False
2026-03-20 23:21:00.036139646+00:00,0.5084532455167137,-187.07862198473316,0.08731790991119401,2142.5,0.0,0.4671508180249197,0.041302427491794545,0.0,2147.8500000000004,2147.8,2147.9,0.09999999999990905,0.000136084328155688,,,,,,,,,False
2026-03-20 23:22:00.072558877+00:00,0.5171319533952353,-187.07862198473316,0.08731790991119401,2142.5,0.0,0.47588260901599144,0.04124934437923825,0.0,2147.95,2147.9,2148.0,0.09999999999990905,0.000138326086531849,,,,,,,,,False
2026-03-20 23:23:00.037180220+00:00,0.5432738519956205,-187.07862198473316,0.08731790991119401,2142.5,0.0,0.5020779819893656,0.041195870006247276,0.0,2148.25,2148.2,2148.3,0.1000000000003638,0.000135613209845409,2147.9,2148.4,,,,,,,False
2026-03-20 23:24:00.009104066+00:00,0.5956107713596395,-187.07862198473316,0.08731790991119401,2142.5,0.0,0.5544687279361137,0.04114204342351386,0.0,2148.8500000000004,2148.8,2148.9,0.09999999999990905,0.000137458671491409,,,,,,0.0,0.0,uneconomic_spread,False
2026-03-20 23:25:00.094103436+00:00,0.5780924238199919,-187.07862198473316,0.08731790991119401,2142.5,0.0,0.5370051459538114,0.0410872778661929,0.0,2148.6499999999996,2148.6,2148.7,0.09999999999990905,0.000140585242721587,,,,,,,,,False
2026-03-20 23:26:00.119978285+00:00,0.49290754900442435,94.2945705072963,-0.0436812951225736,2147.9,0.47151671352045554,-0.019656582805170037,0.04104741828913518,0.0,2148.3500000000004,2148.3,2148.4,0.09999999999990905,0.000142528636961626,,,,,,,,,False
2026-03-20 23:27:00.292810457+00:00,0.5104082970270333,94.2945705072963,-0.0436812951225736,2147.9,0.47151671352045554,-0.0021840647561167615,0.04107564826268297,0.0,2147.95,2147.9,2148.0,0.09999999999990905,0.0001468894880992,,,,,,,,,False
2026-03-20 23:28:00.027955101+00:00,0.5628548129039307,94.2945705072963,-0.0436812951225736,2147.9,0.47151671352045554,0.050233489390963615,0.04110460999251069,0.0,2146.75,2146.7,2146.8,0.1000000000003638,0.000150814486616879,2146.4,2146.9,,,,,,,False
2026-03-20 23:29:00.078797164+00:00,0.5628842427839043,94.2945705072963,-0.0436812951225736,2147.9,0.47151671352045554,0.050233489390963615,0.04113403987248426,0.0,2146.75,2146.7,2146.8,0.1000000000003638,0.000150238149165085,2146.5,2147.0,,,,,,,False
2026-03-20 23:30:00.281530040+00:00,0.5279684973595297,94.2945705072963,-0.0436812951225736,2147.9,0.47151671352045554,0.015288453292896787,0.04116333054617509,0.0,2147.55,2147.5,2147.6,0.09999999999990905,0.000149338118298476,,,,,,,,,False
2026-03-20 23:31:00.251357363+00:00,0.5236299442401748,94.2945705072963,-0.0436812951225736,2147.9,0.47151671352045554,0.010920323780663264,0.04119290693904992,0.0,2147.6499999999996,2147.6,2147.7,0.09999999999990905,0.000152389343160372,,,,,,,,,False
2026-03-20 23:32:00.010044456+00:00,0.5586051059352676,94.2945705072963,-0.0436812951225736,2147.9,0.47151671352045554,0.04586535987869036,0.041223032536119926,0.0,2146.8500000000004,2146.8,2146.9,0.09999999999990905,0.000155028950285408,,,,,,,,,False
2026-03-20 23:33:00.136253229+00:00,0.5630039109410275,94.2945705072963,-0.0436812951225736,2147.9,0.47151671352045554,0.050233489390963615,0.0412537080296075,0.0,2146.75,2146.7,2146.8,0.1000000000003638,0.000156797765347517,2146.5,2147.0,,,,,,,False
2026-03-20 23:34:00.008877104+00:00,0.5324573398068405,94.2945705072963,-0.0436812951225736,2147.9,0.47151671352045554,0.019656582805170037,0.041284043481213464,0.0,2147.45,2147.4,2147.5,0.09999999999990905,0.000154950662736019,,,,,,,,,False
2026-03-20 23:35:00.035345578+00:00,0.5368557521052958,94.2945705072963,-0.0436812951225736,2147.9,0.47151671352045554,0.024024712317403562,0.04131432626742479,0.0,2147.3500000000004,2147.3,2147.4,0.09999999999990905,0.000153609532097923,,,,,,,,,False
2026-03-20 23:36:00.042673578+00:00,0.5412537487788968,94.2945705072963,-0.0436812951225736,2147.9,0.47151671352045554,0.028392841829676812,0.041344193428753374,0.0,2147.25,2147.2,2147.3,0.1000000000003638,0.000152366941483397,2147.0,2147.5,,,,,,,False
2026-03-20 23:37:00.428683436+00:00,0.5281789841049617,94.2945705072963,-0.0436812951225736,2147.9,0.47151671352045554,0.015288453292896787,0.041373817291607065,0.0,2147.55,2147.5,2147.6,0.09999999999990905,0.000149799616260336,,,,,,,,,False
2026-03-20 23:38:00.116731578+00:00,0.5151034357872112,94.2945705072963,-0.0436812951225736,2147.9,0.47151671352045554,0.0021840647561167615,0.0414026575106311,0.0,2147.8500000000004,2147.8,2147.9,0.09999999999990905,0.000147694275295752,,,,,,,,,False
2026-03-20 23:39:00.035857958+00:00,0.5369731811444546,94.2945705072963,-0.0436812951225736,2147.9,0.47151671352045554,0.024024712317403562,0.04143175530658365,0.0,2147.3500000000004,2147.3,2147.4,0.09999999999990905,0.000149842658731764,,,,,,,,,False
2026-03-20 23:40:00.037883416+00:00,0.5632114826210022,94.2945705072963,-0.0436812951225736,2147.9,0.47151671352045554,0.050233489390963615,0.04146127970958209,0.0,2146.75,2146.7,2146.8,0.1000000000003638,0.000152039391246234,2146.4,2146.9,,,,,,,False
2026-03-20 23:41:00.035229499+00:00,0.5588729203850241,94.2945705072963,-0.0436812951225736,2147.9,0.47151671352045554,0.04586535987869036,0.041490846985876434,0.0,2146.8500000000004,2146.8,2146.9,0.09999999999990905,0.00015047426302915,,,,,,,,,False
2026-03-20 23:42:00.008977050+00:00,0.5545342271144555,94.2945705072963,-0.0436812951225736,2147.9,0.47151671352045554,0.04149723036645684,0.0415202832275376,0.0,2146.95,2146.9,2147.0,0.09999999999990905,0.000150490436279774,,,,,,,,,False
2026-03-20 23:43:00.135716924+00:00,0.5545635418356595,94.2945705072963,-0.0436812951225736,2147.9,0.47151671352045554,0.04149723036645684,0.04154959794874159,0.0,2146.95,2146.9,2147.0,0.09999999999990905,0.00014938228070734,,,,,,,,,False
2026-03-20 23:44:00.019299345+00:00,0.541488392585073,94.2945705072963,-0.0436812951225736,2147.9,0.47151671352045554,0.028392841829676812,0.04157883723492961,0.0,2147.25,2147.2,2147.3,0.1000000000003638,0.000150452039339543,,,,,,,,,False
2026-03-20 23:45:00.046524710+00:00,0.5589901594188222,94.2945705072963,-0.0436812951225736,2147.9,0.47151671352045554,0.04586535987869036,0.04160808601967463,0.0,2146.8500000000004,2146.8,2146.9,0.09999999999990905,0.000149869190684522,,,,,,,,,False
2026-03-20 23:46:00.170623051+00:00,0.5677558588276508,94.2945705072963,-0.0436812951225736,2147.9,0.47151671352045554,0.054601618903236865,0.04163752640395833,0.0,2146.6499999999996,2146.6,2146.7,0.09999999999990905,0.000150954244799891,,,,,,,,,False
2026-03-20 23:47:00.009520423+00:00,0.580889844803451,94.2945705072963,-0.0436812951225736,2147.9,0.47151671352045554,0.06770600743997716,0.04166712384301246,0.0,2146.3500000000004,2146.3,2146.4,0.09999999999990905,0.00015222989890851,,,,,,,,,False
2026-03-20 23:48:00.008073130+00:00,0.6158647471415435,94.2945705072963,-0.0436812951225736,2147.9,0.47151671352045554,0.10265104353804398,0.041696990083039516,0.0,2145.55,2145.5,2145.6,0.09999999999990905,0.000153864201306902,,,,,,,,,False
2026-03-20 23:49:00.222735745+00:00,0.5940542866350491,94.2945705072963,-0.0436812951225736,2147.9,0.47151671352045554,0.08081039597675718,0.041727177137836045,0.0,2146.05,2146.0,2146.1,0.09999999999990905,0.000153684049809366,,,,,,,,,False
2026-03-20 23:50:00.116131206+00:00,0.5198260613061402,94.2945705072963,-0.0436812951225736,2147.9,0.47151671352045554,0.006552194268390012,0.0417571535172877,0.0,2147.75,2147.7,2147.8,0.1000000000003638,0.000153017952305199,,,,,,,,,False
2026-03-20 23:51:00.038657776+00:00,0.4936471111151458,94.2945705072963,-0.0436812951225736,2147.9,0.47151671352045554,-0.019656582805170037,0.04178698039985663,0.0,2148.3500000000004,2148.3,2148.4,0.09999999999990905,0.000153135402116223,,,,,,,,,False
2026-03-20 23:52:00.008044733+00:00,0.48930889408670747,94.2945705072963,-0.0436812951225736,2147.9,0.47151671352045554,-0.024024712317403562,0.04181689288364804,0.0,2148.45,2148.4,2148.5,0.09999999999990905,0.000153387742769602,,,,,,,,,False
2026-03-20 23:53:00.135984803+00:00,0.4762345567322225,94.2945705072963,-0.0436812951225736,2147.9,0.47151671352045554,-0.03712910085418358,0.041846944065937586,0.0,2148.75,2148.7,2148.8,0.1000000000003638,0.000153096712299974,2148.5,,,,,,,,False
2026-03-20 23:54:00.032603380+00:00,0.5024732947499462,94.2945705072963,-0.0436812951225736,2147.9,0.47151671352045554,-0.010920323780623535,0.04187690501011221,0.0,2148.1499999999996,2148.1,2148.2,0.09999999999990905,0.000153872990628857,,,,,,,,,False
2026-03-20 23:55:00.035893636+00:00,0.5854980191154625,94.2945705072963,-0.0436812951225736,2147.9,0.47151671352045554,0.07207413695225041,0.04190716864275161,0.0,2146.25,2146.2,2146.3,0.1000000000003638,0.000155181383833109,2145.9,,,,,,,,False
2026-03-20 23:56:00.168646123+00:00,0.5505833714987913,94.2945705072963,-0.0436812951225736,2147.9,0.47151671352045554,0.03712910085418358,0.04193755712414577,0.0,2147.05,2147.0,2147.1,0.09999999999990905,0.000155299857998578,,,,,,,,,False
2026-03-20 23:57:00.032620995+00:00,0.5549818086060868,94.2945705072963,-0.0436812951225736,2147.9,0.47151671352045554,0.04149723036645684,0.0419678647191689,0.0,2146.95,2146.9,2147.0,0.09999999999990905,0.000155789056023109,,,,,,,,,False
2026-03-20 23:58:00.102994258+00:00,0.5681167689609926,94.2945705072963,-0.0436812951225736,2147.9,0.47151671352045554,0.054601618903236865,0.041998436537300184,0.0,2146.6499999999996,2146.6,2146.7,0.09999999999990905,0.000156934728379623,,,,,,,,,False
2026-03-20 23:59:00.330014608+00:00,0.5463069779516702,94.2945705072963,-0.0436812951225736,2147.9,0.47151671352045554,0.032760971341950065,0.04202929308925444,0.0,2147.1499999999996,2147.1,2147.2,0.09999999999990905,0.000157175774375191,,,,,,,,,False
2026-03-21 00:00:00.004408774+00:00,0.5638101193117753,94.2945705072963,-0.0436812951225736,2147.9,0.47151671352045554,0.050233489390963615,0.04205991640035525,0.0,2146.75,2146.7,2146.8,0.1000000000003638,0.000158253565824157,,,,,,,,,False
2026-03-21 00:01:00.053357713+00:00,0.5463725007820963,94.2945705072963,-0.0436812951225736,2147.9,0.47151671352045554,0.032760971341950065,0.04209481591968062,0.0,2147.1499999999996,2147.1,2147.2,0.09999999999990905,0.000164452040347534,,,,,,,,,False
2026-03-21 00:02:00.091975421+00:00,0.5333003978470214,94.2945705072963,-0.0436812951225736,2147.9,0.47151671352045554,0.019656582805170037,0.0421271015213944,0.0,2147.45,2147.4,2147.5,0.09999999999990905,0.00018214196240264,,,,,,,,,False
2026-03-21 00:03:00.142380962+00:00,0.48965366311208686,94.2945705072963,-0.0436812951225736,2147.9,0.47151671352045554,-0.024024712317403562,0.04216166190902741,0.0,2148.45,2148.4,2148.5,0.09999999999990905,0.000173267353944756,,,,,,,,,False
2026-03-21 00:04:00.175218826+00:00,0.5027950223502151,94.2945705072963,-0.0436812951225736,2147.9,0.47151671352045554,-0.010920323780623535,0.04219863261038118,0.0,2148.1499999999996,2148.1,2148.2,0.09999999999990905,0.000191022796072612,,,,,,,,,False
2026-03-21 00:05:00.097168042+00:00,0.4766231746757895,94.2945705072963,-0.0436812951225736,2147.9,0.47151671352045554,-0.03712910085418358,0.04223556200950463,0.0,2148.75,2148.7,2148.8,0.1000000000003638,0.000184820926018914,2148.4,2148.9,,,,,,,False
2026-03-21 00:06:00.037920377+00:00,0.49850025987543917,94.2945705072963,-0.0436812951225736,2147.9,0.47151671352045554,-0.015288453292896787,0.04227199964787761,0.0,2148.25,2148.2,2148.3,0.1000000000003638,0.000190360831679545,2147.9,2148.4,,,,,,,False
2026-03-21 00:07:00.077893407+00:00,0.44175164830519253,94.2945705072963,-0.0436812951225736,2147.9,0.47151671352045554,-0.07207413695225041,0.042309071736987294,0.0,2149.55,2149.5,2149.6,0.09999999999990905,0.000187231973611011,,,,,,,,,False
2026-03-21 00:08:00.035414255+00:00,0.5116790074124818,94.2945705072963,-0.0436812951225736,2147.9,0.47151671352045554,-0.0021840647561167615,0.04234635864813157,0.0,2147.95,2147.9,2148.0,0.09999999999990905,0.000193125975084579,,,,,,,,,False
2026-03-21 00:09:00.035627329+00:00,0.5422931801621765,94.2945705072963,-0.0436812951225736,2147.9,0.47151671352045554,0.028392841829676812,0.04238362481203318,0.0,2147.25,2147.2,2147.3,0.1000000000003638,0.00019023013935607,,,,,,,,,False
2026-03-21 00:10:00.083890937+00:00,0.577275132709728,94.2945705072963,-0.0436812951225736,2147.9,0.47151671352045554,0.06333787792774363,0.0424205412615192,0.0,2146.45,2146.4,2146.5,0.09999999999990905,0.000187221752635265,,,,,,,,,False
2026-03-21 00:11:00.060063396+00:00,0.6166253754782162,94.2945705072963,-0.0436812951225736,2147.9,0.47151671352045554,0.10265104353804398,0.042457618419712205,0.0,2145.55,2145.5,2145.6,0.09999999999990905,0.000189660175828638,,,,,,,,,False
2026-03-21 00:12:00.036730699+00:00,0.616662255908134,94.2945705072963,-0.0436812951225736,2147.9,0.47151671352045554,0.10265104353804398,0.042494498849629955,0.0,2145.55,2145.5,2145.6,0.09999999999990905,0.000190472709410961,,,,,,,,,False
2026-03-21 00:13:00.014827265+00:00,0.6429080978637729,94.2945705072963,-0.0436812951225736,2147.9,0.47151671352045554,0.12885982061160403,0.042531563731705684,0.0,2144.95,2144.9,2145.0,0.09999999999990905,0.00018906826247634,,,,,,,,,False
2026-03-21 00:14:00.014351081+00:00,0.6036316717176634,94.2945705072963,-0.0436812951225736,2147.9,0.47151671352045554,0.08954665500126396,0.04256830319593397,0.0,2145.8500000000004,2145.8,2145.9,0.09999999999990905,0.000188476659628334,,,,,,,,,False
2026-03-21 00:15:00.015529936+00:00,0.5512506268488867,94.2945705072963,-0.0436812951225736,2147.9,0.47151671352045554,0.03712910085418358,0.042604812474241194,0.0,2147.05,2147.0,2147.1,0.09999999999990905,0.00018512306644148,,,,,,,,,False
2026-03-21 00:16:00.075499544+00:00,0.5556551558809645,94.2945705072963,-0.0436812951225736,2147.9,0.47151671352045554,0.04149723036645684,0.04264121199404661,0.0,2146.95,2146.9,2147.0,0.09999999999990905,0.000187004684462285,,,,,,,,,False
2026-03-21 00:17:00.012497278+00:00,0.43338367181933657,94.2945705072963,-0.0436812951225736,2147.9,0.47151671352045554,-0.08081039597675718,0.04267735427563343,0.0,2149.75,2149.7,2149.8,0.1000000000003638,0.000182856090500428,,,,,,,,,False
2026-03-21 00:18:00.014335645+00:00,0.4465238347313792,94.2945705072963,-0.0436812951225736,2147.9,0.47151671352045554,-0.06770600743997716,0.04271312865088733,0.0,2149.45,2149.4,2149.5,0.09999999999990905,0.000184263534396545,,,,,,,,,False
2026-03-21 00:19:00.036880743+00:00,0.4815049125494609,94.2945705072963,-0.0436812951225736,2147.9,0.47151671352045554,-0.03276097134191033,0.0427491703709036,0.0,2148.6499999999996,2148.6,2148.7,0.09999999999990905,0.00018478580474592,,,,,,,,,False
2026-03-21 00:20:00.049672369+00:00,0.21508481372096133,94.2945705072963,-0.0436812951225736,2147.9,0.47151671352045554,-0.2992168715896252,0.042784971790124526,0.0,2154.75,2154.7,2154.8,0.1000000000003638,0.000175174553980101,,,,,,,,,False
2026-03-21 00:21:00.063897227+00:00,0.2369597966750627,94.2945705072963,-0.0436812951225736,2147.9,0.47151671352045554,-0.2773762240283384,0.042819307182934994,0.0,2154.25,2154.2,2154.3,0.1000000000003638,0.000177335064955216,2153.7000000000003,2154.7000000000003,,,,,,,False
2026-03-21 00:22:00.040878320+00:00,0.3156216035733906,94.2945705072963,-0.0436812951225736,2147.9,0.47151671352045554,-0.19874989280769795,0.04285478286062989,0.0,2152.45,2152.4,2152.5,0.09999999999990905,0.000183027378451322,,,,,,,,,False
2026-03-21 00:23:00.040979620+00:00,0.3374982812238108,94.2945705072963,-0.0436812951225736,2147.9,0.47151671352045554,-0.17690924524641116,0.04289081294975921,0.0,2151.95,2151.9,2152.0,0.09999999999990905,0.000186280100710141,,,,,,,,,False
2026-03-21 00:24:00.124764199+00:00,0.3244303952505756,94.2945705072963,-0.0436812951225736,2147.9,0.47151671352045554,-0.1900136337831912,0.042927315513298536,0.0,2152.25,2152.2,2152.3,0.1000000000003638,0.000185812131175756,2152.0,2152.5,,,,,,,False
2026-03-21 00:25:00.026932430+00:00,0.3375712003477571,94.2945705072963,-0.0436812951225736,2147.9,0.47151671352045554,-0.17690924524641116,0.04296373207370553,0.0,2151.95,2151.9,2152.0,0.09999999999990905,0.000187649988199657,,,,,,,,,False
2026-03-21 00:26:00.098201644+00:00,0.2851904698879305,94.2945705072963,-0.0436812951225736,2147.9,0.47151671352045554,-0.22932679939349154,0.043000555760962865,0.0,2153.1499999999996,2153.1,2153.2,0.09999999999990905,0.000187878372493019,,,,,,,,,False
2026-03-21 00:27:00.167549587+00:00,0.28085935537547246,94.2945705072963,-0.0436812951225736,2147.9,0.47151671352045554,-0.2336949289057648,0.04303757076077719,0.0,2153.25,2153.2,2153.3,0.1000000000003638,0.000189991027976965,,,,,,,,,False
2026-03-21 00:28:00.257216246+00:00,0.29400137923099506,94.2945705072963,-0.0436812951225736,2147.9,0.47151671352045554,-0.22059054036898476,0.04307520607951106,0.0,2152.95,2152.9,2153.0,0.09999999999990905,0.000192960309371893,,,,,,,,,False
2026-03-21 00:29:00.135774939+00:00,0.3377206458431046,94.2945705072963,-0.0436812951225736,2147.9,0.47151671352045554,-0.17690924524641116,0.043113177569053036,0.0,2151.95,2151.9,2152.0,0.09999999999990905,0.000196357114810924,,,,,,,,,False
2026-03-21 00:30:00.032468618+00:00,0.36833615637485934,94.2945705072963,-0.0436812951225736,2147.9,0.47151671352045554,-0.1463323386606176,0.04315178151501471,0.0,2151.25,2151.2,2151.3,0.1000000000003638,0.000200144964530739,2150.9,2151.4,,,,,,,False
2026-03-21 00:31:00.011563734+00:00,0.41642486177935956,94.2945705072963,-0.0436812951225736,2147.9,0.47151671352045554,-0.09828291402577073,0.04319106228467498,0.0,2150.1499999999996,2150.1,2150.2,0.09999999999990905,0.000200402420045561,,,,,,,,,False
2026-03-21 00:32:00.264873623+00:00,0.41209630828187416,94.2945705072963,-0.0436812951225736,2147.9,0.47151671352045554,-0.10265104353804398,0.04323063829946193,0.0,2150.25,2150.2,2150.3,0.1000000000003638,0.000201745556165984,2150.0,2150.5,,,,,,,False
2026-03-21 00:33:00.104475821+00:00,0.32477309776012664,94.2945705072963,-0.0436812951225736,2147.9,0.47151671352045554,-0.1900136337831912,0.043270018022849556,0.0,2152.25,2152.2,2152.3,0.1000000000003638,0.000201872196812316,2151.9,2152.5,,,,,,,False
2026-03-21 00:34:00.051192788+00:00,0.3248127710309641,94.2945705072963,-0.0436812951225736,2147.9,0.47151671352045554,-0.1900136337831912,0.04330969129368707,0.0,2152.25,2152.2,2152.3,0.1000000000003638,0.000202656396376672,2152.0,2152.5,,,,,,,False
2026-03-21 00:35:00.037631025+00:00,0.34232502527582453,94.2945705072963,-0.0436812951225736,2147.9,0.47151671352045554,-0.17254111573417763,0.043349427489543194,0.0,2151.8500000000004,2151.8,2151.9,0.09999999999990905,0.000203466101242263,,,,,,,,,False
2026-03-21 00:36:00.136574834+00:00,0.34673310059608314,94.2945705072963,-0.0436812951225736,2147.9,0.47151671352045554,-0.16817298622190438,0.0433893732975294,0.0,2151.75,2151.7,2151.8,0.1000000000003638,0.000203143176019484,2151.4,2151.9,,,,,,,False
2026-03-21 00:37:00.271383698+00:00,0.29435534747198594,94.2945705072963,-0.0436812951225736,2147.9,0.47151671352045554,-0.22059054036898476,0.043429174320501904,0.0,2152.95,2152.9,2153.0,0.09999999999990905,0.00020161166473808,,,,,,,,,False
2026-03-21 00:38:00.293650209+00:00,0.28565868065447403,94.2945705072963,-0.0436812951225736,2147.9,0.47151671352045554,-0.22932679939349154,0.043468766527506364,0.0,2153.1499999999996,2153.1,2153.2,0.09999999999990905,0.000202594207365986,,,,,,,,,False
2026-03-21 00:39:00.034124532+00:00,0.2507531817361997,94.2945705072963,-0.0436812951225736,2147.9,0.47151671352045554,-0.26427183549155836,0.04350830370729745,0.0,2153.95,2153.9,2154.0,0.09999999999990905,0.000202206417983802,,,,,,,,,False
2026-03-21 00:40:00.369581509+00:00,0.28573822866402915,94.2945705072963,-0.0436812951225736,2147.9,0.47151671352045554,-0.22932679939349154,0.04354831453706147,0.0,2153.1499999999996,2153.1,2153.2,0.09999999999990905,0.00020339368259469,,,,,,0.0,0.0,uneconomic_spread,False
2026-03-21 00:41:00.035873185+00:00,0.35566805930959355,94.2945705072963,-0.0436812951225736,2147.9,0.47151671352045554,-0.1594367271973976,0.043588072986523466,0.0,2151.55,2151.5,2151.6,0.09999999999990905,0.000204480572864794,,,,,,,,,False
2026-03-21 00:42:00.008927308+00:00,0.42123026847632206,94.2945705072963,-0.0436812951225736,2147.9,0.47151671352045554,-0.09391478451353721,0.04362833946939347,0.0,2150.05,2150.0,2150.1,0.09999999999990905,0.000206920207688913,,,,,,,,,False
2026-03-21 00:43:00.022877915+00:00,0.3339080471420516,94.2945705072963,-0.0436812951225736,2147.9,0.47151671352045554,-0.1812773747586844,0.0436687083802724,0.0,2152.05,2152.0,2152.1,0.09999999999990905,0.000206047782425694,,,,,,,,,False
2026-03-21 00:44:00.135153356+00:00,0.3601571282253499,94.2945705072963,-0.0436812951225736,2147.9,0.47151671352045554,-0.15506859768512435,0.0437090123900074,0.0,2151.45,2151.4,2151.5,0.09999999999990905,0.000206063105835693,,,,,,,,,False
2026-03-21 00:45:00.024210162+00:00,0.3907746689126372,94.2945705072963,-0.0436812951225736,2147.9,0.47151671352045554,-0.12449169109933078,0.04374964649150165,0.0,2150.75,2150.7,2150.8,0.1000000000003638,0.000208816367891171,2150.4,2150.9,,,,,,,False
2026-03-21 00:46:00.042711158+00:00,0.36460692160427854,94.2945705072963,-0.0436812951225736,2147.9,0.47151671352045554,-0.15070046817289084,0.0437906762567063,0.0,2151.3500000000004,2151.3,2151.4,0.09999999999990905,0.000208944903069867,,,,,,,,,False
2026-03-21 00:47:00.035764642+00:00,0.364647724395688,94.2945705072963,-0.0436812951225736,2147.9,0.47151671352045554,-0.15070046817289084,0.04383147904811575,0.0,2151.3500000000004,2151.3,2151.4,0.09999999999990905,0.000208220522835664,,,,,,,,,False
2026-03-21 00:48:00.047656728+00:00,0.40400185087260926,94.2945705072963,-0.0436812951225736,2147.9,0.47151671352045554,-0.11138730256255076,0.04387243991469917,0.0,2150.45,2150.4,2150.5,0.09999999999990905,0.00020976259193012,,,,,,,,,False
2026-03-21 00:49:00.025003309+00:00,0.4302518700107062,94.2945705072963,-0.0436812951225736,2147.9,0.47151671352045554,-0.08517852548903043,0.04391368197927546,0.0,2149.8500000000004,2149.8,2149.9,0.09999999999990905,0.000211255386607979,,,,,,,,,False
2026-03-21 00:50:00.061552606+00:00,0.377875691805407,94.2945705072963,-0.0436812951225736,2147.9,0.47151671352045554,-0.1375960796361108,0.043955057921060185,0.0,2151.05,2151.0,2151.1,0.09999999999990905,0.000210821500125609,,,,,,,,,False
2026-03-21 00:51:00.012235599+00:00,0.32549923901426603,94.2945705072963,-0.0436812951225736,2147.9,0.47151671352045554,-0.1900136337831912,0.04399615927698896,0.0,2152.25,2152.2,2152.3,0.1000000000003638,0.000209849574644041,2151.9,2152.4,2152.25511829058,2152.1954453621347,0.2,-0.2425910566066307,-0.147634188402673,ok,False
2026-03-21 00:52:00.035510057+00:00,0.325540330574798,94.2945705072963,-0.0436812951225736,2147.9,0.47151671352045554,-0.1900136337831912,0.044037250837520914,0.0,2152.25,2152.2,2152.3,0.1000000000003638,0.000210091869574689,2152.0,2152.5,,,,,,,False
2026-03-21 00:53:00.113283996+00:00,0.2819001939249932,94.2945705072963,-0.0436812951225736,2147.9,0.47151671352045554,-0.2336949289057648,0.04407840931029797,0.0,2153.25,2153.2,2153.3,0.1000000000003638,0.000209374353569969,2153.0,2153.5,,,,,,,False
2026-03-21 00:54:00.039897466+00:00,0.29504553126629823,94.2945705072963,-0.0436812951225736,2147.9,0.47151671352045554,-0.22059054036898476,0.04411935811481421,0.0,2152.95,2152.9,2153.0,0.09999999999990905,0.00020874592647726,,,,,,,,,False
2026-03-21 00:55:00.074343458+00:00,0.2776138814928344,94.2945705072963,-0.0436812951225736,2147.9,0.47151671352045554,-0.23806305841803804,0.04416022639041151,0.0,2153.3500000000004,2153.3,2153.4,0.09999999999990905,0.000208153086981094,,,,,,,,,False
2026-03-21 00:56:00.492832470+00:00,0.26018240022991246,94.2945705072963,-0.0436812951225736,2147.9,0.47151671352045554,-0.2555355764670516,0.04420126317650809,0.0,2153.75,2153.7,2153.8,0.1000000000003638,0.000207793569096082,2153.5,2154.0,,,,,,,False
2026-03-21 00:57:00.040493715+00:00,0.28206340128851637,94.2945705072963,-0.0436812951225736,2147.9,0.47151671352045554,-0.2336949289057648,0.04424161667382111,0.0,2153.25,2153.2,2153.3,0.1000000000003638,0.000207791138580216,2152.9,2153.4,,,,,,,False
2026-03-21 00:58:00.058289220+00:00,0.28210416191597815,94.2945705072963,-0.0436812951225736,2147.9,0.47151671352045554,-0.2336949289057648,0.044282377301282864,0.0,2153.25,2153.2,2153.3,0.1000000000003638,0.00020767337434593,2153.0,2153.5,,,,,,,False
2026-03-21 00:59:00.021057300+00:00,0.25156785354765365,94.2945705072963,-0.0436812951225736,2147.9,0.47151671352045554,-0.26427183549155836,0.04432297551875139,0.0,2153.95,2153.9,2154.0,0.09999999999990905,0.000207225838805357,,,,,,,,,False
2026-03-21 01:00:00.043180263+00:00,0.2516086125112454,94.2945705072963,-0.0436812951225736,2147.9,0.47151671352045554,-0.26427183549155836,0.04436373448234314,0.0,2153.95,2153.9,2154.0,0.09999999999990905,0.000208240858827309,,,,,,,,,False
2026-03-21 01:01:00.080056592+00:00,0.21669403700296258,94.2945705072963,-0.0436812951225736,2147.9,0.47151671352045554,-0.2992168715896252,0.04439419507212576,0.0,2154.75,2154.7,2154.8,0.1000000000003638,0.000152695137943891,,,,,,,,,False
2026-03-21 01:02:00.008370612+00:00,0.2342015982556475,94.2945705072963,-0.0436812951225736,2147.9,0.47151671352045554,-0.2817443535406116,0.04442923827579217,0.0,2154.3500000000004,2154.3,2154.4,0.09999999999990905,0.000194351201497937,,,,,,,,,False
2026-03-21 01:03:00.017695178+00:00,0.269189408930704,94.2945705072963,-0.0436812951225736,2147.9,0.47151671352045554,-0.2467993174425448,0.04447201285278321,0.0,2153.55,2153.5,2153.6,0.09999999999990905,0.00022860574115987,,,,,,,,,False
2026-03-21 01:04:00.062191382+00:00,0.26923345056205095,94.2945705072963,-0.0436812951225736,2147.9,0.47151671352045554,-0.2467993174425448,0.0445160544841302,0.0,2153.55,2153.5,2153.6,0.09999999999990905,0.000221180912132225,,,,,,,,,False
2026-03-21 01:05:00.037620892+00:00,0.312958298354024,94.2945705072963,-0.0436812951225736,2147.9,0.47151671352045554,-0.2031180223199712,0.044559607153535664,0.0,2152.55,2152.5,2152.6,0.09999999999990905,0.000227281093443899,,,,,,,,,False
2026-03-21 01:06:00.134266631+00:00,0.29116126867065406,94.2945705072963,-0.0436812951225736,2147.9,0.47151671352045554,-0.224958669881258,0.04460322503145662,0.0,2153.05,2153.0,2153.1,0.09999999999990905,0.000217994822492574,,,,,,,,,False
2026-03-21 01:07:00.047935126+00:00,0.23004922727211158,94.2945705072963,-0.0436812951225736,2147.9,0.47151671352045554,-0.28611248305284515,0.044644996804500243,0.0,2154.45,2154.4,2154.5,0.09999999999990905,0.000212180647400372,,,,,,,,,False
2026-03-21 01:08:00.063080363+00:00,0.17330456534571437,94.2945705072963,-0.0436812951225736,2147.9,0.47151671352045554,-0.3428981667121988,0.044686018537445124,0.0,2155.75,2155.7,2155.8,0.1000000000003638,0.000207651306527955,,,,,,,,,False
2026-03-21 01:09:00.522444909+00:00,0.16460902548569456,94.2945705072963,-0.0436812951225736,2147.9,0.47151671352045554,-0.35163442573670556,0.044726737701941695,0.0,2155.95,2155.9,2156.0,0.09999999999990905,0.000206594229826782,,,,,,,,,False
2026-03-21 01:10:00.052495013+00:00,0.16901739791236423,94.2945705072963,-0.0436812951225736,2147.9,0.47151671352045554,-0.347266296224472,0.044766980616367386,0.0,2155.8500000000004,2155.8,2155.9,0.09999999999990905,0.000207926721577918,,,,,,,,,False
2026-03-21 01:11:00.018089833+00:00,-0.01877206587804997,94.2945705072963,-0.0436812951225736,2147.9,0.47151671352045554,-0.5350958652515068,0.04480708585299803,0.0,2160.1499999999996,2160.1,2160.2,0.09999999999990905,0.000203857888823357,,,,,,,,,False
2026-03-21 01:12:00.176183277+00:00,0.0642628303115865,94.2945705072963,-0.0436812951225736,2147.9,0.47151671352045554,-0.4521014045186328,0.044847521309757526,0.0,2158.25,2158.2,2158.3,0.1000000000003638,0.000207397504226864,2157.7000000000003,2158.7000000000003,,,,,,,False
2026-03-21 01:13:00.175448978+00:00,0.10361776924102806,94.2945705072963,-0.0436812951225736,2147.9,0.47151671352045554,-0.41278823890833244,0.0448892946289039,0.0,2157.3500000000004,2157.3,2157.4,0.09999999999990905,0.000213812936737353,,,,,,,,,False
2026-03-21 01:14:00.023282410+00:00,0.14734141306679346,94.2945705072963,-0.0436812951225736,2147.9,0.47151671352045554,-0.3691069437857588,0.04493164333208752,0.0,2156.3500000000004,2156.3,2156.4,0.09999999999990905,0.000217181444511292,,,,,,,,,False
2026-03-21 01:15:00.135801640+00:00,0.17359310448203935,94.2945705072963,-0.0436812951225736,2147.9,0.47151671352045554,-0.3428981667121988,0.044974557673770114,0.0,2155.75,2155.7,2155.8,0.1000000000003638,0.00022011306011276,2155.5,2156.0,,,,,,,False
2026-03-21 01:16:00.084851213+00:00,0.1780041912742623,94.2945705072963,-0.0436812951225736,2147.9,0.47151671352045554,-0.3385300371999255,0.0450175149537207,0.0,2155.6499999999996,2155.6,2155.7,0.09999999999990905,0.000217978147564041,,,,,,,,,False
2026-03-21 01:17:00.010104350+00:00,0.18678317643636355,94.2945705072963,-0.0436812951225736,2147.9,0.47151671352045554,-0.3297937781754188,0.045060241091319786,0.0,2155.45,2155.4,2155.5,0.09999999999990905,0.000217238072203498,,,,,,,,,False
2026-03-21 01:18:00.083446258+00:00,0.28729304456609,94.2945705072963,-0.0436812951225736,2147.9,0.47151671352045554,-0.22932679939349154,0.045103130439122334,0.0,2153.1499999999996,2153.1,2153.2,0.09999999999990905,0.000217576609393566,,,,,,,,,False
2026-03-21 01:19:00.037520304+00:00,0.3091762061708526,94.2945705072963,-0.0436812951225736,2147.9,0.47151671352045554,-0.20748615183220473,0.045145644482594054,0.0,2152.6499999999996,2152.6,2152.7,0.09999999999990905,0.000216949220507419,,,,,,,,,False
2026-03-21 01:20:00.017722729+00:00,0.28300919964050586,94.2945705072963,-0.0436812951225736,2147.9,0.47151671352045554,-0.2336949289057648,0.0451874150258106,0.0,2153.25,2153.2,2153.3,0.1000000000003638,0.000211177721852757,2153.0,2153.5,,,,,,,False
2026-03-21 01:21:00.013925530+00:00,0.23063253623335483,94.2945705072963,-0.0436812951225736,2147.9,0.47151671352045554,-0.28611248305284515,0.045228305765743486,0.0,2154.45,2154.4,2154.5,0.09999999999990905,0.000206206047339727,,,,,,,,,False
2026-03-21 01:22:00.044278290+00:00,0.22193626551162168,94.2945705072963,-0.0436812951225736,2147.9,0.47151671352045554,-0.29484874207735196,0.04526829406851249,0.0,2154.6499999999996,2154.6,2154.7,0.09999999999990905,0.00020315578393331,,,,,,,,,False
2026-03-21 01:23:00.179089407+00:00,0.22197598051073203,94.2945705072963,-0.0436812951225736,2147.9,0.47151671352045554,-0.29484874207735196,0.04530800906762285,0.0,2154.6499999999996,2154.6,2154.7,0.09999999999990905,0.000200952590143949,,,,,,,,,False
2026-03-21 01:24:00.036202792+00:00,0.22201507790839078,94.2945705072963,-0.0436812951225736,2147.9,0.47151671352045554,-0.29484874207735196,0.04534710646528159,0.0,2154.6499999999996,2154.6,2154.7,0.09999999999990905,0.000199516082929813,,,,,,,,,False
2026-03-21 01:25:00.007411058+00:00,0.23952628541694015,94.2945705072963,-0.0436812951225736,2147.9,0.47151671352045554,-0.2773762240283384,0.04538579592481244,0.0,2154.25,2154.2,2154.3,0.1000000000003638,0.000195382208500873,,,,,,,,,False
2026-03-21 01:26:00.424676869+00:00,0.21772418608707217,94.2945705072963,-0.0436812951225736,2147.9,0.47151671352045554,-0.2992168715896252,0.04542434415623536,0.0,2154.75,2154.7,2154.8,0.1000000000003638,0.000193948413840798,2154.4,2154.9,,,,,,,False
2026-03-21 01:27:00.152439772+00:00,0.20465743496443667,94.2945705072963,-0.0436812951225736,2147.9,0.47151671352045554,-0.3123212601264052,0.04546198157037439,0.0,2155.05,2155.0,2155.1,0.09999999999990905,0.000191936120136382,,,,,,,,,False
2026-03-21 01:28:00.544227082+00:00,0.20032703646232972,94.2945705072963,-0.0436812951225736,2147.9,0.47151671352045554,-0.31668938963863874,0.04549971258051142,0.0,2155.1499999999996,2155.1,2155.2,0.09999999999990905,0.000189997439809285,,,,,,,,,False
2026-03-21 01:29:00.282106828+00:00,0.19599569869287709,94.2945705072963,-0.0436812951225736,2147.9,0.47151671352045554,-0.32105751915091196,0.04553650432333118,0.0,2155.25,2155.2,2155.3,0.1000000000003638,0.000187904586713739,2154.9,2155.4,,,,,,,False
2026-03-21 01:30:00.059015250+00:00,0.25718635293888376,94.2945705072963,-0.0436812951225736,2147.9,0.47151671352045554,-0.25990370597932483,0.045573345397751756,0.0,2153.8500000000004,2153.8,2153.9,0.09999999999990905,0.000188042405341337,,,,,,,,,False
2026-03-21 01:31:00.072816866+00:00,0.30964078900000297,94.2945705072963,-0.0436812951225736,2147.9,0.47151671352045554,-0.20748615183220473,0.04561022731174441,0.0,2152.6499999999996,2152.6,2152.7,0.09999999999990905,0.000187996801649192,,,,,,,,,False
2026-03-21 01:32:00.090390645+00:00,0.3184137696057778,94.2945705072963,-0.0436812951225736,2147.9,0.47151671352045554,-0.19874989280769795,0.04564694889301709,0.0,2152.45,2152.4,2152.5,0.09999999999990905,0.000186798390858564,,,,,,,,,False
2026-03-21 01:33:00.273513699+00:00,0.3577635857790087,94.2945705072963,-0.0436812951225736,2147.9,0.47151671352045554,-0.1594367271973976,0.04568359945593858,0.0,2151.55,2151.5,2151.6,0.09999999999990905,0.000185753137344591,,,,,,,,,False
2026-03-21 01:34:00.034658645+00:00,0.4102173490682573,94.2945705072963,-0.0436812951225736,2147.9,0.47151671352045554,-0.10701917305031723,0.04571980859811745,0.0,2150.3500000000004,2150.3,2150.4,0.09999999999990905,0.00018623890247862,,,,,,,,,False
2026-03-21 01:35:00.035661894+00:00,0.34473172308648115,94.2945705072963,-0.0436812951225736,2147.9,0.47151671352045554,-0.17254111573417763,0.045756125300199804,0.0,2151.8500000000004,2151.8,2151.9,0.09999999999990905,0.000184435209770657,,,,,,,,,False
2026-03-21 01:36:00.013897399+00:00,0.2923502020057769,94.2945705072963,-0.0436812951225736,2147.9,0.47151671352045554,-0.224958669881258,0.04579215836657949,0.0,2153.05,2153.0,2153.1,0.09999999999990905,0.000184273704456082,,,,,,,,,False
2026-03-21 01:37:00.519984995+00:00,0.29675471845896556,94.2945705072963,-0.0436812951225736,2147.9,0.47151671352045554,-0.22059054036898476,0.045828545307481545,0.0,2152.95,2152.9,2153.0,0.09999999999990905,0.000184798989685519,,,,,,,,,False
2026-03-21 01:38:00.031579453+00:00,0.28368612872505494,94.2945705072963,-0.0436812951225736,2147.9,0.47151671352045554,-0.2336949289057648,0.04586434411035964,0.0,2153.25,2153.2,2153.3,0.1000000000003638,0.000184206375655277,,2153.4,,,,,,,False
2026-03-21 01:39:00.238458044+00:00,0.3186674373406828,94.2945705072963,-0.0436812951225736,2147.9,0.47151671352045554,-0.19874989280769795,0.045900616627922095,0.0,2152.45,2152.4,2152.5,0.09999999999990905,0.000185239626753955,,,,,,,,,False
2026-03-21 01:40:00.056404209+00:00,0.3143355359932941,94.2945705072963,-0.0436812951225736,2147.9,0.47151671352045554,-0.2031180223199712,0.04593684479280579,0.0,2152.55,2152.5,2152.6,0.09999999999990905,0.00018529050487,,,,,,,,,False
2026-03-21 01:41:00.235907941+00:00,0.35805327509850515,94.2945705072963,-0.0436812951225736,2147.9,0.47151671352045554,-0.1594367271973976,0.04597328877543508,0.0,2151.55,2151.5,2151.6,0.09999999999990905,0.000185955102073971,,,,,,,,,False
2026-03-21 01:42:00.035184482+00:00,0.37993023908240836,94.2945705072963,-0.0436812951225736,2147.9,0.47151671352045554,-0.1375960796361108,0.046009605198061576,0.0,2151.05,2151.0,2151.1,0.09999999999990905,0.000186027618963077,,,,,,,,,False
2026-03-21 01:43:00.945890335+00:00,0.3843352973003638,94.2945705072963,-0.0436812951225736,2147.9,0.47151671352045554,-0.13322795012383756,0.046046533903744635,0.0,2150.95,2150.9,2151.0,0.09999999999990905,0.000186410185565682,,,,,,,,,False
2026-03-21 01:44:00.041969088+00:00,0.40184373786795974,94.2945705072963,-0.0436812951225736,2147.9,0.47151671352045554,-0.11575543207482401,0.04608245642232207,0.0,2150.55,2150.5,2150.6,0.09999999999990905,0.000186379085492472,,,,,,,,,False
2026-03-21 01:45:00.062722057+00:00,0.44119348443494943,94.2945705072963,-0.0436812951225736,2147.9,0.47151671352045554,-0.07644226646448393,0.04611903737897393,0.0,2149.6499999999996,2149.6,2149.7,0.09999999999990905,0.00018740420305006,,,,,,,,,False
2026-03-21 01:46:00.272685401+00:00,0.4718072566595044,94.2945705072963,-0.0436812951225736,2147.9,0.47151671352045554,-0.04586535987869036,0.04615590301773588,0.0,2148.95,2148.9,2149.0,0.09999999999990905,0.000187207591564445,,,,,,,,,False
2026-03-21 01:47:00.032718914+00:00,0.4106898736758573,94.2945705072963,-0.0436812951225736,2147.9,0.47151671352045554,-0.10701917305031723,0.04619233320571749,0.0,2150.3500000000004,2150.3,2150.4,0.09999999999990905,0.000186220892220347,,,,,,,,,False
2026-03-21 01:48:00.262465900+00:00,0.388885784554059,94.2945705072963,-0.0436812951225736,2147.9,0.47151671352045554,-0.12885982061160403,0.04622889164519586,0.0,2150.8500000000004,2150.8,2150.9,0.09999999999990905,0.000185240867246319,,,,,,,,,False
2026-03-21 01:49:00.150612316+00:00,0.43260323226919944,94.2945705072963,-0.0436812951225736,2147.9,0.47151671352045554,-0.08517852548903043,0.04626504423776871,0.0,2149.8500000000004,2149.8,2149.9,0.09999999999990905,0.000184797462701056,,,,,,,,,False
2026-03-21 01:50:00.055051272+00:00,0.4282712073351282,94.2945705072963,-0.0436812951225736,2147.9,0.47151671352045554,-0.08954665500126396,0.04630114881592722,0.0,2149.95,2149.9,2150.0,0.09999999999990905,0.000184513243886894,,,,,,,,,False
2026-03-21 01:51:00.043383441+00:00,0.41083469819825996,94.2945705072963,-0.0436812951225736,2147.9,0.47151671352045554,-0.10701917305031723,0.04633715772812016,0.0,2150.3500000000004,2150.3,2150.4,0.09999999999990905,0.000183985630879921,,,,,,,,,False
2026-03-21 01:52:00.035111670+00:00,0.4676565487854542,94.2945705072963,-0.0436812951225736,2147.9,0.47151671352045554,-0.050233489390963615,0.04637332465595808,0.0,2149.05,2149.0,2149.1,0.09999999999990905,0.000186349265760707,,,,,,,,,False
2026-03-21 01:53:00.263470575+00:00,0.46332497960777574,94.2945705072963,-0.0436812951225736,2147.9,0.47151671352045554,-0.05460161890319713,0.04640988499050937,0.0,2149.1499999999996,2149.1,2149.2,0.09999999999990905,0.000186576952056081,,,,,,,,,False
2026-03-21 01:54:00.041007319+00:00,0.4677295038939629,94.2945705072963,-0.0436812951225736,2147.9,0.47151671352045554,-0.050233489390963615,0.04644627976446674,0.0,2149.05,2149.0,2149.1,0.09999999999990905,0.000186878807591963,,,,,,,,,False
2026-03-21 01:55:00.025575186+00:00,0.5114474596415651,94.2945705072963,-0.0436812951225736,2147.9,0.47151671352045554,-0.006552194268390012,0.04648294038948718,0.0,2148.05,2148.0,2148.1,0.09999999999990905,0.000188030600646334,,,,,,,,,False
2026-03-21 01:56:00.042698680+00:00,0.5315446592466743,351.08878522449504,-0.1631816044516251,2148.6323148324877,0.47151671352045554,0.013432266435485925,0.04659567929077187,0.0,2148.55,2148.5,2148.6,0.09999999999990905,0.000188614277831547,,,,,,,,,False
2026-03-21 01:57:00.026316682+00:00,0.4500922090501316,351.08878522449504,-0.1631816044516251,2148.6323148324877,0.47151671352045554,-0.06815853579032663,0.04673403132006191,0.0,2149.05,2149.0,2149.1,0.09999999999990905,0.000189476081677297,,,,,,,,,False
2026-03-21 01:58:00.098045689+00:00,0.48286732530396953,351.08878522449504,-0.1631816044516251,2148.6323148324877,0.47151671352045554,-0.03552221490003129,0.046872826683623636,0.0,2148.8500000000004,2148.8,2148.9,0.09999999999990905,0.000190024786652014,,,,,,,,,False
2026-03-21 01:59:00.135828580+00:00,0.580915125013095,351.08878522449504,-0.1631816044516251,2148.6323148324877,0.47151671352045554,0.06238674777100314,0.04701166372169299,0.0,2148.25,2148.2,2148.3,0.1000000000003638,0.00019014346243707,,,,,,,,,False
2026-03-21 02:00:00.018915198+00:00,0.6300085073862751,351.08878522449504,-0.1631816044516251,2148.6323148324877,0.47151671352045554,0.11134122910652035,0.04715056475937357,0.0,2147.95,2147.9,2148.0,0.09999999999990905,0.00019096994472344,,,,,,,,,False
2026-03-21 02:01:00.016490453+00:00,0.6791251065117329,351.08878522449504,-0.1631816044516251,2148.6323148324877,0.47151671352045554,0.16029571044203758,0.047312682549274794,0.0,2147.6499999999996,2147.6,2147.7,0.09999999999990905,0.000235084210101439,,,,,,,,,False
2026-03-21 02:02:00.333370409+00:00,0.6303349816911392,351.08878522449504,-0.1631816044516251,2148.6323148324877,0.47151671352045554,0.11134122910652035,0.0474770390642376,0.0,2147.95,2147.9,2148.0,0.09999999999990905,0.000217348652942913,,,,,,,,,False
2026-03-21 02:03:00.205519246+00:00,0.7447142410092586,351.08878522449504,-0.1631816044516251,2148.6323148324877,0.47151671352045554,0.22556835222262825,0.047629175266248096,0.0,2147.25,2147.2,2147.3,0.1000000000003638,0.000207080495196903,,,,,,,,,False
2026-03-21 02:04:00.078926262+00:00,0.8101480820316463,351.08878522449504,-0.1631816044516251,2148.6323148324877,0.47151671352045554,0.29084099400321894,0.047790374508026506,0.0,2146.8500000000004,2146.8,2146.9,0.09999999999990905,0.000226517524674041,,,,,,,,,False
2026-03-21 02:05:00.035501467+00:00,0.6960820605759275,351.08878522449504,-0.1631816044516251,2148.6323148324877,0.47151671352045554,0.17661387088711103,0.04795147616841656,0.0,2147.55,2147.5,2147.6,0.09999999999990905,0.000217876768271639,,,,,,,,,False
2026-03-21 02:06:00.118687206+00:00,0.6309730281042811,351.08878522449504,-0.1631816044516251,2148.6323148324877,0.47151671352045554,0.11134122910652035,0.04811508547737949,0.0,2147.95,2147.9,2148.0,0.09999999999990905,0.000223265862172699,,,,,,,,,False
2026-03-21 02:07:00.037079628+00:00,0.4679547992017033,351.08878522449504,-0.1631816044516251,2148.6323148324877,0.47151671352045554,-0.05184037534510475,0.04827846102641028,0.0,2148.95,2148.9,2149.0,0.09999999999990905,0.000227228708131621,,,,,,,,,False
2026-03-21 02:08:00.177955844+00:00,0.41916431287300293,351.08878522449504,-0.1631816044516251,2148.6323148324877,0.47151671352045554,-0.10079485668062196,0.04844245603320953,0.0,2149.25,2149.2,2149.3,0.1000000000003638,0.000225382004906758,2149.0,,,,,,,,False
2026-03-21 02:09:00.036574622+00:00,0.43564683672271665,351.08878522449504,-0.1631816044516251,2148.6323148324877,0.47151671352045554,-0.08447669623540009,0.04860681943769983,0.0,2149.1499999999996,2149.1,2149.2,0.09999999999990905,0.000226978155596796,,,,,,,,,False
2026-03-21 02:10:00.127402407+00:00,0.4684472464802225,351.08878522449504,-0.1631816044516251,2148.6323148324877,0.47151671352045554,-0.05184037534510475,0.04877090830492945,0.0,2148.95,2148.9,2149.0,0.09999999999990905,0.000224667874810935,,,,,,,,,False
2026-03-21 02:11:00.046475784+00:00,0.5012482904133805,351.08878522449504,-0.1631816044516251,2148.6323148324877,0.47151671352045554,-0.019204054454809414,0.048935631347811245,0.0,2148.75,2148.7,2148.8,0.1000000000003638,0.000226658471436621,2148.5,2149.1,,,,,,,False
2026-03-21 02:12:00.025487663+00:00,0.5177313938358633,351.08878522449504,-0.1631816044516251,2148.6323148324877,0.47151671352045554,-0.0028858940095875373,0.04910057432507063,0.0,2148.6499999999996,2148.6,2148.7,0.09999999999990905,0.000224731726831752,,,,,,,,,False
2026-03-21 02:13:00.035723412+00:00,0.46893899754947166,351.08878522449504,-0.1631816044516251,2148.6323148324877,0.47151671352045554,-0.05184037534510475,0.04926265937417859,0.0,2148.95,2148.9,2149.0,0.09999999999990905,0.000221062986090338,,,,,,,,,False
2026-03-21 02:14:00.019430653+00:00,0.5017383945254514,351.08878522449504,-0.1631816044516251,2148.6323148324877,0.47151671352045554,-0.019204054454809414,0.0494257354598822,0.0,2148.75,2148.7,2148.8,0.1000000000003638,0.000224765387772503,2148.5,2149.0,,,,,,,False
2026-03-21 02:15:00.006401814+00:00,0.5182209236985057,351.08878522449504,-0.1631816044516251,2148.6323148324877,0.47151671352045554,-0.0028858940095875373,0.049590104187713015,0.0,2148.6499999999996,2148.6,2148.7,0.09999999999990905,0.000226553723269318,,,,,,,,,False
2026-03-21 02:16:00.035472010+00:00,0.32256733466201026,351.08878522449504,-0.1631816044516251,2148.6323148324877,0.47151671352045554,-0.1987038193516564,0.04975444049327293,0.0,2149.8500000000004,2149.8,2149.9,0.09999999999990905,0.000223972901339824,,,,,,,,,False
2026-03-21 02:17:00.140358970+00:00,0.3716851330268949,351.08878522449504,-0.1631816044516251,2148.6323148324877,0.47151671352045554,-0.14974933801613918,0.04991775752265794,0.0,2149.55,2149.5,2149.6,0.09999999999990905,0.000223798632090923,,,,,,,,,False
2026-03-21 02:18:00.020455993+00:00,0.19234931210701886,351.08878522449504,-0.1631816044516251,2148.6323148324877,0.47151671352045554,-0.32924910291283777,0.050081701499443326,0.0,2150.6499999999996,2150.6,2150.7,0.09999999999990905,0.000224507371040216,,,,,,0.0,0.0,uneconomic_spread,False
2026-03-21 02:19:00.036030633+00:00,0.1925123744737372,351.08878522449504,-0.1631816044516251,2148.6323148324877,0.47151671352045554,-0.32924910291283777,0.05024476386616167,0.0,2150.6499999999996,2150.6,2150.7,0.09999999999990905,0.000223968057275787,,,,,,,,,False
2026-03-21 02:20:00.020327772+00:00,0.19267723870094644,351.08878522449504,-0.1631816044516251,2148.6323148324877,0.47151671352045554,-0.32924910291283777,0.05040962809337092,0.0,2150.6499999999996,2150.6,2150.7,0.09999999999990905,0.000227526864393211,,,,,,,,,False
2026-03-21 02:21:00.086018982+00:00,0.1765259802731836,351.08878522449504,-0.1631816044516251,2148.6323148324877,0.47151671352045554,-0.34556726335805965,0.05057653011083146,0.0,2150.75,2150.7,2150.8,0.1000000000003638,0.000227046614540267,2150.5,2151.1,,,,,,,False
2026-03-21 02:22:00.146651776+00:00,0.06246307563387971,351.08878522449504,-0.1631816044516251,2148.6323148324877,0.47151671352045554,-0.45979438647416754,0.050740748587636504,0.0,2151.45,2151.4,2151.5,0.09999999999990905,0.000221415371168067,,,,,,,,,False
2026-03-21 02:23:00.111426072+00:00,0.029988176086002967,351.08878522449504,-0.1631816044516251,2148.6323148324877,0.47151671352045554,-0.49243070736446287,0.050902169930036,0.0,2151.6499999999996,2151.6,2151.7,0.09999999999990905,0.000222947380096791,,,,,,,,,False
2026-03-21 02:24:00.013573383+00:00,0.06278731418639136,351.08878522449504,-0.1631816044516251,2148.6323148324877,0.47151671352045554,-0.45979438647416754,0.051064987140148156,0.0,2151.45,2151.4,2151.5,0.09999999999990905,0.000224580143813758,,,,,,,,,False
2026-03-21 02:25:00.035553538+00:00,0.013997232142740228,351.08878522449504,-0.1631816044516251,2148.6323148324877,0.47151671352045554,-0.5087488678096848,0.05122938643199664,0.0,2151.75,2151.7,2151.8,0.1000000000003638,0.00022352977477879,2151.5,2152.0,,,,,,,False
2026-03-21 02:26:00.141594042+00:00,-0.10006606742469451,351.08878522449504,-0.1631816044516251,2148.6323148324877,0.47151671352045554,-0.6229759909257926,0.05139320998067084,0.0,2152.45,2152.4,2152.5,0.09999999999990905,0.000223083167216108,,,,,,,,,False
2026-03-21 02:27:00.179518377+00:00,-0.06726549158661047,351.08878522449504,-0.1631816044516251,2148.6323148324877,0.47151671352045554,-0.5903396700354973,0.05155746492847865,0.0,2152.25,2152.2,2152.3,0.1000000000003638,0.000224426193482091,2152.0,2152.5,,,,,,,False
2026-03-21 02:28:00.035667296+00:00,-0.21396605034612343,351.08878522449504,-0.1631816044516251,2148.6323148324877,0.47151671352045554,-0.7372031140419005,0.05172035017535088,0.0,2153.1499999999996,2153.1,2153.2,0.09999999999990905,0.000223206189227027,,,,,,,,,False
2026-03-21 02:29:00.119379818+00:00,-0.24643857032004474,351.08878522449504,-0.1631816044516251,2148.6323148324877,0.47151671352045554,-0.7698394349323443,0.05188415109187633,0.0,2153.3500000000004,2153.3,2153.4,0.09999999999990905,0.000223667259322019,,,,,,,,,False
2026-03-21 02:30:00.055133597+00:00,-0.11572938576724515,351.08878522449504,-0.1631816044516251,2148.6323148324877,0.47151671352045554,-0.6392941513710145,0.05204805208334359,0.0,2152.55,2152.5,2152.6,0.09999999999990905,0.000226423565400191,,,,,,,,,False
2026-03-21 02:31:00.077361439+00:00,-0.06660783258691699,351.08878522449504,-0.1631816044516251,2148.6323148324877,0.47151671352045554,-0.5903396700354973,0.05221512392817213,0.0,2152.25,2152.2,2152.3,0.1000000000003638,0.000229129160235388,2151.9,2152.5,,,,,,,False
2026-03-21 02:32:00.035708603+00:00,-0.0664395831117944,351.08878522449504,-0.1631816044516251,2148.6323148324877,0.47151671352045554,-0.5903396700354973,0.05238337340329472,0.0,2152.25,2152.2,2152.3,0.1000000000003638,0.000231032049234081,2152.0,2152.5,,,,,,,False
2026-03-21 02:33:00.437325663+00:00,0.19482195458353985,351.08878522449504,-0.1631816044516251,2148.6323148324877,0.47151671352045554,-0.32924910291283777,0.05255434397596431,0.0,2150.6499999999996,2150.6,2150.7,0.09999999999990905,0.000233478507290097,,,,,,,,,False
2026-03-21 02:34:00.020909701+00:00,0.16235544106297597,351.08878522449504,-0.1631816044516251,2148.6323148324877,0.47151671352045554,-0.3618854238032815,0.052724151345847216,0.0,2150.8500000000004,2150.8,2150.9,0.09999999999990905,0.000233777592414253,,,,,,,,,False
2026-03-21 02:35:00.159202215+00:00,-0.01697402085722951,351.08878522449504,-0.1631816044516251,2148.6323148324877,0.47151671352045554,-0.5413851886999801,0.052894454322359986,0.0,2151.95,2151.9,2152.0,0.09999999999990905,0.000230079528379498,,,,,,,,,False
2026-03-21 02:36:00.035780821+00:00,0.0974204563602562,351.08878522449504,-0.1631816044516251,2148.6323148324877,0.47151671352045554,-0.4271580655838722,0.05306180842373676,0.0,2151.25,2151.2,2151.3,0.1000000000003638,0.000228268357721311,2151.0,,,,,,,,False
2026-03-21 02:37:00.050231814+00:00,0.11390503477479036,351.08878522449504,-0.1631816044516251,2148.6323148324877,0.47151671352045554,-0.4108399051386503,0.05322822639304753,0.0,2151.1499999999996,2151.1,2151.2,0.09999999999990905,0.000226926811357342,,,,,,,,,False
2026-03-21 02:38:00.487357603+00:00,0.2446174694612945,351.08878522449504,-0.1631816044516251,2148.6323148324877,0.47151671352045554,-0.2802946215774689,0.05339537751833303,0.0,2150.3500000000004,2150.3,2150.4,0.09999999999990905,0.000227634955826794,,,,,,,,,False
2026-03-21 02:39:00.005641747+00:00,0.14687280311189932,351.08878522449504,-0.1631816044516251,2148.6323148324877,0.47151671352045554,-0.378203584248355,0.05355967383982342,0.0,2150.95,2150.9,2151.0,0.09999999999990905,0.000225397231401261,,,,,,,,,False
2026-03-21 02:40:00.152579836+00:00,0.03280992576781332,351.08878522449504,-0.1631816044516251,2148.6323148324877,0.47151671352045554,-0.49243070736446287,0.053723919611846346,0.0,2151.6499999999996,2151.6,2151.7,0.09999999999990905,0.000222801444607374,,,,,,,,,False
2026-03-21 02:41:00.067542614+00:00,-0.3749828044340405,351.08878522449504,-0.1631816044516251,2148.6323148324877,0.47151671352045554,-0.9003847184935256,0.05388520053909923,0.0,2154.1499999999996,2154.1,2154.2,0.09999999999990905,0.000219775348455888,,,,,,,,,False
2026-03-21 02:42:00.243500531+00:00,-0.30954810150469536,351.08878522449504,-0.1631816044516251,2148.6323148324877,0.47151671352045554,-0.835112076712935,0.054047261687835,0.0,2153.75,2153.7,2153.8,0.1000000000003638,0.000221762165751093,2153.4,2154.0,,,,,,,False
2026-03-21 02:43:00.036055756+00:00,-0.30938608062469597,351.08878522449504,-0.1631816044516251,2148.6323148324877,0.47151671352045554,-0.835112076712935,0.05420928256783441,0.0,2153.75,2153.7,2153.8,0.1000000000003638,0.000222035670706122,,,,,,,,,False
2026-03-21 02:44:00.113510279+00:00,-0.3092237988543042,351.08878522449504,-0.1631816044516251,2148.6323148324877,0.47151671352045554,-0.835112076712935,0.054371564338226236,0.0,2153.75,2153.7,2153.8,0.1000000000003638,0.000220643381859887,2153.5,2154.0,,,,,,,False
2026-03-21 02:45:00.071862882+00:00,-0.3906538222719682,351.08878522449504,-0.1631816044516251,2148.6323148324877,0.47151671352045554,-0.9167028789387475,0.05453234314639489,0.0,2154.25,2154.2,2154.3,0.1000000000003638,0.000218461528072443,2154.0,2154.6,,,,,,,False
2026-03-21 02:46:00.087709319+00:00,-0.25994829770724387,351.08878522449504,-0.1631816044516251,2148.6323148324877,0.47151671352045554,-0.7861575953774177,0.05469258414978689,0.0,2153.45,2153.4,2153.5,0.09999999999990905,0.000219510163945728,,,,,,,,,False
2026-03-21 02:47:00.125946760+00:00,-0.3740144109615484,351.08878522449504,-0.1631816044516251,2148.6323148324877,0.47151671352045554,-0.9003847184935256,0.05485359401159132,0.0,2154.1499999999996,2154.1,2154.2,0.09999999999990905,0.00021936935356928,,,,,,,,,False
2026-03-21 02:48:00.010700378+00:00,-0.48808142358622403,351.08878522449504,-0.1631816044516251,2148.6323148324877,0.47151671352045554,-1.014611841609782,0.055013704503138305,0.0,2154.8500000000004,2154.8,2154.9,0.09999999999990905,0.00021825104570915,,,,,,,,,False
2026-03-21 02:49:00.135235431+00:00,-0.47160316939463215,351.08878522449504,-0.1631816044516251,2148.6323148324877,0.47151671352045554,-0.9982936811645601,0.0551737982495068,0.0,2154.75,2154.7,2154.8,0.1000000000003638,0.000217921243992567,2154.5,2155.0,,,,,,,False
2026-03-21 02:50:00.469488602+00:00,-0.4388058273486288,351.08878522449504,-0.1631816044516251,2148.6323148324877,0.47151671352045554,-0.9656573602742647,0.05533481940523392,0.0,2154.55,2154.5,2154.6,0.09999999999990905,0.000218802902543247,,,,,,0.0,0.0,uneconomic_spread,False
2026-03-21 02:51:00.035347702+00:00,-0.4876015883781868,351.08878522449504,-0.1631816044516251,2148.6323148324877,0.47151671352045554,-1.014611841609782,0.05549353971117557,0.0,2154.8500000000004,2154.8,2154.9,0.09999999999990905,0.000217877799645354,,,,,,,,,False
2026-03-21 02:52:00.569166990+00:00,-0.43848601633368756,351.08878522449504,-0.1631816044516251,2148.6323148324877,0.47151671352045554,-0.9656573602742647,0.05565463042017514,0.0,2154.55,2154.5,2154.6,0.09999999999990905,0.000218179463550015,,,,,,,,,False
2026-03-21 02:53:00.075878079+00:00,-0.5525546705897105,351.08878522449504,-0.1631816044516251,2148.6323148324877,0.47151671352045554,-1.0798844833903727,0.05581309928026116,0.0,2155.25,2155.2,2155.3,0.1000000000003638,0.00021891037004335,2155.0,2155.5,,,,,,,False
2026-03-21 02:54:00.090495484+00:00,-0.699257820749272,351.08878522449504,-0.1631816044516251,2148.6323148324877,0.47151671352045554,-1.2267479273967759,0.05597339312708486,0.0,2156.1499999999996,2156.1,2156.2,0.09999999999990905,0.000218232546143292,,,,,,,,,False
2026-03-21 02:55:00.067470503+00:00,-0.7154162313600756,351.08878522449504,-0.1631816044516251,2148.6323148324877,0.47151671352045554,-1.2430660878419977,0.05613314296150465,0.0,2156.25,2156.2,2156.3,0.1000000000003638,0.000217963261005267,,,,,,,,,False
2026-03-21 02:56:00.045789997+00:00,-0.5520744984152479,351.08878522449504,-0.1631816044516251,2148.6323148324877,0.47151671352045554,-1.0798844833903727,0.05629327145472374,0.0,2155.25,2155.2,2155.3,0.1000000000003638,0.000219374582093041,2155.0,2155.5,,,,,,,False
2026-03-21 02:57:00.018219964+00:00,-0.551913782834563,351.08878522449504,-0.1631816044516251,2148.6323148324877,0.47151671352045554,-1.0798844833903727,0.05645398703540865,0.0,2155.25,2155.2,2155.3,0.1000000000003638,0.000220002097492684,2155.0,2155.5,,,,,,,False
2026-03-21 02:58:00.029357938+00:00,-0.4375253452607357,351.08878522449504,-0.1631816044516251,2148.6323148324877,0.47151671352045554,-0.9656573602742647,0.05661530149312699,0.0,2154.55,2154.5,2154.6,0.09999999999990905,0.000220227160167484,,,,,,,,,False
2026-03-21 02:59:00.006775078+00:00,-0.470000195435484,351.08878522449504,-0.1631816044516251,2148.6323148324877,0.47151671352045554,-0.9982936811645601,0.05677677220865494,0.0,2154.75,2154.7,2154.8,0.1000000000003638,0.000221056868149917,2154.5,2155.0,,,,,,,False
2026-03-21 03:00:00.035728651+00:00,-0.5840654315155658,351.08878522449504,-0.1631816044516251,2148.6323148324877,0.47151671352045554,-1.112520804280668,0.056938659244682166,0.0,2155.45,2155.4,2155.5,0.09999999999990905,0.000220591946089749,,,,,,,,,False
2026-03-21 03:01:00.033572974+00:00,-0.5023281269402806,351.08878522449504,-0.1631816044516251,2148.6323148324877,0.47151671352045554,-1.0309300020548553,0.05708516159419147,0.0,2154.95,2154.9,2155.0,0.09999999999990905,0.000258619283000909,,,,,,,,,False
2026-03-21 03:02:00.041477491+00:00,-0.3552592871315075,351.08878522449504,-0.1631816044516251,2148.6323148324877,0.47151671352045554,-0.8840665580484521,0.05729055739652251,0.0,2154.05,2154.0,2154.1,0.09999999999990905,0.000273922764722838,,,,,,,,,False
2026-03-21 03:03:00.010388344+00:00,-0.2571473765518232,351.08878522449504,-0.1631816044516251,2148.6323148324877,0.47151671352045554,-0.7861575953774177,0.05749350530520757,0.0,2153.45,2153.4,2153.5,0.09999999999990905,0.000276928964712728,,,,,,,,,False
2026-03-21 03:04:00.094709551+00:00,-0.2243143865960722,351.08878522449504,-0.1631816044516251,2148.6323148324877,0.47151671352045554,-0.7535212744871224,0.057690174370625485,0.0,2153.25,2153.2,2153.3,0.1000000000003638,0.000261238395367958,,,,,,,,,False
2026-03-21 03:05:00.009863438+00:00,-0.20780687448524782,351.08878522449504,-0.1631816044516251,2148.6323148324877,0.47151671352045554,-0.7372031140419005,0.05787952603622647,0.0,2153.1499999999996,2153.1,2153.2,0.09999999999990905,0.000258077967630621,,,,,,,,,False
2026-03-21 03:06:00.052393209+00:00,-0.3055311987070375,351.08878522449504,-0.1631816044516251,2148.6323148324877,0.47151671352045554,-0.835112076712935,0.058064164485492877,0.0,2153.75,2153.7,2153.8,0.1000000000003638,0.000239028572657454,2153.5,2154.0,,,,,,,False
2026-03-21 03:07:00.233386390+00:00,-0.33799608065294706,351.08878522449504,-0.1631816044516251,2148.6323148324877,0.47151671352045554,-0.8677483976032303,0.05823560342985955,0.0,2153.95,2153.9,2154.0,0.09999999999990905,0.000226542005487345,,,,,,,,,False
2026-03-21 03:08:00.243676643+00:00,-0.5173327795047136,351.08878522449504,-0.1631816044516251,2148.6323148324877,0.47151671352045554,-1.0472481625000774,0.05839866947498184,0.0,2155.05,2155.0,2155.1,0.09999999999990905,0.000222490999355393,,,,,,,,,False
2026-03-21 03:09:00.536101209+00:00,-0.5171693585816343,351.08878522449504,-0.1631816044516251,2148.6323148324877,0.47151671352045554,-1.0472481625000774,0.05856209039806119,0.0,2155.05,2155.0,2155.1,0.09999999999990905,0.000225875050115688,,,,,,,,,False
2026-03-21 03:10:00.032216134+00:00,-0.4680487988924832,351.08878522449504,-0.1631816044516251,2148.6323148324877,0.47151671352045554,-0.9982936811645601,0.058728168751655783,0.0,2154.75,2154.7,2154.8,0.1000000000003638,0.000231184415258736,2154.5,2155.0,,,,,,,False
2026-03-21 03:11:00.053054821+00:00,-0.5821097230036602,351.08878522449504,-0.1631816044516251,2148.6323148324877,0.47151671352045554,-1.112520804280668,0.05889436775658775,0.0,2155.45,2155.4,2155.5,0.09999999999990905,0.000224081013524649,,,,,,,,,False
2026-03-21 03:12:00.116778121+00:00,-0.6961782295587315,351.08878522449504,-0.1631816044516251,2148.6323148324877,0.47151671352045554,-1.2267479273967759,0.05905298431762529,0.0,2156.1499999999996,2156.1,2156.2,0.09999999999990905,0.000211940257767608,,,,,,,,,False
2026-03-21 03:13:00.010914892+00:00,-0.41861201057052216,351.08878522449504,-0.1631816044516251,2148.6323148324877,0.47151671352045554,-0.9493391998290428,0.05921047573811716,0.0,2154.45,2154.4,2154.5,0.09999999999990905,0.000217421743545132,,,,,,,,,False
2026-03-21 03:14:00.051039286+00:00,-0.3858136228920464,351.08878522449504,-0.1631816044516251,2148.6323148324877,0.47151671352045554,-0.9167028789387475,0.059372542526316706,0.0,2154.25,2154.2,2154.3,0.1000000000003638,0.000221485969685872,2154.0,2154.5,,,,,,,False
2026-03-21 03:15:00.090879541+00:00,-0.3693336366018249,351.08878522449504,-0.1631816044516251,2148.6323148324877,0.47151671352045554,-0.9003847184935256,0.05953436837131481,0.0,2154.1499999999996,2154.1,2154.2,0.09999999999990905,0.000222197126025803,,,,,,,,,False
2026-03-21 03:16:00.110212065+00:00,-0.22230685693667118,351.08878522449504,-0.1631816044516251,2148.6323148324877,0.47151671352045554,-0.7535212744871224,0.05969770403002651,0.0,2153.25,2153.2,2153.3,0.1000000000003638,0.000224304951994482,2152.9,2153.4,,,,,,,False
2026-03-21 03:17:00.033831442+00:00,-0.2874153011549554,351.08878522449504,-0.1631816044516251,2148.6323148324877,0.47151671352045554,-0.818793916267713,0.059861901592351593,0.0,2153.6499999999996,2153.6,2153.7,0.09999999999990905,0.000223384773426423,,,,,,0.0,0.0,uneconomic_spread,False
2026-03-21 03:18:00.072011412+00:00,-0.22197688393380097,351.08878522449504,-0.1631816044516251,2148.6323148324877,0.47151671352045554,-0.7535212744871224,0.06002767703289671,0.0,2153.25,2153.2,2153.3,0.1000000000003638,0.000226683504245605,2152.9,2153.5,,,,,,,False
2026-03-21 03:19:00.145021132+00:00,-0.18917474897059838,351.08878522449504,-0.1631816044516251,2148.6323148324877,0.47151671352045554,-0.720884953596827,0.060193491105823074,0.0,2153.05,2153.0,2153.1,0.09999999999990905,0.000226143648072701,,,,,,,,,False
2026-03-21 03:20:00.037094648+00:00,-0.1563735018977025,351.08878522449504,-0.1631816044516251,2148.6323148324877,0.47151671352045554,-0.6882486327065317,0.06035841728844271,0.0,2152.8500000000004,2152.8,2152.9,0.09999999999990905,0.000225981128458317,,,,,,,,,False
2026-03-21 03:21:00.037384464+00:00,-0.1725246907549576,351.08878522449504,-0.1631816044516251,2148.6323148324877,0.47151671352045554,-0.7045667931516052,0.06052538887624046,0.0,2152.95,2152.9,2153.0,0.09999999999990905,0.000229432335570097,,,,,,,,,False
2026-03-21 03:22:00.657311161+00:00,-0.23762858825039146,351.08878522449504,-0.1631816044516251,2148.6323148324877,0.47151671352045554,-0.7698394349323443,0.06069413316152962,0.0,2153.3500000000004,2153.3,2153.4,0.09999999999990905,0.000226743700701365,,,,,,,,,False
2026-03-21 03:23:00.227025897+00:00,-0.23746498300187285,351.08878522449504,-0.1631816044516251,2148.6323148324877,0.47151671352045554,-0.7698394349323443,0.060857738410048226,0.0,2153.3500000000004,2153.3,2153.4,0.09999999999990905,0.000224760993412353,,,,,,,,,False
2026-03-21 03:24:00.336315964+00:00,-0.3025733813764191,351.08878522449504,-0.1631816044516251,2148.6323148324877,0.47151671352045554,-0.835112076712935,0.06102198181611128,0.0,2153.75,2153.7,2153.8,0.1000000000003638,0.000223194572829265,2153.5,2154.0,2153.7412315074516,2153.7168939360226,0.2,-0.2443068425489701,0.07463014904031234,ok,False
2026-03-21 03:25:00.009485492+00:00,-0.20450055229735914,351.08878522449504,-0.1631816044516251,2148.6323148324877,0.47151671352045554,-0.7372031140419005,0.061185848224115165,0.0,2153.1499999999996,2153.1,2153.2,0.09999999999990905,0.000225900558212972,,,,,,,,,False
2026-03-21 03:26:00.025657156+00:00,-0.25328805040416513,351.08878522449504,-0.1631816044516251,2148.6323148324877,0.47151671352045554,-0.7861575953774177,0.0613528314528656,0.0,2153.45,2153.4,2153.5,0.09999999999990905,0.000229047198060817,,,,,,,,,False
2026-03-21 03:27:00.021428862+00:00,-0.28575806972114454,351.08878522449504,-0.1631816044516251,2148.6323148324877,0.47151671352045554,-0.818793916267713,0.06151913302616248,0.0,2153.6499999999996,2153.6,2153.7,0.09999999999990905,0.000225637965700211,,,,,,,,,False
2026-03-21 03:28:00.235905965+00:00,-0.36718411782277,351.08878522449504,-0.1631816044516251,2148.6323148324877,0.47151671352045554,-0.9003847184935256,0.06168388715036973,0.0,2154.1499999999996,2154.1,2154.2,0.09999999999990905,0.000223413608835351,,,,,,,,,False
2026-03-21 03:29:00.178131962+00:00,-0.3670222935259821,351.08878522449504,-0.1631816044516251,2148.6323148324877,0.47151671352045554,-0.9003847184935256,0.06184571144715763,0.0,2154.1499999999996,2154.1,2154.2,0.09999999999990905,0.000219781883091396,,,,,,,,,False
2026-03-21 03:30:00.057744078+00:00,-0.3015892216331835,351.08878522449504,-0.1631816044516251,2148.6323148324877,0.47151671352045554,-0.835112076712935,0.06200614155934684,0.0,2153.75,2153.7,2153.8,0.1000000000003638,0.000220337122911423,2153.5,2154.0,,,,,,,False
2026-03-21 03:31:00.056013755+00:00,-0.20351747317076552,351.08878522449504,-0.1631816044516251,2148.6323148324877,0.47151671352045554,-0.7372031140419005,0.06216892735070877,0.0,2153.1499999999996,2153.1,2153.2,0.09999999999990905,0.000223046611997338,,,,,,,,,False
2026-03-21 03:32:00.039652660+00:00,-0.15439928474385345,351.08878522449504,-0.1631816044516251,2148.6323148324877,0.47151671352045554,-0.6882486327065317,0.062332634442291764,0.0,2152.8500000000004,2152.8,2152.9,0.09999999999990905,0.000223653066794706,,,,,,,,,False
2026-03-21 03:33:00.213387905+00:00,-0.10528038337068402,351.08878522449504,-0.1631816044516251,2148.6323148324877,0.47151671352045554,-0.6392941513710145,0.06249705447990472,0.0,2152.55,2152.5,2152.6,0.09999999999990905,0.00022544089575259,,,,,,,,,False
2026-03-21 03:34:00.070848625+00:00,-0.1214335560776281,351.08878522449504,-0.1631816044516251,2148.6323148324877,0.47151671352045554,-0.6556123118160879,0.06266204221807034,0.0,2152.6499999999996,2152.6,2152.7,0.09999999999990905,0.000226125416592576,,,,,,,,,False
2026-03-21 03:35:00.427966257+00:00,-0.10494874384026907,351.08878522449504,-0.1631816044516251,2148.6323148324877,0.47151671352045554,-0.6392941513710145,0.06282869401031967,0.0,2152.55,2152.5,2152.6,0.09999999999990905,0.000226865728300253,,,,,,,,,False
2026-03-21 03:36:00.016583985+00:00,0.009443866078086255,351.08878522449504,-0.1631816044516251,2148.6323148324877,0.47151671352045554,-0.5250670282549066,0.06299418081256605,0.0,2151.8500000000004,2151.8,2151.9,0.09999999999990905,0.000228146225393997,,,,,,,,,False
2026-03-21 03:37:00.193654045+00:00,-0.023025482223598792,351.08878522449504,-0.1631816044516251,2148.6323148324877,0.47151671352045554,-0.5577033491452019,0.06316115340121409,0.0,2152.05,2152.0,2152.1,0.09999999999990905,0.000226481593316294,,,,,,,,,False
2026-03-21 03:38:00.036438876+00:00,-0.07181465604246486,351.08878522449504,-0.1631816044516251,2148.6323148324877,0.47151671352045554,-0.6066578304807192,0.06332646091784765,0.0,2152.3500000000004,2152.3,2152.4,0.09999999999990905,0.00022660946052854,,,,,,,,,False
2026-03-21 03:39:00.040501372+00:00,-0.039012832702398165,351.08878522449504,-0.1631816044516251,2148.6323148324877,0.47151671352045554,-0.5740215095902754,0.06349196336746757,0.0,2152.1499999999996,2152.1,2152.2,0.09999999999990905,0.000226140963165924,,,,,,,,,False
2026-03-21 03:40:00.304231427+00:00,-0.03884652954712971,351.08878522449504,-0.1631816044516251,2148.6323148324877,0.47151671352045554,-0.5740215095902754,0.06365826652273603,0.0,2152.1499999999996,2152.1,2152.2,0.09999999999990905,0.000226257500008887,,,,,,,,,False
2026-03-21 03:41:00.173193837+00:00,-0.18554556800794836,351.08878522449504,-0.1631816044516251,2148.6323148324877,0.47151671352045554,-0.720884953596827,0.06382267206847307,0.0,2153.05,2153.0,2153.1,0.09999999999990905,0.00022373494656236,,,,,,,,,False
2026-03-21 03:42:00.006781361+00:00,-0.18538289462319196,351.08878522449504,-0.1631816044516251,2148.6323148324877,0.47151671352045554,-0.720884953596827,0.06398534545322947,0.0,2153.05,2153.0,2153.1,0.09999999999990905,0.000222366217772289,,,,,,,,,False
2026-03-21 03:43:00.006268389+00:00,-0.1852202978539785,351.08878522449504,-0.1631816044516251,2148.6323148324877,0.47151671352045554,-0.720884953596827,0.06414794222244294,0.0,2153.05,2153.0,2153.1,0.09999999999990905,0.000221856287672746,,,,,,,,,False
2026-03-21 03:44:00.036346814+00:00,-0.11978524513031626,351.08878522449504,-0.1631816044516251,2148.6323148324877,0.47151671352045554,-0.6556123118160879,0.06431035316538218,0.0,2152.6499999999996,2152.6,2152.7,0.09999999999990905,0.000221672335399831,,,,,,,,,False
2026-03-21 03:45:00.005191318+00:00,-0.11962371507034132,351.08878522449504,-0.1631816044516251,2148.6323148324877,0.47151671352045554,-0.6556123118160879,0.06447188322535712,0.0,2152.6499999999996,2152.6,2152.7,0.09999999999990905,0.000219655847333485,,,,,,,,,False
2026-03-21 03:46:00.035848350+00:00,-0.1357816586408599,351.08878522449504,-0.1631816044516251,2148.6323148324877,0.47151671352045554,-0.6719304722613099,0.06463210010006194,0.0,2152.75,2152.7,2152.8,0.1000000000003638,0.000218192125625307,,2152.9,,,,,,,False
2026-03-21 03:47:00.139092008+00:00,-0.26616761089367236,351.08878522449504,-0.1631816044516251,2148.6323148324877,0.47151671352045554,-0.8024757558226396,0.06479143140858176,0.0,2153.55,2153.5,2153.6,0.09999999999990905,0.000215834574855495,,,,,,,,,False
2026-03-21 03:48:00.036304533+00:00,-0.28232784877207684,351.08878522449504,-0.1631816044516251,2148.6323148324877,0.47151671352045554,-0.818793916267713,0.06494935397523018,0.0,2153.6499999999996,2153.6,2153.7,0.09999999999990905,0.000216627615583635,,,,,,,,,False
2026-03-21 03:49:00.023484029+00:00,-0.2984879148565379,351.08878522449504,-0.1631816044516251,2148.6323148324877,0.47151671352045554,-0.835112076712935,0.0651074483359925,0.0,2153.75,2153.7,2153.8,0.1000000000003638,0.000215252411765088,2153.4,2154.0,,,,,,,False
2026-03-21 03:50:00.439809863+00:00,-0.21673838882992455,351.08878522449504,-0.1631816044516251,2148.6323148324877,0.47151671352045554,-0.7535212744871224,0.06526617213677313,0.0,2153.25,2153.2,2153.3,0.1000000000003638,0.000215358618908445,2152.9,2153.5,,,,,,,False
2026-03-21 03:51:00.008099681+00:00,-0.2655360560880058,351.08878522449504,-0.1631816044516251,2148.6323148324877,0.47151671352045554,-0.8024757558226396,0.06542298621424837,0.0,2153.55,2153.5,2153.6,0.09999999999990905,0.00021578484164227,,,,,,,,,False
2026-03-21 03:52:00.098595202+00:00,-0.3796055734754524,351.08878522449504,-0.1631816044516251,2148.6323148324877,0.47151671352045554,-0.9167028789387475,0.06558059194291072,0.0,2154.25,2154.2,2154.3,0.1000000000003638,0.000214690930423217,2154.0,2154.5,,,,,,,False
2026-03-21 03:53:00.179188030+00:00,-0.21626627170574056,351.08878522449504,-0.1631816044516251,2148.6323148324877,0.47151671352045554,-0.7535212744871224,0.06573828926095712,0.0,2153.25,2153.2,2153.3,0.1000000000003638,0.000215708618240579,2152.9,2153.5,,,,,,,False
2026-03-21 03:54:00.010217011+00:00,-0.21610876894358966,351.08878522449504,-0.1631816044516251,2148.6323148324877,0.47151671352045554,-0.7535212744871224,0.06589579202310804,0.0,2153.25,2153.2,2153.3,0.1000000000003638,0.00021585535765207,2152.9,2153.5,,,,,,,False
2026-03-21 03:55:00.026245015+00:00,-0.21595078126537073,351.08878522449504,-0.1631816044516251,2148.6323148324877,0.47151671352045554,-0.7535212744871224,0.06605377970132695,0.0,2153.25,2153.2,2153.3,0.1000000000003638,0.000215786331448577,2153.0,2153.5,,,,,,,False
2026-03-21 03:56:00.053703957+00:00,-0.23211105508400354,351.08878522449504,-0.1631816044516251,2148.6323148324877,0.47151671352045554,-0.7698394349323443,0.06621166632791754,0.0,2153.3500000000004,2153.3,2153.4,0.09999999999990905,0.000214951159847444,,,,,,,,,False
2026-03-21 03:57:00.018758850+00:00,-0.36249959017257666,351.08878522449504,-0.1631816044516251,2148.6323148324877,0.47151671352045554,-0.9003847184935256,0.06636841480056303,0.0,2154.1499999999996,2154.1,2154.2,0.09999999999990905,0.000213076147143024,,,,,,,,,False
2026-03-21 03:58:00.036708125+00:00,-0.3786620612379183,351.08878522449504,-0.1631816044516251,2148.6323148324877,0.47151671352045554,-0.9167028789387475,0.06652410418044478,0.0,2154.25,2154.2,2154.3,0.1000000000003638,0.000211955938250726,2154.0,,,,,,,,False
2026-03-21 03:59:00.116425161+00:00,-0.32955222211831603,351.08878522449504,-0.1631816044516251,2148.6323148324877,0.47151671352045554,-0.8677483976032303,0.06667946196449061,0.0,2153.95,2153.9,2154.0,0.09999999999990905,0.000212687384175053,,,,,,,,,False
2026-03-21 04:00:00.022436537+00:00,-0.31307881333397863,351.08878522449504,-0.1631816044516251,2148.6323148324877,0.47151671352045554,-0.8514302371581568,0.06683471030377514,0.0,2153.8500000000004,2153.8,2153.9,0.09999999999990905,0.000212271796492153,,,,,,,,,False
2026-03-21 04:01:00.100028154+00:00,-0.4598024511232334,351.08878522449504,-0.1631816044516251,2148.6323148324877,0.47151671352045554,-0.9982936811645601,0.06697451652090551,0.0,2154.75,2154.7,2154.8,0.1000000000003638,0.000150377297295395,2154.5,2155.0,,,,,,,False
2026-03-21 04:02:00.237761776+00:00,-0.4270528470789242,351.08878522449504,-0.1631816044516251,2148.6323148324877,0.47151671352045554,-0.9656573602742647,0.06708779967493848,0.0,2154.55,2154.5,2154.6,0.09999999999990905,0.000166787606931433,,,,,,,,,False
2026-03-21 04:03:00.067770930+00:00,-0.6227552809070123,351.08878522449504,-0.1631816044516251,2148.6323148324877,0.47151671352045554,-1.1614752856161852,0.06720329118879213,0.0,2155.75,2155.7,2155.8,0.1000000000003638,0.000139775223299941,2155.4,2156.0,,,,,,,False
2026-03-21 04:04:00.074467982+00:00,-0.6389668782273193,351.08878522449504,-0.1631816044516251,2148.6323148324877,0.47151671352045554,-1.177793446061407,0.06730985431370844,0.0,2155.8500000000004,2155.8,2155.9,0.09999999999990905,0.000144350289021164,,,,,,,,,False
2026-03-21 04:05:00.116436964+00:00,-0.6714951936839754,351.08878522449504,-0.1631816044516251,2148.6323148324877,0.47151671352045554,-1.2104297669517023,0.06741785974732858,0.0,2156.05,2156.0,2156.1,0.09999999999990905,0.000147915107157744,,,,,,,,,False
2026-03-21 04:06:00.270727069+00:00,-1.030390951717841,351.08878522449504,-0.1631816044516251,2148.6323148324877,0.47151671352045554,-1.569429296745248,0.06752163150701332,0.0,2158.25,2158.2,2158.3,0.1000000000003638,0.000130499259082423,,,,,,,,,False
2026-03-21 04:07:00.004667352+00:00,-0.8344702848916559,351.08878522449504,-0.1631816044516251,2148.6323148324877,0.47151671352045554,-1.3736113714033276,0.06762437299125663,0.0,2157.05,2157.0,2157.1,0.09999999999990905,0.000148618484092064,,,,,,,,,False
2026-03-21 04:08:00.118773905+00:00,-0.9322717148887694,351.08878522449504,-0.1631816044516251,2148.6323148324877,0.47151671352045554,-1.4715203340742136,0.06773190566502872,0.0,2157.6499999999996,2157.6,2157.7,0.09999999999990905,0.000145224001403366,,,,,,,,,False
2026-03-21 04:09:00.054104325+00:00,-0.7689806509228807,351.08878522449504,-0.1631816044516251,2148.6323148324877,0.47151671352045554,-1.3083387296225883,0.06784136517930886,0.0,2156.6499999999996,2156.6,2156.7,0.09999999999990905,0.00015334251596116,,,,,,,,,False
2026-03-21 04:10:00.389579919+00:00,-0.7362293595884004,351.08878522449504,-0.1631816044516251,2148.6323148324877,0.47151671352045554,-1.275702408732293,0.0679563356235129,0.0,2156.45,2156.4,2156.5,0.09999999999990905,0.00015858563811027,,,,,,,,,False
2026-03-21 04:11:00.049756919+00:00,-0.6055688992051054,351.08878522449504,-0.1631816044516251,2148.6323148324877,0.47151671352045554,-1.1451571251709634,0.0680715124454756,0.0,2155.6499999999996,2155.6,2155.7,0.09999999999990905,0.000158016971407971,,,,,,,,,False
2026-03-21 04:12:00.482337709+00:00,-0.7686362777185253,351.08878522449504,-0.1631816044516251,2148.6323148324877,0.47151671352045554,-1.3083387296225883,0.06818573838366426,0.0,2156.6499999999996,2156.6,2156.7,0.09999999999990905,0.000148819631928983,,,,,,,,,False
2026-03-21 04:13:00.127415130+00:00,-0.8338020570789084,351.08878522449504,-0.1631816044516251,2148.6323148324877,0.47151671352045554,-1.3736113714033276,0.06829260080400416,0.0,2157.05,2157.0,2157.1,0.09999999999990905,0.000145073856788919,,,,,,,,,False
2026-03-21 04:14:00.236255219+00:00,-0.8010581861521532,351.08878522449504,-0.1631816044516251,2148.6323148324877,0.47151671352045554,-1.3409750505130322,0.06840015084048313,0.0,2156.8500000000004,2156.8,2156.9,0.09999999999990905,0.000145152303151104,,,,,,,,,False
2026-03-21 04:15:00.058036191+00:00,-0.5888156166621772,351.08878522449504,-0.1631816044516251,2148.6323148324877,0.47151671352045554,-1.1288389647258898,0.06850663454329406,0.0,2155.55,2155.5,2155.6,0.09999999999990905,0.000146546476353197,,,,,,,,,False
2026-03-21 04:16:00.035126978+00:00,-0.6213448257800225,351.08878522449504,-0.1631816044516251,2148.6323148324877,0.47151671352045554,-1.1614752856161852,0.0686137463157819,0.0,2155.75,2155.7,2155.8,0.1000000000003638,0.000145362876816678,2155.4,2156.0,2155.7400998298303,2155.72182370532,0.2,-0.22410201948716096,-0.44755380802354405,ok,False
2026-03-21 04:17:00.202762270+00:00,-0.65387543872064,351.08878522449504,-0.1631816044516251,2148.6323148324877,0.47151671352045554,-1.1941116065064805,0.06871945426544063,0.0,2155.95,2155.9,2156.0,0.09999999999990905,0.000142417326627084,,,,,,,,,False
2026-03-21 04:18:00.267545444+00:00,-0.7190459436210593,351.08878522449504,-0.1631816044516251,2148.6323148324877,0.47151671352045554,-1.2593842482872195,0.06882159114574427,0.0,2156.3500000000004,2156.3,2156.4,0.09999999999990905,0.000132963279707373,,,,,,,,,False
2026-03-21 04:19:00.036103200+00:00,-0.6536777217994412,351.08878522449504,-0.1631816044516251,2148.6323148324877,0.47151671352045554,-1.1941116065064805,0.06891717118663947,0.0,2155.95,2155.9,2156.0,0.09999999999990905,0.000129456151279851,,,,,,,,,False
2026-03-21 04:20:00.029591385+00:00,-0.6535844493257568,351.08878522449504,-0.1631816044516251,2148.6323148324877,0.47151671352045554,-1.1941116065064805,0.06901044366032383,0.0,2155.95,2155.9,2156.0,0.09999999999990905,0.000125434638715724,,,,,,,,,False
2026-03-21 04:21:00.729337536+00:00,-0.5229455017868238,351.08878522449504,-0.1631816044516251,2148.6323148324877,0.47151671352045554,-1.0635663229451506,0.06910410763792453,0.0,2155.1499999999996,2155.1,2155.2,0.09999999999990905,0.000128948228417831,,,,,,0.0,0.0,uneconomic_spread,False
2026-03-21 04:22:00.243707463+00:00,-0.5718062958451748,351.08878522449504,-0.1631816044516251,2148.6323148324877,0.47151671352045554,-1.112520804280668,0.06919779491507302,0.0,2155.45,2155.4,2155.5,0.09999999999990905,0.000128800851168311,,,,,,,,,False
2026-03-21 04:23:00.112557650+00:00,-0.555394351059126,351.08878522449504,-0.1631816044516251,2148.6323148324877,0.47151671352045554,-1.0962026438355945,0.069291579256069,0.0,2155.3500000000004,2155.3,2155.4,0.09999999999990905,0.000127191855334749,,,,,,,,,False
2026-03-21 04:24:00.036017241+00:00,-0.7348018832219565,351.08878522449504,-0.1631816044516251,2148.6323148324877,0.47151671352045554,-1.275702408732293,0.06938381198995683,0.0,2156.45,2156.4,2156.5,0.09999999999990905,0.000124657773844783,,,,,,,,,False
2026-03-21 04:25:00.036286723+00:00,-0.7183926417837059,351.08878522449504,-0.1631816044516251,2148.6323148324877,0.47151671352045554,-1.2593842482872195,0.06947489298309768,0.0,2156.3500000000004,2156.3,2156.4,0.09999999999990905,0.000123326652918519,,,,,,,,,False
2026-03-21 04:26:00.225610108+00:00,-0.8814839432529479,351.08878522449504,-0.1631816044516251,2148.6323148324877,0.47151671352045554,-1.4225658527388447,0.06956519596552116,0.0,2157.3500000000004,2157.3,2157.4,0.09999999999990905,0.000122858495293033,,,,,,,,,False
2026-03-21 04:27:00.032821022+00:00,-0.8161194722104856,351.08878522449504,-0.1631816044516251,2148.6323148324877,0.47151671352045554,-1.3572932109581055,0.06965702522720357,0.0,2156.95,2156.9,2157.0,0.09999999999990905,0.00012711717010418,,,,,,,,,False
2026-03-21 04:28:00.008097882+00:00,-0.9302522072718573,351.08878522449504,-0.1631816044516251,2148.6323148324877,0.47151671352045554,-1.4715203340742136,0.06975141328194079,0.0,2157.6499999999996,2157.6,2157.7,0.09999999999990905,0.000129167261391827,,,,,,,,,False
2026-03-21 04:29:00.035326648+00:00,-0.9301564375451924,351.08878522449504,-0.1631816044516251,2148.6323148324877,0.47151671352045554,-1.4715203340742136,0.06984718300860575,0.0,2157.6499999999996,2157.6,2157.7,0.09999999999990905,0.000131183321718363,,,,,,,,,False
2026-03-21 04:30:00.023373324+00:00,-0.8158311914977354,351.08878522449504,-0.1631816044516251,2148.6323148324877,0.47151671352045554,-1.3572932109581055,0.06994530593995374,0.0,2156.95,2156.9,2157.0,0.09999999999990905,0.000136018079932491,,,,,,,,,False
2026-03-21 04:31:00.035051859+00:00,-0.4893651129636304,351.08878522449504,-0.1631816044516251,2148.6323148324877,0.47151671352045554,-1.0309300020548553,0.07004817557084166,0.0,2154.95,2154.9,2155.0,0.09999999999990905,0.00014273754308289,,,,,,,,,False
2026-03-21 04:32:00.035479142+00:00,0.04924174743141363,351.08878522449504,-0.1631816044516251,2148.6323148324877,0.47151671352045554,-0.49243070736446287,0.07015574127544666,0.0,2151.6499999999996,2151.6,2151.7,0.09999999999990905,0.000149463490809859,,,,,,,,,False
2026-03-21 04:33:00.200674361+00:00,0.06567198980384807,351.08878522449504,-0.1631816044516251,2148.6323148324877,0.47151671352045554,-0.47611254691938937,0.07026782320282825,0.0,2151.55,2151.5,2151.6,0.09999999999990905,0.000153655578695737,,,,,,,,,False
2026-03-21 04:34:00.535651685+00:00,0.016831528753610103,351.08878522449504,-0.1631816044516251,2148.6323148324877,0.47151671352045554,-0.5250670282549066,0.0703818434880899,0.0,2151.8500000000004,2151.8,2151.9,0.09999999999990905,0.000155737441126396,,,,,,,,,False
2026-03-21 04:35:00.045859537+00:00,-0.015689843722605137,351.08878522449504,-0.1631816044516251,2148.6323148324877,0.47151671352045554,-0.5577033491452019,0.07049679190220774,0.0,2152.05,2152.0,2152.1,0.09999999999990905,0.000159932149939041,,,,,,,,,False
2026-03-21 04:36:00.135464386+00:00,-0.08084430926980474,351.08878522449504,-0.1631816044516251,2148.6323148324877,0.47151671352045554,-0.6229759909257926,0.07061496813556062,0.0,2152.45,2152.4,2152.5,0.09999999999990905,0.000162111415068739,,,,,,0.0,0.0,uneconomic_spread,False
2026-03-21 04:37:00.036865262+00:00,0.017184650456053913,351.08878522449504,-0.1631816044516251,2148.6323148324877,0.47151671352045554,-0.5250670282549066,0.07073496519053371,0.0,2151.8500000000004,2151.8,2151.9,0.09999999999990905,0.000165270915068367,,,,,,,,,False
2026-03-21 04:38:00.254922972+00:00,-0.11323936803535274,351.08878522449504,-0.1631816044516251,2148.6323148324877,0.47151671352045554,-0.6556123118160879,0.0708562302603457,0.0,2152.6499999999996,2152.6,2152.7,0.09999999999990905,0.000164878781674185,,,,,,,,,False
2026-03-21 04:39:00.207888415+00:00,-0.1457548036736801,351.08878522449504,-0.1631816044516251,2148.6323148324877,0.47151671352045554,-0.6882486327065317,0.0709771155124651,0.0,2152.8500000000004,2152.8,2152.9,0.09999999999990905,0.000165366405267792,,,,,,,,,False
2026-03-21 04:40:00.199727751+00:00,-0.09667918671786498,351.08878522449504,-0.1631816044516251,2148.6323148324877,0.47151671352045554,-0.6392941513710145,0.07109825113272376,0.0,2152.55,2152.5,2152.6,0.09999999999990905,0.000166465878858713,,,,,,,,,False
2026-03-21 04:41:00.025811832+00:00,-0.04760244576942059,351.08878522449504,-0.1631816044516251,2148.6323148324877,0.47151671352045554,-0.5903396700354973,0.07122051074566853,0.0,2152.25,2152.2,2152.3,0.1000000000003638,0.000168499480393741,2151.9,2152.5,,,,,,,False
2026-03-21 04:42:00.037672935+00:00,-0.08011492706595977,351.08878522449504,-0.1631816044516251,2148.6323148324877,0.47151671352045554,-0.6229759909257926,0.07134435033940559,0.0,2152.45,2152.4,2152.5,0.09999999999990905,0.000169584577294772,,,,,,,,,False
2026-03-21 04:43:00.019687354+00:00,0.0016002223740009397,351.08878522449504,-0.1631816044516251,2148.6323148324877,0.47151671352045554,-0.5413851886999801,0.07146869755359044,0.0,2151.95,2151.9,2152.0,0.09999999999990905,0.000170526767888369,,,,,,,,,False
2026-03-21 04:44:00.253074841+00:00,0.018044620445203996,351.08878522449504,-0.1631816044516251,2148.6323148324877,0.47151671352045554,-0.5250670282549066,0.0715949351796838,0.0,2151.8500000000004,2151.8,2151.9,0.09999999999990905,0.000173046386484771,,,,,,,,,False
2026-03-21 04:45:00.036345470+00:00,-0.07973753063040893,351.08878522449504,-0.1631816044516251,2148.6323148324877,0.47151671352045554,-0.6229759909257926,0.07172174677495642,0.0,2152.45,2152.4,2152.5,0.09999999999990905,0.000174252257174286,,,,,,,,,False
2026-03-21 04:46:00.134959475+00:00,-0.14488249920563473,351.08878522449504,-0.1631816044516251,2148.6323148324877,0.47151671352045554,-0.6882486327065317,0.07184941998051046,0.0,2152.8500000000004,2152.8,2152.9,0.09999999999990905,0.000174161028715189,,,,,,,,,False
2026-03-21 04:47:00.055130165+00:00,-0.144754815318152,351.08878522449504,-0.1631816044516251,2148.6323148324877,0.47151671352045554,-0.6882486327065317,0.07197710386799319,0.0,2152.8500000000004,2152.8,2152.9,0.09999999999990905,0.000175094294887471,,,,,,,,,False
2026-03-21 04:48:00.039841707+00:00,-0.16094486412188336,351.08878522449504,-0.1631816044516251,2148.6323148324877,0.47151671352045554,-0.7045667931516052,0.07210521550931472,0.0,2152.95,2152.9,2153.0,0.09999999999990905,0.000175238696164894,,,,,,,,,False
2026-03-21 04:49:00.007153506+00:00,-0.11186163511750348,351.08878522449504,-0.1631816044516251,2148.6323148324877,0.47151671352045554,-0.6556123118160879,0.07223396317819496,0.0,2152.6499999999996,2152.6,2152.7,0.09999999999990905,0.000176943544957466,,,,,,,,,False
2026-03-21 04:50:00.062745040+00:00,-0.12804978186493962,351.08878522449504,-0.1631816044516251,2148.6323148324877,0.47151671352045554,-0.6719304722613099,0.0723639768759822,0.0,2152.75,2152.7,2152.8,0.1000000000003638,0.000177397768099548,,2152.9,,,,,,,False
2026-03-21 04:51:00.102163007+00:00,-0.14423790509748308,351.08878522449504,-0.1631816044516251,2148.6323148324877,0.47151671352045554,-0.6882486327065317,0.07249401408866211,0.0,2152.8500000000004,2152.8,2152.9,0.09999999999990905,0.000178080830441061,,,,,,0.0,0.0,uneconomic_spread,False
2026-03-21 04:52:00.010298602+00:00,-0.11146964470397673,351.08878522449504,-0.1631816044516251,2148.6323148324877,0.47151671352045554,-0.6556123118160879,0.0726259535917217,0.0,2152.6499999999996,2152.6,2152.7,0.09999999999990905,0.000182581463771467,,,,,,,,,False
2026-03-21 04:53:00.004770665+00:00,-0.11133489577708577,351.08878522449504,-0.1631816044516251,2148.6323148324877,0.47151671352045554,-0.6556123118160879,0.07276070251861266,0.0,2152.6499999999996,2152.6,2152.7,0.09999999999990905,0.000185376423193054,,,,,,,,,False
2026-03-21 04:54:00.035776335+00:00,-0.11119797256795177,351.08878522449504,-0.1631816044516251,2148.6323148324877,0.47151671352045554,-0.6556123118160879,0.07289762572774666,0.0,2152.6499999999996,2152.6,2152.7,0.09999999999990905,0.000188978030947403,,,,,,,,,False
2026-03-21 04:55:00.046807213+00:00,-0.11105853006381727,351.08878522449504,-0.1631816044516251,2148.6323148324877,0.47151671352045554,-0.6556123118160879,0.07303706823188116,0.0,2152.6499999999996,2152.6,2152.7,0.09999999999990905,0.000191879784032647,,,,,,,,,False
2026-03-21 04:56:00.072619813+00:00,-0.11091760758017816,351.08878522449504,-0.1631816044516251,2148.6323148324877,0.47151671352045554,-0.6556123118160879,0.07317799071552028,0.0,2152.6499999999996,2152.6,2152.7,0.09999999999990905,0.00019277709400504,,,,,,,,,False
2026-03-21 04:57:00.158421001+00:00,-0.02918478022689465,351.08878522449504,-0.1631816044516251,2148.6323148324877,0.47151671352045554,-0.5740215095902754,0.07332001584297108,0.0,2152.1499999999996,2152.1,2152.2,0.09999999999990905,0.000194793389941061,,,,,,,,,False
2026-03-21 04:58:00.027336959+00:00,-0.11063346360723197,351.08878522449504,-0.1631816044516251,2148.6323148324877,0.47151671352045554,-0.6556123118160879,0.07346213468846646,0.0,2152.6499999999996,2152.6,2152.7,0.09999999999990905,0.000194858677225909,,,,,,,,,False
2026-03-21 04:59:00.135343723+00:00,-0.04521773487512057,351.08878522449504,-0.1631816044516251,2148.6323148324877,0.47151671352045554,-0.5903396700354973,0.07360522163996855,0.0,2152.25,2152.2,2152.3,0.1000000000003638,0.000195505621485653,2152.0,2152.5,,,,,,,False
2026-03-21 05:00:00.047752704+00:00,-0.04507466715265107,351.08878522449504,-0.1631816044516251,2148.6323148324877,0.47151671352045554,-0.5903396700354973,0.07374828936243805,0.0,2152.25,2152.2,2152.3,0.1000000000003638,0.000196116084187439,2151.9,2152.5,,,,,,,False
2026-03-21 05:01:00.036198037+00:00,-0.044928621942790625,351.08878522449504,-0.1631816044516251,2148.6323148324877,0.47151671352045554,-0.5903396700354973,0.07389433457229849,0.0,2152.25,2152.2,2152.3,0.1000000000003638,0.000199870294356429,2152.0,2152.5,,,,,,,False
2026-03-21 05:02:00.020736738+00:00,-0.15903240079843844,351.08878522449504,-0.1631816044516251,2148.6323148324877,0.47151671352045554,-0.7045667931516052,0.0740176788327596,0.0,2152.95,2152.9,2153.0,0.09999999999990905,0.000138655856214262,,,,,,,,,False
2026-03-21 05:03:00.088328244+00:00,-0.4526612996097261,351.08878522449504,-0.1631816044516251,2148.6323148324877,0.47151671352045554,-0.9982936811645601,0.07411566803441283,0.0,2154.75,2154.7,2154.8,0.1000000000003638,0.000124224916519829,2154.2000000000003,2155.2000000000003,,,,,,,False
2026-03-21 05:04:00.220727493+00:00,-0.35463995135666193,351.08878522449504,-0.1631816044516251,2148.6323148324877,0.47151671352045554,-0.9003847184935256,0.07422805361647779,0.0,2154.1499999999996,2154.1,2154.2,0.09999999999990905,0.000177197856156603,,,,,,,,,False
2026-03-21 05:05:00.057586078+00:00,-0.2565945752502852,351.08878522449504,-0.1631816044516251,2148.6323148324877,0.47151671352045554,-0.8024757558226396,0.07436446705196895,0.0,2153.55,2153.5,2153.6,0.09999999999990905,0.000198499955075792,,,,,,,,,False
2026-03-21 05:06:00.038854004+00:00,-0.2564430434719571,351.08878522449504,-0.1631816044516251,2148.6323148324877,0.47151671352045554,-0.8024757558226396,0.074515998830297,0.0,2153.55,2153.5,2153.6,0.09999999999990905,0.000216394857253141,,,,,,,,,False
2026-03-21 05:07:00.034904355+00:00,-0.27260303790656626,351.08878522449504,-0.1631816044516251,2148.6323148324877,0.47151671352045554,-0.818793916267713,0.07467416484074076,0.0,2153.6499999999996,2153.6,2153.7,0.09999999999990905,0.000214000131523712,,,,,,0.0,0.0,uneconomic_spread,False
2026-03-21 05:08:00.062525938+00:00,-0.2561265309969253,351.08878522449504,-0.1631816044516251,2148.6323148324877,0.47151671352045554,-0.8024757558226396,0.07483251130532888,0.0,2153.55,2153.5,2153.6,0.09999999999990905,0.000218390217772339,,,,,,,,,False
2026-03-21 05:09:00.065245671+00:00,-0.25596404640257275,351.08878522449504,-0.1631816044516251,2148.6323148324877,0.47151671352045554,-0.8024757558226396,0.07499499589968138,0.0,2153.55,2153.5,2153.6,0.09999999999990905,0.000224124947806339,,,,,,,,,False
2026-03-21 05:10:00.098663123+00:00,-0.2721168138398665,351.08878522449504,-0.1631816044516251,2148.6323148324877,0.47151671352045554,-0.818793916267713,0.07516038890744046,0.0,2153.6499999999996,2153.6,2153.7,0.09999999999990905,0.000223425072372029,,,,,,,,,False
2026-03-21 05:11:00.032880824+00:00,-0.2719570268552027,351.08878522449504,-0.1631816044516251,2148.6323148324877,0.47151671352045554,-0.818793916267713,0.07532017589210432,0.0,2153.6499999999996,2153.6,2153.7,0.09999999999990905,0.000213920413037251,,,,,,,,,False
2026-03-21 05:12:00.203924391+00:00,-0.271800746121124,351.08878522449504,-0.1631816044516251,2148.6323148324877,0.47151671352045554,-0.818793916267713,0.07547645662618302,0.0,2153.6499999999996,2153.6,2153.7,0.09999999999990905,0.000211255857371685,,,,,,,,,False
2026-03-21 05:13:00.035219806+00:00,-0.3369219837186447,351.08878522449504,-0.1631816044516251,2148.6323148324877,0.47151671352045554,-0.8840665580484521,0.07562786080938534,0.0,2154.05,2154.0,2154.1,0.09999999999990905,0.000203436831422182,,,,,,,,,False
2026-03-21 05:14:00.059623305+00:00,-0.2551814010784585,351.08878522449504,-0.1631816044516251,2148.6323148324877,0.47151671352045554,-0.8024757558226396,0.07577764122379567,0.0,2153.55,2153.5,2153.6,0.09999999999990905,0.000205621698145895,,,,,,,,,False
2026-03-21 05:15:00.047953669+00:00,-0.27134960609819414,351.08878522449504,-0.1631816044516251,2148.6323148324877,0.47151671352045554,-0.818793916267713,0.07592759664911287,0.0,2153.6499999999996,2153.6,2153.7,0.09999999999990905,0.000203407134688891,,,,,,,,,False
2026-03-21 05:16:00.069486479+00:00,-0.4670209751185517,351.08878522449504,-0.1631816044516251,2148.6323148324877,0.47151671352045554,-1.014611841609782,0.07607415297081069,0.0,2154.8500000000004,2154.8,2154.9,0.09999999999990905,0.000198141831313198,,,,,,,,,False
2026-03-21 05:17:00.035317297+00:00,-0.548468438579925,351.08878522449504,-0.1631816044516251,2148.6323148324877,0.47151671352045554,-1.0962026438355945,0.07621749173527002,0.0,2155.3500000000004,2155.3,2155.4,0.09999999999990905,0.00019286504360149,,,,,,,,,False
2026-03-21 05:18:00.019013364+00:00,-0.6136017586811218,351.08878522449504,-0.1631816044516251,2148.6323148324877,0.47151671352045554,-1.1614752856161852,0.07635681341468253,0.0,2155.75,2155.7,2155.8,0.1000000000003638,0.000188851294331176,2155.5,2156.1,,,,,,,False
2026-03-21 05:19:00.038190488+00:00,-0.6461006726659997,351.08878522449504,-0.1631816044516251,2148.6323148324877,0.47151671352045554,-1.1941116065064805,0.07649422032008092,0.0,2155.95,2155.9,2156.0,0.09999999999990905,0.00018397553278373,,,,,,,,,False
2026-03-21 05:20:00.083528034+00:00,-0.6296485588988298,351.08878522449504,-0.1631816044516251,2148.6323148324877,0.47151671352045554,-1.177793446061407,0.07662817364219797,0.0,2155.8500000000004,2155.8,2155.9,0.09999999999990905,0.000183712304048059,,,,,,,,,False
2026-03-21 05:21:00.140022928+00:00,-0.5316042101713534,351.08878522449504,-0.1631816044516251,2148.6323148324877,0.47151671352045554,-1.0798844833903727,0.07676355969861821,0.0,2155.25,2155.2,2155.3,0.1000000000003638,0.000184663345535381,2155.0,2155.5,,,,,,,False
2026-03-21 05:22:00.015572386+00:00,-0.7109710906049616,351.08878522449504,-0.1631816044516251,2148.6323148324877,0.47151671352045554,-1.2593842482872195,0.07689644416184202,0.0,2156.3500000000004,2156.3,2156.4,0.09999999999990905,0.000177883978094529,,,,,,,,,False
2026-03-21 05:23:00.051894579+00:00,-0.7597951168427017,351.08878522449504,-0.1631816044516251,2148.6323148324877,0.47151671352045554,-1.3083387296225883,0.0770268992594878,0.0,2156.6499999999996,2156.6,2156.7,0.09999999999990905,0.000176648772830809,,,,,,,,,False
2026-03-21 05:24:00.015094554+00:00,-0.6943933709506298,351.08878522449504,-0.1631816044516251,2148.6323148324877,0.47151671352045554,-1.2430660878419977,0.07715600337095047,0.0,2156.25,2156.2,2156.3,0.1000000000003638,0.000176355857154163,2155.9,2156.5,,,,,,,False
2026-03-21 05:25:00.019279439+00:00,-0.4984456335402372,351.08878522449504,-0.1631816044516251,2148.6323148324877,0.47151671352045554,-1.0472481625000774,0.07728581543945826,0.0,2155.05,2155.0,2155.1,0.09999999999990905,0.000178035484089189,,,,,,,,,False
2026-03-21 05:26:00.038171399+00:00,-0.612542777103522,351.08878522449504,-0.1631816044516251,2148.6323148324877,0.47151671352045554,-1.1614752856161852,0.07741579499228236,0.0,2155.75,2155.7,2155.8,0.1000000000003638,0.000174985035153393,,,,,,,,,False
2026-03-21 05:27:00.035736393+00:00,-0.6287336349016329,351.08878522449504,-0.1631816044516251,2148.6323148324877,0.47151671352045554,-1.177793446061407,0.07754309763939486,0.0,2155.8500000000004,2155.8,2155.9,0.09999999999990905,0.000172943705687739,,,,,,,,,False
2026-03-21 05:28:00.035438298+00:00,-0.6612432821831078,351.08878522449504,-0.1631816044516251,2148.6323148324877,0.47151671352045554,-1.2104297669517023,0.07766977124819614,0.0,2156.05,2156.0,2156.1,0.09999999999990905,0.000172809263663259,,,,,,,,,False
2026-03-21 05:29:00.008231954+00:00,-0.7590257116099893,351.08878522449504,-0.1631816044516251,2148.6323148324877,0.47151671352045554,-1.3083387296225883,0.07779630449220024,0.0,2156.6499999999996,2156.6,2156.7,0.09999999999990905,0.000171206318620527,,,,,,,,,False
2026-03-21 05:30:00.236147814+00:00,-0.6936269382223131,351.08878522449504,-0.1631816044516251,2148.6323148324877,0.47151671352045554,-1.2430660878419977,0.07792243609926708,0.0,2156.25,2156.2,2156.3,0.1000000000003638,0.000171049811245415,2155.9,2156.5,,,,,,,False
2026-03-21 05:31:00.142227238+00:00,-0.5629569232419823,351.08878522449504,-0.1631816044516251,2148.6323148324877,0.47151671352045554,-1.112520804280668,0.07804716751826557,0.0,2155.45,2155.4,2155.5,0.09999999999990905,0.000169686769605969,,,,,,,,,False
2026-03-21 05:32:00.035723957+00:00,-0.7586507853916961,351.08878522449504,-0.1631816044516251,2148.6323148324877,0.47151671352045554,-1.3083387296225883,0.07817123071049344,0.0,2156.6499999999996,2156.6,2156.7,0.09999999999990905,0.00016819007758624,,,,,,,,,False
2026-03-21 05:33:00.074174491+00:00,-0.7258929507364833,351.08878522449504,-0.1631816044516251,2148.6323148324877,0.47151671352045554,-1.275702408732293,0.07829274447543001,0.0,2156.45,2156.4,2156.5,0.09999999999990905,0.000164517163675264,,,,,,,,,False
2026-03-21 05:34:00.134806186+00:00,-0.5462719727753861,351.08878522449504,-0.1631816044516251,2148.6323148324877,0.47151671352045554,-1.0962026438355945,0.078413957539809,0.0,2155.3500000000004,2155.3,2155.4,0.09999999999990905,0.000164417187976565,,,,,,,,,False
2026-03-21 05:35:00.016891421+00:00,-0.6114250160227498,351.08878522449504,-0.1631816044516251,2148.6323148324877,0.47151671352045554,-1.1614752856161852,0.07853355607305454,0.0,2155.75,2155.7,2155.8,0.1000000000003638,0.000162998643413162,2155.4,2156.0,2155.723283265973,2155.7027832735985,0.2,-0.2315149123669431,-0.7843346805533966,ok,False
2026-03-21 05:36:00.045696766+00:00,-0.6928964065000978,351.08878522449504,-0.1631816044516251,2148.6323148324877,0.47151671352045554,-1.2430660878419977,0.07865296782148243,0.0,2156.25,2156.2,2156.3,0.1000000000003638,0.000162575473561559,2155.9,2156.5,,,,,,,False
2026-03-21 05:37:00.039758542+00:00,-0.6601410666051922,351.08878522449504,-0.1631816044516251,2148.6323148324877,0.47151671352045554,-1.2104297669517023,0.07877198682611174,0.0,2156.05,2156.0,2156.1,0.09999999999990905,0.000162908422867886,,,,,,,,,False
2026-03-21 05:38:00.139581826+00:00,-0.6600214843778753,351.08878522449504,-0.1631816044516251,2148.6323148324877,0.47151671352045554,-1.2104297669517023,0.07889156905342866,0.0,2156.05,2156.0,2156.1,0.09999999999990905,0.000162186115858681,,,,,,,,,False
2026-03-21 05:39:00.015518044+00:00,-0.7414940968824959,351.08878522449504,-0.1631816044516251,2148.6323148324877,0.47151671352045554,-1.2920205691775148,0.07900975877464077,0.0,2156.55,2156.5,2156.6,0.09999999999990905,0.0001607826250363,,,,,,,,,False
2026-03-21 05:40:00.027711398+00:00,-0.398694255375714,351.08878522449504,-0.1631816044516251,2148.6323148324877,0.47151671352045554,-0.9493391998290428,0.07912823093292533,0.0,2154.45,2154.4,2154.5,0.09999999999990905,0.000163935396068981,,,,,,,,,False
2026-03-21 05:41:00.011001101+00:00,-0.4801654682444539,351.08878522449504,-0.1631816044516251,2148.6323148324877,0.47151671352045554,-1.0309300020548553,0.07924782029001816,0.0,2154.95,2154.9,2155.0,0.09999999999990905,0.000161764518451011,,,,,,,,,False
2026-03-21 05:42:00.047377879+00:00,-0.5126836791111753,351.08878522449504,-0.1631816044516251,2148.6323148324877,0.47151671352045554,-1.0635663229451506,0.07936593031357293,0.0,2155.1499999999996,2155.1,2155.2,0.09999999999990905,0.000160449228427953,,,,,,,,,False
2026-03-21 05:43:00.026485723+00:00,-0.4799306770687296,351.08878522449504,-0.1631816044516251,2148.6323148324877,0.47151671352045554,-1.0309300020548553,0.07948261146574244,0.0,2154.95,2154.9,2155.0,0.09999999999990905,0.000159429568006021,,,,,,,,,False
2026-03-21 05:44:00.036984388+00:00,-0.44717776937369785,351.08878522449504,-0.1631816044516251,2148.6323148324877,0.47151671352045554,-0.9982936811645601,0.0795991982704411,0.0,2154.75,2154.7,2154.8,0.1000000000003638,0.000159066898364262,2154.5,2155.0,,,,,,,False
2026-03-21 05:45:00.036304744+00:00,-0.5123345928355789,351.08878522449504,-0.1631816044516251,2148.6323148324877,0.47151671352045554,-1.0635663229451506,0.0797150165891694,0.0,2155.1499999999996,2155.1,2155.2,0.09999999999990905,0.000157228453177543,,,,,,,,,False
2026-03-21 05:46:00.042933455+00:00,-0.5611750250902809,351.08878522449504,-0.1631816044516251,2148.6323148324877,0.47151671352045554,-1.112520804280668,0.07982906566996699,0.0,2155.45,2155.4,2155.5,0.09999999999990905,0.000154805084304558,,,,,,,,,False
2026-03-21 05:47:00.035233515+00:00,-0.5610617752752408,351.08878522449504,-0.1631816044516251,2148.6323148324877,0.47151671352045554,-1.112520804280668,0.07994231548500706,0.0,2155.45,2155.4,2155.5,0.09999999999990905,0.000154568866113744,,,,,,,,,False
2026-03-21 05:48:00.067549086+00:00,-0.43040390058010414,351.08878522449504,-0.1631816044516251,2148.6323148324877,0.47151671352045554,-0.9819755207193381,0.08005490661881144,0.0,2154.6499999999996,2154.6,2154.7,0.09999999999990905,0.000153661666989246,,,,,,,,,False
2026-03-21 05:49:00.061424395+00:00,-0.3650190047878322,351.08878522449504,-0.1631816044516251,2148.6323148324877,0.47151671352045554,-0.9167028789387475,0.08016716063053089,0.0,2154.25,2154.2,2154.3,0.1000000000003638,0.000153116110963386,2153.9,2154.5,,,,,,,False
2026-03-21 05:50:00.144531235+00:00,-0.34858871921820905,351.08878522449504,-0.1631816044516251,2148.6323148324877,0.47151671352045554,-0.9003847184935256,0.08027928575493067,0.0,2154.1499999999996,2154.1,2154.2,0.09999999999990905,0.000152828093076468,,,,,,,,,False
2026-03-21 05:51:00.185265593+00:00,-0.31584003145347483,351.08878522449504,-0.1631816044516251,2148.6323148324877,0.47151671352045554,-0.8677483976032303,0.08039165262933182,0.0,2153.95,2153.9,2154.0,0.09999999999990905,0.000153988150075388,,,,,,,,,False
2026-03-21 05:52:00.040317385+00:00,-0.25045400593555417,351.08878522449504,-0.1631816044516251,2148.6323148324877,0.47151671352045554,-0.8024757558226396,0.08050503636669996,0.0,2153.55,2153.5,2153.6,0.09999999999990905,0.000155962491125295,,,,,,,,,False
2026-03-21 05:53:00.267353614+00:00,-0.18506605825447364,351.08878522449504,-0.1631816044516251,2148.6323148324877,0.47151671352045554,-0.7372031140419005,0.08062034226700067,0.0,2153.1499999999996,2153.1,2153.2,0.09999999999990905,0.000157347596844817,,,,,,0.0,0.0,uneconomic_spread,False
2026-03-21 05:54:00.127971209+00:00,-0.2991789435312749,351.08878522449504,-0.1631816044516251,2148.6323148324877,0.47151671352045554,-0.8514302371581568,0.08073458010647888,0.0,2153.8500000000004,2153.8,2153.9,0.09999999999990905,0.000155381578841969,,,,,,0.0,0.0,uneconomic_spread,False
2026-03-21 05:55:00.082300502+00:00,-0.2990658452017939,351.08878522449504,-0.1631816044516251,2148.6323148324877,0.47151671352045554,-0.8514302371581568,0.08084767843595989,0.0,2153.8500000000004,2153.8,2153.9,0.09999999999990905,0.000154122251434094,,,,,,,,,False
2026-03-21 05:56:04+00:00,-0.28262789872473987,351.08878522449504,-0.1631816044516251,2148.6323148324877,0.47151671352045554,-0.835112076712935,0.0809674644677905,0.0,2153.75,2153.7,2153.8,0.1000000000003638,0.000153465364582515,,2153.9,2153.71292080663,2153.693533968481,0.2,-0.22780439828118346,-0.9915838674064834,ok,False
2026-03-21 05:57:00.044801388+00:00,-0.2662047687880672,351.08878522449504,-0.1631816044516251,2148.6323148324877,0.47151671352045554,-0.818793916267713,0.08107243395923977,0.0,2153.6499999999996,2153.6,2153.7,0.09999999999990905,0.000153154341002684,,,,,,,,,False
2026-03-21 05:58:00.031949677+00:00,-0.2660936464139675,351.08878522449504,-0.1631816044516251,2148.6323148324877,0.47151671352045554,-0.818793916267713,0.08118355633333953,0.0,2153.6499999999996,2153.6,2153.7,0.09999999999990905,0.000150704374543414,,,,,,0.0,0.0,uneconomic_spread,False
2026-03-21 05:59:00.035810363+00:00,-0.265983138794396,351.08878522449504,-0.1631816044516251,2148.6323148324877,0.47151671352045554,-0.818793916267713,0.08129406395291101,0.0,2153.6499999999996,2153.6,2153.7,0.09999999999990905,0.000151477505911729,,,,,,,,,False
2026-03-21 06:00:00.116474927+00:00,-0.26587239819933883,351.08878522449504,-0.1631816044516251,2148.6323148324877,0.47151671352045554,-0.818793916267713,0.0814048045479682,0.0,2153.6499999999996,2153.6,2153.7,0.09999999999990905,0.000150579281023978,,,,,,,,,False
2026-03-21 06:01:00.051164006+00:00,-0.18412294014985742,351.08878522449504,-0.1631816044516251,2148.6323148324877,0.47151671352045554,-0.7372031140419005,0.08156346037161687,0.0,2153.1499999999996,2153.1,2153.2,0.09999999999990905,0.000168272543229171,,,,,,,,,False
2026-03-21 06:02:00.077930647+00:00,-0.28189402599763624,351.08878522449504,-0.1631816044516251,2148.6323148324877,0.47151671352045554,-0.835112076712935,0.08170133719489413,0.0,2153.75,2153.7,2153.8,0.1000000000003638,0.000205925650245923,2153.4,2154.0,,,,,,,False
2026-03-21 06:03:00.022778420+00:00,-0.29809461499875667,351.08878522449504,-0.1631816044516251,2148.6323148324877,0.47151671352045554,-0.8514302371581568,0.08181890863899711,0.0,2153.8500000000004,2153.8,2153.9,0.09999999999990905,0.000147532645192429,,,,,,,,,False
2026-03-21 06:04:00.048497094+00:00,-0.31431374035473414,351.08878522449504,-0.1631816044516251,2148.6323148324877,0.47151671352045554,-0.8677483976032303,0.08191794372807247,0.0,2153.95,2153.9,2154.0,0.09999999999990905,0.000125247759497527,,,,,,,,,False
2026-03-21 06:05:00.057341989+00:00,-0.24894803547588742,351.08878522449504,-0.1631816044516251,2148.6323148324877,0.47151671352045554,-0.8024757558226396,0.08201100682636672,0.0,2153.55,2153.5,2153.6,0.09999999999990905,0.000128297940863949,,,,,,,,,False
2026-03-21 06:06:00.063572634+00:00,-0.26517458684733225,351.08878522449504,-0.1631816044516251,2148.6323148324877,0.47151671352045554,-0.818793916267713,0.08210261589997475,0.0,2153.6499999999996,2153.6,2153.7,0.09999999999990905,0.000125314233636542,,,,,,,,,False
2026-03-21 06:07:00.072422410+00:00,-0.23244528442713092,351.08878522449504,-0.1631816044516251,2148.6323148324877,0.47151671352045554,-0.7861575953774177,0.08219559742989985,0.0,2153.45,2153.4,2153.5,0.09999999999990905,0.000127527857224133,,,,,,,,,False
2026-03-21 06:08:00.072709901+00:00,-0.24867030079653565,351.08878522449504,-0.1631816044516251,2148.6323148324877,0.47151671352045554,-0.8024757558226396,0.0822887415057185,0.0,2153.55,2153.5,2153.6,0.09999999999990905,0.00012571232013958,,,,,,,,,False
2026-03-21 06:09:00.055992924+00:00,-0.2485804846529613,351.08878522449504,-0.1631816044516251,2148.6323148324877,0.47151671352045554,-0.8024757558226396,0.08237855764929287,0.0,2153.55,2153.5,2153.6,0.09999999999990905,0.000120156981245678,,,,,,,,,False
2026-03-21 06:10:00.089522238+00:00,-0.12824183792805371,145.68782197635358,-0.06777939207441123,2148.6323148324877,0.05482988557264362,-0.2655383189929315,0.08246659549228269,0.0,2152.55,2152.5,2152.6,0.09999999999990905,0.000120986144649037,,,,,,,,,False
2026-03-21 06:11:00.134791054+00:00,-0.12820683380746029,145.68782197635358,-0.06777939207441123,2148.6323148324877,0.05482988557264362,-0.2655383189929315,0.0825015996128761,0.0,2152.55,2152.5,2152.6,0.09999999999990905,0.000109620743638607,,,,,,,,,False
2026-03-21 06:12:00.014343631+00:00,-0.1281763328986173,145.68782197635358,-0.06777939207441123,2148.6323148324877,0.05482988557264362,-0.2655383189929315,0.08253210052171911,0.0,2152.55,2152.5,2152.6,0.09999999999990905,9.0338858216774e-05,,,,,,,,,False
2026-03-21 06:13:00.031072085+00:00,-0.12815274218469752,145.68782197635358,-0.06777939207441123,2148.6323148324877,0.05482988557264362,-0.2655383189929315,0.0825556912356389,0.0,2152.55,2152.5,2152.6,0.09999999999990905,6.6678449806715e-05,,,,,,,,,False
2026-03-21 06:14:00.570475518+00:00,-0.12813522814673048,145.68782197635358,-0.06777939207441123,2148.6323148324877,0.05482988557264362,-0.2655383189929315,0.08257320527360593,0.0,2152.55,2152.5,2152.6,0.09999999999990905,4.8462213924734e-05,,,,,,,,,False
2026-03-21 06:15:00.100456530+00:00,-0.14167834207383276,145.68782197635358,-0.06777939207441123,2148.6323148324877,0.05482988557264362,-0.2790941974078014,0.08258596976138069,0.0,2152.75,2152.7,2152.8,0.1000000000003638,3.774373361839e-05,2152.5,2153.0,,,,,,,False
2026-03-21 06:16:00.132791172+00:00,-0.1145558469162743,145.68782197635358,-0.06777939207441123,2148.6323148324877,0.05482988557264362,-0.2519824405780616,0.08259670808918507,0.0,2152.3500000000004,2152.3,2152.4,0.09999999999990905,3.1592821598078e-05,,,,,,,,,False
2026-03-21 06:17:00.047629448+00:00,-0.14843595569150353,145.68782197635358,-0.06777939207441123,2148.6323148324877,0.05482988557264362,-0.28587213661526717,0.08260629535117686,0.0,2152.8500000000004,2152.8,2152.9,0.09999999999990905,2.9915384895551e-05,,,,,,,,,False
2026-03-21 06:18:00.038189164+00:00,-0.18909523166833672,145.68782197635358,-0.06777939207441123,2148.6323148324877,0.05482988557264362,-0.3265397718598769,0.08261465461894638,0.0,2153.45,2153.4,2153.5,0.09999999999990905,2.4969402159478e-05,,,,,,,,,False
2026-03-21 06:19:00.062156753+00:00,-0.24331267308268179,145.68782197635358,-0.06777939207441123,2148.6323148324877,0.05482988557264362,-0.38076328551941824,0.08262072686413792,0.0,2154.25,2154.2,2154.3,0.1000000000003638,1.5013717187861e-05,2154.0,,,,,,,,False
2026-03-21 06:20:00.042470826+00:00,-0.2500874850742041,145.68782197635358,-0.06777939207441123,2148.6323148324877,0.05482988557264362,-0.387541224726884,0.08262385408008256,0.0,2154.3500000000004,2154.3,2154.4,0.09999999999990905,7.108104711592e-06,,,,,,,,,False
2026-03-21 06:21:00.014450357+00:00,-0.1687495325858482,145.68782197635358,-0.06777939207441123,2148.6323148324877,0.05482988557264362,-0.30620595423754127,0.0826265360790909,0.0,2153.1499999999996,2153.1,2153.2,0.09999999999990905,1.0649338880186e-05,,,,,,,,,False
2026-03-21 06:22:00.061474338+00:00,-0.128078255044774,145.68782197635358,-0.06777939207441123,2148.6323148324877,0.05482988557264362,-0.2655383189929315,0.08263017837556241,0.0,2152.55,2152.5,2152.6,0.09999999999990905,1.2645128906967e-05,,,,,,,,,False
2026-03-21 06:23:00.047285196+00:00,-0.17552073082857494,145.68782197635358,-0.06777939207441123,2148.6323148324877,0.05482988557264362,-0.31298389344500704,0.08263327704383111,0.0,2153.25,2153.2,2153.3,0.1000000000003638,7.813637012098e-06,2153.0,2153.5,,,,,,,False
2026-03-21 06:24:00.236358616+00:00,-0.16874021918541487,145.68782197635358,-0.06777939207441123,2148.6323148324877,0.05482988557264362,-0.30620595423754127,0.08263584947952422,0.0,2153.1499999999996,2153.1,2153.2,0.09999999999990905,9.822831541991e-06,,,,,,,,,False
2026-03-21 06:25:00.035898826+00:00,-0.22973918443352825,145.68782197635358,-0.06777939207441123,2148.6323148324877,0.05482988557264362,-0.36720740710454836,0.0826383370984428,0.0,2154.05,2154.0,2154.1,0.09999999999990905,5.345948117312e-06,,,,,,,,,False
2026-03-21 06:26:00.008295606+00:00,-0.236515935905861,145.68782197635358,-0.06777939207441123,2148.6323148324877,0.05482988557264362,-0.37398534631195246,0.08263952483349175,0.0,2154.1499999999996,2154.1,2154.2,0.09999999999990905,1.677789444847e-06,,,,,,,,,False
2026-03-21 06:27:00.077871776+00:00,-0.20262595389464128,145.68782197635358,-0.06777939207441123,2148.6323148324877,0.05482988557264362,-0.34009565027474686,0.08263981080751885,0.0,2153.6499999999996,2153.6,2153.7,0.09999999999990905,8.40522489897e-07,,,,,,,,,False
2026-03-21 06:28:00.024378598+00:00,-0.2297373307562216,145.68782197635358,-0.06777939207441123,2148.6323148324877,0.05482988557264362,-0.36720740710454836,0.08264019077574948,0.0,2154.05,2154.0,2154.1,0.09999999999990905,3.68598562131e-07,,,,,,,,,False
2026-03-21 06:29:00.023031685+00:00,-0.23651542608782178,145.68782197635358,-0.06777939207441123,2148.6323148324877,0.05482988557264362,-0.37398534631195246,0.08264003465153098,0.0,2154.1499999999996,2154.1,2154.2,0.09999999999990905,-2.947133535722e-06,,,,,,,,,False
2026-03-21 06:30:00.059968401+00:00,-0.25685077690057584,145.68782197635358,-0.06777939207441123,2148.6323148324877,0.05482988557264362,-0.3943191639342882,0.08263850146112091,0.0,2154.45,2154.4,2154.5,0.09999999999990905,-5.444172262302e-06,,,,,,,,,False
2026-03-21 06:31:00.031277837+00:00,-0.2975208121731417,145.68782197635358,-0.06777939207441123,2148.6323148324877,0.05482988557264362,-0.43498679917895955,0.08263610143321458,0.0,2155.05,2155.0,2155.1,0.09999999999990905,-9.476772547341e-06,,,,,,,,,False
2026-03-21 06:32:00.034254520+00:00,-0.2839673826066458,145.68782197635358,-0.06777939207441123,2148.6323148324877,0.05482988557264362,-0.42143092076408967,0.0826336525848619,0.0,2154.8500000000004,2154.8,2154.9,0.09999999999990905,-6.913511338901e-06,,,,,,,,,False
2026-03-21 06:33:00.122556580+00:00,-0.28396952847464807,145.68782197635358,-0.06777939207441123,2148.6323148324877,0.05482988557264362,-0.42143092076408967,0.08263150671685962,0.0,2154.8500000000004,2154.8,2154.9,0.09999999999990905,-7.305126339308e-06,,,,,,,,,False
2026-03-21 06:34:00.252883094+00:00,-0.2636380924205733,145.68782197635358,-0.06777939207441123,2148.6323148324877,0.05482988557264362,-0.40109710314175395,0.08262912514859037,0.0,2154.55,2154.5,2154.6,0.09999999999990905,-8.439146388959e-06,,,,,,,,,False
2026-03-21 06:35:00.236157386+00:00,-0.2500854496526578,145.68782197635358,-0.06777939207441123,2148.6323148324877,0.05482988557264362,-0.387541224726884,0.08262588950162886,0.0,2154.3500000000004,2154.3,2154.4,0.09999999999990905,-1.3403451992691e-05,,,,,,,,,False
2026-03-21 06:36:00.036889845+00:00,-0.2636457120110425,145.68782197635358,-0.06777939207441123,2148.6323148324877,0.05482988557264362,-0.40109710314175395,0.08262150555812123,0.0,2154.55,2154.5,2154.6,0.09999999999990905,-1.5955826232658e-05,,,,,,,,,False
2026-03-21 06:37:00.052750664+00:00,-0.2975408362987489,145.68782197635358,-0.06777939207441123,2148.6323148324877,0.05482988557264362,-0.43498679917895955,0.08261607730760741,0.0,2155.05,2155.0,2155.1,0.09999999999990905,-2.0950435035624e-05,,,,,,,,,False
2026-03-21 06:38:00.036168289+00:00,-0.2975477283225955,145.68782197635358,-0.06777939207441123,2148.6323148324877,0.05482988557264362,-0.43498679917895955,0.08260918528376077,0.0,2155.05,2155.0,2155.1,0.09999999999990905,-2.515076196333e-05,,,,,,,,,False
2026-03-21 06:39:00.572039587+00:00,-0.29755571469088227,145.68782197635358,-0.06777939207441123,2148.6323148324877,0.05482988557264362,-0.43498679917895955,0.082601198915474,0.0,2155.05,2155.0,2155.1,0.09999999999990905,-2.5852089824689e-05,,,,,,0.0,0.0,uneconomic_spread,False
2026-03-21 06:40:00.635178535+00:00,-0.2568957625727458,145.68782197635358,-0.06777939207441123,2148.6323148324877,0.05482988557264362,-0.3943191639342882,0.08259351578895094,0.0,2154.45,2154.4,2154.5,0.09999999999990905,-2.4684138026742e-05,,,,,,,,,False
2026-03-21 06:41:00.533581889+00:00,-0.2569034771053111,145.68782197635358,-0.06777939207441123,2148.6323148324877,0.05482988557264362,-0.3943191639342882,0.08258580125638566,0.0,2154.45,2154.4,2154.5,0.09999999999990905,-2.6805141829392e-05,,,,,,,,,False
2026-03-21 06:42:00.135956073+00:00,-0.33146925037890096,145.68782197635358,-0.06777939207441123,2148.6323148324877,0.05482988557264362,-0.4688764952161652,0.08257735926467634,0.0,2155.55,2155.5,2155.6,0.09999999999990905,-3.1151622494833e-05,,,,,,,,,False
2026-03-21 06:43:00.012238758+00:00,-0.3450349947564374,145.68782197635358,-0.06777939207441123,2148.6323148324877,0.05482988557264362,-0.48243237363103514,0.08256749330201699,0.0,2155.75,2155.7,2155.8,0.1000000000003638,-3.2978207362076e-05,2155.5,2156.0,,,,,,,False
2026-03-21 06:44:00.140054766+00:00,-0.3450448066403845,145.68782197635358,-0.06777939207441123,2148.6323148324877,0.05482988557264362,-0.48243237363103514,0.08255768141806982,0.0,2155.75,2155.7,2155.8,0.1000000000003638,-3.0857571716041e-05,2155.5,2156.0,,,,,,,False
2026-03-21 06:45:00.013867105+00:00,-0.33827599516308043,145.68782197635358,-0.06777939207441123,2148.6323148324877,0.05482988557264362,-0.4756544344235693,0.08254855368790696,0.0,2155.6499999999996,2155.6,2155.7,0.09999999999990905,-2.8729494900009e-05,,,,,,,,,False
2026-03-21 06:46:00.040723285+00:00,-0.25694934265939057,145.68782197635358,-0.06777939207441123,2148.6323148324877,0.05482988557264362,-0.3943191639342882,0.08253993570230617,0.0,2154.45,2154.4,2154.5,0.09999999999990905,-2.7850791136576e-05,,,,,,,,,False
2026-03-21 06:47:00.035808506+00:00,-0.2569575163848429,145.68782197635358,-0.06777939207441123,2148.6323148324877,0.05482988557264362,-0.3943191639342882,0.08253176197685387,0.0,2154.45,2154.4,2154.5,0.09999999999990905,-2.5821041926312e-05,,,,,,,,,False
2026-03-21 06:48:00.584129672+00:00,-0.3247452895807599,145.68782197635358,-0.06777939207441123,2148.6323148324877,0.05482988557264362,-0.4620985560086994,0.08252338085535052,0.0,2155.45,2155.4,2155.5,0.09999999999990905,-2.8696092432495e-05,,,,,,0.0,0.0,uneconomic_spread,False
2026-03-21 06:49:00.135580368+00:00,-0.28408631645344334,145.68782197635358,-0.06777939207441123,2148.6323148324877,0.05482988557264362,-0.42143092076408967,0.08251471873806433,0.0,2154.8500000000004,2154.8,2154.9,0.09999999999990905,-2.8623001203622e-05,,,,,,,,,False
2026-03-21 06:50:00.573008158+00:00,-0.2908731897597694,145.68782197635358,-0.06777939207441123,2148.6323148324877,0.05482988557264362,-0.42820885997149377,0.08250578463911998,0.0,2154.95,2154.9,2155.0,0.09999999999990905,-2.9970796097479e-05,,,,,,,,,False
2026-03-21 06:51:00.037794380+00:00,-0.29088252535392306,145.68782197635358,-0.06777939207441123,2148.6323148324877,0.05482988557264362,-0.42820885997149377,0.0824964490449663,0.0,2154.95,2154.9,2155.0,0.09999999999990905,-3.2851700698363e-05,,,,,,,,,False
2026-03-21 06:52:00.057872824+00:00,-0.29089262368692126,145.68782197635358,-0.06777939207441123,2148.6323148324877,0.05482988557264362,-0.42820885997149377,0.08248635071196808,0.0,2154.95,2154.9,2155.0,0.09999999999990905,-3.3750929760477e-05,,,,,,,,,False
2026-03-21 06:53:00.237779251+00:00,-0.2976809289909038,145.68782197635358,-0.06777939207441123,2148.6323148324877,0.05482988557264362,-0.43498679917895955,0.08247598461545247,0.0,2155.05,2155.0,2155.1,0.09999999999990905,-3.4550064210467e-05,,,,,,,,,False
2026-03-21 06:54:00.193594917+00:00,-0.27057976119248467,145.68782197635358,-0.06777939207441123,2148.6323148324877,0.05482988557264362,-0.4078750423491581,0.08246539558408911,0.0,2154.6499999999996,2154.6,2154.7,0.09999999999990905,-3.5484084205075e-05,,,,,,,,,False
2026-03-21 06:55:00.334975167+00:00,-0.2705905515370216,145.68782197635358,-0.06777939207441123,2148.6323148324877,0.05482988557264362,-0.4078750423491581,0.08245460523955218,0.0,2154.6499999999996,2154.6,2154.7,0.09999999999990905,-3.5503294400684e-05,,,,,,,,,False
2026-03-21 06:56:00.140820283+00:00,-0.2706012885789507,145.68782197635358,-0.06777939207441123,2148.6323148324877,0.05482988557264362,-0.4078750423491581,0.08244386819762306,0.0,2154.6499999999996,2154.6,2154.7,0.09999999999990905,-3.5205224697768e-05,,,,,,,,,False
2026-03-21 06:57:00.136015258+00:00,-0.2706119983379956,145.68782197635358,-0.06777939207441123,2148.6323148324877,0.05482988557264362,-0.4078750423491581,0.08243315843857818,0.0,2154.6499999999996,2154.6,2154.7,0.09999999999990905,-3.5595604397809e-05,,,,,,,,,False
2026-03-21 06:58:00.036905901+00:00,-0.270622879332588,145.68782197635358,-0.06777939207441123,2148.6323148324877,0.05482988557264362,-0.4078750423491581,0.0824222774439858,0.0,2154.6499999999996,2154.6,2154.7,0.09999999999990905,-3.5999625486752e-05,,,,,,,,,False
2026-03-21 06:59:00.064689329+00:00,-0.27063378580601993,145.68782197635358,-0.06777939207441123,2148.6323148324877,0.05482988557264362,-0.4078750423491581,0.08241137097055384,0.0,2154.6499999999996,2154.6,2154.7,0.09999999999990905,-3.5813182130773e-05,,,,,,0.0,0.0,uneconomic_spread,False
2026-03-21 07:00:00.035621315+00:00,-0.3113128311970523,145.68782197635358,-0.06777939207441123,2148.6323148324877,0.05482988557264362,-0.4485426775938295,0.08239996082418106,0.0,2155.25,2155.2,2155.3,0.1000000000003638,-3.829322925092e-05,2155.1,2155.6,,,,,,,False
2026-03-21 07:01:00.114346679+00:00,-0.2977862452369231,145.68782197635358,-0.06777939207441123,2148.6323148324877,0.05482988557264362,-0.43498679917895955,0.08237066836943321,0.0,2155.05,2155.0,2155.1,0.09999999999990905,-5.9547731837971e-05,,,,,,,,,False
2026-03-21 07:02:00.135673901+00:00,-0.31138349979419316,145.68782197635358,-0.06777939207441123,2148.6323148324877,0.05482988557264362,-0.4485426775938295,0.08232929222704016,0.0,2155.25,2155.2,2155.3,0.1000000000003638,-0.000165594365512299,2155.1,2155.7000000000003,,,,,,,False
2026-03-21 07:03:00.087617837+00:00,-0.31144052392111415,145.68782197635358,-0.06777939207441123,2148.6323148324877,0.05482988557264362,-0.4485426775938295,0.08227226810011917,0.0,2155.25,2155.2,2155.3,0.1000000000003638,-0.000194713669948132,2155.1,2155.6,,,,,,,False
2026-03-21 07:04:00.035608683+00:00,-0.3047168852451876,145.68782197635358,-0.06777939207441123,2148.6323148324877,0.05482988557264362,-0.4417647383863637,0.08221796756857881,0.0,2155.1499999999996,2155.1,2155.2,0.09999999999990905,-0.000166607146412256,,,,,,,,,False
2026-03-21 07:05:00.039844777+00:00,-0.3115392518839725,145.68782197635358,-0.06777939207441123,2148.6323148324877,0.05482988557264362,-0.4485426775938295,0.08217354013726079,0.0,2155.25,2155.2,2155.3,0.1000000000003638,-0.000134924279455741,2155.1,2155.6,,,,,,,False
2026-03-21 07:06:00.099282337+00:00,-0.3319158035804495,145.68782197635358,-0.06777939207441123,2148.6323148324877,0.05482988557264362,-0.4688764952161652,0.08213080606312782,0.0,2155.55,2155.5,2155.6,0.09999999999990905,-0.000146678714286352,,,,,,,,,False
2026-03-21 07:07:00.096211514+00:00,-0.31840386514574803,145.68782197635358,-0.06777939207441123,2148.6323148324877,0.05482988557264362,-0.45532061680129526,0.08208686608295221,0.0,2155.3500000000004,2155.3,2155.4,0.09999999999990905,-0.000137014312752082,,,,,,,,,False
2026-03-21 07:08:00.036009852+00:00,-0.31166329856657604,145.68782197635358,-0.06777939207441123,2148.6323148324877,0.05482988557264362,-0.4485426775938295,0.08204949345465729,0.0,2155.25,2155.2,2155.3,0.1000000000003638,-0.000116428754353167,2155.0,2155.6,2155.243293745373,2155.3253099820404,0.2,0.20560806348351374,-0.3841250925374212,ok,False
2026-03-21 07:09:00.086834602+00:00,-0.318476416976544,145.68782197635358,-0.06777939207441123,2148.6323148324877,0.05482988557264362,-0.45532061680129526,0.08201431425215627,0.0,2155.3500000000004,2155.3,2155.4,0.09999999999990905,-0.000118519375857043,,,,,,,,,False
2026-03-21 07:10:00.011017704+00:00,-0.3185147688509399,145.68782197635358,-0.06777939207441123,2148.6323148324877,0.05482988557264362,-0.45532061680129526,0.08197596237776039,0.0,2155.3500000000004,2155.3,2155.4,0.09999999999990905,-0.000130561238926005,,,,,,,,,False
2026-03-21 07:11:00.035261646+00:00,-0.31855648673906706,145.68782197635358,-0.06777939207441123,2148.6323148324877,0.05482988557264362,-0.45532061680129526,0.08193424448963323,0.0,2155.3500000000004,2155.3,2155.4,0.09999999999990905,-0.000141227153715448,,,,,,,,,False
2026-03-21 07:12:00.111215863+00:00,-0.3389348649163332,145.68782197635358,-0.06777939207441123,2148.6323148324877,0.05482988557264362,-0.4756544344235693,0.08188968393465425,0.0,2155.6499999999996,2155.6,2155.7,0.09999999999990905,-0.000147587707341864,,,,,,,,,False
2026-03-21 07:13:00.145973897+00:00,-0.3389784780496937,145.68782197635358,-0.06777939207441123,2148.6323148324877,0.05482988557264362,-0.4756544344235693,0.08184607080129369,0.0,2155.6499999999996,2155.6,2155.7,0.09999999999990905,-0.00013977012393042,,,,,,,,,False
2026-03-21 07:14:00.232563632+00:00,-0.3390197523563141,145.68782197635358,-0.06777939207441123,2148.6323148324877,0.05482988557264362,-0.4756544344235693,0.0818047964946733,0.0,2155.6499999999996,2155.6,2155.7,0.09999999999990905,-0.000132563629132939,,,,,,,,,False
2026-03-21 07:15:00.200241048+00:00,-0.3526158321830287,145.68782197635358,-0.06777939207441123,2148.6323148324877,0.05482988557264362,-0.4892103128385009,0.08176459508289256,0.0,2155.8500000000004,2155.8,2155.9,0.09999999999990905,-0.000130912432169854,,,,,,0.0,0.0,uneconomic_spread,False
2026-03-21 07:16:00.016451976+00:00,-0.35265409982884377,145.68782197635358,-0.06777939207441123,2148.6323148324877,0.05482988557264362,-0.4892103128385009,0.08172632743707753,0.0,2155.8500000000004,2155.8,2155.9,0.09999999999990905,-0.000122583921271424,,,,,,,,,False
2026-03-21 07:17:00.140665022+00:00,-0.3526900976094724,145.68782197635358,-0.06777939207441123,2148.6323148324877,0.05482988557264362,-0.4892103128385009,0.0816903296564489,0.0,2155.8500000000004,2155.8,2155.9,0.09999999999990905,-0.000114729001934993,,,,,,,,,False
2026-03-21 07:18:00.090175513+00:00,-0.33916777978765617,145.68782197635358,-0.06777939207441123,2148.6323148324877,0.05482988557264362,-0.4756544344235693,0.08165676906333125,0.0,2155.6499999999996,2155.6,2155.7,0.09999999999990905,-0.000106976341448063,,,,,,,,,False
2026-03-21 07:19:00.039135299+00:00,-0.45442632515045844,145.68782197635358,-0.06777939207441123,2148.6323148324877,0.05482988557264362,-0.5908794009501177,0.08162319022706908,0.0,2157.3500000000004,2157.3,2157.4,0.09999999999990905,-0.000112950214944515,,,,,,,,,False
2026-03-21 07:20:00.035939266+00:00,-0.5222411931171168,145.68782197635358,-0.06777939207441123,2148.6323148324877,0.05482988557264362,-0.658658793024529,0.08158771433482441,0.0,2158.3500000000004,2158.3,2158.4,0.09999999999990905,-0.000119053038777514,,,,,,,,,False
2026-03-21 07:21:00.005039025+00:00,-0.48160949457481883,145.68782197635358,-0.06777939207441123,2148.6323148324877,0.05482988557264362,-0.6179911577798576,0.08155177763243435,0.0,2157.75,2157.7,2157.8,0.1000000000003638,-0.00011647713280112,2157.5,2158.1,,,,,,,False
2026-03-21 07:22:00.041320684+00:00,-0.4816447393965362,145.68782197635358,-0.06777939207441123,2148.6323148324877,0.05482988557264362,-0.6179911577798576,0.08151653281071704,0.0,2157.75,2157.7,2157.8,0.1000000000003638,-0.000115913386918628,2157.6,2158.2000000000003,,,,,,,False
2026-03-21 07:23:00.035206844+00:00,-0.45456857946610374,145.68782197635358,-0.06777939207441123,2148.6323148324877,0.05482988557264362,-0.5908794009501177,0.08148093591142382,0.0,2157.3500000000004,2157.3,2157.4,0.09999999999990905,-0.000119024775027233,,,,,,,,,False
2026-03-21 07:24:00.227303034+00:00,-0.47493926150576476,145.68782197635358,-0.06777939207441123,2148.6323148324877,0.05482988557264362,-0.6112132185723917,0.08144407149404992,0.0,2157.6499999999996,2157.6,2157.7,0.09999999999990905,-0.00012183213382506,,,,,,,,,False
2026-03-21 07:25:00.122869793+00:00,-0.5020879687191099,145.68782197635358,-0.06777939207441123,2148.6323148324877,0.05482988557264362,-0.6383249754021932,0.08140712111048728,0.0,2158.05,2158.0,2158.1,0.09999999999990905,-0.000121766371375381,,,,,,,,,False
2026-03-21 07:26:00.364540060+00:00,-0.6105729588251111,145.68782197635358,-0.06777939207441123,2148.6323148324877,0.05482988557264362,-0.7467720027212142,0.08136915832350243,0.0,2159.6499999999996,2159.6,2159.7,0.09999999999990905,-0.000126311649087203,,,,,,,,,False
2026-03-21 07:27:00.035546638+00:00,-0.6512786291054512,145.68782197635358,-0.06777939207441123,2148.6323148324877,0.05482988557264362,-0.7874396379658857,0.08133112328785026,0.0,2160.25,2160.2,2160.3,0.1000000000003638,-0.000125855191338643,,,,,,,,,False
2026-03-21 07:28:00.057647533+00:00,-0.6784288989088827,145.68782197635358,-0.06777939207441123,2148.6323148324877,0.05482988557264362,-0.8145513947956255,0.08129261031414448,0.0,2160.6499999999996,2160.6,2160.7,0.09999999999990905,-0.000126392593040059,,,,,,,,,False
2026-03-21 07:29:00.100836202+00:00,-0.6988014766632976,145.68782197635358,-0.06777939207441123,2148.6323148324877,0.05482988557264362,-0.8348852124179612,0.08125385018207357,0.0,2160.95,2160.9,2161.0,0.09999999999990905,-0.000126399840468461,,,,,,,,,False
2026-03-21 07:30:00.020679274+00:00,-0.6310599254634115,145.68782197635358,-0.06777939207441123,2148.6323148324877,0.05482988557264362,-0.76710582034355,0.08121600930754605,0.0,2159.95,2159.9,2160.0,0.09999999999990905,-0.000122660263601616,,,,,,,,,False
2026-03-21 07:31:00.015657053+00:00,-0.5768732850215357,145.68782197635358,-0.06777939207441123,2148.6323148324877,0.05482988557264362,-0.7128823066840086,0.08117913608988522,0.0,2159.1499999999996,2159.1,2159.2,0.09999999999990905,-0.000119078426903206,,,,,,,,,False
2026-03-21 07:32:00.047418075+00:00,-0.5430197693767476,145.68782197635358,-0.06777939207441123,2148.6323148324877,0.05482988557264362,-0.678992610646803,0.08114295569745228,0.0,2158.6499999999996,2158.6,2158.7,0.09999999999990905,-0.000118375792810353,,,,,,,,,False
2026-03-21 07:33:00.093769873+00:00,-0.45494219231524835,145.68782197635358,-0.06777939207441123,2148.6323148324877,0.05482988557264362,-0.5908794009501177,0.0811073230622792,0.0,2157.3500000000004,2157.3,2157.4,0.09999999999990905,-0.000115840354621905,,,,,,,,,False
2026-03-21 07:34:00.027489495+00:00,-0.4414213072833609,145.68782197635358,-0.06777939207441123,2148.6323148324877,0.05482988557264362,-0.5773235225351862,0.08107232967923278,0.0,2157.1499999999996,2157.1,2157.2,0.09999999999990905,-0.000115769229674235,,,,,,,,,False
2026-03-21 07:35:00.037121728+00:00,-0.4617907139617607,145.68782197635358,-0.06777939207441123,2148.6323148324877,0.05482988557264362,-0.5976573401575219,0.08103674062317696,0.0,2157.45,2157.4,2157.5,0.09999999999990905,-0.000117688738084951,,,,,,,,,False
2026-03-21 07:36:00.043130856+00:00,-0.4550485647730007,145.68782197635358,-0.06777939207441123,2148.6323148324877,0.05482988557264362,-0.5908794009501177,0.0810009506045268,0.0,2157.3500000000004,2157.3,2157.4,0.09999999999990905,-0.000118051865869338,,,,,,,,,False
2026-03-21 07:37:00.139701047+00:00,-0.4550846114252711,145.68782197635358,-0.06777939207441123,2148.6323148324877,0.05482988557264362,-0.5908794009501177,0.08096490395225645,0.0,2157.3500000000004,2157.3,2157.4,0.09999999999990905,-0.000119650713236789,,,,,,,,,False
2026-03-21 07:38:00.035888593+00:00,-0.5025671717410019,145.68782197635358,-0.06777939207441123,2148.6323148324877,0.05482988557264362,-0.6383249754021932,0.08092791808859535,0.0,2158.05,2158.0,2158.1,0.09999999999990905,-0.000123289993120137,,,,,,,,,False
2026-03-21 07:39:00.005360307+00:00,-0.4822710327035994,145.68782197635358,-0.06777939207441123,2148.6323148324877,0.05482988557264362,-0.6179911577798576,0.08089023950365382,0.0,2157.75,2157.7,2157.8,0.1000000000003638,-0.000124082777365935,2157.6,2158.1,,,,,,,False
2026-03-21 07:40:00.117702435+00:00,-0.4280851276497789,145.68782197635358,-0.06777939207441123,2148.6323148324877,0.05482988557264362,-0.5637676441203162,0.08085263089793773,0.0,2156.95,2156.9,2157.0,0.09999999999990905,-0.000122799367087622,,,,,,,,,False
2026-03-21 07:41:00.029422629+00:00,-0.45523461046653463,145.68782197635358,-0.06777939207441123,2148.6323148324877,0.05482988557264362,-0.5908794009501177,0.0808149049109929,0.0,2157.3500000000004,2157.3,2157.4,0.09999999999990905,-0.000125918875720277,,,,,,,,,False
2026-03-21 07:42:00.090590304+00:00,-0.46882937887785636,145.68782197635358,-0.06777939207441123,2148.6323148324877,0.05482988557264362,-0.6044352793649876,0.0807760149145482,0.0,2157.55,2157.5,2157.6,0.09999999999990905,-0.000128973499517482,,,,,,,,,False
2026-03-21 07:43:00.053725166+00:00,-0.4959808659548663,145.68782197635358,-0.06777939207441123,2148.6323148324877,0.05482988557264362,-0.6315470361947275,0.08073628466726396,0.0,2157.95,2157.9,2158.0,0.09999999999990905,-0.000132430902355937,,,,,,,,,False
2026-03-21 07:44:00.035304870+00:00,-0.49602154372538176,145.68782197635358,-0.06777939207441123,2148.6323148324877,0.05482988557264362,-0.6315470361947275,0.08069560689674847,0.0,2157.95,2157.9,2158.0,0.09999999999990905,-0.000134044767544168,,,,,,,,,False
2026-03-21 07:45:00.005444597+00:00,-0.4689505290891412,145.68782197635358,-0.06777939207441123,2148.6323148324877,0.05482988557264362,-0.6044352793649876,0.08065486470326337,0.0,2157.55,2157.5,2157.6,0.09999999999990905,-0.000133327554641143,,,,,,,,,False
2026-03-21 07:46:00.035722991+00:00,-0.4215451834118809,145.68782197635358,-0.06777939207441123,2148.6323148324877,0.05482988557264362,-0.5569897049129121,0.08061463592845404,0.0,2156.8500000000004,2156.8,2156.9,0.09999999999990905,-0.000131072024885204,,,,,,,,,False
2026-03-21 07:47:00.016388125+00:00,-0.2250244406778921,145.68782197635358,-0.06777939207441123,2148.6323148324877,0.05482988557264362,-0.3604294678970826,0.08057514164661203,0.0,2153.95,2153.9,2154.0,0.09999999999990905,-0.000128007950510718,,,,,,,,,False
2026-03-21 07:48:00.055522854+00:00,-0.2792872906079138,145.68782197635358,-0.06777939207441123,2148.6323148324877,0.05482988557264362,-0.4146529815566239,0.08053580537612694,0.0,2154.75,2154.7,2154.8,0.1000000000003638,-0.000130160113389941,2154.6,2155.2000000000003,,,,,,,False
2026-03-21 07:49:00.035191846+00:00,-0.3471064598825242,145.68782197635358,-0.06777939207441123,2148.6323148324877,0.05482988557264362,-0.48243237363103514,0.08049602817593016,0.0,2155.75,2155.7,2155.8,0.1000000000003638,-0.000131102010734734,2155.6,2156.2000000000003,,,,,,,False
2026-03-21 07:50:00.077540510+00:00,-0.3674803650679038,145.68782197635358,-0.06777939207441123,2148.6323148324877,0.05482988557264362,-0.5027661912533709,0.0804559406128661,0.0,2156.05,2156.0,2156.1,0.09999999999990905,-0.000132280334827628,,,,,,,,,False
2026-03-21 07:51:00.036928156+00:00,-0.3268528636316479,145.68782197635358,-0.06777939207441123,2148.6323148324877,0.05482988557264362,-0.4620985560086994,0.08041580680446246,0.0,2155.45,2155.4,2155.5,0.09999999999990905,-0.000131414704308432,,,,,,,,,False
2026-03-21 07:52:00.032677004+00:00,-0.2997808393999093,145.68782197635358,-0.06777939207441123,2148.6323148324877,0.05482988557264362,-0.43498679917895955,0.08037607420644698,0.0,2155.05,2155.0,2155.1,0.09999999999990905,-0.000128961587987092,,,,,,,,,False
2026-03-21 07:53:00.069771142+00:00,-0.3133760302034838,145.68782197635358,-0.06777939207441123,2148.6323148324877,0.05482988557264362,-0.4485426775938295,0.08033676181774951,0.0,2155.25,2155.2,2155.3,0.1000000000003638,-0.000129714351461323,2155.1,2155.7000000000003,,,,,,,False
2026-03-21 07:54:00.094040272+00:00,-0.3066376405850256,145.68782197635358,-0.06777939207441123,2148.6323148324877,0.05482988557264362,-0.4417647383863637,0.08029721222874081,0.0,2155.1499999999996,2155.1,2155.2,0.09999999999990905,-0.000130078794736433,,,,,,,,,False
2026-03-21 07:55:00.035208739+00:00,-0.2998992477439897,145.68782197635358,-0.06777939207441123,2148.6323148324877,0.05482988557264362,-0.43498679917895955,0.08025766586236659,0.0,2155.05,2155.0,2155.1,0.09999999999990905,-0.000129722965348749,,,,,,,,,False
2026-03-21 07:56:00.032509993+00:00,-0.2999385589562528,145.68782197635358,-0.06777939207441123,2148.6323148324877,0.05482988557264362,-0.43498679917895955,0.08021835465010348,0.0,2155.05,2155.0,2155.1,0.09999999999990905,-0.00012878697800306,,,,,,,,,False
2026-03-21 07:57:00.363687962+00:00,-0.29997800135634634,145.68782197635358,-0.06777939207441123,2148.6323148324877,0.05482988557264362,-0.43498679917895955,0.08017891225000995,0.0,2155.05,2155.0,2155.1,0.09999999999990905,-0.000129639182174351,,,,,,0.0,0.0,uneconomic_spread,False
2026-03-21 07:58:00.285491582+00:00,-0.30001763393227887,145.68782197635358,-0.06777939207441123,2148.6323148324877,0.05482988557264362,-0.43498679917895955,0.08013927967407738,0.0,2155.05,2155.0,2155.1,0.09999999999990905,-0.000131525441572747,,,,,,,,,False
2026-03-21 07:59:00.052723127+00:00,-0.31361360157103213,145.68782197635358,-0.06777939207441123,2148.6323148324877,0.05482988557264362,-0.4485426775938295,0.08009919045020121,0.0,2155.25,2155.2,2155.3,0.1000000000003638,-0.000133255780808987,2155.1,2155.6,,,,,,,False
2026-03-21 08:00:00.135966309+00:00,-0.3136541334798019,145.68782197635358,-0.06777939207441123,2148.6323148324877,0.05482988557264362,-0.4485426775938295,0.08005865854143142,0.0,2155.25,2155.2,2155.3,0.1000000000003638,-0.000132471786355799,2155.1,2155.7000000000003,,,,,,,False
2026-03-21 08:01:00.136014032+00:00,-0.3001291583595105,145.68782197635358,-0.06777939207441123,2148.6323148324877,0.05482988557264362,-0.43498679917895955,0.0800277552468458,0.0,2155.05,2155.0,2155.1,0.09999999999990905,-5.5127160577491e-05,,,,,,0.0,0.0,uneconomic_spread,False
2026-03-21 08:02:00.236560424+00:00,-0.2865818575235688,145.68782197635358,-0.06777939207441123,2148.6323148324877,0.05482988557264362,-0.42143092076408967,0.08001917766793885,0.0,2154.8500000000004,2154.8,2154.9,0.09999999999990905,-1.61860781208e-07,,,,,,,,,False
2026-03-21 08:03:00.170514979+00:00,-0.3069210517168108,145.68782197635358,-0.06777939207441123,2148.6323148324877,0.05482988557264362,-0.4417647383863637,0.08001380109695559,0.0,2155.1499999999996,2155.1,2155.2,0.09999999999990905,-4.0393664440797e-05,,,,,,,,,False
2026-03-21 08:04:00.035452840+00:00,-0.3272728791365242,145.68782197635358,-0.06777939207441123,2148.6323148324877,0.05482988557264362,-0.4620985560086994,0.07999579129958619,0.0,2155.45,2155.4,2155.5,0.09999999999990905,-7.3695630403686e-05,,,,,,,,,False
2026-03-21 08:05:00.062276870+00:00,-0.2866263291205654,145.68782197635358,-0.06777939207441123,2148.6323148324877,0.05482988557264362,-0.42143092076408967,0.07997470607094226,0.0,2154.8500000000004,2154.8,2154.9,0.09999999999990905,-6.2769131230342e-05,,,,,,,,,False
2026-03-21 08:06:00.011828937+00:00,-0.3273150834499862,145.68782197635358,-0.06777939207441123,2148.6323148324877,0.05482988557264362,-0.4620985560086994,0.07995358698612413,0.0,2155.45,2155.4,2155.5,0.09999999999990905,-8.3282363203871e-05,,,,,,,,,False
2026-03-21 08:07:00.064128146+00:00,-0.3815667303381938,145.68782197635358,-0.06777939207441123,2148.6323148324877,0.05482988557264362,-0.5163220696682407,0.07992545375745314,0.0,2156.25,2156.2,2156.3,0.1000000000003638,-0.000105363141728997,2156.1,2156.6,,,,,,,False
2026-03-21 08:08:00.035439551+00:00,-0.32737489524533314,145.68782197635358,-0.06777939207441123,2148.6323148324877,0.05482988557264362,-0.4620985560086994,0.0798937751907772,0.0,2155.45,2155.4,2155.5,0.09999999999990905,-0.00010581179426571,,,,,,,,,False
2026-03-21 08:09:00.393301367+00:00,-0.32740822739994646,145.68782197635358,-0.06777939207441123,2148.6323148324877,0.05482988557264362,-0.4620985560086994,0.07986044303616388,0.0,2155.45,2155.4,2155.5,0.09999999999990905,-0.000112267514589824,,,,,,,,,False
2026-03-21 08:10:00.035149154+00:00,-0.3342210448587458,145.68782197635358,-0.06777939207441123,2148.6323148324877,0.05482988557264362,-0.4688764952161652,0.0798255647848315,0.0,2155.55,2155.5,2155.6,0.09999999999990905,-0.000119484377569002,,,,,,,,,False
2026-03-21 08:11:00.187558139+00:00,-0.39525900952380616,145.68782197635358,-0.06777939207441123,2148.6323148324877,0.05482988557264362,-0.5298779480831106,0.07978905298671786,0.0,2156.45,2156.4,2156.5,0.09999999999990905,-0.000119720345103144,,,,,,,,,False
2026-03-21 08:12:00.163394850+00:00,-0.39529565586670257,145.68782197635358,-0.06777939207441123,2148.6323148324877,0.05482988557264362,-0.5298779480831106,0.07975240664382141,0.0,2156.45,2156.4,2156.5,0.09999999999990905,-0.000119187424999062,,,,,,,,,False
2026-03-21 08:13:00.341107196+00:00,-0.3614417564058616,145.68782197635358,-0.06777939207441123,2148.6323148324877,0.05482988557264362,-0.495988252045905,0.07971661006744138,0.0,2155.95,2155.9,2156.0,0.09999999999990905,-0.000116119465548169,,,,,,,,,False
2026-03-21 08:14:00.021882946+00:00,-0.36147729225266056,145.68782197635358,-0.06777939207441123,2148.6323148324877,0.05482988557264362,-0.495988252045905,0.0796810742206424,0.0,2155.95,2155.9,2156.0,0.09999999999990905,-0.000118518722179761,,,,,,,,,False
2026-03-21 08:15:00.075408162+00:00,-0.3682917158085854,145.68782197635358,-0.06777939207441123,2148.6323148324877,0.05482988557264362,-0.5027661912533709,0.07964458987218455,0.0,2156.05,2156.0,2156.1,0.09999999999990905,-0.000118823702911656,,,,,,,,,False
2026-03-21 08:16:00.037542634+00:00,-0.32765924570860777,145.68782197635358,-0.06777939207441123,2148.6323148324877,0.05482988557264362,-0.4620985560086994,0.0796094247275026,0.0,2155.45,2155.4,2155.5,0.09999999999990905,-0.000115093573778405,,,,,,,,,False
2026-03-21 08:17:00.008530323+00:00,-0.25991249469110156,145.68782197635358,-0.06777939207441123,2148.6323148324877,0.05482988557264362,-0.3943191639342882,0.07957678367059519,0.0,2154.45,2154.4,2154.5,0.09999999999990905,-0.000104151599286325,,,,,,,,,False
2026-03-21 08:18:00.007201841+00:00,-0.2057184752783274,145.68782197635358,-0.06777939207441123,2148.6323148324877,0.05482988557264362,-0.34009565027474686,0.07954728942383274,0.0,2153.6499999999996,2153.6,2153.7,0.09999999999990905,-9.347036447948e-05,,,,,,,,,False
2026-03-21 08:19:00.035867748+00:00,-0.15830176889239467,145.68782197635358,-0.06777939207441123,2148.6323148324877,0.05482988557264362,-0.29265007582267133,0.07951842135769584,0.0,2152.95,2152.9,2153.0,0.09999999999990905,-9.5193380934253e-05,,,,,,,,,False
2026-03-21 08:20:00.008468487+00:00,-0.16510833738968908,145.68782197635358,-0.06777939207441123,2148.6323148324877,0.05482988557264362,-0.2994280150301371,0.07948979206786835,0.0,2153.05,2153.0,2153.1,0.09999999999990905,-9.4740590949691e-05,,,,,,,,,False
2026-03-21 08:21:00.018755392+00:00,-0.19224915242758608,145.68782197635358,-0.06777939207441123,2148.6323148324877,0.05482988557264362,-0.3265397718598769,0.07946073385969701,0.0,2153.45,2153.4,2153.5,0.09999999999990905,-9.5906484976469e-05,,,,,,,,,False
2026-03-21 08:22:00.102861394+00:00,-0.20583369878314794,145.68782197635358,-0.06777939207441123,2148.6323148324877,0.05482988557264362,-0.34009565027474686,0.0794320659190122,0.0,2153.6499999999996,2153.6,2153.7,0.09999999999990905,-9.4391574872814e-05,,,,,,,,,False
2026-03-21 08:23:00.030054473+00:00,-0.21941848089645635,145.68782197635358,-0.06777939207441123,2148.6323148324877,0.05482988557264362,-0.3536515286896784,0.07940316222063767,0.0,2153.8500000000004,2153.8,2153.9,0.09999999999990905,-9.4481711674648e-05,,,,,,,,,False
2026-03-21 08:24:00.043683705+00:00,-0.13133322129029024,145.68782197635358,-0.06777939207441123,2148.6323148324877,0.05482988557264362,-0.2655383189929315,0.07937521213004618,0.0,2152.55,2152.5,2152.6,0.09999999999990905,-9.0499177177427e-05,,,,,,,,,False
2026-03-21 08:25:00.035756677+00:00,-0.1584725017654351,145.68782197635358,-0.06777939207441123,2148.6323148324877,0.05482988557264362,-0.29265007582267133,0.0793476884846554,0.0,2152.95,2152.9,2153.0,0.09999999999990905,-9.1175319950342e-05,,,,,,,,,False
2026-03-21 08:26:00.064978014+00:00,-0.11105512142326522,145.68782197635358,-0.06777939207441123,2148.6323148324877,0.05482988557264362,-0.2452045013705958,0.0793194943747272,0.0,2152.25,2152.2,2152.3,0.1000000000003638,-9.2907958823443e-05,2152.0,2152.6,2152.2457833720764,2152.3208795258133,0.2,0.1825411203814469,-0.236009874754189,ok,False
2026-03-21 08:27:00.010554566+00:00,-0.11108288736709299,145.68782197635358,-0.06777939207441123,2148.6323148324877,0.05482988557264362,-0.2452045013705958,0.07929172843089943,0.0,2152.25,2152.2,2152.3,0.1000000000003638,-9.0351174715305e-05,,,,,,,,,False
2026-03-21 08:28:00.010524591+00:00,-0.10433198853916698,145.68782197635358,-0.06777939207441123,2148.6323148324877,0.05482988557264362,-0.23842656216313002,0.0792646880513585,0.0,2152.1499999999996,2152.1,2152.2,0.09999999999990905,-8.83617758638e-05,,,,,,,,,False
2026-03-21 08:29:00.047679294+00:00,0.01086674234009681,145.68782197635358,-0.06777939207441123,2148.6323148324877,0.05482988557264362,-0.12320159563664324,0.079238452404139,0.0,2150.45,2150.4,2150.5,0.09999999999990905,-8.4443073128806e-05,,,,,,,,,False
2026-03-21 08:30:00.143445740+00:00,0.01761942469192665,145.68782197635358,-0.06777939207441123,2148.6323148324877,0.05482988557264362,-0.1164236564292391,0.07921319554858716,0.0,2150.3500000000004,2150.3,2150.4,0.09999999999990905,-8.2560433643106e-05,,,,,,,,,False
2026-03-21 08:31:00.545044330+00:00,0.0650403788808538,145.68782197635358,-0.06777939207441123,2148.6323148324877,0.05482988557264362,-0.06897808197710192,0.0791885752853594,0.0,2149.6499999999996,2149.6,2149.7,0.09999999999990905,-7.9994724327277e-05,,,,,,,,,False
2026-03-21 08:32:00.044764557+00:00,-0.05020909314595941,145.68782197635358,-0.06777939207441123,2148.6323148324877,0.05482988557264362,-0.18420304850365032,0.07916406978508632,0.0,2151.3500000000004,2151.3,2151.4,0.09999999999990905,-8.1788474681377e-05,,,,,,,,,False
2026-03-21 08:33:00.014291053+00:00,-0.07734580145509005,145.68782197635358,-0.06777939207441123,2148.6323148324877,0.05482988557264362,-0.21131480533339017,0.07913911830570976,0.0,2151.75,2151.7,2151.8,0.1000000000003638,-8.2416654214445e-05,2151.6,,,,,,,,False
2026-03-21 08:34:00.136649272+00:00,-0.09092694739304864,145.68782197635358,-0.06777939207441123,2148.6323148324877,0.05482988557264362,-0.22487068374826008,0.07911385078262821,0.0,2151.95,2151.9,2152.0,0.09999999999990905,-8.3663058952753e-05,,,,,,,,,False
2026-03-21 08:35:00.119823696+00:00,-0.13162017879476126,145.68782197635358,-0.06777939207441123,2148.6323148324877,0.05482988557264362,-0.2655383189929315,0.07908825462557514,0.0,2152.55,2152.5,2152.6,0.09999999999990905,-8.4184115637743e-05,,,,,,,,,False
2026-03-21 08:36:00.090693087+00:00,-0.11808969578631706,145.68782197635358,-0.06777939207441123,2148.6323148324877,0.05482988557264362,-0.2519824405780616,0.0790628592191423,0.0,2152.3500000000004,2152.3,2152.4,0.09999999999990905,-8.2670704472385e-05,,,,,,,,,False
2026-03-21 08:37:00.067740625+00:00,-0.12489270994342343,145.68782197635358,-0.06777939207441123,2148.6323148324877,0.05482988557264362,-0.25876037978546573,0.07903778426944603,0.0,2152.45,2152.4,2152.5,0.09999999999990905,-8.2919050801757e-05,,,,,,,,,False
2026-03-21 08:38:00.035800524+00:00,-0.12491794761831791,145.68782197635358,-0.06777939207441123,2148.6323148324877,0.05482988557264362,-0.25876037978546573,0.07901254659455155,0.0,2152.45,2152.4,2152.5,0.09999999999990905,-8.3458340530237e-05,,,,,,,,,False
2026-03-21 08:39:00.007917584+00:00,-0.12494359595697717,145.68782197635358,-0.06777939207441123,2148.6323148324877,0.05482988557264362,-0.25876037978546573,0.0789868982558923,0.0,2152.45,2152.4,2152.5,0.09999999999990905,-8.4699396707486e-05,,,,,,,,,False
2026-03-21 08:40:00.135753817+00:00,-0.17241487221667431,145.68782197635358,-0.06777939207441123,2148.6323148324877,0.05482988557264362,-0.30620595423754127,0.0789611964482648,0.0,2153.1499999999996,2153.1,2153.2,0.09999999999990905,-8.4732138851393e-05,,,,,,,,,False
2026-03-21 08:41:00.032674100+00:00,-0.1656625876532656,145.68782197635358,-0.06777939207441123,2148.6323148324877,0.05482988557264362,-0.2994280150301371,0.07893554180429183,0.0,2153.05,2153.0,2153.1,0.09999999999990905,-8.3492163484929e-05,,,,,,,,,False
2026-03-21 08:42:00.006244956+00:00,-0.16568762639962478,145.68782197635358,-0.06777939207441123,2148.6323148324877,0.05482988557264362,-0.2994280150301371,0.07891050305793265,0.0,2153.05,2153.0,2153.1,0.09999999999990905,-8.2143508933692e-05,,,,,,,,,False
2026-03-21 08:43:00.235170190+00:00,-0.186046701968419,145.68782197635358,-0.06777939207441123,2148.6323148324877,0.05482988557264362,-0.3197618326524728,0.07888524511145402,0.0,2153.3500000000004,2153.3,2153.4,0.09999999999990905,-8.3433433004537e-05,,,,,,,,,False
2026-03-21 08:44:00.028771820+00:00,-0.21318406651753669,145.68782197635358,-0.06777939207441123,2148.6323148324877,0.05482988557264362,-0.34687358948221264,0.07885963739209038,0.0,2153.75,2153.7,2153.8,0.1000000000003638,-8.5493273240608e-05,2153.6,2154.1,,,,,,,False
2026-03-21 08:45:00.062840561+00:00,-0.19287631540565756,145.68782197635358,-0.06777939207441123,2148.6323148324877,0.05482988557264362,-0.3265397718598769,0.07883357088162554,0.0,2153.45,2153.4,2153.5,0.09999999999990905,-8.549290633614e-05,,,,,,,,,False
2026-03-21 08:46:00.035885403+00:00,-0.165790587174593,145.68782197635358,-0.06777939207441123,2148.6323148324877,0.05482988557264362,-0.2994280150301371,0.07880754228296445,0.0,2153.05,2153.0,2153.1,0.09999999999990905,-8.5364832266809e-05,,,,,,,,,False
2026-03-21 08:47:00.237076362+00:00,-0.13192680644475985,145.68782197635358,-0.06777939207441123,2148.6323148324877,0.05482988557264362,-0.2655383189929315,0.07878162697557656,0.0,2152.55,2152.5,2152.6,0.09999999999990905,-8.4482781965773e-05,,,,,,,,,False
2026-03-21 08:48:00.050392628+00:00,-0.12517444463385574,145.68782197635358,-0.06777939207441123,2148.6323148324877,0.05482988557264362,-0.25876037978546573,0.0787560495790137,0.0,2152.45,2152.4,2152.5,0.09999999999990905,-8.4283827855812e-05,,,,,,,,,False
2026-03-21 08:49:00.135146798+00:00,-0.12520007009449052,145.68782197635358,-0.06777939207441123,2148.6323148324877,0.05482988557264362,-0.25876037978546573,0.07873042411837895,0.0,2152.45,2152.4,2152.5,0.09999999999990905,-8.4188026668503e-05,,,,,,,,,False
2026-03-21 08:50:00.018865968+00:00,-0.17267123350453983,145.68782197635358,-0.06777939207441123,2148.6323148324877,0.05482988557264362,-0.30620595423754127,0.07870483516039929,0.0,2153.1499999999996,2153.1,2153.2,0.09999999999990905,-8.460472728645e-05,,,,,,,,,False
2026-03-21 08:51:00.386466506+00:00,-0.186253080671333,145.68782197635358,-0.06777939207441123,2148.6323148324877,0.05482988557264362,-0.3197618326524728,0.07867886640854001,0.0,2153.3500000000004,2153.3,2153.4,0.09999999999990905,-8.5222052078329e-05,,,,,,,,,False
2026-03-21 08:52:00.089248207+00:00,-0.21339038960182138,145.68782197635358,-0.06777939207441123,2148.6323148324877,0.05482988557264362,-0.34687358948221264,0.07865331430780569,0.0,2153.75,2153.7,2153.8,0.1000000000003638,-8.3667887066682e-05,2153.6,2154.1,,,,,,,False
2026-03-21 08:53:00.035919270+00:00,-0.21341593370384465,145.68782197635358,-0.06777939207441123,2148.6323148324877,0.05482988557264362,-0.34687358948221264,0.07862777020578245,0.0,2153.75,2153.7,2153.8,0.1000000000003638,-8.4389948303675e-05,2153.6,,,,,,,,False
2026-03-21 08:54:00.137021046+00:00,-0.20666384749176642,145.68782197635358,-0.06777939207441123,2148.6323148324877,0.05482988557264362,-0.34009565027474686,0.07860191721039372,0.0,2153.6499999999996,2153.6,2153.7,0.09999999999990905,-8.5359990363993e-05,,,,,,,,,False
2026-03-21 08:55:00.143692811+00:00,-0.20668970737505993,145.68782197635358,-0.06777939207441123,2148.6323148324877,0.05482988557264362,-0.34009565027474686,0.0785760573271002,0.0,2153.6499999999996,2153.6,2153.7,0.09999999999990905,-8.5006316142775e-05,,,,,,,,,False
2026-03-21 08:56:00.009497233+00:00,-0.21349355436936046,145.68782197635358,-0.06777939207441123,2148.6323148324877,0.05482988557264362,-0.34687358948221264,0.07855014954026664,0.0,2153.75,2153.7,2153.8,0.1000000000003638,-8.5853345189494e-05,2153.6,2154.1,,,,,,,False
2026-03-21 08:57:00.046365111+00:00,-0.2677433621264671,145.68782197635358,-0.06777939207441123,2148.6323148324877,0.05482988557264362,-0.40109710314175395,0.07852385544269656,0.0,2154.55,2154.5,2154.6,0.09999999999990905,-8.6332089522027e-05,,,,,,,,,False
2026-03-21 08:58:00.250550409+00:00,-0.2542137325920466,145.68782197635358,-0.06777939207441123,2148.6323148324877,0.05482988557264362,-0.387541224726884,0.07849760656224004,0.0,2154.3500000000004,2154.3,2154.4,0.09999999999990905,-8.5271796503022e-05,,,,,,,,,False
2026-03-21 08:59:00.135593643+00:00,-0.23390551163846796,145.68782197635358,-0.06777939207441123,2148.6323148324877,0.05482988557264362,-0.36720740710454836,0.0784720098935031,0.0,2154.05,2154.0,2154.1,0.09999999999990905,-8.3357327004745e-05,,,,,,,,,False
2026-03-21 09:00:00.241281099+00:00,-0.23393065232204113,145.68782197635358,-0.06777939207441123,2148.6323148324877,0.05482988557264362,-0.36720740710454836,0.07844686920992995,0.0,2154.05,2154.0,2154.1,0.09999999999990905,-8.1513375180648e-05,,,,,,,,,False
2026-03-21 09:01:00.297059844+00:00,-0.2610449665705474,145.68782197635358,-0.06777939207441123,2148.6323148324877,0.05482988557264362,-0.3943191639342882,0.07844431179114934,0.0,2154.45,2154.4,2154.5,0.09999999999990905,-5.9888158600903e-05,,,,,,,,,False
2026-03-21 09:02:00.007305227+00:00,-0.2881900955188051,145.68782197635358,-0.06777939207441123,2148.6323148324877,0.05482988557264362,-0.42143092076408967,0.07841093967270259,0.0,2154.8500000000004,2154.8,2154.9,0.09999999999990905,-0.00013507030113781,,,,,,,,,False
2026-03-21 09:03:00.497507701+00:00,-0.34245712845467785,145.68782197635358,-0.06777939207441123,2148.6323148324877,0.05482988557264362,-0.4756544344235693,0.07836742039630956,0.0,2155.6499999999996,2155.6,2155.7,0.09999999999990905,-0.000144098260974166,,,,,,,,,False
2026-03-21 09:04:00.063951330+00:00,-0.4238350853372973,145.68782197635358,-0.06777939207441123,2148.6323148324877,0.05482988557264362,-0.5569897049129121,0.07832473400303763,0.0,2156.8500000000004,2156.8,2156.9,0.09999999999990905,-0.000139701154397073,,,,,,,,,False
2026-03-21 09:05:00.059815919+00:00,-0.4306520023361392,145.68782197635358,-0.06777939207441123,2148.6323148324877,0.05482988557264362,-0.5637676441203162,0.0782857562115774,0.0,2156.95,2156.9,2157.0,0.09999999999990905,-0.00012398908548962,,,,,,,,,False
2026-03-21 09:06:00.045711019+00:00,-0.4442421878337239,145.68782197635358,-0.06777939207441123,2148.6323148324877,0.05482988557264362,-0.5773235225351862,0.07825144912886976,0.0,2157.1499999999996,2157.1,2157.2,0.09999999999990905,-0.000102550228785094,,,,,,,,,False
2026-03-21 09:07:00.122590011+00:00,-0.41038269608882516,145.68782197635358,-0.06777939207441123,2148.6323148324877,0.05482988557264362,-0.5434338264979806,0.0782212448365759,0.0,2156.6499999999996,2156.6,2156.7,0.09999999999990905,-8.8029045769814e-05,,,,,,,,,False
2026-03-21 09:08:00.082040864+00:00,-0.4849657312189908,145.68782197635358,-0.06777939207441123,2148.6323148324877,0.05482988557264362,-0.6179911577798576,0.0781955409882624,0.0,2157.75,2157.7,2157.8,0.1000000000003638,-8.1678632474242e-05,,,,,,,,,False
2026-03-21 09:09:00.023737108+00:00,-0.45110077936923876,145.68782197635358,-0.06777939207441123,2148.6323148324877,0.05482988557264362,-0.584101461742652,0.07817079680082185,0.0,2157.25,2157.2,2157.3,0.1000000000003638,-7.7047914126556e-05,2157.0,2157.5,,,,,,,False
2026-03-21 09:10:00.008274645+00:00,-0.4375664272556351,145.68782197635358,-0.06777939207441123,2148.6323148324877,0.05482988557264362,-0.570545583327782,0.07814927049954842,0.0,2157.05,2157.0,2157.1,0.09999999999990905,-6.4056610547055e-05,,,,,,,,,False
2026-03-21 09:11:00.040811559+00:00,-0.3833615931932426,145.68782197635358,-0.06777939207441123,2148.6323148324877,0.05482988557264362,-0.5163220696682407,0.07813059090240437,0.0,2156.25,2156.2,2156.3,0.1000000000003638,-5.6747538191685e-05,2156.0,2156.5,,,,,,,False
2026-03-21 09:12:00.036239198+00:00,-0.42404609560677503,145.68782197635358,-0.06777939207441123,2148.6323148324877,0.05482988557264362,-0.5569897049129121,0.0781137237335599,0.0,2156.8500000000004,2156.8,2156.9,0.09999999999990905,-5.7048009511915e-05,,,,,,,,,False
2026-03-21 09:13:00.025430125+00:00,-0.4172850308583249,145.68782197635358,-0.06777939207441123,2148.6323148324877,0.05482988557264362,-0.5502117657054464,0.07809684927454306,0.0,2156.75,2156.7,2156.8,0.1000000000003638,-5.3056238354286e-05,2156.6,2157.1,,,,,,,False
2026-03-21 09:14:00.039859538+00:00,-0.4376351360533108,145.68782197635358,-0.06777939207441123,2148.6323148324877,0.05482988557264362,-0.570545583327782,0.07808056170187279,0.0,2157.05,2157.0,2157.1,0.09999999999990905,-5.535331145546e-05,,,,,,,,,False
2026-03-21 09:15:00.191027341+00:00,-0.48509739051222034,145.68782197635358,-0.06777939207441123,2148.6323148324877,0.05482988557264362,-0.6179911577798576,0.0780638816950329,0.0,2157.75,2157.7,2157.8,0.1000000000003638,-5.0823972360052e-05,2157.6,2158.1,,,,,,,False
2026-03-21 09:16:00.072936065+00:00,-0.43766656904816026,145.68782197635358,-0.06777939207441123,2148.6323148324877,0.05482988557264362,-0.570545583327782,0.07804912870702327,0.0,2157.05,2157.0,2157.1,0.09999999999990905,-4.5577778692305e-05,,,,,,,,,False
2026-03-21 09:17:00.046948261+00:00,-0.4037906383931762,145.68782197635358,-0.06777939207441123,2148.6323148324877,0.05482988557264362,-0.5366558872905764,0.07803536332481478,0.0,2156.55,2156.5,2156.6,0.09999999999990905,-4.460110264714e-05,,,,,,0.0,0.0,uneconomic_spread,False
2026-03-21 09:18:00.388514129+00:00,-0.3902476848464211,145.68782197635358,-0.06777939207441123,2148.6323148324877,0.05482988557264362,-0.5231000088757065,0.07802243845669281,0.0,2156.3500000000004,2156.3,2156.4,0.09999999999990905,-3.8665575386973e-05,,,,,,,,,False
2026-03-21 09:19:00.093036888+00:00,-0.35637015755278134,145.68782197635358,-0.06777939207441123,2148.6323148324877,0.05482988557264362,-0.4892103128385009,0.07801026971313996,0.0,2155.8500000000004,2155.8,2155.9,0.09999999999990905,-4.3568832369817e-05,,,,,,,,,False
2026-03-21 09:20:00.038115999+00:00,-0.35638372848248495,145.68782197635358,-0.06777939207441123,2148.6323148324877,0.05482988557264362,-0.4892103128385009,0.07799669878343633,0.0,2155.8500000000004,2155.8,2155.9,0.09999999999990905,-4.5136878217429e-05,,,,,,,,,False
2026-03-21 09:21:00.037724561+00:00,-0.3631755679633598,145.68782197635358,-0.06777939207441123,2148.6323148324877,0.05482988557264362,-0.495988252045905,0.07798279850994314,0.0,2155.95,2155.9,2156.0,0.09999999999990905,-4.5421913592826e-05,,,,,,0.0,0.0,uneconomic_spread,False
2026-03-21 09:22:00.343894244+00:00,-0.3564114199583599,145.68782197635358,-0.06777939207441123,2148.6323148324877,0.05482988557264362,-0.4892103128385009,0.07796900730756141,0.0,2155.8500000000004,2155.8,2155.9,0.09999999999990905,-4.418741463851e-05,,,,,,,,,False
2026-03-21 09:23:00.035523779+00:00,-0.35642494800030694,145.68782197635358,-0.06777939207441123,2148.6323148324877,0.05482988557264362,-0.4892103128385009,0.07795547926561434,0.0,2155.8500000000004,2155.8,2155.9,0.09999999999990905,-4.7469827988667e-05,,,,,,,,,False
2026-03-21 09:24:00.137672867+00:00,-0.35643994570686177,145.68782197635358,-0.06777939207441123,2148.6323148324877,0.05482988557264362,-0.4892103128385009,0.0779404815590595,0.0,2155.8500000000004,2155.8,2155.9,0.09999999999990905,-5.1719975186722e-05,,,,,,,,,False
2026-03-21 09:25:00.035875219+00:00,-0.3564558259036773,145.68782197635358,-0.06777939207441123,2148.6323148324877,0.05482988557264362,-0.4892103128385009,0.07792460136224397,0.0,2155.8500000000004,2155.8,2155.9,0.09999999999990905,-5.2138064060862e-05,,,,,,,,,False
2026-03-21 09:26:00.249344438+00:00,-0.37002745099346346,145.68782197635358,-0.06777939207441123,2148.6323148324877,0.05482988557264362,-0.5027661912533709,0.07790885468730643,0.0,2156.05,2156.0,2156.1,0.09999999999990905,-5.1454237359839e-05,,,,,,,,,False
2026-03-21 09:27:00.164813306+00:00,-0.37004360003404174,145.68782197635358,-0.06777939207441123,2148.6323148324877,0.05482988557264362,-0.5027661912533709,0.07789270564672818,0.0,2156.05,2156.0,2156.1,0.09999999999990905,-5.5997077732826e-05,,,,,,,,,False
2026-03-21 09:28:00.167098437+00:00,-0.3090592248472519,145.68782197635358,-0.06777939207441123,2148.6323148324877,0.05482988557264362,-0.4417647383863637,0.07787562796651451,0.0,2155.1499999999996,2155.1,2155.2,0.09999999999990905,-5.3954401082689e-05,,,,,,,,,False
2026-03-21 09:29:00.049652332+00:00,-0.2887416609967465,145.68782197635358,-0.06777939207441123,2148.6323148324877,0.05482988557264362,-0.42143092076408967,0.07785937419476116,0.0,2154.8500000000004,2154.8,2154.9,0.09999999999990905,-5.2917486210035e-05,,,,,,,,,False
2026-03-21 09:30:00.019833322+00:00,-0.28875797485784943,145.68782197635358,-0.06777939207441123,2148.6323148324877,0.05482988557264362,-0.42143092076408967,0.07784306033365823,0.0,2154.8500000000004,2154.8,2154.9,0.09999999999990905,-5.4421034090496e-05,,,,,,,,,False
2026-03-21 09:31:00.263371259+00:00,-0.32266483181084515,145.68782197635358,-0.06777939207441123,2148.6323148324877,0.05482988557264362,-0.45532061680129526,0.07782589941785514,0.0,2155.3500000000004,2155.3,2155.4,0.09999999999990905,-5.7260741860244e-05,,,,,,,,,False
2026-03-21 09:32:00.036724334+00:00,-0.32268277026488634,145.68782197635358,-0.06777939207441123,2148.6323148324877,0.05482988557264362,-0.45532061680129526,0.07780796096381394,0.0,2155.3500000000004,2155.3,2155.4,0.09999999999990905,-5.965050040034e-05,,,,,,,,,False
2026-03-21 09:33:00.056787434+00:00,-0.33625746538577894,145.68782197635358,-0.06777939207441123,2148.6323148324877,0.05482988557264362,-0.4688764952161652,0.0777891442577984,0.0,2155.55,2155.5,2155.6,0.09999999999990905,-6.3356271736921e-05,,,,,,,,,False
2026-03-21 09:34:00.097735121+00:00,-0.3905011207691111,145.68782197635358,-0.06777939207441123,2148.6323148324877,0.05482988557264362,-0.5231000088757065,0.07776900253400283,0.0,2156.3500000000004,2156.3,2156.4,0.09999999999990905,-6.7452168563119e-05,,,,,,,,,False
2026-03-21 09:35:00.198748746+00:00,-0.3905216150913105,145.68782197635358,-0.06777939207441123,2148.6323148324877,0.05482988557264362,-0.5231000088757065,0.07774850821180342,0.0,2156.3500000000004,2156.3,2156.4,0.09999999999990905,-6.6748563365889e-05,,,,,,0.0,0.0,uneconomic_spread,False
2026-03-21 09:36:00.018189514+00:00,-0.3905421503196029,145.68782197635358,-0.06777939207441123,2148.6323148324877,0.05482988557264362,-0.5231000088757065,0.07772797298351102,0.0,2156.3500000000004,2156.3,2156.4,0.09999999999990905,-6.833242805515e-05,,,,,,,,,False
2026-03-21 09:37:00.113086480+00:00,-0.37022921710956946,145.68782197635358,-0.06777939207441123,2148.6323148324877,0.05482988557264362,-0.5027661912533709,0.07770708857120048,0.0,2156.05,2156.0,2156.1,0.09999999999990905,-6.8198579612878e-05,,,,,,,,,False
2026-03-21 09:38:00.067586619+00:00,-0.47191903690759,145.68782197635358,-0.06777939207441123,2148.6323148324877,0.05482988557264362,-0.6044352793649876,0.07768635688481457,0.0,2157.55,2157.5,2157.6,0.09999999999990905,-6.8552684847332e-05,,,,,,,,,False
2026-03-21 09:39:00.036162373+00:00,-0.4990521273412777,145.68782197635358,-0.06777939207441123,2148.6323148324877,0.05482988557264362,-0.6315470361947275,0.07766502328085256,0.0,2157.95,2157.9,2158.0,0.09999999999990905,-6.9883339341996e-05,,,,,,,,,False
2026-03-21 09:40:00.029744364+00:00,-0.5194072623102417,145.68782197635358,-0.06777939207441123,2148.6323148324877,0.05482988557264362,-0.6518808538170632,0.0776437059342325,0.0,2158.25,2158.2,2158.3,0.1000000000003638,-6.9936568092404e-05,2158.1,2158.6,,,,,,,False
2026-03-21 09:41:00.099125325+00:00,-0.5262066077988459,145.68782197635358,-0.06777939207441123,2148.6323148324877,0.05482988557264362,-0.658658793024529,0.07762229965309525,0.0,2158.3500000000004,2158.3,2158.4,0.09999999999990905,-7.0220566545711e-05,,,,,,,,,False
2026-03-21 09:42:00.023728155+00:00,-0.5058940439457507,145.68782197635358,-0.06777939207441123,2148.6323148324877,0.05482988557264362,-0.6383249754021932,0.07760104588384656,0.0,2158.05,2158.0,2158.1,0.09999999999990905,-6.9558563498348e-05,,,,,,,,,False
2026-03-21 09:43:00.390496572+00:00,-0.492359630618239,145.68782197635358,-0.06777939207441123,2148.6323148324877,0.05482988557264362,-0.6247690969873234,0.07757958079648113,0.0,2157.8500000000004,2157.8,2157.9,0.09999999999990905,-7.0015092460884e-05,,,,,,,,,False
2026-03-21 09:44:00.061853991+00:00,-0.47204685503193167,145.68782197635358,-0.06777939207441123,2148.6323148324877,0.05482988557264362,-0.6044352793649876,0.07755853876047293,0.0,2157.55,2157.5,2157.6,0.09999999999990905,-6.9107407182719e-05,,,,,,,,,False
2026-03-21 09:45:00.045997780+00:00,-0.47206786545380264,145.68782197635358,-0.06777939207441123,2148.6323148324877,0.05482988557264362,-0.6044352793649876,0.07753752833860193,0.0,2157.55,2157.5,2157.6,0.09999999999990905,-6.9685933295676e-05,,,,,,,,,False
2026-03-21 09:46:00.029653813+00:00,-0.4788672203428476,145.68782197635358,-0.06777939207441123,2148.6323148324877,0.05482988557264362,-0.6112132185723917,0.07751611265696708,0.0,2157.6499999999996,2157.6,2157.7,0.09999999999990905,-7.0111447820942e-05,,,,,,,,,False
2026-03-21 09:47:00.052305582+00:00,-0.4585546613300294,145.68782197635358,-0.06777939207441123,2148.6323148324877,0.05482988557264362,-0.5908794009501177,0.07749485404749812,0.0,2157.3500000000004,2157.3,2157.4,0.09999999999990905,-6.9237506043496e-05,,,,,,,,,False
2026-03-21 09:48:00.136444722+00:00,-0.485687511033424,145.68782197635358,-0.06777939207441123,2148.6323148324877,0.05482988557264362,-0.6179911577798576,0.0774737611738292,0.0,2157.75,2157.7,2157.8,0.1000000000003638,-6.9342884305596e-05,,,,,,,,,False
2026-03-21 09:49:00.016984695+00:00,-0.5060426919993359,145.68782197635358,-0.06777939207441123,2148.6323148324877,0.05482988557264362,-0.6383249754021932,0.0774523978302612,0.0,2158.05,2158.0,2158.1,0.09999999999990905,-7.1134798224978e-05,,,,,,,,,False
2026-03-21 09:50:00.063634897+00:00,-0.5331764200276089,145.68782197635358,-0.06777939207441123,2148.6323148324877,0.05482988557264362,-0.6654367322319331,0.0774304266317424,0.0,2158.45,2158.4,2158.5,0.09999999999990905,-7.2991421873265e-05,,,,,,,,,False
2026-03-21 09:51:00.008427881+00:00,-0.4789750852735556,145.68782197635358,-0.06777939207441123,2148.6323148324877,0.05482988557264362,-0.6112132185723917,0.07740824772625911,0.0,2157.6499999999996,2157.6,2157.7,0.09999999999990905,-7.2429712935654e-05,,,,,,,,,False
2026-03-21 09:52:00.035797076+00:00,-0.49933085456685045,145.68782197635358,-0.06777939207441123,2148.6323148324877,0.05482988557264362,-0.6315470361947275,0.07738629605527979,0.0,2157.95,2157.9,2158.0,0.09999999999990905,-7.2241463854342e-05,,,,,,,,,False
2026-03-21 09:53:00.035768730+00:00,-0.5332429710938555,145.68782197635358,-0.06777939207441123,2148.6323148324877,0.05482988557264362,-0.6654367322319331,0.07736387556549572,0.0,2158.45,2158.4,2158.5,0.09999999999990905,-7.4923027218853e-05,,,,,,,,,False
2026-03-21 09:54:00.153764794+00:00,-0.5332663315980507,145.68782197635358,-0.06777939207441123,2148.6323148324877,0.05482988557264362,-0.6654367322319331,0.07734051506130062,0.0,2158.45,2158.4,2158.5,0.09999999999990905,-7.7461156178898e-05,,,,,,,,,False
2026-03-21 09:55:00.137021332+00:00,-0.5129565610101778,145.68782197635358,-0.06777939207441123,2148.6323148324877,0.05482988557264362,-0.6451029146095975,0.07731646802682947,0.0,2158.1499999999996,2158.1,2158.2,0.09999999999990905,-7.9754178265102e-05,,,,,,,,,False
2026-03-21 09:56:00.335846324+00:00,-0.5062031834060257,145.68782197635358,-0.06777939207441123,2148.6323148324877,0.05482988557264362,-0.6383249754021932,0.07729190642357159,0.0,2158.05,2158.0,2158.1,0.09999999999990905,-8.1088989456871e-05,,,,,,,,,False
2026-03-21 09:57:00.135831406+00:00,-0.5062279564505353,145.68782197635358,-0.06777939207441123,2148.6323148324877,0.05482988557264362,-0.6383249754021932,0.07726713337906187,0.0,2158.05,2158.0,2158.1,0.09999999999990905,-8.1962406713049e-05,,,,,,,,,False
2026-03-21 09:58:00.054113763+00:00,-0.5062529906483315,145.68782197635358,-0.06777939207441123,2148.6323148324877,0.05482988557264362,-0.6383249754021932,0.0772420991812657,0.0,2158.05,2158.0,2158.1,0.09999999999990905,-8.2570746259574e-05,,,,,,,,,False
2026-03-21 09:59:00.023009821+00:00,-0.5130563559084385,145.68782197635358,-0.06777939207441123,2148.6323148324877,0.05482988557264362,-0.6451029146095975,0.07721667312856881,0.0,2158.1499999999996,2158.1,2158.2,0.09999999999990905,-8.4303754954515e-05,,,,,,,,,False
2026-03-21 10:00:00.207655747+00:00,-0.519860371159148,145.68782197635358,-0.06777939207441123,2148.6323148324877,0.05482988557264362,-0.6518808538170632,0.0771905970853263,0.0,2158.25,2158.2,2158.3,0.1000000000003638,-8.619871991281e-05,2158.0,2158.6,,,,,,,False
2026-03-21 10:01:00.036166536+00:00,-0.519905189823841,145.68782197635358,-0.06777939207441123,2148.6323148324877,0.05482988557264362,-0.6518808538170632,0.07714577842063318,0.0,2158.25,2158.2,2158.3,0.1000000000003638,-9.1572305172557e-05,2158.1,2158.6,,,,,,,False
2026-03-21 10:02:00.229804740+00:00,-0.4724805995776987,145.68782197635358,-0.06777939207441123,2148.6323148324877,0.05482988557264362,-0.6044352793649876,0.07712479421470589,0.0,2157.55,2157.5,2157.6,0.09999999999990905,-5.4818365441773e-05,,,,,,,,,False
2026-03-21 10:03:00.229899629+00:00,-0.4725044321519769,145.68782197635358,-0.06777939207441123,2148.6323148324877,0.05482988557264362,-0.6044352793649876,0.07710096164042765,0.0,2157.55,2157.5,2157.6,0.09999999999990905,-0.000104691992342789,,,,,,,,,False
2026-03-21 10:04:00.010739318+00:00,-0.47253992979401016,145.68782197635358,-0.06777939207441123,2148.6323148324877,0.05482988557264362,-0.6044352793649876,0.07706546399839444,0.0,2157.55,2157.5,2157.6,0.09999999999990905,-0.000117919724199332,,,,,,,,,False
2026-03-21 10:05:00.041991430+00:00,-0.44545927093379817,145.68782197635358,-0.06777939207441123,2148.6323148324877,0.05482988557264362,-0.5773235225351862,0.07703436602879547,0.0,2157.1499999999996,2157.1,2157.2,0.09999999999990905,-8.3213259106186e-05,,,,,,,,,False
2026-03-21 10:06:00.037325741+00:00,-0.37092306543974746,145.68782197635358,-0.06777939207441123,2148.6323148324877,0.05482988557264362,-0.5027661912533709,0.07701324024102246,0.0,2156.05,2156.0,2156.1,0.09999999999990905,-5.9587072417919e-05,,,,,,,,,False
2026-03-21 10:07:00.035937317+00:00,-0.4048330678936587,145.68782197635358,-0.06777939207441123,2148.6323148324877,0.05482988557264362,-0.5366558872905764,0.07699293382433225,0.0,2156.55,2156.5,2156.6,0.09999999999990905,-7.4780529475581e-05,,,,,,,,,False
2026-03-21 10:08:00.012095515+00:00,-0.40485452778961245,145.68782197635358,-0.06777939207441123,2148.6323148324877,0.05482988557264362,-0.5366558872905764,0.0769714739283785,0.0,2156.55,2156.5,2156.6,0.09999999999990905,-6.7342279261412e-05,,,,,,,,,False
2026-03-21 10:09:00.036461074+00:00,-0.45232280707677724,145.68782197635358,-0.06777939207441123,2148.6323148324877,0.05482988557264362,-0.584101461742652,0.07694876909328334,0.0,2157.25,2157.2,2157.3,0.1000000000003638,-8.1176028925061e-05,2157.1,,,,,,,,False
2026-03-21 10:10:00.021981138+00:00,-0.47268273559491336,145.68782197635358,-0.06777939207441123,2148.6323148324877,0.05482988557264362,-0.6044352793649876,0.07692265819749122,0.0,2157.55,2157.5,2157.6,0.09999999999990905,-9.1609638019099e-05,,,,,,,,,False
2026-03-21 10:11:00.097997134+00:00,-0.4659333222541713,145.68782197635358,-0.06777939207441123,2148.6323148324877,0.05482988557264362,-0.5976573401575219,0.07689413233076636,0.0,2157.45,2157.4,2157.5,0.09999999999990905,-9.318807452174e-05,,,,,,,,,False
2026-03-21 10:12:00.340369478+00:00,-0.47274021138750827,145.68782197635358,-0.06777939207441123,2148.6323148324877,0.05482988557264362,-0.6044352793649876,0.07686518240489632,0.0,2157.55,2157.5,2157.6,0.09999999999990905,-9.8070931297016e-05,,,,,,,,,False
2026-03-21 10:13:00.136511324+00:00,-0.452435402044272,145.68782197635358,-0.06777939207441123,2148.6323148324877,0.05482988557264362,-0.584101461742652,0.07683617412578855,0.0,2157.25,2157.2,2157.3,0.1000000000003638,-8.9829052345797e-05,,2157.5,2157.212634927936,2157.2866285813125,0.2,0.17886611917959755,-0.9973014412756822,ok,False
2026-03-21 10:14:00.122864209+00:00,-0.3779040365491807,145.68782197635358,-0.06777939207441123,2148.6323148324877,0.05482988557264362,-0.509544130460775,0.07681020833899929,0.0,2156.1499999999996,2156.1,2156.2,0.09999999999990905,-8.154690387674e-05,,,,,,,,,False
2026-03-21 10:15:00.126989293+00:00,-0.36437287803774654,145.68782197635358,-0.06777939207441123,2148.6323148324877,0.05482988557264362,-0.495988252045905,0.07678548843555642,0.0,2155.95,2155.9,2156.0,0.09999999999990905,-8.0617148223731e-05,,,,,,0.0,0.0,uneconomic_spread,False
2026-03-21 10:16:00.029670598+00:00,-0.3643970376755061,145.68782197635358,-0.06777939207441123,2148.6323148324877,0.05482988557264362,-0.495988252045905,0.07676132879779689,0.0,2155.95,2155.9,2156.0,0.09999999999990905,-7.8719846635991e-05,,,,,,,,,False
2026-03-21 10:17:00.055044017+00:00,-0.3644208401701019,145.68782197635358,-0.06777939207441123,2148.6323148324877,0.05482988557264362,-0.495988252045905,0.0767375263032011,0.0,2155.95,2155.9,2156.0,0.09999999999990905,-7.6674490966434e-05,,,,,,,,,False
2026-03-21 10:18:00.363285338+00:00,-0.3576654419152044,145.68782197635358,-0.06777939207441123,2148.6323148324877,0.05482988557264362,-0.4892103128385009,0.07671498535071693,0.0,2155.8500000000004,2155.8,2155.9,0.09999999999990905,-6.9383307807793e-05,,,,,,,,,False
2026-03-21 10:19:00.068200555+00:00,-0.27634942084221353,145.68782197635358,-0.06777939207441123,2148.6323148324877,0.05482988557264362,-0.4078750423491581,0.07669573593436026,0.0,2154.6499999999996,2154.6,2154.7,0.09999999999990905,-5.860387033838e-05,,,,,,,,,False
2026-03-21 10:20:00.023066272+00:00,-0.2763655003404244,145.68782197635358,-0.06777939207441123,2148.6323148324877,0.05482988557264362,-0.4078750423491581,0.0766796564361494,0.0,2154.6499999999996,2154.6,2154.7,0.09999999999990905,-4.6669180254357e-05,,,,,,,,,False
2026-03-21 10:21:00.020202967+00:00,-0.2696015950038847,145.68782197635358,-0.06777939207441123,2148.6323148324877,0.05482988557264362,-0.40109710314175395,0.07666562256527897,0.0,2154.55,2154.5,2154.6,0.09999999999990905,-4.488009955491e-05,,,,,,,,,False
2026-03-21 10:22:00.535390179+00:00,-0.2696145383070939,145.68782197635358,-0.06777939207441123,2148.6323148324877,0.05482988557264362,-0.40109710314175395,0.07665267926206976,0.0,2154.55,2154.5,2154.6,0.09999999999990905,-3.7126707328198e-05,,,,,,,,,False
2026-03-21 10:23:00.017343330+00:00,-0.262847004385848,145.68782197635358,-0.06777939207441123,2148.6323148324877,0.05482988557264362,-0.3943191639342882,0.0766422739758487,0.0,2154.45,2154.4,2154.5,0.09999999999990905,-3.1795485236382e-05,,,,,,0.0,0.0,uneconomic_spread,False
2026-03-21 10:24:00.135316568+00:00,-0.2289664115534253,145.68782197635358,-0.06777939207441123,2148.6323148324877,0.05482988557264362,-0.3604294678970826,0.07663317077107885,0.0,2153.95,2153.9,2154.0,0.09999999999990905,-2.7391141564225e-05,,,,,,,,,False
2026-03-21 10:25:00.755897357+00:00,-0.2289748953785699,145.68782197635358,-0.06777939207441123,2148.6323148324877,0.05482988557264362,-0.3604294678970826,0.0766246869459342,0.0,2153.95,2153.9,2154.0,0.09999999999990905,-2.8317768501277e-05,,,,,,,,,False
2026-03-21 10:26:00.139493296+00:00,-0.2628732487406992,145.68782197635358,-0.06777939207441123,2148.6323148324877,0.05482988557264362,-0.3943191639342882,0.07661602962099753,0.0,2154.45,2154.4,2154.5,0.09999999999990905,-2.9217436461777e-05,,,,,,,,,False
2026-03-21 10:27:00.074083945+00:00,-0.256104170133061,145.68782197635358,-0.06777939207441123,2148.6323148324877,0.05482988557264362,-0.387541224726884,0.0766071690212256,0.0,2154.3500000000004,2154.3,2154.4,0.09999999999990905,-2.9038884490193e-05,,,,,,0.0,0.0,uneconomic_spread,False
2026-03-21 10:28:00.035103457+00:00,-0.2900026063425961,145.68782197635358,-0.06777939207441123,2148.6323148324877,0.05482988557264362,-0.42143092076408967,0.07659842884891155,0.0,2154.8500000000004,2154.8,2154.9,0.09999999999990905,-3.0587719437759e-05,,,,,,,,,False
2026-03-21 10:29:00.035431978+00:00,-0.29678985098281335,145.68782197635358,-0.06777939207441123,2148.6323148324877,0.05482988557264362,-0.42820885997149377,0.076589123416076,0.0,2154.95,2154.9,2155.0,0.09999999999990905,-2.8959261947155e-05,,,,,,,,,False
2026-03-21 10:30:00.052040285+00:00,-0.2967981961135055,145.68782197635358,-0.06777939207441123,2148.6323148324877,0.05482988557264362,-0.42820885997149377,0.07658077828538383,0.0,2154.95,2154.9,2155.0,0.09999999999990905,-2.6613646832194e-05,,,,,,,,,False
2026-03-21 10:31:00.036172051+00:00,-0.33747387702784315,145.68782197635358,-0.06777939207441123,2148.6323148324877,0.05482988557264362,-0.4688764952161652,0.07657273261573418,0.0,2155.55,2155.5,2155.6,0.09999999999990905,-2.4752535324068e-05,,,,,,,,,False
2026-03-21 10:32:00.012694099+00:00,-0.35781482712642143,145.68782197635358,-0.06777939207441123,2148.6323148324877,0.05482988557264362,-0.4892103128385009,0.07656560013949987,0.0,2155.8500000000004,2155.8,2155.9,0.09999999999990905,-2.2217643335963e-05,,,,,,,,,False
2026-03-21 10:33:00.023038384+00:00,-0.33748763416062305,145.68782197635358,-0.06777939207441123,2148.6323148324877,0.05482988557264362,-0.4688764952161652,0.07655897548295426,0.0,2155.55,2155.5,2155.6,0.09999999999990905,-2.0368262813826e-05,,,,,,,,,False
2026-03-21 10:34:00.060871591+00:00,-0.35104932386261817,145.68782197635358,-0.06777939207441123,2148.6323148324877,0.05482988557264362,-0.48243237363103514,0.07655316419583619,0.0,2155.75,2155.7,2155.8,0.1000000000003638,-1.8790396530307e-05,2155.5,2156.0,,,,,,,False
2026-03-21 10:35:00.006913822+00:00,-0.3374992081058972,145.68782197635358,-0.06777939207441123,2148.6323148324877,0.05482988557264362,-0.4688764952161652,0.07654740153768011,0.0,2155.55,2155.5,2155.6,0.09999999999990905,-1.8164321167928e-05,,,,,,,,,False
2026-03-21 10:36:00.067481638+00:00,-0.35106060371053427,145.68782197635358,-0.06777939207441123,2148.6323148324877,0.05482988557264362,-0.48243237363103514,0.07654188434792009,0.0,2155.75,2155.7,2155.8,0.1000000000003638,-1.7792838491472e-05,2155.5,2156.0,,,,,,,False
2026-03-21 10:37:00.047591216+00:00,-0.3781776992012147,145.68782197635358,-0.06777939207441123,2148.6323148324877,0.05482988557264362,-0.509544130460775,0.07653654568696533,0.0,2156.1499999999996,2156.1,2156.2,0.09999999999990905,-1.7824600017064e-05,,,,,,,,,False
2026-03-21 10:38:00.092275964+00:00,-0.4120731709215945,145.68782197635358,-0.06777939207441123,2148.6323148324877,0.05482988557264362,-0.5434338264979806,0.07653077000380655,0.0,2156.6499999999996,2156.6,2156.7,0.09999999999990905,-1.915863246136e-05,,,,,,,,,False
2026-03-21 10:39:00.328890677+00:00,-0.41207865227051726,145.68782197635358,-0.06777939207441123,2148.6323148324877,0.05482988557264362,-0.5434338264979806,0.07652528865488378,0.0,2156.6499999999996,2156.6,2156.7,0.09999999999990905,-1.565841714809e-05,,,,,,0.0,0.0,uneconomic_spread,False
2026-03-21 10:40:00.457834985+00:00,-0.4053051466258428,145.68782197635358,-0.06777939207441123,2148.6323148324877,0.05482988557264362,-0.5366558872905764,0.07652085509214814,0.0,2156.55,2156.5,2156.6,0.09999999999990905,-1.215653279819e-05,,,,,,,,,False
2026-03-21 10:41:00.135581266+00:00,-0.391752630959289,145.68782197635358,-0.06777939207441123,2148.6323148324877,0.05482988557264362,-0.5231000088757065,0.0765174923438249,0.0,2156.3500000000004,2156.3,2156.4,0.09999999999990905,-1.0142098845154e-05,,,,,,,,,False
2026-03-21 10:42:00.110549674+00:00,-0.357865609747204,145.68782197635358,-0.06777939207441123,2148.6323148324877,0.05482988557264362,-0.4892103128385009,0.07651481751871732,0.0,2155.8500000000004,2155.8,2155.9,0.09999999999990905,-6.891248679343e-06,,,,,,,,,False
2026-03-21 10:43:00.037085563+00:00,-0.3171999051163966,145.68782197635358,-0.06777939207441123,2148.6323148324877,0.05482988557264362,-0.4485426775938295,0.07651288690483674,0.0,2155.25,2155.2,2155.3,0.1000000000003638,-4.979496481966e-06,,2155.5,,,,,,,False
2026-03-21 10:44:00.016851233+00:00,-0.2968675178398736,145.68782197635358,-0.06777939207441123,2148.6323148324877,0.05482988557264362,-0.42820885997149377,0.07651145655901576,0.0,2154.95,2154.9,2155.0,0.09999999999990905,-4.585223086056e-06,,,,,,,,,False
2026-03-21 10:45:00.065075005+00:00,-0.31042498346090935,145.68782197635358,-0.06777939207441123,2148.6323148324877,0.05482988557264362,-0.4417647383863637,0.07650986935285702,0.0,2155.1499999999996,2155.1,2155.2,0.09999999999990905,-6.072781889308e-06,,,,,,,,,False
2026-03-21 10:46:00.298068402+00:00,-0.2833147641273222,145.68782197635358,-0.06777939207441123,2148.6323148324877,0.05482988557264362,-0.4146529815566239,0.07650833185671853,0.0,2154.75,2154.7,2154.8,0.1000000000003638,-3.954189449031e-06,,,,,,,,,False
2026-03-21 10:47:00.043164540+00:00,-0.25620368810195693,145.68782197635358,-0.06777939207441123,2148.6323148324877,0.05482988557264362,-0.387541224726884,0.07650765105232968,0.0,2154.3500000000004,2154.3,2154.4,0.09999999999990905,-1.864754508978e-06,,,,,,,,,False
2026-03-21 10:48:00.033428603+00:00,-0.24264822334845249,145.68782197635358,-0.06777939207441123,2148.6323148324877,0.05482988557264362,-0.37398534631195246,0.07650723739090025,0.0,2154.1499999999996,2154.1,2154.2,0.09999999999990905,-9.50824393115e-07,,,,,,,,,False
2026-03-21 10:49:00.008597823+00:00,-0.22231413408917763,145.68782197635358,-0.06777939207441123,2148.6323148324877,0.05482988557264362,-0.3536515286896784,0.07650750902791639,0.0,2153.8500000000004,2153.8,2153.9,0.09999999999990905,2.054830115719e-06,,,,,,,,,False
2026-03-21 10:50:00.241774785+00:00,-0.1884233323500959,145.68782197635358,-0.06777939207441123,2148.6323148324877,0.05482988557264362,-0.3197618326524728,0.0765086147297771,0.0,2153.3500000000004,2153.3,2153.4,0.09999999999990905,4.291871458571e-06,,,,,,0.0,0.0,uneconomic_spread,False
2026-03-21 10:51:00.052098377+00:00,-0.1952000983592591,145.68782197635358,-0.06777939207441123,2148.6323148324877,0.05482988557264362,-0.3265397718598769,0.076509787928024,0.0,2153.45,2153.4,2153.5,0.09999999999990905,3.081290321147e-06,,,,,,,,,False
2026-03-21 10:52:00.007809738+00:00,-0.19519931472151422,145.68782197635358,-0.06777939207441123,2148.6323148324877,0.05482988557264362,-0.3265397718598769,0.07651057156576888,0.0,2153.45,2153.4,2153.5,0.09999999999990905,2.085640212516e-06,,,,,,,,,False
2026-03-21 10:53:00.012217131+00:00,-0.19519866687056409,145.68782197635358,-0.06777939207441123,2148.6323148324877,0.05482988557264362,-0.3265397718598769,0.07651121941671901,0.0,2153.45,2153.4,2153.5,0.09999999999990905,2.069023310727e-06,,,,,,,,,False
2026-03-21 10:54:00.031952430+00:00,-0.2019758819261086,145.68782197635358,-0.06777939207441123,2148.6323148324877,0.05482988557264362,-0.3333177110673427,0.07651194356864145,0.0,2153.55,2153.5,2153.6,0.09999999999990905,2.955956778527e-06,,,,,,,,,False
2026-03-21 10:55:00.086309007+00:00,-0.20197502701506087,145.68782197635358,-0.06777939207441123,2148.6323148324877,0.05482988557264362,-0.3333177110673427,0.07651279847968917,0.0,2153.55,2153.5,2153.6,0.09999999999990905,2.680663055755e-06,,,,,,,,,False
2026-03-21 10:56:00.272254300+00:00,-0.21553019752697516,145.68782197635358,-0.06777939207441123,2148.6323148324877,0.05482988557264362,-0.34687358948221264,0.0765135063826519,0.0,2153.75,2153.7,2153.8,0.1000000000003638,1.909648586524e-06,2153.5,2154.1,,,,,,,False
2026-03-21 10:57:00.035249435+00:00,-0.22908576794126356,145.68782197635358,-0.06777939207441123,2148.6323148324877,0.05482988557264362,-0.3604294678970826,0.07651381438324055,0.0,2153.95,2153.9,2154.0,0.09999999999990905,7.49898152094e-07,,,,,,,,,False
2026-03-21 10:58:00.241161880+00:00,-0.23586356306301187,145.68782197635358,-0.06777939207441123,2148.6323148324877,0.05482988557264362,-0.36720740710454836,0.0765139584689592,0.0,2154.05,2154.0,2154.1,0.09999999999990905,2.6086374296e-07,,,,,,,,,False
2026-03-21 10:59:00.261236298+00:00,-0.2358635668949472,145.68782197635358,-0.06777939207441123,2148.6323148324877,0.05482988557264362,-0.36720740710454836,0.07651395463702386,0.0,2154.05,2154.0,2154.1,0.09999999999990905,-1.78429256052e-07,,,,,,0.0,0.0,uneconomic_spread,False
2026-03-21 11:00:00.035664777+00:00,-0.2426414269619395,145.68782197635358,-0.06777939207441123,2148.6323148324877,0.05482988557264362,-0.37398534631195246,0.07651403377741325,0.0,2154.1499999999996,2154.1,2154.2,0.09999999999990905,6.53312528845e-07,,,,,,,,,False
2026-03-21 11:01:00.174402446+00:00,-0.24264382318125957,145.68782197635358,-0.06777939207441123,2148.6323148324877,0.05482988557264362,-0.37398534631195246,0.07651163755809318,0.0,2154.1499999999996,2154.1,2154.2,0.09999999999990905,3.8787247298013e-05,,,,,,,,,False
2026-03-21 11:02:00.135042606+00:00,-0.24262902109717993,145.68782197635358,-0.06777939207441123,2148.6323148324877,0.05482988557264362,-0.37398534631195246,0.07652643964217282,0.0,2154.1499999999996,2154.1,2154.2,0.09999999999990905,5.2644579760711e-05,,,,,,,,,False
2026-03-21 11:03:00.027385264+00:00,-0.2426125779592701,145.68782197635358,-0.06777939207441123,2148.6323148324877,0.05482988557264362,-0.37398534631195246,0.07654288278008263,0.0,2154.1499999999996,2154.1,2154.2,0.09999999999990905,5.2844397469978e-05,,,,,,,,,False
2026-03-21 11:04:00.359834621+00:00,-0.23581971083061465,145.68782197635358,-0.06777939207441123,2148.6323148324877,0.05482988557264362,-0.36720740710454836,0.07655781070135644,0.0,2154.05,2154.0,2154.1,0.09999999999990905,4.3795914887852e-05,,,,,,,,,False
2026-03-21 11:05:00.035293610+00:00,-0.24258615379178738,145.68782197635358,-0.06777939207441123,2148.6323148324877,0.05482988557264362,-0.37398534631195246,0.07656930694756535,0.0,2154.1499999999996,2154.1,2154.2,0.09999999999990905,3.3164992108454e-05,,,,,,,,,False
2026-03-21 11:06:00.055977676+00:00,-0.24257892755746674,145.68782197635358,-0.06777939207441123,2148.6323148324877,0.05482988557264362,-0.37398534631195246,0.076576533181886,0.0,2154.1499999999996,2154.1,2154.2,0.09999999999990905,1.9508506823706e-05,,,,,,,,,False
2026-03-21 11:07:00.197632921+00:00,-0.24257342854709685,145.68782197635358,-0.06777939207441123,2148.6323148324877,0.05482988557264362,-0.37398534631195246,0.0765820321922559,0.0,2154.1499999999996,2154.1,2154.2,0.09999999999990905,1.5363903018179e-05,,,,,,,,,False
2026-03-21 11:08:00.213869448+00:00,-0.2290138097884492,145.68782197635358,-0.06777939207441123,2148.6323148324877,0.05482988557264362,-0.3604294678970826,0.07658577253605492,0.0,2153.95,2153.9,2154.0,0.09999999999990905,1.3368499975362e-05,,,,,,,,,False
2026-03-21 11:09:00.094691692+00:00,-0.18833956309121852,145.68782197635358,-0.06777939207441123,2148.6323148324877,0.05482988557264362,-0.3197618326524728,0.07659238398865449,0.0,2153.3500000000004,2153.3,2153.4,0.09999999999990905,3.0666107601144e-05,,,,,,,,,False
2026-03-21 11:10:00.019321175+00:00,-0.2018843444051718,145.68782197635358,-0.06777939207441123,2148.6323148324877,0.05482988557264362,-0.3333177110673427,0.07660348108957823,0.0,2153.55,2153.5,2153.6,0.09999999999990905,3.7628121731057e-05,,,,,,,,,False
2026-03-21 11:11:00.503338566+00:00,-0.18831750641385286,145.68782197635358,-0.06777939207441123,2148.6323148324877,0.05482988557264362,-0.3197618326524728,0.07661444066602012,0.0,2153.3500000000004,2153.3,2153.4,0.09999999999990905,3.5752648743752e-05,,,,,,0.0,0.0,uneconomic_spread,False
2026-03-21 11:12:00.220809326+00:00,-0.2018626496264016,145.68782197635358,-0.06777939207441123,2148.6323148324877,0.05482988557264362,-0.3333177110673427,0.07662517586834844,0.0,2153.55,2153.5,2153.6,0.09999999999990905,3.4904120908965e-05,,,,,,,,,False
2026-03-21 11:13:00.087427962+00:00,-0.1950728580695655,145.68782197635358,-0.06777939207441123,2148.6323148324877,0.05482988557264362,-0.3265397718598769,0.07663702821771759,0.0,2153.45,2153.4,2153.5,0.09999999999990905,4.1928784321732e-05,,,,,,,,,False
2026-03-21 11:14:00.025114556+00:00,-0.19505975388643987,145.68782197635358,-0.06777939207441123,2148.6323148324877,0.05482988557264362,-0.3265397718598769,0.07665013240084323,0.0,2153.45,2153.4,2153.5,0.09999999999990905,4.3948154660568e-05,,,,,,,,,False
2026-03-21 11:15:00.038157511+00:00,-0.18826833591240258,145.68782197635358,-0.06777939207441123,2148.6323148324877,0.05482988557264362,-0.3197618326524728,0.07666361116747042,0.0,2153.3500000000004,2153.3,2153.4,0.09999999999990905,4.5439243335678e-05,,,,,,,,,False
2026-03-21 11:16:00.035165675+00:00,-0.18825361507500032,145.68782197635358,-0.06777939207441123,2148.6323148324877,0.05482988557264362,-0.3197618326524728,0.07667833200487269,0.0,2153.3500000000004,2153.3,2153.4,0.09999999999990905,5.1267880625886e-05,,,,,,,,,False
2026-03-21 11:17:00.036487891+00:00,-0.22890566789442157,145.68782197635358,-0.06777939207441123,2148.6323148324877,0.05482988557264362,-0.3604294678970826,0.07669391443008254,0.0,2153.95,2153.9,2154.0,0.09999999999990905,4.88092406275e-05,,,,,,,,,False
2026-03-21 11:18:00.039019387+00:00,-0.24244760118422884,145.68782197635358,-0.06777939207441123,2148.6323148324877,0.05482988557264362,-0.37398534631195246,0.07670785955512391,0.0,2154.1499999999996,2154.1,2154.2,0.09999999999990905,4.3618775209131e-05,,,,,,,,,False
2026-03-21 11:19:00.036445163+00:00,-0.24243522635993192,145.68782197635358,-0.06777939207441123,2148.6323148324877,0.05482988557264362,-0.37398534631195246,0.07672023437942081,0.0,2154.1499999999996,2154.1,2154.2,0.09999999999990905,3.7936040330887e-05,,,,,,,,,False
2026-03-21 11:20:00.097280527+00:00,-0.2695362447012007,145.68782197635358,-0.06777939207441123,2148.6323148324877,0.05482988557264362,-0.40109710314175395,0.07673097286796297,0.0,2154.55,2154.5,2154.6,0.09999999999990905,3.1917474450567e-05,,,,,,,,,False
2026-03-21 11:21:00.032159824+00:00,-0.30341721600659166,145.68782197635358,-0.06777939207441123,2148.6323148324877,0.05482988557264362,-0.43498679917895955,0.07673969759976461,0.0,2155.05,2155.0,2155.1,0.09999999999990905,2.5561485887604e-05,,,,,,,,,False
2026-03-21 11:22:00.274497105+00:00,-0.3034100195563607,145.68782197635358,-0.06777939207441123,2148.6323148324877,0.05482988557264362,-0.43498679917895955,0.07674689404999555,0.0,2155.05,2155.0,2155.1,0.09999999999990905,2.0963568304293e-05,,,,,,0.0,0.0,uneconomic_spread,False
2026-03-21 11:23:00.083057465+00:00,-0.31018261418222143,145.68782197635358,-0.06777939207441123,2148.6323148324877,0.05482988557264362,-0.4417647383863637,0.07675223863154496,0.0,2155.1499999999996,2155.1,2155.2,0.09999999999990905,1.489092251894e-05,,,,,,,,,False
2026-03-21 11:24:00.196543819+00:00,-0.33051241512361534,145.68782197635358,-0.06777939207441123,2148.6323148324877,0.05482988557264362,-0.4620985560086994,0.07675625531249503,0.0,2155.45,2155.4,2155.5,0.09999999999990905,1.3379907435894e-05,,,,,,,,,False
2026-03-21 11:25:00.047771164+00:00,-0.3305080183783871,145.68782197635358,-0.06777939207441123,2148.6323148324877,0.05482988557264362,-0.4620985560086994,0.07676065205772324,0.0,2155.45,2155.4,2155.5,0.09999999999990905,1.5596466261997e-05,,,,,,,,,False
2026-03-21 11:26:00.024979088+00:00,-0.3508371403326127,145.68782197635358,-0.06777939207441123,2148.6323148324877,0.05482988557264362,-0.48243237363103514,0.07676534772584163,0.0,2155.75,2155.7,2155.8,0.1000000000003638,1.356652906532e-05,2155.5,2156.1,,,,,,,False
2026-03-21 11:27:00.053685527+00:00,-0.3440551280650924,145.68782197635358,-0.06777939207441123,2148.6323148324877,0.05482988557264362,-0.4756544344235693,0.07676942078589497,0.0,2155.6499999999996,2155.6,2155.7,0.09999999999990905,1.3655606260283e-05,,,,,,,,,False
2026-03-21 11:28:00.052705825+00:00,-0.34405102829996964,145.68782197635358,-0.06777939207441123,2148.6323148324877,0.05482988557264362,-0.4756544344235693,0.07677352055101776,0.0,2155.6499999999996,2155.6,2155.7,0.09999999999990905,1.3735050898296e-05,,,,,,,,,False
2026-03-21 11:29:00.009610672+00:00,-0.3508245693648482,145.68782197635358,-0.06777939207441123,2148.6323148324877,0.05482988557264362,-0.48243237363103514,0.07677791869360615,0.0,2155.75,2155.7,2155.8,0.1000000000003638,1.5268150119101e-05,2155.5,2156.0,,,,,,,False
2026-03-21 11:30:00.045482721+00:00,-0.3237079606240817,145.68782197635358,-0.06777939207441123,2148.6323148324877,0.05482988557264362,-0.45532061680129526,0.07678277060461859,0.0,2155.3500000000004,2155.3,2155.4,0.09999999999990905,1.6287948540091e-05,,,,,,,,,False
2026-03-21 11:31:00.019705644+00:00,-0.3101470498819805,145.68782197635358,-0.06777939207441123,2148.6323148324877,0.05482988557264362,-0.4417647383863637,0.07678780293178591,0.0,2155.1499999999996,2155.1,2155.2,0.09999999999990905,1.6807326856648e-05,,,,,,,,,False
2026-03-21 11:32:00.559009892+00:00,-0.28303011385875526,145.68782197635358,-0.06777939207441123,2148.6323148324877,0.05482988557264362,-0.4146529815566239,0.07679298212528546,0.0,2154.75,2154.7,2154.8,0.1000000000003638,1.7664939100253e-05,,2155.0,2154.7195341999186,2154.726755423181,0.2,-0.04370864786500213,-0.8593160016328196,ok,False
2026-03-21 11:33:00.045947101+00:00,-0.24235661241533335,145.68782197635358,-0.06777939207441123,2148.6323148324877,0.05482988557264362,-0.37398534631195246,0.07679884832401941,0.0,2154.1499999999996,2154.1,2154.2,0.09999999999990905,2.0081011296146e-05,,,,,,,,,False
2026-03-21 11:34:00.144058370+00:00,-0.30335230260986584,145.68782197635358,-0.06777939207441123,2148.6323148324877,0.05482988557264362,-0.43498679917895955,0.07680461099649044,0.0,2155.05,2155.0,2155.1,0.09999999999990905,1.7312373629375e-05,,,,,,,,,False
2026-03-21 11:35:00.074632940+00:00,-0.3101253562096248,145.68782197635358,-0.06777939207441123,2148.6323148324877,0.05482988557264362,-0.4417647383863637,0.07680949660414159,0.0,2155.1499999999996,2155.1,2155.2,0.09999999999990905,1.4291677596877e-05,,,,,,,,,False
2026-03-21 11:36:00.035286935+00:00,-0.3168993723724874,145.68782197635358,-0.06777939207441123,2148.6323148324877,0.05482988557264362,-0.4485426775938295,0.07681341964874593,0.0,2155.25,2155.2,2155.3,0.1000000000003638,1.222644244421e-05,2155.0,,,,,,,,False
2026-03-21 11:37:00.081206739+00:00,-0.33722986965961055,145.68782197635358,-0.06777939207441123,2148.6323148324877,0.05482988557264362,-0.4688764952161652,0.07681673998396679,0.0,2155.55,2155.5,2155.6,0.09999999999990905,9.551262505028e-06,,,,,,,,,False
2026-03-21 11:38:00.264207783+00:00,-0.35756106149875067,145.68782197635358,-0.06777939207441123,2148.6323148324877,0.05482988557264362,-0.4892103128385009,0.07681936576717065,0.0,2155.8500000000004,2155.8,2155.9,0.09999999999990905,7.226749337119e-06,,,,,,,,,False
2026-03-21 11:39:00.219417026+00:00,-0.3643374273058345,145.68782197635358,-0.06777939207441123,2148.6323148324877,0.05482988557264362,-0.495988252045905,0.07682093916746847,0.0,2155.95,2155.9,2156.0,0.09999999999990905,2.480188955971e-06,,,,,,,,,False
2026-03-21 11:40:00.006948518+00:00,-0.3846709362306404,145.68782197635358,-0.06777939207441123,2148.6323148324877,0.05482988557264362,-0.5163220696682407,0.07682124786500655,0.0,2156.25,2156.2,2156.3,0.1000000000003638,-7.412965693e-09,2156.0,2156.6,,,,,,,False
2026-03-21 11:41:00.097418812+00:00,-0.42533890043052847,145.68782197635358,-0.06777939207441123,2148.6323148324877,0.05482988557264362,-0.5569897049129121,0.07682091890980648,0.0,2156.8500000000004,2156.8,2156.9,0.09999999999990905,-2.029460331829e-06,,,,,,,,,False
2026-03-21 11:42:00.035772474+00:00,-0.3846718093896401,145.68782197635358,-0.06777939207441123,2148.6323148324877,0.05482988557264362,-0.5163220696682407,0.07682037470600689,0.0,2156.25,2156.2,2156.3,0.1000000000003638,-9.86824271531e-07,2155.9,2156.5,,,,,,,False
2026-03-21 11:43:00.069768534+00:00,-0.384672095156144,145.68782197635358,-0.06777939207441123,2148.6323148324877,0.05482988557264362,-0.5163220696682407,0.076820088939503,0.0,2156.25,2156.2,2156.3,0.1000000000003638,-5.88448822625e-07,,2156.5,,,,,,,False
2026-03-21 11:44:00.135603888+00:00,-0.41856171035577705,145.68782197635358,-0.06777939207441123,2148.6323148324877,0.05482988557264362,-0.5502117657054464,0.07682016977709093,0.0,2156.75,2156.7,2156.8,0.1000000000003638,3.20648013598e-07,2156.6,,,,,,,,False
2026-03-21 11:45:00.061927588+00:00,-0.4185617039074038,145.68782197635358,-0.06777939207441123,2148.6323148324877,0.05482988557264362,-0.5502117657054464,0.07682017622546415,0.0,2156.75,2156.7,2156.8,0.1000000000003638,-3.07258918595e-07,2156.5,2157.1,,,,,,,False
2026-03-21 11:46:00.065670736+00:00,-0.3846720064386847,145.68782197635358,-0.06777939207441123,2148.6323148324877,0.05482988557264362,-0.5163220696682407,0.07682017765696224,0.0,2156.25,2156.2,2156.3,0.1000000000003638,8.72416254925e-07,2155.9,2156.5,,,,,,,False
2026-03-21 11:47:00.412685880+00:00,-0.37111560890221196,145.68782197635358,-0.06777939207441123,2148.6323148324877,0.05482988557264362,-0.5027661912533709,0.07682069677855796,0.0,2156.05,2156.0,2156.1,0.09999999999990905,2.492173591218e-06,,,,,,,,,False
2026-03-21 11:48:00.038059550+00:00,-0.42533848958038967,145.68782197635358,-0.06777939207441123,2148.6323148324877,0.05482988557264362,-0.5569897049129121,0.0768213297599453,0.0,2156.8500000000004,2156.8,2156.9,0.09999999999990905,6.02732985343e-07,,,,,,,,,False
2026-03-21 11:49:00.148702497+00:00,-0.4050045396107364,145.68782197635358,-0.06777939207441123,2148.6323148324877,0.05482988557264362,-0.5366558872905764,0.07682146210725456,0.0,2156.55,2156.5,2156.6,0.09999999999990905,4.48488941368e-07,,,,,,,,,False
2026-03-21 11:50:00.089601110+00:00,-0.4050044017060679,145.68782197635358,-0.06777939207441123,2148.6323148324877,0.05482988557264362,-0.5366558872905764,0.07682160001192304,0.0,2156.55,2156.5,2156.6,0.09999999999990905,4.57942440163e-07,,,,,,,,,False
2026-03-21 11:51:00.047928318+00:00,-0.4117822034938656,145.68782197635358,-0.06777939207441123,2148.6323148324877,0.05482988557264362,-0.5434338264979806,0.07682173743153548,0.0,2156.6499999999996,2156.6,2156.7,0.09999999999990905,4.96473219318e-07,,,,,,,,,False
2026-03-21 11:52:00.007567765+00:00,-0.37789253280471136,145.68782197635358,-0.06777939207441123,2148.6323148324877,0.05482988557264362,-0.509544130460775,0.07682171208346866,0.0,2156.1499999999996,2156.1,2156.2,0.09999999999990905,-4.50935146335e-07,,,,,,,,,False
2026-03-21 11:53:00.025878205+00:00,-0.39144862690357174,145.68782197635358,-0.06777939207441123,2148.6323148324877,0.05482988557264362,-0.5231000088757065,0.07682149639954215,0.0,2156.3500000000004,2156.3,2156.4,0.09999999999990905,-9.79202169428e-07,,,,,,,,,False
2026-03-21 11:54:00.140514260+00:00,-0.37111530186954805,145.68782197635358,-0.06777939207441123,2148.6323148324877,0.05482988557264362,-0.5027661912533709,0.07682100381122185,0.0,2156.05,2156.0,2156.1,0.09999999999990905,-2.516975704369e-06,,,,,,,,,False
2026-03-21 11:55:00.108941998+00:00,-0.37111617087104093,145.68782197635358,-0.06777939207441123,2148.6323148324877,0.05482988557264362,-0.5027661912533709,0.07682013480972899,0.0,2156.05,2156.0,2156.1,0.09999999999990905,-3.351575717205e-06,,,,,,,,,False
2026-03-21 11:56:00.099691348+00:00,-0.3711172096329401,145.68782197635358,-0.06777939207441123,2148.6323148324877,0.05482988557264362,-0.5027661912533709,0.07681909604782981,0.0,2156.05,2156.0,2156.1,0.09999999999990905,-3.458961817652e-06,,,,,,,,,False
2026-03-21 11:57:00.026154657+00:00,-0.411786033239045,145.68782197635358,-0.06777939207441123,2148.6323148324877,0.05482988557264362,-0.5434338264979806,0.07681790768635603,0.0,2156.6499999999996,2156.6,2156.7,0.09999999999990905,-4.638157670383e-06,,,,,,,,,False
2026-03-21 11:58:00.024656219+00:00,-0.4524551459635725,145.68782197635358,-0.06777939207441123,2148.6323148324877,0.05482988557264362,-0.584101461742652,0.07681643020648812,0.0,2157.25,2157.2,2157.3,0.1000000000003638,-4.759312535567e-06,2156.8,2157.8,,,,,,,False
2026-03-21 11:59:00.122452301+00:00,-0.4524566484795488,145.68782197635358,-0.06777939207441123,2148.6323148324877,0.05482988557264362,-0.584101461742652,0.0768149276905118,0.0,2157.25,2157.2,2157.3,0.1000000000003638,-5.135654283956e-06,2157.0,2157.6,,,,,,,False
2026-03-21 12:00:00.135649347+00:00,-0.45245822331502533,145.68782197635358,-0.06777939207441123,2148.6323148324877,0.05482988557264362,-0.584101461742652,0.07681335285503525,0.0,2157.25,2157.2,2157.3,0.1000000000003638,0.0,2157.0,2157.5,,,,,,,False
2026-03-21 12:01:00.035056437+00:00,-0.5066893621521592,145.68782197635358,-0.06777939207441123,2148.6323148324877,0.05482988557264362,-0.6383249754021932,0.07680572767743797,0.0,2158.05,2158.0,2158.1,0.09999999999990905,-4.908300898907e-05,,,,,,,,,False
2026-03-21 12:02:00.123575920+00:00,-0.5338177612581853,145.68782197635358,-0.06777939207441123,2148.6323148324877,0.05482988557264362,-0.6654367322319331,0.07678908540116607,0.0,2158.45,2158.4,2158.5,0.09999999999990905,-5.9076128658616e-05,,,,,,,,,False
2026-03-21 12:03:00.086007432+00:00,-0.5270516979230473,145.68782197635358,-0.06777939207441123,2148.6323148324877,0.05482988557264362,-0.658658793024529,0.07677720952889384,0.0,2158.3500000000004,2158.3,2158.4,0.09999999999990905,-4.114547901421e-05,,,,,,,,,False
2026-03-21 12:04:00.106127939+00:00,-0.5338430033517803,145.68782197635358,-0.06777939207441123,2148.6323148324877,0.05482988557264362,-0.6654367322319331,0.076763843307571,0.0,2158.45,2158.4,2158.5,0.09999999999990905,-4.4985552658957e-05,,,,,,0.0,0.0,uneconomic_spread,False
2026-03-21 12:05:00.197985498+00:00,-0.5745218019287013,145.68782197635358,-0.06777939207441123,2148.6323148324877,0.05482988557264362,-0.7061043674766045,0.07675267997530959,0.0,2159.05,2159.0,2159.1,0.09999999999990905,-3.3880706242681e-05,,,,,,,,,False
2026-03-21 12:06:00.023688473+00:00,-0.49319542140465933,145.68782197635358,-0.06777939207441123,2148.6323148324877,0.05482988557264362,-0.6247690969873234,0.07674379001006083,0.0,2157.8500000000004,2157.8,2157.9,0.09999999999990905,-2.046919954615e-05,,,,,,,,,False
2026-03-21 12:07:00.128686745+00:00,-0.5270897661251769,145.68782197635358,-0.06777939207441123,2148.6323148324877,0.05482988557264362,-0.658658793024529,0.07673914132676433,0.0,2158.3500000000004,2158.3,2158.4,0.09999999999990905,-1.5835422435685e-05,,,,,,,,,False
2026-03-21 12:08:00.038001905+00:00,-0.5270938531196474,145.68782197635358,-0.06777939207441123,2148.6323148324877,0.05482988557264362,-0.658658793024529,0.0767350543322938,0.0,2158.3500000000004,2158.3,2158.4,0.09999999999990905,-1.2551796238421e-05,,,,,,,,,False
2026-03-21 12:09:00.007548651+00:00,-0.5406544764692619,145.68782197635358,-0.06777939207441123,2148.6323148324877,0.05482988557264362,-0.672214671439399,0.07673030939755636,0.0,2158.55,2158.5,2158.6,0.09999999999990905,-1.4517926910562e-05,,,,,,,,,False
2026-03-21 12:10:00.136640409+00:00,-0.5745486202171305,145.68782197635358,-0.06777939207441123,2148.6323148324877,0.05482988557264362,-0.7061043674766045,0.0767258616868803,0.0,2159.05,2159.0,2159.1,0.09999999999990905,-1.6836329372847e-05,,,,,,,,,False
2026-03-21 12:11:00.034585892+00:00,-0.5813327295613078,145.68782197635358,-0.06777939207441123,2148.6323148324877,0.05482988557264362,-0.7128823066840086,0.0767196915501132,0.0,2159.1499999999996,2159.1,2159.2,0.09999999999990905,-2.2476627991601e-05,,,,,,,,,False
2026-03-21 12:12:00.135377443+00:00,-0.57456253334454,145.68782197635358,-0.06777939207441123,2148.6323148324877,0.05482988557264362,-0.7061043674766045,0.07671194855947083,0.0,2159.05,2159.0,2159.1,0.09999999999990905,-2.6318081788523e-05,,,,,,,,,False
2026-03-21 12:13:00.011156692+00:00,-0.574569513630469,145.68782197635358,-0.06777939207441123,2148.6323148324877,0.05482988557264362,-0.7061043674766045,0.07670496827354176,0.0,2159.05,2159.0,2159.1,0.09999999999990905,-2.0559834590182e-05,,,,,,,,,False
2026-03-21 12:14:00.089483197+00:00,-0.5745745586963269,145.68782197635358,-0.06777939207441123,2148.6323148324877,0.05482988557264362,-0.7061043674766045,0.0766999232076839,0.0,2159.05,2159.0,2159.1,0.09999999999990905,-1.4028514167232e-05,,,,,,,,,False
2026-03-21 12:15:00.038053140+00:00,-0.5610219268508231,145.68782197635358,-0.06777939207441123,2148.6323148324877,0.05482988557264362,-0.6925484890617346,0.07669667663831067,0.0,2158.8500000000004,2158.8,2158.9,0.09999999999990905,-8.517731744139e-06,,,,,,,,,False
2026-03-21 12:16:00.037868706+00:00,-0.4932446549510051,145.68782197635358,-0.06777939207441123,2148.6323148324877,0.05482988557264362,-0.6247690969873234,0.07669455646371504,0.0,2157.8500000000004,2157.8,2157.9,0.09999999999990905,-5.887041268973e-06,,,,,,,,,False
2026-03-21 12:17:00.018286128+00:00,-0.5068027627881964,145.68782197635358,-0.06777939207441123,2148.6323148324877,0.05482988557264362,-0.6383249754021932,0.07669232704140085,0.0,2158.05,2158.0,2158.1,0.09999999999990905,-7.785299575589e-06,,,,,,,,,False
2026-03-21 12:18:00.135752297+00:00,-0.4932498531257832,145.68782197635358,-0.06777939207441123,2148.6323148324877,0.05482988557264362,-0.6247690969873234,0.07668935828893696,0.0,2157.8500000000004,2157.8,2157.9,0.09999999999990905,-1.0306258572067e-05,,,,,,0.0,0.0,uneconomic_spread,False
2026-03-21 12:19:00.043530961+00:00,-0.4796971879967343,145.68782197635358,-0.06777939207441123,2148.6323148324877,0.05482988557264362,-0.6112132185723917,0.0766861450030804,0.0,2157.6499999999996,2157.6,2157.7,0.09999999999990905,-1.0886079568264e-05,,,,,,,,,False
2026-03-21 12:20:00.369502644+00:00,-0.4797007518817891,145.68782197635358,-0.06777939207441123,2148.6323148324877,0.05482988557264362,-0.6112132185723917,0.07668258111802555,0.0,2157.6499999999996,2157.6,2157.7,0.09999999999990905,-1.1554330608349e-05,,,,,,,,,False
2026-03-21 12:21:00.032411399+00:00,-0.47970546858333846,145.68782197635358,-0.06777939207441123,2148.6323148324877,0.05482988557264362,-0.6112132185723917,0.07667786441647623,0.0,2157.6499999999996,2157.6,2157.7,0.09999999999990905,-1.8460490887013e-05,,,,,,,,,False
2026-03-21 12:22:00.008741554+00:00,-0.5474909827328598,145.68782197635358,-0.06777939207441123,2148.6323148324877,0.05482988557264362,-0.678992610646803,0.07667174234134017,0.0,2158.6499999999996,2158.6,2158.7,0.09999999999990905,-2.0933026884129e-05,,,,,,,,,False
2026-03-21 12:23:00.258269660+00:00,-0.6762791025800945,145.68782197635358,-0.06777939207441123,2148.6323148324877,0.05482988557264362,-0.8077734555882213,0.0766644674355226,0.0,2160.55,2160.5,2160.6,0.09999999999990905,-2.4478589342466e-05,,,,,,,,,False
2026-03-21 12:24:00.037650551+00:00,-0.6288408311915554,145.68782197635358,-0.06777939207441123,2148.6323148324877,0.05482988557264362,-0.7603278811361458,0.07665716437199194,0.0,2159.8500000000004,2159.8,2159.9,0.09999999999990905,-2.3641188009465e-05,,,,,,,,,False
2026-03-21 12:25:00.136463102+00:00,-0.6017363369832919,145.68782197635358,-0.06777939207441123,2148.6323148324877,0.05482988557264362,-0.7332161243063443,0.07664990175047307,0.0,2159.45,2159.4,2159.5,0.09999999999990905,-2.3253435050225e-05,,,,,,,,,False
2026-03-21 12:26:00.079287286+00:00,-0.588187371369747,145.68782197635358,-0.06777939207441123,2148.6323148324877,0.05482988557264362,-0.7196602458914745,0.0766429889491409,0.0,2159.25,2159.2,2159.3,0.1000000000003638,-2.3263773208091e-05,2159.0,2159.5,,,,,,,False
2026-03-21 12:27:00.277881590+00:00,-0.6356406237119225,145.68782197635358,-0.06777939207441123,2148.6323148324877,0.05482988557264362,-0.76710582034355,0.07663531105903501,0.0,2159.95,2159.9,2160.0,0.09999999999990905,-2.6603234125138e-05,,,,,,,,,False
2026-03-21 12:28:00.042189016+00:00,-0.6153150304090818,145.68782197635358,-0.06777939207441123,2148.6323148324877,0.05482988557264362,-0.7467720027212142,0.07662708673953177,0.0,2159.6499999999996,2159.6,2159.7,0.09999999999990905,-2.7113738792387e-05,,,,,,,,,False
2026-03-21 12:29:00.052712846+00:00,-0.5746558519164761,145.68782197635358,-0.06777939207441123,2148.6323148324877,0.05482988557264362,-0.7061043674766045,0.07661862998753473,0.0,2159.05,2159.0,2159.1,0.09999999999990905,-2.8146513154941e-05,,,,,,,,,False
2026-03-21 12:30:00.049464809+00:00,-0.5882202722611563,145.68782197635358,-0.06777939207441123,2148.6323148324877,0.05482988557264362,-0.7196602458914745,0.07661008805773165,0.0,2159.25,2159.2,2159.3,0.1000000000003638,-2.932092321899e-05,,,,,,,,,False
2026-03-21 12:31:00.077752705+00:00,-0.5882298704296699,145.68782197635358,-0.06777939207441123,2148.6323148324877,0.05482988557264362,-0.7196602458914745,0.07660048988921798,0.0,2159.25,2159.2,2159.3,0.1000000000003638,-3.282420101796e-05,2159.0,2159.5,,,,,,,False
2026-03-21 12:32:00.024144521+00:00,-0.5136823523252099,145.68782197635358,-0.06777939207441123,2148.6323148324877,0.05482988557264362,-0.6451029146095975,0.07659067671179741,0.0,2158.1499999999996,2158.1,2158.2,0.09999999999990905,-3.088374201126e-05,,,,,,,,,False
2026-03-21 12:33:00.051599990+00:00,-0.47980190903962916,145.68782197635358,-0.06777939207441123,2148.6323148324877,0.05482988557264362,-0.6112132185723917,0.07658142396018551,0.0,2157.6499999999996,2157.6,2157.7,0.09999999999990905,-3.1009379898893e-05,,,,,,0.0,0.0,uneconomic_spread,False
2026-03-21 12:34:00.036377414+00:00,-0.46625567112837507,145.68782197635358,-0.06777939207441123,2148.6323148324877,0.05482988557264362,-0.5976573401575219,0.07657178345656257,0.0,2157.45,2157.4,2157.5,0.09999999999990905,-3.2042688031116e-05,,,,,,,,,False
2026-03-21 12:35:00.025189087+00:00,-0.4662657062384835,145.68782197635358,-0.06777939207441123,2148.6323148324877,0.05482988557264362,-0.5976573401575219,0.07656174834645414,0.0,2157.45,2157.4,2157.5,0.09999999999990905,-3.2796443181449e-05,,,,,,,,,False
2026-03-21 12:36:00.009234600+00:00,-0.46627542035977326,145.68782197635358,-0.06777939207441123,2148.6323148324877,0.05482988557264362,-0.5976573401575219,0.07655203422516438,0.0,2157.45,2157.4,2157.5,0.09999999999990905,-3.0810057763435e-05,,,,,,,,,False
2026-03-21 12:37:00.135945679+00:00,-0.5001744342641253,145.68782197635358,-0.06777939207441123,2148.6323148324877,0.05482988557264362,-0.6315470361947275,0.07654271635800489,0.0,2157.95,2157.9,2158.0,0.09999999999990905,-3.1063242788197e-05,,,,,,,,,False
2026-03-21 12:38:00.113043630+00:00,-0.4866281557897869,145.68782197635358,-0.06777939207441123,2148.6323148324877,0.05482988557264362,-0.6179911577798576,0.07653311641746632,0.0,2157.75,2157.7,2157.8,0.1000000000003638,-3.1470532648611e-05,2157.5,2158.0,,,,,,,False
2026-03-21 12:39:00.040420626+00:00,-0.5273055871901504,145.68782197635358,-0.06777939207441123,2148.6323148324877,0.05482988557264362,-0.658658793024529,0.07652332026179078,0.0,2158.3500000000004,2158.3,2158.4,0.09999999999990905,-3.313788544645e-05,,,,,,,,,False
2026-03-21 12:40:00.037617043+00:00,-0.5544278230532189,145.68782197635358,-0.06777939207441123,2148.6323148324877,0.05482988557264362,-0.6857705498542688,0.07651284122844793,0.0,2158.75,2158.7,2158.8,0.1000000000003638,-3.6045938643501e-05,2158.5,2159.0,2158.7435768344735,2158.7898320478494,0.2,0.08640465251161043,-0.12555558243349724,ok,False
2026-03-21 12:41:00.135022396+00:00,-0.5341050201368946,145.68782197635358,-0.06777939207441123,2148.6323148324877,0.05482988557264362,-0.6654367322319331,0.07650182652245659,0.0,2158.45,2158.4,2158.5,0.09999999999990905,-3.6538460385791e-05,,,,,,,,,False
2026-03-21 12:42:00.538799209+00:00,-0.5341164404344514,145.68782197635358,-0.06777939207441123,2148.6323148324877,0.05482988557264362,-0.6654367322319331,0.0764904062248999,0.0,2158.45,2158.4,2158.5,0.09999999999990905,-3.7539715862144e-05,,,,,,,,,False
2026-03-21 12:43:00.039713584+00:00,-0.5341278397960693,145.68782197635358,-0.06777939207441123,2148.6323148324877,0.05482988557264362,-0.6654367322319331,0.07647900686328202,0.0,2158.45,2158.4,2158.5,0.09999999999990905,-3.7898621281525e-05,,,,,,,,,False
2026-03-21 12:44:00.317815505+00:00,-0.5341392998033835,145.68782197635358,-0.06777939207441123,2148.6323148324877,0.05482988557264362,-0.6654367322319331,0.07646754685596777,0.0,2158.45,2158.4,2158.5,0.09999999999990905,-3.6695970792452e-05,,,,,,,,,False
2026-03-21 12:45:00.036160527+00:00,-0.5341502558907898,145.68782197635358,-0.06777939207441123,2148.6323148324877,0.05482988557264362,-0.6654367322319331,0.0764565907685615,0.0,2158.45,2158.4,2158.5,0.09999999999990905,-3.5561722059226e-05,,,,,,,,,False
2026-03-21 12:46:00.941492082+00:00,-0.5341611117298266,145.68782197635358,-0.06777939207441123,2148.6323148324877,0.05482988557264362,-0.6654367322319331,0.07644573492952471,0.0,2158.45,2158.4,2158.5,0.09999999999990905,-3.4580991201678e-05,,,,,,,,,False
2026-03-21 12:47:00.041409714+00:00,-0.5138377135394299,145.68782197635358,-0.06777939207441123,2148.6323148324877,0.05482988557264362,-0.6451029146095975,0.07643531549757744,0.0,2158.1499999999996,2158.1,2158.2,0.09999999999990905,-3.4867114234085e-05,,,,,,,,,False
2026-03-21 12:48:00.047993789+00:00,-0.4799585845327119,145.68782197635358,-0.06777939207441123,2148.6323148324877,0.05482988557264362,-0.6112132185723917,0.07642474846710279,0.0,2157.6499999999996,2157.6,2157.7,0.09999999999990905,-3.4041661704084e-05,,,,,,,,,False
2026-03-21 12:49:00.011445411+00:00,-0.47996890773789175,145.68782197635358,-0.06777939207441123,2148.6323148324877,0.05482988557264362,-0.6112132185723917,0.07641442526192294,0.0,2157.6499999999996,2157.6,2157.7,0.09999999999990905,-3.4216175434236e-05,,,,,,,,,False
2026-03-21 12:50:00.004447335+00:00,-0.4935354531898761,145.68782197635358,-0.06777939207441123,2148.6323148324877,0.05482988557264362,-0.6247690969873234,0.076403758224844,0.0,2157.8500000000004,2157.8,2157.9,0.09999999999990905,-3.5095309846435e-05,,,,,,,,,False
2026-03-21 12:51:00.029146211+00:00,-0.48676818887849016,145.68782197635358,-0.06777939207441123,2148.6323148324877,0.05482988557264362,-0.6179911577798576,0.07639308332876302,0.0,2157.75,2157.7,2157.8,0.1000000000003638,-3.5370951544339e-05,2157.5,2158.1,,,,,,,False
2026-03-21 12:52:00.097189888+00:00,-0.4528894435249051,145.68782197635358,-0.06777939207441123,2148.6323148324877,0.05482988557264362,-0.584101461742652,0.07638213264515546,0.0,2157.25,2157.2,2157.3,0.1000000000003638,-3.6115751944955e-05,2157.0,2157.5,,,,,,,False
2026-03-21 12:53:00.425796898+00:00,-0.4664563503174754,145.68782197635358,-0.06777939207441123,2148.6323148324877,0.05482988557264362,-0.5976573401575219,0.07637110426746223,0.0,2157.45,2157.4,2157.5,0.09999999999990905,-3.6299191344248e-05,,,,,,,,,False
2026-03-21 12:54:00.762266434+00:00,-0.4461335342519675,145.68782197635358,-0.06777939207441123,2148.6323148324877,0.05482988557264362,-0.5773235225351862,0.07636010271062617,0.0,2157.1499999999996,2157.1,2157.2,0.09999999999990905,-3.5155820912379e-05,,,,,,,,,False
2026-03-21 12:55:00.031137363+00:00,-0.43936597762738094,145.68782197635358,-0.06777939207441123,2148.6323148324877,0.05482988557264362,-0.570545583327782,0.07634972012780263,0.0,2157.05,2157.0,2157.1,0.09999999999990905,-3.3672723718696e-05,,,,,,,,,False
2026-03-21 12:56:00.020036847+00:00,-0.48682186368906816,145.68782197635358,-0.06777939207441123,2148.6323148324877,0.05482988557264362,-0.6179911577798576,0.07633940851818505,0.0,2157.75,2157.7,2157.8,0.1000000000003638,-3.3917846058697e-05,2157.5,2158.0,,,,,,,False
2026-03-21 12:57:00.036384160+00:00,-0.5003880168281227,145.68782197635358,-0.06777939207441123,2148.6323148324877,0.05482988557264362,-0.6315470361947275,0.0763291337940075,0.0,2157.95,2157.9,2158.0,0.09999999999990905,-3.3171349798261e-05,,,,,,,,,False
2026-03-21 12:58:00.005000058+00:00,-0.500398137435299,145.68782197635358,-0.06777939207441123,2148.6323148324877,0.05482988557264362,-0.6315470361947275,0.07631901318683124,0.0,2157.95,2157.9,2158.0,0.09999999999990905,-3.3622029270824e-05,,,,,,0.0,0.0,uneconomic_spread,False
2026-03-21 12:59:00.033644934+00:00,-0.49363043797654765,145.68782197635358,-0.06777939207441123,2148.6323148324877,0.05482988557264362,-0.6247690969873234,0.07630877343817251,0.0,2157.8500000000004,2157.8,2157.9,0.09999999999990905,-3.3767714854671e-05,,,,,,,,,False
2026-03-21 13:00:00.224036306+00:00,-0.4936408098600991,145.68782197635358,-0.06777939207441123,2148.6323148324877,0.05482988557264362,-0.6247690969873234,0.07629840155462105,0.0,2157.8500000000004,2157.8,2157.9,0.09999999999990905,-3.4180002418305e-05,,,,,,,,,False
2026-03-21 13:01:00.263160902+00:00,-0.5004365474991035,145.68782197635358,-0.06777939207441123,2148.6323148324877,0.05482988557264362,-0.6315470361947275,0.07628060312302681,0.0,2157.95,2157.9,2158.0,0.09999999999990905,-7.5634185255002e-05,,,,,,,,,False
2026-03-21 13:02:00.035991966+00:00,-0.47334328299724054,145.68782197635358,-0.06777939207441123,2148.6323148324877,0.05482988557264362,-0.6044352793649876,0.07626211079516405,0.0,2157.55,2157.5,2157.6,0.09999999999990905,-3.5929201052102e-05,,,,,,,,,False
2026-03-21 13:03:00.243372878+00:00,-0.45979363780974236,145.68782197635358,-0.06777939207441123,2148.6323148324877,0.05482988557264362,-0.5908794009501177,0.07625587756778515,0.0,2157.3500000000004,2157.3,2157.4,0.09999999999990905,1.3458863940605e-05,,,,,,,,,False
2026-03-21 13:04:00.020187541+00:00,-0.4597849406346922,145.68782197635358,-0.06777939207441123,2148.6323148324877,0.05482988557264362,-0.5908794009501177,0.07626457474283535,0.0,2157.3500000000004,2157.3,2157.4,0.09999999999990905,4.5691710839127e-05,,,,,,,,,False
2026-03-21 13:05:00.007804916+00:00,-0.45976754234498596,145.68782197635358,-0.06777939207441123,2148.6323148324877,0.05482988557264362,-0.5908794009501177,0.07628197303254158,0.0,2157.3500000000004,2157.3,2157.4,0.09999999999990905,7.5851617932695e-05,,,,,,,,,False
2026-03-21 13:06:00.038099789+00:00,-0.47329879599738195,145.68782197635358,-0.06777939207441123,2148.6323148324877,0.05482988557264362,-0.6044352793649876,0.07630659779502263,0.0,2157.55,2157.5,2157.6,0.09999999999990905,8.1951018075763e-05,,,,,,,,,False
2026-03-21 13:07:00.138057206+00:00,-0.48005261508144115,145.68782197635358,-0.06777939207441123,2148.6323148324877,0.05482988557264362,-0.6112132185723917,0.07633071791837351,0.0,2157.6499999999996,2157.6,2157.7,0.09999999999990905,7.5126329060994e-05,,,,,,,,,False
2026-03-21 13:08:00.049949323+00:00,-0.49358548215364906,145.68782197635358,-0.06777939207441123,2148.6323148324877,0.05482988557264362,-0.6247690969873234,0.0763537292610711,0.0,2157.8500000000004,2157.8,2157.9,0.09999999999990905,7.2863101002404e-05,,,,,,,,,False
2026-03-21 13:09:00.019163349+00:00,-0.4732302411158616,145.68782197635358,-0.06777939207441123,2148.6323148324877,0.05482988557264362,-0.6044352793649876,0.076375152676543,0.0,2157.55,2157.5,2157.6,0.09999999999990905,6.9028601339779e-05,,,,,,,,,False
2026-03-21 13:10:00.036113495+00:00,-0.4732085010068775,145.68782197635358,-0.06777939207441123,2148.6323148324877,0.05482988557264362,-0.6044352793649876,0.07639689278552707,0.0,2157.55,2157.5,2157.6,0.09999999999990905,6.8175703792577e-05,,,,,,,,,False
2026-03-21 13:11:00.092902839+00:00,-0.4867445808423326,145.68782197635358,-0.06777939207441123,2148.6323148324877,0.05482988557264362,-0.6179911577798576,0.07641669136492062,0.0,2157.75,2157.7,2157.8,0.1000000000003638,5.8505445977262e-05,2157.5,2158.0,,,,,,,False
2026-03-21 13:12:00.235609358+00:00,-0.48672740943706616,145.68782197635358,-0.06777939207441123,2148.6323148324877,0.05482988557264362,-0.6179911577798576,0.07643386277018706,0.0,2157.75,2157.7,2157.8,0.1000000000003638,5.2444746778967e-05,2157.5,2158.0,,,,,,,False
2026-03-21 13:13:00.040910276+00:00,-0.486711962448574,145.68782197635358,-0.06777939207441123,2148.6323148324877,0.05482988557264362,-0.6179911577798576,0.07644930975867921,0.0,2157.75,2157.7,2157.8,0.1000000000003638,5.0160309675456e-05,2157.5,2158.0,,,,,,,False
2026-03-21 13:14:00.227948274+00:00,-0.4866961218082594,145.68782197635358,-0.06777939207441123,2148.6323148324877,0.05482988557264362,-0.6179911577798576,0.07646515039899382,0.0,2157.75,2157.7,2157.8,0.1000000000003638,5.7311565112888e-05,2157.4,2158.0,,,,,,,False
2026-03-21 13:15:00.546809532+00:00,-0.4798998909979393,145.68782197635358,-0.06777939207441123,2148.6323148324877,0.05482988557264362,-0.6112132185723917,0.0764834420018754,0.0,2157.6499999999996,2157.6,2157.7,0.09999999999990905,5.931108275196e-05,,,,,,,,,False
2026-03-21 13:16:00.036592817+00:00,-0.4798821916269059,145.68782197635358,-0.06777939207441123,2148.6323148324877,0.05482988557264362,-0.6112132185723917,0.0765011413729088,0.0,2157.6499999999996,2157.6,2157.7,0.09999999999990905,5.7366449293865e-05,,,,,,,,,False
2026-03-21 13:17:00.006947545+00:00,-0.5001990359344557,145.68782197635358,-0.06777939207441123,2148.6323148324877,0.05482988557264362,-0.6315470361947275,0.0765181146876746,0.0,2157.95,2157.9,2158.0,0.09999999999990905,5.0634776456746e-05,,,,,,,,,False
2026-03-21 13:18:00.035886947+00:00,-0.5476298439894686,145.68782197635358,-0.06777939207441123,2148.6323148324877,0.05482988557264362,-0.678992610646803,0.07653288108473132,0.0,2158.6499999999996,2158.6,2158.7,0.09999999999990905,4.6271277789035e-05,,,,,,,,,False
2026-03-21 13:19:00.058403793+00:00,-0.5543943323919934,145.68782197635358,-0.06777939207441123,2148.6323148324877,0.05482988557264362,-0.6857705498542688,0.07654633188967341,0.0,2158.75,2158.7,2158.8,0.1000000000003638,4.3147460682668e-05,2158.5,,,,,,,,False
2026-03-21 13:20:00.154178673+00:00,-0.6018281701943013,145.68782197635358,-0.06777939207441123,2148.6323148324877,0.05482988557264362,-0.7332161243063443,0.07655806853946354,0.0,2159.45,2159.4,2159.5,0.09999999999990905,3.6279925099059e-05,,,,,,,,,False
2026-03-21 13:21:00.048130809+00:00,-0.4933690981782908,145.68782197635358,-0.06777939207441123,2148.6323148324877,0.05482988557264362,-0.6247690969873234,0.07657011323642934,0.0,2157.8500000000004,2157.8,2157.9,0.09999999999990905,4.2131859896678e-05,,,,,,,,,False
2026-03-21 13:22:00.227336245+00:00,-0.4323534470844597,145.68782197635358,-0.06777939207441123,2148.6323148324877,0.05482988557264362,-0.5637676441203162,0.07658431146325691,0.0,2156.95,2156.9,2157.0,0.09999999999990905,4.8393447302798e-05,,,,,,,,,False
2026-03-21 13:23:00.212387361+00:00,-0.3916696463036087,145.68782197635358,-0.06777939207441123,2148.6323148324877,0.05482988557264362,-0.5231000088757065,0.07660047699950524,0.0,2156.3500000000004,2156.3,2156.4,0.09999999999990905,5.5828434987871e-05,,,,,,,,,False
2026-03-21 13:24:00.035740180+00:00,-0.3780963301779921,145.68782197635358,-0.06777939207441123,2148.6323148324877,0.05482988557264362,-0.509544130460775,0.0766179147101879,0.0,2156.1499999999996,2156.1,2156.2,0.09999999999990905,5.8364871620769e-05,,,,,,,,,False
2026-03-21 13:25:00.035581811+00:00,-0.39163375219262975,145.68782197635358,-0.06777939207441123,2148.6323148324877,0.05482988557264362,-0.5231000088757065,0.07663637111048413,0.0,2156.3500000000004,2156.3,2156.4,0.09999999999990905,6.1531104127069e-05,,,,,,,,,False
2026-03-21 13:26:00.016787343+00:00,-0.45261687056969224,145.68782197635358,-0.06777939207441123,2148.6323148324877,0.05482988557264362,-0.584101461742652,0.07665470560036838,0.0,2157.25,2157.2,2157.3,0.1000000000003638,5.9759197396841e-05,,,,,,,,,False
2026-03-21 13:27:00.074443364+00:00,-0.43226503137390226,145.68782197635358,-0.06777939207441123,2148.6323148324877,0.05482988557264362,-0.5637676441203162,0.07667272717381433,0.0,2156.95,2156.9,2157.0,0.09999999999990905,5.8589080220657e-05,,,,,,,,,False
2026-03-21 13:28:00.059743736+00:00,-0.4186911340434713,145.68782197635358,-0.06777939207441123,2148.6323148324877,0.05482988557264362,-0.5502117657054464,0.07669074608939669,0.0,2156.75,2156.7,2156.8,0.1000000000003638,5.9563416250593e-05,2156.5,2157.0,,,,,,,False
2026-03-21 13:29:00.182115144+00:00,-0.4186728767603871,145.68782197635358,-0.06777939207441123,2148.6323148324877,0.05482988557264362,-0.5502117657054464,0.07670900337248089,0.0,2156.75,2156.7,2156.8,0.1000000000003638,6.0229542686392e-05,2156.5,,2156.782841135846,2156.7627738838855,0.2,-0.134670231942948,0.906822716915979,ok,False
2026-03-21 13:30:00.035947857+00:00,-0.3779869608177835,145.68782197635358,-0.06777939207441123,2148.6323148324877,0.05482988557264362,-0.509544130460775,0.07672728407039651,0.0,2156.1499999999996,2156.1,2156.2,0.09999999999990905,6.0550129585277e-05,,,,,,,,,False
2026-03-21 13:31:00.004745804+00:00,-0.4525254002414442,145.68782197635358,-0.06777939207441123,2148.6323148324877,0.05482988557264362,-0.584101461742652,0.07674617592861638,0.0,2157.25,2157.2,2157.3,0.1000000000003638,6.1687579712419e-05,,,,,,,,,False
2026-03-21 13:32:00.141760127+00:00,-0.4592847698025537,145.68782197635358,-0.06777939207441123,2148.6323148324877,0.05482988557264362,-0.5908794009501177,0.07676474557497381,0.0,2157.3500000000004,2157.3,2157.4,0.09999999999990905,6.0746482744317e-05,,,,,,,,,False
2026-03-21 13:33:00.159995570+00:00,-0.4524882707272926,145.68782197635358,-0.06777939207441123,2148.6323148324877,0.05482988557264362,-0.584101461742652,0.07678330544276804,0.0,2157.25,2157.2,2157.3,0.1000000000003638,6.072559571401e-05,2157.0,2157.5,,,,,,,False
2026-03-21 13:34:00.008708573+00:00,-0.4660261019049821,145.68782197635358,-0.06777939207441123,2148.6323148324877,0.05482988557264362,-0.5976573401575219,0.07680135267995554,0.0,2157.45,2157.4,2157.5,0.09999999999990905,5.8263622634434e-05,,,,,,,,,False
2026-03-21 13:35:00.039202984+00:00,-0.466008577286021,145.68782197635358,-0.06777939207441123,2148.6323148324877,0.05482988557264362,-0.5976573401575219,0.07681887729891664,0.0,2157.45,2157.4,2157.5,0.09999999999990905,5.7199456791869e-05,,,,,,,,,False
2026-03-21 13:36:00.135545304+00:00,-0.465991161288993,145.68782197635358,-0.06777939207441123,2148.6323148324877,0.05482988557264362,-0.5976573401575219,0.07683629329594464,0.0,2157.45,2157.4,2157.5,0.09999999999990905,5.7507861005214e-05,,,,,,,,,False
2026-03-21 13:37:00.008966159+00:00,-0.4049716084537903,145.68782197635358,-0.06777939207441123,2148.6323148324877,0.05482988557264362,-0.5366558872905764,0.07685439326420064,0.0,2156.55,2156.5,2156.6,0.09999999999990905,6.0512099782317e-05,,,,,,,,,False
2026-03-21 13:38:00.014775999+00:00,-0.4117304814109718,145.68782197635358,-0.06777939207441123,2148.6323148324877,0.05482988557264362,-0.5434338264979806,0.07687345951442928,0.0,2156.6499999999996,2156.6,2156.7,0.09999999999990905,6.4101242476071e-05,,,,,,,,,False
2026-03-21 13:39:00.036230090+00:00,-0.3778213369612779,145.68782197635358,-0.06777939207441123,2148.6323148324877,0.05482988557264362,-0.509544130460775,0.07689290792690212,0.0,2156.1499999999996,2156.1,2156.2,0.09999999999990905,6.3861399961275e-05,,,,,,,,,False
2026-03-21 13:40:00.014257027+00:00,-0.3642459664632909,145.68782197635358,-0.06777939207441123,2148.6323148324877,0.05482988557264362,-0.495988252045905,0.07691240001001207,0.0,2155.95,2155.9,2156.0,0.09999999999990905,6.451622378691e-05,,,,,,,,,False
2026-03-21 13:41:00.037434816+00:00,-0.3371139311898598,145.68782197635358,-0.06777939207441123,2148.6323148324877,0.05482988557264362,-0.4688764952161652,0.07693267845371757,0.0,2155.55,2155.5,2155.6,0.09999999999990905,6.8202802030438e-05,,,,,,,,,False
2026-03-21 13:42:00.038287879+00:00,-0.337092442918708,145.68782197635358,-0.06777939207441123,2148.6323148324877,0.05482988557264362,-0.4688764952161652,0.07695416672486934,0.0,2155.55,2155.5,2155.6,0.09999999999990905,7.2530333625504e-05,,,,,,,,,False
2026-03-21 13:43:00.038350024+00:00,-0.33706987355820844,145.68782197635358,-0.06777939207441123,2148.6323148324877,0.05482988557264362,-0.4688764952161652,0.07697673608536885,0.0,2155.55,2155.5,2155.6,0.09999999999990905,7.4274003172318e-05,,,,,,,,,False
2026-03-21 13:44:00.130096725+00:00,-0.3370476620521993,145.68782197635358,-0.06777939207441123,2148.6323148324877,0.05482988557264362,-0.4688764952161652,0.07699894759137799,0.0,2155.55,2155.5,2155.6,0.09999999999990905,7.1728871991021e-05,,,,,,,,,False
2026-03-21 13:45:00.351369657+00:00,-0.3370259625939548,145.68782197635358,-0.06777939207441123,2148.6323148324877,0.05482988557264362,-0.4688764952161652,0.0770206470496225,0.0,2155.55,2155.5,2155.6,0.09999999999990905,7.1099701604263e-05,,,,,,,,,False
2026-03-21 13:46:00.010051925+00:00,-0.3370041863929096,145.68782197635358,-0.06777939207441123,2148.6323148324877,0.05482988557264362,-0.4688764952161652,0.07704242325066774,0.0,2155.55,2155.5,2155.6,0.09999999999990905,7.2542956429969e-05,,,,,,,,,False
2026-03-21 13:47:00.337507960+00:00,-0.33698197014549663,145.68782197635358,-0.06777939207441123,2148.6323148324877,0.05482988557264362,-0.4688764952161652,0.07706463949808066,0.0,2155.55,2155.5,2155.6,0.09999999999990905,7.2650847913672e-05,,,,,,,,,False
2026-03-21 13:48:00.123307333+00:00,-0.33695947877590504,145.68782197635358,-0.06777939207441123,2148.6323148324877,0.05482988557264362,-0.4688764952161652,0.07708713086767227,0.0,2155.55,2155.5,2155.6,0.09999999999990905,7.5884774042284e-05,,,,,,,,,False
2026-03-21 13:49:00.417789203+00:00,-0.3504918145499719,145.68782197635358,-0.06777939207441123,2148.6323148324877,0.05482988557264362,-0.48243237363103514,0.07711067350848241,0.0,2155.75,2155.7,2155.8,0.1000000000003638,7.7346336462471e-05,2155.5,2156.0,,,,,,,False
2026-03-21 13:50:00.132770899+00:00,-0.37080230486421145,145.68782197635358,-0.06777939207441123,2148.6323148324877,0.05482988557264362,-0.5027661912533709,0.07713400081655848,0.0,2156.05,2156.0,2156.1,0.09999999999990905,7.6351256928379e-05,,,,,,,,,False
2026-03-21 13:51:00.016661950+00:00,-0.3843351468749941,145.68782197635358,-0.06777939207441123,2148.6323148324877,0.05482988557264362,-0.5163220696682407,0.07715703722065285,0.0,2156.25,2156.2,2156.3,0.1000000000003638,7.5554430085169e-05,,,,,,,,,False
2026-03-21 13:52:00.041062808+00:00,-0.3843122367568928,145.68782197635358,-0.06777939207441123,2148.6323148324877,0.05482988557264362,-0.5163220696682407,0.07717994733875418,0.0,2156.25,2156.2,2156.3,0.1000000000003638,7.4565149212701e-05,2156.0,2156.5,,,,,,,False
2026-03-21 13:53:00.011357504+00:00,-0.397845530536705,145.68782197635358,-0.06777939207441123,2148.6323148324877,0.05482988557264362,-0.5298779480831106,0.077202531973819,0.0,2156.45,2156.4,2156.5,0.09999999999990905,7.375905624441e-05,,,,,,,,,False
2026-03-21 13:54:00.034206526+00:00,-0.37748938772105034,145.68782197635358,-0.06777939207441123,2148.6323148324877,0.05482988557264362,-0.509544130460775,0.0772248571671297,0.0,2156.1499999999996,2156.1,2156.2,0.09999999999990905,7.2921484918878e-05,,,,,,,,,False
2026-03-21 13:55:00.175320750+00:00,-0.36391132315836555,145.68782197635358,-0.06777939207441123,2148.6323148324877,0.05482988557264362,-0.495988252045905,0.07724704331493744,0.0,2155.95,2155.9,2156.0,0.09999999999990905,7.2387940981961e-05,,,,,,,,,False
2026-03-21 13:56:00.058283846+00:00,-0.35033359677831716,145.68782197635358,-0.06777939207441123,2148.6323148324877,0.05482988557264362,-0.48243237363103514,0.07726889128013721,0.0,2155.75,2155.7,2155.8,0.1000000000003638,7.1269007476343e-05,2155.5,2156.1,,,,,,,False
2026-03-21 13:57:00.587572872+00:00,-0.3367558608381796,145.68782197635358,-0.06777939207441123,2148.6323148324877,0.05482988557264362,-0.4688764952161652,0.07729074880539773,0.0,2155.55,2155.5,2155.6,0.09999999999990905,7.1896785708155e-05,,,,,,,,,False
2026-03-21 13:58:00.227285162+00:00,-0.3706236718517679,145.68782197635358,-0.06777939207441123,2148.6323148324877,0.05482988557264362,-0.5027661912533709,0.07731263382900197,0.0,2156.05,2156.0,2156.1,0.09999999999990905,7.2468776826706e-05,,,,,,0.0,0.0,uneconomic_spread,False
2026-03-21 13:59:00.418603713+00:00,-0.37060150201998454,145.68782197635358,-0.06777939207441123,2148.6323148324877,0.05482988557264362,-0.5027661912533709,0.0773348036607854,0.0,2156.05,2156.0,2156.1,0.09999999999990905,7.2747962475145e-05,,,,,,,,,False
2026-03-21 14:00:00.036376938+00:00,-0.3705794422515568,145.68782197635358,-0.06777939207441123,2148.6323148324877,0.05482988557264362,-0.5027661912533709,0.07735686342921312,0.0,2156.05,2156.0,2156.1,0.09999999999990905,7.3109705695946e-05,,,,,,,,,False
2026-03-21 14:01:00.279716685+00:00,-0.3976802779516706,145.68782197635358,-0.06777939207441123,2148.6323148324877,0.05482988557264362,-0.5298779480831106,0.07736778455885338,0.0,2156.45,2156.4,2156.5,0.09999999999990905,5.2305133409837e-05,,,,,,,,,False
2026-03-21 14:02:00.072338467+00:00,-0.3976645079874316,145.68782197635358,-0.06777939207441123,2148.6323148324877,0.05482988557264362,-0.5298779480831106,0.0773835545230924,0.0,2156.45,2156.4,2156.5,0.09999999999990905,5.1216268494777e-05,,,,,,,,,False
2026-03-21 14:03:00.218191904+00:00,-0.3705385009131995,145.68782197635358,-0.06777939207441123,2148.6323148324877,0.05482988557264362,-0.5027661912533709,0.07739780476757041,0.0,2156.05,2156.0,2156.1,0.09999999999990905,4.6254403657569e-05,,,,,,,,,False
2026-03-21 14:04:00.045862022+00:00,-0.37052455077174906,145.68782197635358,-0.06777939207441123,2148.6323148324877,0.05482988557264362,-0.5027661912533709,0.07741175490902084,0.0,2156.05,2156.0,2156.1,0.09999999999990905,4.2829298810123e-05,,,,,,,,,False
2026-03-21 14:05:00.050933024+00:00,-0.38406517757124503,145.68782197635358,-0.06777939207441123,2148.6323148324877,0.05482988557264362,-0.5163220696682407,0.07742700652440192,0.0,2156.25,2156.2,2156.3,0.1000000000003638,5.3652657034262e-05,2156.0,2156.5,,,,,,,False
2026-03-21 14:06:00.071281370+00:00,-0.37727047994387475,145.68782197635358,-0.06777939207441123,2148.6323148324877,0.05482988557264362,-0.509544130460775,0.07744376494430526,0.0,2156.1499999999996,2156.1,2156.2,0.09999999999990905,5.4841535448459e-05,,,,,,,,,False
2026-03-21 14:07:00.041767394+00:00,-0.39758882450029304,145.68782197635358,-0.06777939207441123,2148.6323148324877,0.05482988557264362,-0.5298779480831106,0.07745923801023097,0.0,2156.45,2156.4,2156.5,0.09999999999990905,4.615002507619e-05,,,,,,,,,False
2026-03-21 14:08:00.084455188+00:00,-0.4653555967279835,145.68782197635358,-0.06777939207441123,2148.6323148324877,0.05482988557264362,-0.5976573401575219,0.07747185785695414,0.0,2157.45,2157.4,2157.5,0.09999999999990905,3.6753248238442e-05,,,,,,,,,False
2026-03-21 14:09:00.035422271+00:00,-0.46534541220700015,145.68782197635358,-0.06777939207441123,2148.6323148324877,0.05482988557264362,-0.5976573401575219,0.07748204237793749,0.0,2157.45,2157.4,2157.5,0.09999999999990905,3.0285179189227e-05,,,,,,,,,False
2026-03-21 14:10:00.057721348+00:00,-0.4721137451720583,145.68782197635358,-0.06777939207441123,2148.6323148324877,0.05482988557264362,-0.6044352793649876,0.07749164862034628,0.0,2157.55,2157.5,2157.6,0.09999999999990905,3.1520479046266e-05,,,,,,,,,False
2026-03-21 14:11:00.120990489+00:00,-0.546661985319005,145.68782197635358,-0.06777939207441123,2148.6323148324877,0.05482988557264362,-0.678992610646803,0.07750073975519493,0.0,2158.6499999999996,2158.6,2158.7,0.09999999999990905,2.6431039575868e-05,,,,,,,,,False
2026-03-21 14:12:00.034624543+00:00,-0.6822133975837453,145.68782197635358,-0.06777939207441123,2148.6323148324877,0.05482988557264362,-0.8145513947956255,0.07750811163928181,0.0,2160.6499999999996,2160.6,2160.7,0.09999999999990905,1.8771050083916e-05,,,,,,,,,False
2026-03-21 14:13:00.063345584+00:00,-1.1702200501006683,145.68782197635358,-0.06777939207441123,2148.6323148324877,0.05482988557264362,-1.3025630177314358,0.07751308205818819,0.0,2167.8500000000004,2167.8,2167.9,0.09999999999990905,1.4662932790505e-05,,,,,,,,,False
2026-03-21 14:14:00.038642791+00:00,-1.0007650609302834,145.68782197635358,-0.06777939207441123,2148.6323148324877,0.05482988557264362,-1.1331145375454077,0.07751959104252486,0.0,2165.3500000000004,2165.3,2165.4,0.09999999999990905,2.8683328286003e-05,,,,,,0.0,0.0,uneconomic_spread,False
2026-03-21 14:15:00.060635120+00:00,-0.9871996609530489,145.68782197635358,-0.06777939207441123,2148.6323148324877,0.05482988557264362,-1.119558659130476,0.07752911260482545,0.0,2165.1499999999996,2165.1,2165.2,0.09999999999990905,3.4339275037364e-05,,,,,,,,,False
2026-03-21 14:16:00.063608665+00:00,-1.034634833740304,145.68782197635358,-0.06777939207441123,2148.6323148324877,0.05482988557264362,-1.1670042335826132,0.0775395142697252,0.0,2165.8500000000004,2165.8,2165.9,0.09999999999990905,3.5866245105525e-05,,,,,,,,,False
2026-03-21 14:17:00.051989765+00:00,-0.8448405660709298,145.68782197635358,-0.06777939207441123,2148.6323148324877,0.05482988557264362,-0.9772219357742494,0.07755148413073558,0.0,2163.05,2163.0,2163.1,0.09999999999990905,4.4239819768501e-05,,,,,,,,,False
2026-03-21 14:18:00.011320902+00:00,-0.7770464935560223,145.68782197635358,-0.06777939207441123,2148.6323148324877,0.05482988557264362,-0.9094425436998382,0.07756616457122946,0.0,2162.05,2162.0,2162.1,0.09999999999990905,5.141762720865e-05,,,,,,,,,False
2026-03-21 14:19:00.037109376+00:00,-0.7838079095023706,145.68782197635358,-0.06777939207441123,2148.6323148324877,0.05482988557264362,-0.9162204829072423,0.07758268783229132,0.0,2162.1499999999996,2162.1,2162.2,0.09999999999990905,5.518721709662e-05,,,,,,,,,False
2026-03-21 14:20:00.039132118+00:00,-0.9735735354206683,145.68782197635358,-0.06777939207441123,2148.6323148324877,0.05482988557264362,-1.106002780715606,0.07759935972235747,0.0,2164.95,2164.9,2165.0,0.09999999999990905,5.3587387157472e-05,,,,,,,,,False
2026-03-21 14:21:00.036313681+00:00,-0.8176637986362152,145.68782197635358,-0.06777939207441123,2148.6323148324877,0.05482988557264362,-0.9501101789444479,0.0776164947356393,0.0,2162.6499999999996,2162.6,2162.7,0.09999999999990905,5.8489478015189e-05,,,,,,,,,False
2026-03-21 14:22:00.067693037+00:00,-0.8674625379944276,375.5492219451129,-0.1740491100442491,2157.404838002775,0.05482988557264362,-0.9999403326770243,0.07764790911009793,0.0,2163.1499999999996,2163.1,2163.2,0.09999999999990905,5.6786973958741e-05,,,,,,,,,False
2026-03-21 14:23:00.043004716+00:00,-0.8500120741228677,375.5492219451129,-0.1740491100442491,2157.404838002775,0.05482988557264362,-0.9825354216726944,0.07769346197730942,0.0,2163.05,2163.0,2163.1,0.09999999999990905,6.0253221040088e-05,,,,,,,,,False
2026-03-21 14:24:00.036298318+00:00,-0.7629390899171332,375.5492219451129,-0.1740491100442491,2157.404838002775,0.05482988557264362,-0.8955108666505699,0.07774189116090414,0.0,2162.55,2162.5,2162.6,0.09999999999990905,6.3386355351332e-05,,,,,,,,,False
2026-03-21 14:25:00.062521742+00:00,-0.79769920169186,375.5492219451129,-0.1740491100442491,2157.404838002775,0.05482988557264362,-0.930320688659388,0.07779160139498777,0.0,2162.75,2162.7,2162.8,0.1000000000003638,6.4075934084025e-05,2162.5,2163.0,,,,,,,False
2026-03-21 14:26:00.036033250+00:00,-0.6061932059129294,375.5492219451129,-0.1740491100442491,2157.404838002775,0.05482988557264362,-0.7388666676106507,0.07784357612523359,0.0,2161.6499999999996,2161.6,2161.7,0.09999999999990905,7.0836802609866e-05,,,,,,,,,False
2026-03-21 14:27:00.040063047+00:00,-0.7105668527679081,375.5492219451129,-0.1740491100442491,2157.404838002775,0.05482988557264362,-0.8432961336372634,0.07789939529685672,0.0,2162.25,2162.2,2162.3,0.1000000000003638,7.2595245170812e-05,2161.9,2162.5,,,,,,,False
2026-03-21 14:28:00.006518907+00:00,-0.7453194267338034,375.5492219451129,-0.1740491100442491,2157.404838002775,0.05482988557264362,-0.8781059556460816,0.07795664333977192,0.0,2162.45,2162.4,2162.5,0.09999999999990905,7.2900277652833e-05,,,,,,,,,False
2026-03-21 14:29:00.072395133+00:00,-0.7104517792636612,375.5492219451129,-0.1740491100442491,2157.404838002775,0.05482988557264362,-0.8432961336372634,0.07801446880110366,0.0,2162.25,2162.2,2162.3,0.1000000000003638,7.5244550920633e-05,2161.9,2162.5,,,,,,,False
2026-03-21 14:30:00.037479139+00:00,-0.7103922138917943,375.5492219451129,-0.1740491100442491,2157.404838002775,0.05482988557264362,-0.8432961336372634,0.0780740341729705,0.0,2162.25,2162.2,2162.3,0.1000000000003638,7.7426493022984e-05,2162.0,2162.5,,,,,,,False
2026-03-21 14:31:00.007355512+00:00,-0.7277362063185361,375.5492219451129,-0.1740491100442491,2157.404838002775,0.05482988557264362,-0.8607010446417517,0.07813495275069081,0.0,2162.3500000000004,2162.3,2162.4,0.09999999999990905,7.939789226434e-05,,,,,,,,,False
2026-03-21 14:32:00.037996365+00:00,-0.5710289044698592,375.5492219451129,-0.1740491100442491,2157.404838002775,0.05482988557264362,-0.7040568456018325,0.07819805555943646,0.0,2161.45,2161.4,2161.5,0.09999999999990905,8.3072138424101e-05,,,,,,,,,False
2026-03-21 14:33:00.181478613+00:00,-0.588367688960743,375.5492219451129,-0.1740491100442491,2157.404838002775,0.05482988557264362,-0.7214617566063207,0.07826418207307168,0.0,2161.55,2161.5,2161.6,0.09999999999990905,8.4829724176593e-05,,,,,,,,,False
2026-03-21 14:34:00.036360510+00:00,-0.8319706746627349,375.5492219451129,-0.1740491100442491,2157.404838002775,0.05482988557264362,-0.9651305106682062,0.07832995043298023,0.0,2162.95,2162.9,2163.0,0.09999999999990905,8.3287642475294e-05,,,,,,,,,False
2026-03-21 14:35:00.141384095+00:00,-1.0755737766546867,375.5492219451129,-0.1740491100442491,2157.404838002775,0.05482988557264362,-1.20879926473025,0.07839560250304262,0.0,2164.3500000000004,2164.3,2164.4,0.09999999999990905,8.313061103429e-05,,,,,,,,,False
2026-03-21 14:36:00.016906320+00:00,-1.058104587955952,375.5492219451129,-0.1740491100442491,2157.404838002775,0.05482988557264362,-1.1913943537257616,0.07845988019731509,0.0,2164.25,2164.2,2164.3,0.1000000000003638,8.2158863534311e-05,2164.0,2164.5,,,,,,,False
2026-03-21 14:37:00.101242104+00:00,-0.883988859159446,375.5492219451129,-0.1740491100442491,2157.404838002775,0.05482988557264362,-1.0173452436815125,0.07852649894954157,0.0,2163.25,2163.2,2163.3,0.1000000000003638,8.6097700914963e-05,2162.9,2163.5,,,,,,,False
2026-03-21 14:38:00.085062456+00:00,-0.8142997351177882,375.5492219451129,-0.1740491100442491,2157.404838002775,0.05482988557264362,-0.9477255996638763,0.07859597897357852,0.0,2162.8500000000004,2162.8,2162.9,0.09999999999990905,8.9745104554527e-05,,,,,,,,,False
2026-03-21 14:39:00.035757330+00:00,-0.9012535960043013,375.5492219451129,-0.1740491100442491,2157.404838002775,0.05482988557264362,-1.0347501546860007,0.07866667310920519,0.0,2163.3500000000004,2163.3,2163.4,0.09999999999990905,9.017065972113e-05,,,,,,,,,False
2026-03-21 14:40:00.037112238+00:00,-0.5356784045971187,375.5492219451129,-0.1740491100442491,2157.404838002775,0.05482988557264362,-0.6692470235930144,0.07873873342336656,0.0,2161.25,2161.2,2161.3,0.1000000000003638,9.2801675654212e-05,2160.7000000000003,2161.7000000000003,,,,,,,False
2026-03-21 14:41:00.136767269+00:00,-0.5356041478025965,375.5492219451129,-0.1740491100442491,2157.404838002775,0.05482988557264362,-0.6692470235930144,0.07881299021788883,0.0,2161.25,2161.2,2161.3,0.1000000000003638,9.5501283685827e-05,2161.0,2161.5,,,,,,,False
2026-03-21 14:42:00.300760010+00:00,-0.622553165275175,375.5492219451129,-0.1740491100442491,2157.404838002775,0.05482988557264362,-0.7562715786151389,0.07888852776745006,0.0,2161.75,2161.7,2161.8,0.1000000000003638,9.6192459809709e-05,2161.5,,,,,,,,False
2026-03-21 14:43:00.336817298+00:00,-0.6920968392824808,375.5492219451129,-0.1740491100442491,2157.404838002775,0.05482988557264362,-0.8258912226327753,0.0789644977777652,0.0,2162.1499999999996,2162.1,2162.2,0.09999999999990905,9.7169239516537e-05,,,,,,,,,False
2026-03-21 14:44:00.015807839+00:00,-0.639805686825655,375.5492219451129,-0.1740491100442491,2157.404838002775,0.05482988557264362,-0.7736764896196271,0.07904091722143214,0.0,2161.8500000000004,2161.8,2161.9,0.09999999999990905,9.8404928999344e-05,,,,,,,,,False
2026-03-21 14:45:00.067379577+00:00,-0.5875130380480602,375.5492219451129,-0.1740491100442491,2157.404838002775,0.05482988557264362,-0.7214617566063207,0.07911883298575445,0.0,2161.55,2161.5,2161.6,0.09999999999990905,0.000100237397253054,,,,,,,,,False
2026-03-21 14:46:00.023775936+00:00,-0.5874340391417319,375.5492219451129,-0.1740491100442491,2157.404838002775,0.05482988557264362,-0.7214617566063207,0.07919783189208275,0.0,2161.55,2161.5,2161.6,0.09999999999990905,0.000101315668738575,,,,,,,,,False
2026-03-21 14:47:00.047441757+00:00,-0.5351392371483144,375.5492219451129,-0.1740491100442491,2157.404838002775,0.05482988557264362,-0.6692470235930144,0.07927790087217092,0.0,2161.25,2161.2,2161.3,0.1000000000003638,0.000102689800817707,2160.9,2161.5,,,,,,,False
2026-03-21 14:48:00.042427386+00:00,-0.239174323055027,375.5492219451129,-0.1740491100442491,2157.404838002775,0.05482988557264362,-0.3733635365178225,0.07935932789028528,0.0,2159.55,2159.5,2159.6,0.09999999999990905,0.000105015844720718,,,,,,,,,False
2026-03-21 14:49:00.111602291+00:00,0.23084117799191306,375.5492219451129,-0.1740491100442491,2157.404838002775,0.05482988557264362,0.09656906060161842,0.07944223181777278,0.0,2156.8500000000004,2156.8,2156.9,0.09999999999990905,0.000107125110674344,,,,,,,,,False
2026-03-21 14:50:00.052635102+00:00,0.1961149523158174,375.5492219451129,-0.1740491100442491,2157.404838002775,0.05482988557264362,0.06175923859280026,0.07952582815048756,0.0,2157.05,2157.0,2157.1,0.09999999999990905,0.000106750387891289,,,,,,,,,False
2026-03-21 14:51:00.036482517+00:00,0.17879346543546853,375.5492219451129,-0.1740491100442491,2157.404838002775,0.05482988557264362,0.04435432758847033,0.07960925227448705,0.0,2157.1499999999996,2157.1,2157.2,0.09999999999990905,0.000106550093421822,,,,,,,,,False
2026-03-21 14:52:00.036374631+00:00,0.24849661205017481,375.5492219451129,-0.1740491100442491,2157.404838002775,0.05482988557264362,0.11397397160610666,0.07969275487157246,0.0,2156.75,2156.7,2156.8,0.1000000000003638,0.000107298856236303,2156.3,2157.3,,,,,,,False
2026-03-21 14:53:00.036617049+00:00,0.735918688151765,375.5492219451129,-0.1740491100442491,2157.404838002775,0.05482988557264362,0.6013114797300358,0.07977732284919115,0.0,2153.95,2153.9,2154.0,0.09999999999990905,0.000109163357525964,,,,,,,,,False
2026-03-21 14:54:00.037168177+00:00,0.8926479258321903,375.5492219451129,-0.1740491100442491,2157.404838002775,0.05482988557264362,0.7579556787697967,0.07986236148985577,0.0,2153.05,2153.0,2153.1,0.09999999999990905,0.000108558397428186,,,,,,,,,False
2026-03-21 14:55:00.035895409+00:00,0.6142534314427744,375.5492219451129,-0.1740491100442491,2157.404838002775,0.05482988557264362,0.4794771026990931,0.07994644317115089,0.0,2154.6499999999996,2154.6,2154.7,0.09999999999990905,0.000107146667464737,,,,,,,,,False
2026-03-21 14:56:00.038316711+00:00,1.0494595451957438,375.5492219451129,-0.1740491100442491,2157.404838002775,0.05482988557264362,0.9145998778097159,0.08002978181353498,0.0,2152.1499999999996,2152.1,2152.2,0.09999999999990905,0.000106632382545505,,,,,,,,,False
2026-03-21 14:57:00.018703554+00:00,1.032138320403847,375.5492219451129,-0.1740491100442491,2157.404838002775,0.05482988557264362,0.8971949668052277,0.08011346802610013,0.0,2152.25,2152.2,2152.3,0.1000000000003638,0.000107310987164482,2151.8,2152.8,,,,,,,False
2026-03-21 14:58:00.620462286+00:00,1.2062719621555622,375.5492219451129,-0.1740491100442491,2157.404838002775,0.05482988557264362,1.0712440768494769,0.08019799973359255,0.0,2151.25,2151.2,2151.3,0.1000000000003638,0.000107567141811959,2151.0,2151.5,,,,,,,False
2026-03-21 14:59:00.050119827+00:00,1.1889501274513172,375.5492219451129,-0.1740491100442491,2157.404838002775,0.05482988557264362,1.0538391658449886,0.08028107603380978,0.0,2151.3500000000004,2151.3,2151.4,0.09999999999990905,0.000107378158027762,,,,,,,,,False
2026-03-21 15:00:00.018369493+00:00,0.9975795900586533,375.5492219451129,-0.1740491100442491,2157.404838002775,0.05482988557264362,0.8623851447964095,0.08036455968971691,0.0,2152.45,2152.4,2152.5,0.09999999999990905,0.00010648769855379,,,,,,,,,False
2026-03-21 15:01:00.038036948+00:00,1.1020997998387223,375.5492219451129,-0.1740491100442491,2157.404838002775,0.05482988557264362,0.966814610822864,0.08045530344335454,0.0,2151.8500000000004,2151.8,2151.9,0.09999999999990905,9.3931912751102e-05,,,,,,,,,False
2026-03-21 15:02:00.019290430+00:00,0.8410644811007064,375.5492219451129,-0.1740491100442491,2157.404838002775,0.05482988557264362,0.7057409457564903,0.08049364977170126,0.0,2153.3500000000004,2153.3,2153.4,0.09999999999990905,3.0199724507483e-05,,,,,,,,,False
2026-03-21 15:03:00.073543955+00:00,0.9629205388158338,375.5492219451129,-0.1740491100442491,2157.404838002775,0.05482988557264362,0.8275753227875914,0.08051533045570787,0.0,2152.6499999999996,2152.6,2152.7,0.09999999999990905,2.6107311978806e-05,,,,,,,,,False
2026-03-21 15:04:00.047582607+00:00,0.8063011455321142,375.5492219451129,-0.1740491100442491,2157.404838002775,0.05482988557264362,0.6709311237476722,0.08054013621191951,0.0,2153.55,2153.5,2153.6,0.09999999999990905,2.9000502412818e-05,,,,,,,,,False
2026-03-21 15:05:00.048197896+00:00,0.7367030766386027,375.5492219451129,-0.1740491100442491,2157.404838002775,0.05482988557264362,0.6013114797300358,0.08056171133602884,0.0,2153.95,2153.9,2154.0,0.09999999999990905,2.4201686061493e-05,,,,,,,,,False
2026-03-21 15:06:00.070527834+00:00,0.9629865923075306,375.5492219451129,-0.1740491100442491,2157.404838002775,0.05482988557264362,0.8275753227875914,0.08058138394740463,0.0,2152.6499999999996,2152.6,2152.7,0.09999999999990905,2.750576016753e-05,,,,,,,,,False
2026-03-21 15:07:00.008170580+00:00,1.154467001168426,375.5492219451129,-0.1740491100442491,2157.404838002775,0.05482988557264362,1.0190293438361704,0.08060777175972882,0.0,2151.55,2151.5,2151.6,0.09999999999990905,3.1194806334148e-05,,,,,,,,,False
2026-03-21 15:08:00.026498968+00:00,0.8586031420878792,375.5492219451129,-0.1740491100442491,2157.404838002775,0.05482988557264362,0.7231458567609785,0.08062739975441202,0.0,2153.25,2153.2,2153.3,0.1000000000003638,2.3955252539384e-05,,,,,,,,,False
2026-03-21 15:09:00.037366370+00:00,0.841217681924918,375.5492219451129,-0.1740491100442491,2157.404838002775,0.05482988557264362,0.7057409457564903,0.0806468505959128,0.0,2153.3500000000004,2153.3,2153.4,0.09999999999990905,2.4508659517791e-05,,,,,,,,,False
2026-03-21 15:10:00.407664391+00:00,0.8412356632787861,375.5492219451129,-0.1740491100442491,2157.404838002775,0.05482988557264362,0.7057409457564903,0.0806648319497809,0.0,2153.3500000000004,2153.3,2153.4,0.09999999999990905,2.1196129428924e-05,,,,,,,,,False
2026-03-21 15:11:00.009249150+00:00,0.8934702863305679,375.5492219451129,-0.1740491100442491,2157.404838002775,0.05482988557264362,0.7579556787697967,0.08068472198823336,0.0,2153.05,2153.0,2153.1,0.09999999999990905,2.7663769343045e-05,,,,,,,,,False
2026-03-21 15:12:00.038091062+00:00,0.7890604714430943,375.5492219451129,-0.1740491100442491,2157.404838002775,0.05482988557264362,0.6535262127433422,0.08070437312724799,0.0,2153.6499999999996,2153.6,2153.7,0.09999999999990905,1.8341948938186e-05,,,,,,,,,False
2026-03-21 15:13:00.047786164+00:00,0.78907149360039,375.5492219451129,-0.1740491100442491,2157.404838002775,0.05482988557264362,0.6535262127433422,0.08071539528454366,0.0,2153.6499999999996,2153.6,2153.7,0.09999999999990905,9.438502722723e-06,,,,,,,,,False
2026-03-21 15:14:00.028595031+00:00,0.9631298457874037,375.5492219451129,-0.1740491100442491,2157.404838002775,0.05482988557264362,0.8275753227875914,0.08072463742727773,0.0,2152.6499999999996,2152.6,2152.7,0.09999999999990905,1.5858328123951e-05,,,,,,,,,False
2026-03-21 15:15:00.064165743+00:00,0.7890922007443346,375.5492219451129,-0.1740491100442491,2157.404838002775,0.05482988557264362,0.6535262127433422,0.08073610242848826,0.0,2153.6499999999996,2153.6,2153.7,0.09999999999990905,1.1708994835519e-05,,,,,,,,,False
2026-03-21 15:16:00.072092546+00:00,0.9631506791860065,375.5492219451129,-0.1740491100442491,2157.404838002775,0.05482988557264362,0.8275753227875914,0.08074547082588054,0.0,2152.6499999999996,2152.6,2152.7,0.09999999999990905,1.4742350957308e-05,,,,,,,,,False
2026-03-21 15:17:00.286310883+00:00,1.102404201158504,375.5492219451129,-0.1740491100442491,2157.404838002775,0.05482988557264362,0.966814610822864,0.08075970476313635,0.0,2151.8500000000004,2151.8,2151.9,0.09999999999990905,2.0899173524344e-05,,,,,,0.0,0.0,uneconomic_spread,False
2026-03-21 15:18:00.026489142+00:00,1.3286855054829925,375.5492219451129,-0.1740491100442491,2157.404838002775,0.05482988557264362,1.1930784538804196,0.08077716603007272,0.0,2150.55,2150.5,2150.6,0.09999999999990905,2.4399974056486e-05,,,,,,,,,False
2026-03-21 15:19:00.035682995+00:00,1.781235553983557,375.5492219451129,-0.1740491100442491,2157.404838002775,0.05482988557264362,1.6456061399955304,0.08079952841553291,0.0,2147.95,2147.9,2148.0,0.09999999999990905,2.9606489918207e-05,,,,,,,,,False
2026-03-21 15:20:00.150887933+00:00,1.7812585457055348,375.5492219451129,-0.1740491100442491,2157.404838002775,0.05482988557264362,1.6456061399955304,0.08082252013751076,0.0,2147.95,2147.9,2148.0,0.09999999999990905,2.7660659963881e-05,,,,,,,,,False
2026-03-21 15:21:00.062507364+00:00,1.5028005731053526,375.5492219451129,-0.1740491100442491,2157.404838002775,0.05482988557264362,1.3671275639246685,0.08084312360815316,0.0,2149.55,2149.5,2149.6,0.09999999999990905,2.6795146879933e-05,,,,,,,,,False
2026-03-21 15:22:00.029558456+00:00,1.4332018284818255,375.5492219451129,-0.1740491100442491,2157.404838002775,0.05482988557264362,1.2975079199070323,0.08086402300230393,0.0,2149.95,2149.9,2150.0,0.09999999999990905,2.6435502265659e-05,,,,,,0.0,0.0,uneconomic_spread,False
2026-03-21 15:23:00.042264568+00:00,1.4506281832202583,375.5492219451129,-0.1740491100442491,2157.404838002775,0.05482988557264362,1.3149128309113622,0.08088546673638829,0.0,2149.8500000000004,2149.8,2149.9,0.09999999999990905,2.7980947556837e-05,,,,,,,,,False
2026-03-21 15:24:00.007038558+00:00,1.3114101450020315,375.5492219451129,-0.1740491100442491,2157.404838002775,0.05482988557264362,1.1756735428760896,0.08090671655340312,0.0,2150.6499999999996,2150.6,2150.7,0.09999999999990905,2.6772011649981e-05,,,,,,,,,False
2026-03-21 15:25:00.079047946+00:00,1.0677621952974334,375.5492219451129,-0.1740491100442491,2157.404838002775,0.05482988557264362,0.9320047888140458,0.08092752091087624,0.0,2152.05,2152.0,2152.1,0.09999999999990905,2.4334710166169e-05,,,,,,,,,False
2026-03-21 15:26:00.010940609+00:00,1.0677801767395922,375.5492219451129,-0.1740491100442491,2157.404838002775,0.05482988557264362,0.9320047888140458,0.08094550235303491,0.0,2152.05,2152.0,2152.1,0.09999999999990905,2.1352982453947e-05,,,,,,,,,False
2026-03-21 15:27:00.045168706+00:00,0.9981785979604377,375.5492219451129,-0.1740491100442491,2157.404838002775,0.05482988557264362,0.8623851447964095,0.08096356759150132,0.0,2152.45,2152.4,2152.5,0.09999999999990905,2.3424620043247e-05,,,,,,,,,False
2026-03-21 15:28:00.040632537+00:00,0.9111723007249117,375.5492219451129,-0.1740491100442491,2157.404838002775,0.05482988557264362,0.7753605897742849,0.0809818253781152,0.0,2152.95,2152.9,2153.0,0.09999999999990905,2.4462813236929e-05,,,,,,,,,False
2026-03-21 15:29:00.008514080+00:00,0.9982170871631544,375.5492219451129,-0.1740491100442491,2157.404838002775,0.05482988557264362,0.8623851447964095,0.08100205679421807,0.0,2152.45,2152.4,2152.5,0.09999999999990905,2.7188298693702e-05,,,,,,0.0,0.0,uneconomic_spread,False
2026-03-21 15:30:00.080586408+00:00,0.9634285309507425,375.5492219451129,-0.1740491100442491,2157.404838002775,0.05482988557264362,0.8275753227875914,0.0810233225906166,0.0,2152.6499999999996,2152.6,2152.7,0.09999999999990905,2.6823584970466e-05,,,,,,,,,False
2026-03-21 15:31:00.052082782+00:00,0.9634491803773383,375.5492219451129,-0.1740491100442491,2157.404838002775,0.05482988557264362,0.8275753227875914,0.0810439720172124,0.0,2152.6499999999996,2152.6,2152.7,0.09999999999990905,2.6252905352993e-05,,,,,,,,,False
2026-03-21 15:32:00.025642789+00:00,0.8938497401038317,375.5492219451129,-0.1740491100442491,2157.404838002775,0.05482988557264362,0.7579556787697967,0.08106417576149717,0.0,2153.05,2153.0,2153.1,0.09999999999990905,2.4798357406328e-05,,,,,,,,,False
2026-03-21 15:33:00.010747083+00:00,0.5283652797708229,375.5492219451129,-0.1740491100442491,2157.404838002775,0.05482988557264362,0.3924525476769686,0.08108284652133907,0.0,2155.1499999999996,2155.1,2155.2,0.09999999999990905,2.2745130394321e-05,,,,,,,,,False
2026-03-21 15:34:00.035775255+00:00,0.1454751762102673,375.5492219451129,-0.1740491100442491,2157.404838002775,0.05482988557264362,0.00954450557949387,0.0811007850582668,0.0,2157.3500000000004,2157.3,2157.4,0.09999999999990905,2.1849314878856e-05,,,,,,0.0,0.0,uneconomic_spread,False
2026-03-21 15:35:00.035568091+00:00,0.07587378941314644,375.5492219451129,-0.1740491100442491,2157.404838002775,0.05482988557264362,-0.06007513843814246,0.08111904227876683,0.0,2157.75,2157.7,2157.8,0.1000000000003638,2.470160526377e-05,2157.5,2158.0,,,,,,,False
2026-03-21 15:36:00.277712021+00:00,0.42399251151541684,375.5492219451129,-0.1740491100442491,2157.404838002775,0.05482988557264362,0.2880230816503558,0.08113954429253491,0.0,2155.75,2155.7,2155.8,0.1000000000003638,2.7603335988787e-05,,,,,,,,,False
2026-03-21 15:37:00.092727873+00:00,0.5110392232407789,375.5492219451129,-0.1740491100442491,2157.404838002775,0.05482988557264362,0.3750476366724803,0.0811617009957571,0.0,2155.25,2155.2,2155.3,0.1000000000003638,2.9359598644249e-05,2155.0,2155.5,,,,,,,False
2026-03-21 15:38:00.103726042+00:00,0.6154920243949074,375.5492219451129,-0.1740491100442491,2157.404838002775,0.05482988557264362,0.4794771026990931,0.08118503612328373,0.0,2154.6499999999996,2154.6,2154.7,0.09999999999990905,3.0174633389007e-05,,,,,,,,,False
2026-03-21 15:39:00.036288444+00:00,0.5458961666756419,375.5492219451129,-0.1740491100442491,2157.404838002775,0.05482988557264362,0.40985745868129847,0.08120882242180966,0.0,2155.05,2155.0,2155.1,0.09999999999990905,3.0421970951843e-05,,,,,,,,,False
2026-03-21 15:40:00.029798374+00:00,0.8592087685338992,375.5492219451129,-0.1740491100442491,2157.404838002775,0.05482988557264362,0.7231458567609785,0.08123302620043192,0.0,2153.25,2153.2,2153.3,0.1000000000003638,3.2274454605005e-05,,,,,,,,,False
2026-03-21 15:41:00.026286697+00:00,0.7199952199030005,375.5492219451129,-0.1740491100442491,2157.404838002775,0.05482988557264362,0.5839065687255476,0.08125876560494565,0.0,2154.05,2154.0,2154.1,0.09999999999990905,3.301036514174e-05,,,,,,,,,False
2026-03-21 15:42:00.138529280+00:00,0.6329955875456122,375.5492219451129,-0.1740491100442491,2157.404838002775,0.05482988557264362,0.49688201370342305,0.0812836882696971,0.0,2154.55,2154.5,2154.6,0.09999999999990905,3.0053569508948e-05,,,,,,,,,False
2026-03-21 15:43:00.035715081+00:00,0.6156134907764064,375.5492219451129,-0.1740491100442491,2157.404838002775,0.05482988557264362,0.4794771026990931,0.08130650250478272,0.0,2154.6499999999996,2154.6,2154.7,0.09999999999990905,2.834051119482e-05,,,,,,,,,False
2026-03-21 15:44:00.041843681+00:00,0.5982302737162903,375.5492219451129,-0.1740491100442491,2157.404838002775,0.05482988557264362,0.4620721916946049,0.08132819644918562,0.0,2154.75,2154.7,2154.8,0.1000000000003638,2.6870741338301e-05,2154.5,2155.0,,,,,,,False
2026-03-21 15:45:00.010810270+00:00,0.6678702311730297,375.5492219451129,-0.1740491100442491,2157.404838002775,0.05482988557264362,0.5316918357122412,0.08134850988824724,0.0,2154.3500000000004,2154.3,2154.4,0.09999999999990905,2.4326643961249e-05,,,,,,,,,False
2026-03-21 15:46:00.096651160+00:00,0.6678885261792564,375.5492219451129,-0.1740491100442491,2157.404838002775,0.05482988557264362,0.5316918357122412,0.08136680489447397,0.0,2154.3500000000004,2154.3,2154.4,0.09999999999990905,2.1851477874839e-05,,,,,,,,,False
2026-03-21 15:47:00.017327028+00:00,0.7027152303346308,375.5492219451129,-0.1740491100442491,2157.404838002775,0.05482988557264362,0.5665016577212176,0.08138368704092422,0.0,2154.1499999999996,2154.1,2154.2,0.09999999999990905,2.1319203668652e-05,,,,,,,,,False
2026-03-21 15:48:00.198003028+00:00,0.7027318935869259,375.5492219451129,-0.1740491100442491,2157.404838002775,0.05482988557264362,0.5665016577212176,0.08140035029321933,0.0,2154.1499999999996,2154.1,2154.2,0.09999999999990905,2.1670000207954e-05,,,,,,,,,False
2026-03-21 15:49:00.054004374+00:00,0.5461047419270493,375.5492219451129,-0.1740491100442491,2157.404838002775,0.05482988557264362,0.40985745868129847,0.08141739767321708,0.0,2155.05,2155.0,2155.1,0.09999999999990905,2.0929807731698e-05,,,,,,,,,False
2026-03-21 15:50:00.133175646+00:00,0.4590962739855869,375.5492219451129,-0.1740491100442491,2157.404838002775,0.05482988557264362,0.32283290365917394,0.0814334847538945,0.0,2155.55,2155.5,2155.6,0.09999999999990905,2.0232453464646e-05,,,,,,,,,False
2026-03-21 15:51:00.028092893+00:00,0.5461371478621277,375.5492219451129,-0.1740491100442491,2157.404838002775,0.05482988557264362,0.40985745868129847,0.08144980360829561,0.0,2155.05,2155.0,2155.1,0.09999999999990905,2.1190816059132e-05,,,,,,,,,False
2026-03-21 15:52:00.436726254+00:00,0.6853941239642836,375.5492219451129,-0.1740491100442491,2157.404838002775,0.05482988557264362,0.5490967467167295,0.08146749167503912,0.0,2154.25,2154.2,2154.3,0.1000000000003638,2.3141141876812e-05,2154.0,2154.5,2154.2342760359224,2154.269438226287,0.2,-0.056841808828147114,-0.5644792815503388,ok,False
2026-03-21 15:53:00.005266631+00:00,0.5287684549180965,375.5492219451129,-0.1740491100442491,2157.404838002775,0.05482988557264362,0.3924525476769686,0.08148602166861271,0.0,2155.1499999999996,2155.1,2155.2,0.09999999999990905,2.3944149233795e-05,,,,,,,,,False
2026-03-21 15:54:00.322202546+00:00,0.40695254718781637,375.5492219451129,-0.1740491100442491,2157.404838002775,0.05482988557264362,0.2706181706458675,0.08150449096945334,0.0,2155.8500000000004,2155.8,2155.9,0.09999999999990905,2.2975564950322e-05,,,,,,,,,False
2026-03-21 15:55:00.135897790+00:00,0.4939944985172416,375.5492219451129,-0.1740491100442491,2157.404838002775,0.05482988557264362,0.3576427256679921,0.08152188727673874,0.0,2155.3500000000004,2155.3,2155.4,0.09999999999990905,2.2189015832789e-05,,,,,,,,,False
2026-03-21 15:56:00.022480948+00:00,0.49401228647534434,375.5492219451129,-0.1740491100442491,2157.404838002775,0.05482988557264362,0.3576427256679921,0.08153967523484149,0.0,2155.3500000000004,2155.3,2155.4,0.09999999999990905,2.3003463361042e-05,,,,,,,,,False
2026-03-21 15:57:00.536246195+00:00,0.49403155618212025,375.5492219451129,-0.1740491100442491,2157.404838002775,0.05482988557264362,0.3576427256679921,0.08155894494161745,0.0,2155.3500000000004,2155.3,2155.4,0.09999999999990905,2.5533131988475e-05,,,,,,,,,False
2026-03-21 15:58:00.035252121+00:00,0.40702743552277554,375.5492219451129,-0.1740491100442491,2157.404838002775,0.05482988557264362,0.2706181706458675,0.08157937930441253,0.0,2155.8500000000004,2155.8,2155.9,0.09999999999990905,2.6145823669425e-05,,,,,,,,,False
2026-03-21 15:59:00.062819158+00:00,0.4070475375446184,375.5492219451129,-0.1740491100442491,2157.404838002775,0.05482988557264362,0.2706181706458675,0.08159948132625539,0.0,2155.8500000000004,2155.8,2155.9,0.09999999999990905,2.5211157606986e-05,,,,,,,,,False
2026-03-21 16:00:00.035823202+00:00,0.4940914015289166,375.5492219451129,-0.1740491100442491,2157.404838002775,0.05482988557264362,0.3576427256679921,0.08161879028841379,0.0,2155.3500000000004,2155.3,2155.4,0.09999999999990905,2.4863751557932e-05,,,,,,,,,False
2026-03-21 16:01:00.048685489+00:00,0.9640598497252981,375.5492219451129,-0.1740491100442491,2157.404838002775,0.05482988557264362,0.8275753227875914,0.08165464136517225,0.0,2152.6499999999996,2152.6,2152.7,0.09999999999990905,9.0985779123881e-05,,,,,,,,,False
2026-03-21 16:02:00.009881175+00:00,0.5637899460520789,375.5492219451129,-0.1740491100442491,2157.404838002775,0.05482988557264362,0.42726236968578674,0.08169769079378468,0.0,2154.95,2154.9,2155.0,0.09999999999990905,2.36353639742e-05,,,,,,,,,False
2026-03-21 16:03:00.035624184+00:00,0.5812014662437026,375.5492219451129,-0.1740491100442491,2157.404838002775,0.05482988557264362,0.44466728069011663,0.08170429998105994,0.0,2154.8500000000004,2154.8,2154.9,0.09999999999990905,-1.103790961696e-06,,,,,,,,,False
2026-03-21 16:04:00.016552624+00:00,0.7030385105399842,375.5492219451129,-0.1740491100442491,2157.404838002775,0.05482988557264362,0.5665016577212176,0.08170696724627768,0.0,2154.1499999999996,2154.1,2154.2,0.09999999999990905,8.982521637615e-06,,,,,,,,,False
2026-03-21 16:05:00.235160932+00:00,0.7030500625772576,375.5492219451129,-0.1740491100442491,2157.404838002775,0.05482988557264362,0.5665016577212176,0.08171851928355106,0.0,2154.1499999999996,2154.1,2154.2,0.09999999999990905,1.8094197079109e-05,,,,,,,,,False
2026-03-21 16:06:00.243125211+00:00,0.63344825557145,375.5492219451129,-0.1740491100442491,2157.404838002775,0.05482988557264362,0.49688201370342305,0.08173635629553493,0.0,2154.55,2154.5,2154.6,0.09999999999990905,2.6014787868287e-05,,,,,,,,,False
2026-03-21 16:07:00.036585363+00:00,0.4768228442949649,375.5492219451129,-0.1740491100442491,2157.404838002775,0.05482988557264362,0.34023781466366215,0.08175514405881049,0.0,2155.45,2155.4,2155.5,0.09999999999990905,2.1858851791871e-05,,,,,,,,,False
2026-03-21 16:08:00.037250544+00:00,0.5464551619835627,375.5492219451129,-0.1740491100442491,2157.404838002775,0.05482988557264362,0.40985745868129847,0.08176781772973053,0.0,2155.05,2155.0,2155.1,0.09999999999990905,1.3755369672832e-05,,,,,,0.0,0.0,uneconomic_spread,False
2026-03-21 16:09:00.026937712+00:00,0.6334939828539844,375.5492219451129,-0.1740491100442491,2157.404838002775,0.05482988557264362,0.49688201370342305,0.08178208357806924,0.0,2154.55,2154.5,2154.6,0.09999999999990905,2.383362281685e-05,,,,,,,,,False
2026-03-21 16:10:00.097098813+00:00,0.7379480263386655,375.5492219451129,-0.1740491100442491,2157.404838002775,0.05482988557264362,0.6013114797300358,0.08180666103609172,0.0,2153.95,2153.9,2154.0,0.09999999999990905,3.5015254243707e-05,,,,,,,,,False
2026-03-21 16:11:00.030566795+00:00,0.8250018060635823,375.5492219451129,-0.1740491100442491,2157.404838002775,0.05482988557264362,0.6883360347521604,0.08183588573892553,0.0,2153.45,2153.4,2153.5,0.09999999999990905,4.0466163044166e-05,,,,,,,,,False
2026-03-21 16:12:00.007209749+00:00,0.8250367364089564,375.5492219451129,-0.1740491100442491,2157.404838002775,0.05482988557264362,0.6883360347521604,0.08187081608429964,0.0,2153.45,2153.4,2153.5,0.09999999999990905,4.6918494670623e-05,,,,,,,,,False
2026-03-21 16:13:00.004329771+00:00,1.0513398854695402,375.5492219451129,-0.1740491100442491,2157.404838002775,0.05482988557264362,0.9145998778097159,0.08191012208733119,0.0,2152.1499999999996,2152.1,2152.2,0.09999999999990905,5.4017028739563e-05,,,,,,,,,False
2026-03-21 16:14:00.036312852+00:00,1.0687866314556356,375.5492219451129,-0.1740491100442491,2157.404838002775,0.05482988557264362,0.9320047888140458,0.08195195706907829,0.0,2152.05,2152.0,2152.1,0.09999999999990905,5.3905505949836e-05,,,,,,,,,False
2026-03-21 16:15:00.035381069+00:00,0.999210418304497,375.5492219451129,-0.1740491100442491,2157.404838002775,0.05482988557264362,0.8623851447964095,0.08199538793556063,0.0,2152.45,2152.4,2152.5,0.09999999999990905,5.4750187790915e-05,,,,,,,,,False
2026-03-21 16:16:00.076488223+00:00,0.7903952667603513,375.5492219451129,-0.1740491100442491,2157.404838002775,0.05482988557264362,0.6535262127433422,0.08203916844450501,0.0,2153.6499999999996,2153.6,2153.7,0.09999999999990905,5.7088949763169e-05,,,,,,0.0,0.0,uneconomic_spread,False
2026-03-21 16:17:00.319219311+00:00,0.7208180926265184,375.5492219451129,-0.1740491100442491,2157.404838002775,0.05482988557264362,0.5839065687255476,0.08208163832846346,0.0,2154.05,2154.0,2154.1,0.09999999999990905,5.2785292602917e-05,,,,,,,,,False
2026-03-21 16:18:00.062423801+00:00,1.1559818759632712,375.5492219451129,-0.1740491100442491,2157.404838002775,0.05482988557264362,1.0190293438361704,0.08212264655457405,0.0,2151.55,2151.5,2151.6,0.09999999999990905,5.391350773979e-05,,,,,,,,,False
2026-03-21 16:19:00.036335182+00:00,0.9819741348957076,375.5492219451129,-0.1740491100442491,2157.404838002775,0.05482988557264362,0.8449802337919212,0.0821640155312901,0.0,2152.55,2152.5,2152.6,0.09999999999990905,5.3142660236715e-05,,,,,,,,,False
2026-03-21 16:20:00.039655358+00:00,1.2953065638045238,375.5492219451129,-0.1740491100442491,2157.404838002775,0.05482988557264362,1.1582686318716013,0.08220804636041455,0.0,2150.75,2150.7,2150.8,0.1000000000003638,5.8863993393085e-05,2150.5,2151.0,,,,,,,False
2026-03-21 16:21:00.023596933+00:00,1.382376297009119,375.5492219451129,-0.1740491100442491,2157.404838002775,0.05482988557264362,1.2452931868937258,0.08225322454286986,0.0,2150.25,2150.2,2150.3,0.1000000000003638,5.6824517728257e-05,2150.0,2150.5,,,,,,,False
2026-03-21 16:22:00.041215469+00:00,1.2431807077725414,375.5492219451129,-0.1740491100442491,2157.404838002775,0.05482988557264362,1.1060538988582949,0.08229692334176147,0.0,2151.05,2151.0,2151.1,0.09999999999990905,5.5202297163011e-05,,,,,,,,,False
2026-03-21 16:23:00.067568093+00:00,1.1213885557692798,375.5492219451129,-0.1740491100442491,2157.404838002775,0.05482988557264362,0.9842195218273522,0.08233914836939318,0.0,2151.75,2151.7,2151.8,0.1000000000003638,5.2723079289531e-05,2151.6,,,,,,,,False
2026-03-21 16:24:00.027064229+00:00,1.2084538716049378,375.5492219451129,-0.1740491100442491,2157.404838002775,0.05482988557264362,1.0712440768494769,0.08237990918296825,0.0,2151.25,2151.2,2151.3,0.1000000000003638,5.2539776165309e-05,,,,,,,,,False
2026-03-21 16:25:00.204808643+00:00,1.2607099462008544,375.5492219451129,-0.1740491100442491,2157.404838002775,0.05482988557264362,1.1234588098627831,0.08242125076555545,0.0,2150.95,2150.9,2151.0,0.09999999999990905,5.3623228276871e-05,,,,,,,,,False
2026-03-21 16:26:00.052164007+00:00,1.2781565910743926,375.5492219451129,-0.1740491100442491,2157.404838002775,0.05482988557264362,1.140863720867113,0.08246298463474543,0.0,2150.8500000000004,2150.8,2150.9,0.09999999999990905,5.3441541925643e-05,,,,,,,,,False
2026-03-21 16:27:00.235065713+00:00,1.156364244270616,375.5492219451129,-0.1740491100442491,2157.404838002775,0.05482988557264362,1.0190293438361704,0.08250501486191883,0.0,2151.55,2151.5,2151.6,0.09999999999990905,5.4097723420488e-05,,,,,,,,,False
2026-03-21 16:28:00.072644919+00:00,1.1215963613127176,375.5492219451129,-0.1740491100442491,2157.404838002775,0.05482988557264362,0.9842195218273522,0.08254695391283091,0.0,2151.75,2151.7,2151.8,0.1000000000003638,5.4070990092906e-05,2151.5,2152.1,,,,,,,False
2026-03-21 16:29:00.050608949+00:00,1.8004301072231412,375.5492219451129,-0.1740491100442491,2157.404838002775,0.05482988557264362,1.6630110509998604,0.08258917065076878,0.0,2147.8500000000004,2147.8,2147.9,0.09999999999990905,5.5486949455556e-05,,,,,,,,,False
2026-03-21 16:30:00.102782820+00:00,1.6438304914471362,375.5492219451129,-0.1740491100442491,2157.404838002775,0.05482988557264362,1.5063668519600995,0.0826337539145246,0.0,2148.75,2148.7,2148.8,0.1000000000003638,5.6317567094343e-05,2148.5,2149.0,,,,,,,False
2026-03-21 16:31:00.006608920+00:00,1.522038894498079,375.5492219451129,-0.1740491100442491,2157.404838002775,0.05482988557264362,1.3845324749291568,0.0826765339964176,0.0,2149.45,2149.4,2149.5,0.09999999999990905,5.3885346920432e-05,,,,,,,,,False
2026-03-21 16:32:00.034644395+00:00,1.3654350634425179,375.5492219451129,-0.1740491100442491,2157.404838002775,0.05482988557264362,1.2278882758892375,0.08271690198078757,0.0,2150.3500000000004,2150.3,2150.4,0.09999999999990905,4.9651115587867e-05,,,,,,,,,False
2026-03-21 16:33:00.036483252+00:00,1.4699032350691064,375.5492219451129,-0.1740491100442491,2157.404838002775,0.05482988557264362,1.3323177419158505,0.08275560758071734,0.0,2149.75,2149.7,2149.8,0.1000000000003638,4.9237099207636e-05,2149.5,2150.0,,,,,,,False
2026-03-21 16:34:00.121237736+00:00,1.4003209861576087,375.5492219451129,-0.1740491100442491,2157.404838002775,0.05482988557264362,1.262698097898214,0.08279300268689758,0.0,2150.1499999999996,2150.1,2150.2,0.09999999999990905,4.7134751336152e-05,,,,,,,,,False
2026-03-21 16:35:00.008212691+00:00,1.3133331423117545,375.5492219451129,-0.1740491100442491,2157.404838002775,0.05482988557264362,1.1756735428760896,0.08282971386312632,0.0,2150.6499999999996,2150.6,2150.7,0.09999999999990905,4.599558136696e-05,,,,,,,,,False
2026-03-21 16:36:00.035706166+00:00,1.3655834419188029,375.5492219451129,-0.1740491100442491,2157.404838002775,0.05482988557264362,1.2278882758892375,0.08286528045707256,0.0,2150.3500000000004,2150.3,2150.4,0.09999999999990905,4.5585641445462e-05,,,,,,,,,False
2026-03-21 16:37:00.262206318+00:00,1.313404904104113,375.5492219451129,-0.1740491100442491,2157.404838002775,0.05482988557264362,1.1756735428760896,0.08290147565548472,0.0,2150.6499999999996,2150.6,2150.7,0.09999999999990905,4.7177897812783e-05,,,,,,,,,False
2026-03-21 16:38:00.032876737+00:00,1.2438213869460684,375.5492219451129,-0.1740491100442491,2157.404838002775,0.05482988557264362,1.1060538988582949,0.08293760251528844,0.0,2151.05,2151.0,2151.1,0.09999999999990905,4.5069981057251e-05,,,,,,,,,False
2026-03-21 16:39:00.072214669+00:00,1.3830958984442554,375.5492219451129,-0.1740491100442491,2157.404838002775,0.05482988557264362,1.2452931868937258,0.0829728259780062,0.0,2150.25,2150.2,2150.3,0.1000000000003638,4.5600051488264e-05,2150.0,2150.5,,,,,,,False
2026-03-21 16:40:00.060197482+00:00,1.5223704907481925,375.5492219451129,-0.1740491100442491,2157.404838002775,0.05482988557264362,1.3845324749291568,0.08300813024653116,0.0,2149.45,2149.4,2149.5,0.09999999999990905,4.4751123401939e-05,,,,,,,,,False
2026-03-21 16:41:00.046281872+00:00,1.7312647500041773,375.5492219451129,-0.1740491100442491,2157.404838002775,0.05482988557264362,1.5933914069822241,0.0830434574494258,0.0,2148.25,2148.2,2148.3,0.1000000000003638,4.5986606637625e-05,2148.0,2148.5,,,,,,,False
2026-03-21 16:42:00.035461114+00:00,1.7487055561127798,375.5492219451129,-0.1740491100442491,2157.404838002775,0.05482988557264362,1.6107963179867124,0.08307935255356619,0.0,2148.1499999999996,2148.1,2148.2,0.09999999999990905,4.6067431283721e-05,,,,,,,,,False
2026-03-21 16:43:00.161651367+00:00,1.7139312885955083,375.5492219451129,-0.1740491100442491,2157.404838002775,0.05482988557264362,1.5759864959777359,0.08311490704527566,0.0,2148.3500000000004,2148.3,2148.4,0.09999999999990905,4.4943522017663e-05,,,,,,,,,False
2026-03-21 16:44:00.071755319+00:00,1.766181149953705,375.5492219451129,-0.1740491100442491,2157.404838002775,0.05482988557264362,1.6282012289910424,0.08315003539014304,0.0,2148.05,2148.0,2148.1,0.09999999999990905,4.5264804632276e-05,,,,,,,,,False
2026-03-21 16:45:00.035901595+00:00,1.6791912565483054,375.5492219451129,-0.1740491100442491,2157.404838002775,0.05482988557264362,1.5411766739689177,0.08318469700688334,0.0,2148.55,2148.5,2148.6,0.09999999999990905,4.3589685778822e-05,,,,,,,,,False
2026-03-21 16:46:00.096677608+00:00,1.644415196360908,375.5492219451129,-0.1740491100442491,2157.404838002775,0.05482988557264362,1.5063668519600995,0.08321845882829616,0.0,2148.75,2148.7,2148.8,0.1000000000003638,4.2267864171005e-05,2148.5,2149.1,,,,,,,False
2026-03-21 16:47:00.048204489+00:00,1.5226124329612387,375.5492219451129,-0.1740491100442491,2157.404838002775,0.05482988557264362,1.3845324749291568,0.08325007245957718,0.0,2149.45,2149.4,2149.5,0.09999999999990905,3.9067723686642e-05,,,,,,,,,False
2026-03-21 16:48:00.032559714+00:00,1.348592985117186,375.5492219451129,-0.1740491100442491,2157.404838002775,0.05482988557264362,1.2104833648849078,0.08327973465974728,0.0,2150.45,2150.4,2150.5,0.09999999999990905,3.6061836092225e-05,,,,,,,,,False
2026-03-21 16:49:00.137577940+00:00,1.296406236409276,375.5492219451129,-0.1740491100442491,2157.404838002775,0.05482988557264362,1.1582686318716013,0.08330771896516682,0.0,2150.75,2150.7,2150.8,0.1000000000003638,3.5763530451665e-05,,,,,,,,,False
2026-03-21 16:50:00.233643324+00:00,1.3660545158805417,375.5492219451129,-0.1740491100442491,2157.404838002775,0.05482988557264362,1.2278882758892375,0.08333635441881139,0.0,2150.3500000000004,2150.3,2150.4,0.09999999999990905,3.7470361769494e-05,,,,,,,,,False
2026-03-21 16:51:00.215749311+00:00,1.453108275868981,375.5492219451129,-0.1740491100442491,2157.404838002775,0.05482988557264362,1.3149128309113622,0.08336555938511102,0.0,2149.8500000000004,2149.8,2149.9,0.09999999999990905,3.6575095805593e-05,,,,,,,,,False
2026-03-21 16:52:00.195762145+00:00,1.4705412351704623,375.5492219451129,-0.1740491100442491,2157.404838002775,0.05482988557264362,1.3323177419158505,0.08339360768207348,0.0,2149.75,2149.7,2149.8,0.1000000000003638,3.6177354744914e-05,2149.5,2150.0,,,,,,,False
2026-03-21 16:53:00.088146755+00:00,1.5053797550326045,375.5492219451129,-0.1740491100442491,2157.404838002775,0.05482988557264362,1.3671275639246685,0.08342230553540513,0.0,2149.55,2149.5,2149.6,0.09999999999990905,3.8106361061641e-05,,,,,,,,,False
2026-03-21 16:54:00.035769993+00:00,1.5750293781861968,375.5492219451129,-0.1740491100442491,2157.404838002775,0.05482988557264362,1.4367472079424632,0.08345228467120598,0.0,2149.1499999999996,2149.1,2149.2,0.09999999999990905,3.8592634604519e-05,,,,,,,,,False
2026-03-21 16:55:00.049977635+00:00,1.6446796699845965,375.5492219451129,-0.1740491100442491,2157.404838002775,0.05482988557264362,1.5063668519600995,0.08348293245198485,0.0,2148.75,2148.7,2148.8,0.1000000000003638,4.0321283227479e-05,2148.5,2149.0,,,,,,,False
2026-03-21 16:56:00.073113321+00:00,1.8187608063238792,375.5492219451129,-0.1740491100442491,2157.404838002775,0.05482988557264362,1.6804159620043486,0.08351495874704475,0.0,2147.75,2147.7,2147.8,0.1000000000003638,4.2231122378938e-05,2147.4,2148.0,,,,,,,False
2026-03-21 16:57:00.068606095+00:00,2.132082656967086,375.5492219451129,-0.1740491100442491,2157.404838002775,0.05482988557264362,1.9937043600840287,0.08354841131055991,0.0,2145.95,2145.9,2146.0,0.09999999999990905,4.2651251046094e-05,,,,,,,,,False
2026-03-21 16:58:00.070411514+00:00,2.0624956965202252,375.5492219451129,-0.1740491100442491,2157.404838002775,0.05482988557264362,1.924084716066234,0.0835810948814902,0.0,2146.3500000000004,2146.3,2146.4,0.09999999999990905,4.1718377752493e-05,,,,,,,,,False
2026-03-21 16:59:00.073063090+00:00,2.062528309083711,375.5492219451129,-0.1740491100442491,2157.404838002775,0.05482988557264362,1.924084716066234,0.08361370744497623,0.0,2146.3500000000004,2146.3,2146.4,0.09999999999990905,4.2106180488704e-05,,,,,,,,,False
2026-03-21 17:00:00.100622389+00:00,1.9929412415544625,375.5492219451129,-0.1740491100442491,2157.404838002775,0.05482988557264362,1.8544650720485978,0.08364628393334841,0.0,2146.75,2146.7,2146.8,0.1000000000003638,4.1597781061915e-05,2146.5,2147.1,,,,,,,False
2026-03-21 17:01:00.025205313+00:00,2.010354952550917,375.5492219451129,-0.1740491100442491,2157.404838002775,0.05482988557264362,1.871869983053086,0.08365508392534077,0.0,2146.6499999999996,2146.6,2146.7,0.09999999999990905,-2.4220689550898e-05,,,,,,,,,False
2026-03-21 17:02:00.039534288+00:00,1.975540104097163,375.5492219451129,-0.1740491100442491,2157.404838002775,0.05482988557264362,1.8370601610441095,0.08365005748056789,0.0,2146.8500000000004,2146.8,2146.9,0.09999999999990905,1.0966843354376e-05,,,,,,,,,False
2026-03-21 17:03:00.209991538+00:00,1.8885290111784006,375.5492219451129,-0.1740491100442491,2157.404838002775,0.05482988557264362,1.750035606021985,0.08366351958388836,0.0,2147.3500000000004,2147.3,2147.4,0.09999999999990905,2.5915830538151e-05,,,,,,,,,False
2026-03-21 17:04:00.067486273+00:00,1.8711475831617637,375.5492219451129,-0.1740491100442491,2157.404838002775,0.05482988557264362,1.732630695017655,0.08368700257159993,0.0,2147.45,2147.4,2147.5,0.09999999999990905,4.0359470541353e-05,,,,,,,,,False
2026-03-21 17:05:00.034147455+00:00,1.662317429359961,375.5492219451129,-0.1740491100442491,2157.404838002775,0.05482988557264362,1.5237717629645877,0.08371578082288712,0.0,2148.6499999999996,2148.6,2148.7,0.09999999999990905,3.2714123771934e-05,,,,,,,,,False
2026-03-21 17:06:00.259370187+00:00,1.7319639414678367,375.5492219451129,-0.1740491100442491,2157.404838002775,0.05482988557264362,1.5933914069822241,0.08374264891308526,0.0,2148.25,2148.2,2148.3,0.1000000000003638,3.7651317760337e-05,2148.0,2148.5,,,,,,,False
2026-03-21 17:07:00.226403586+00:00,1.7842120609451704,375.5492219451129,-0.1740491100442491,2157.404838002775,0.05482988557264362,1.6456061399955304,0.08377603537714648,0.0,2147.95,2147.9,2148.0,0.09999999999990905,4.6967511313612e-05,,,,,,,,,False
2026-03-21 17:08:00.107679425+00:00,1.8016554504264657,375.5492219451129,-0.1740491100442491,2157.404838002775,0.05482988557264362,1.6630110509998604,0.08381451385409341,0.0,2147.8500000000004,2147.8,2147.9,0.09999999999990905,4.9158574848073e-05,,,,,,,,,False
2026-03-21 17:09:00.215039361+00:00,2.132387236545146,375.5492219451129,-0.1740491100442491,2157.404838002775,0.05482988557264362,1.9937043600840287,0.0838529908886197,0.0,2145.95,2145.9,2146.0,0.09999999999990905,5.0935822226901e-05,,,,,,,,,False
2026-03-21 17:10:00.035787844+00:00,2.376099634554782,375.5492219451129,-0.1740491100442491,2157.404838002775,0.05482988557264362,2.2373731141459143,0.08389663483635514,0.0,2144.55,2144.5,2144.6,0.09999999999990905,5.6924409105487e-05,,,,,,,,,False
2026-03-21 17:11:00.120546809+00:00,2.463166601791493,375.5492219451129,-0.1740491100442491,2157.404838002775,0.05482988557264362,2.3243976691680386,0.0839390470509264,0.0,2144.05,2144.0,2144.1,0.09999999999990905,5.5766242071145e-05,,,,,,,,,False
2026-03-21 17:12:00.058978482+00:00,2.4458031337554553,375.5492219451129,-0.1740491100442491,2157.404838002775,0.05482988557264362,2.306992758163709,0.08398049001923723,0.0,2144.1499999999996,2144.1,2144.2,0.09999999999990905,5.188337303039e-05,,,,,,,,,False
2026-03-21 17:13:00.024786412+00:00,2.3414123879048,375.5492219451129,-0.1740491100442491,2157.404838002775,0.05482988557264362,2.202563292137096,0.08401921019518332,0.0,2144.75,2144.7,2144.8,0.1000000000003638,4.9778487035358e-05,2144.5,2145.0,,,,,,,False
2026-03-21 17:14:00.026149140+00:00,2.3240449705468773,375.5492219451129,-0.1740491100442491,2157.404838002775,0.05482988557264362,2.1851583811326076,0.08405670384177966,0.0,2144.8500000000004,2144.8,2144.9,0.09999999999990905,4.7829607688158e-05,,,,,,,,,False
2026-03-21 17:15:00.020507559+00:00,2.2892718981301288,375.5492219451129,-0.1740491100442491,2157.404838002775,0.05482988557264362,2.1503485591237896,0.08409345343384172,0.0,2145.05,2145.0,2145.1,0.09999999999990905,4.7113766439178e-05,,,,,,,,,False
2026-03-21 17:16:00.041925283+00:00,2.358927532074853,375.5492219451129,-0.1740491100442491,2157.404838002775,0.05482988557264362,2.219968203141584,0.08412944336077448,0.0,2144.6499999999996,2144.6,2144.7,0.09999999999990905,4.5627862638653e-05,,,,,,,,,False
2026-03-21 17:17:00.087617375+00:00,2.2197221347990594,375.5492219451129,-0.1740491100442491,2157.404838002775,0.05482988557264362,2.080728915106153,0.08416333412039326,0.0,2145.45,2145.4,2145.5,0.09999999999990905,4.27064134899e-05,,,,,,,,,False
2026-03-21 17:18:00.055576418+00:00,2.063110087950176,375.5492219451129,-0.1740491100442491,2157.404838002775,0.05482988557264362,1.924084716066234,0.08419548631144098,0.0,2146.3500000000004,2146.3,2146.4,0.09999999999990905,4.0001677978276e-05,,,,,,,,,False
2026-03-21 17:19:00.434809699+00:00,2.202382605528573,375.5492219451129,-0.1740491100442491,2157.404838002775,0.05482988557264362,2.063324004101665,0.08422871585436897,0.0,2145.55,2145.5,2145.6,0.09999999999990905,4.5405274626677e-05,,,,,,,,,False
2026-03-21 17:20:00.024277874+00:00,2.2024199587895277,375.5492219451129,-0.1740491100442491,2157.404838002775,0.05482988557264362,2.063324004101665,0.08426606911532383,0.0,2145.55,2145.5,2145.6,0.09999999999990905,4.9433847924793e-05,,,,,,,,,False
2026-03-21 17:21:00.036735609+00:00,2.202458189862196,375.5492219451129,-0.1740491100442491,2157.404838002775,0.05482988557264362,2.063324004101665,0.084304300187992,0.0,2145.55,2145.5,2145.6,0.09999999999990905,4.9208399035548e-05,,,,,,,,,False
2026-03-21 17:22:00.004784296+00:00,1.8369922903045561,375.5492219451129,-0.1740491100442491,2157.404838002775,0.05482988557264362,1.6978208730088369,0.08434153172320273,0.0,2147.6499999999996,2147.6,2147.7,0.09999999999990905,4.6718988594406e-05,,,,,,,,,False
2026-03-21 17:23:00.106773296+00:00,1.8370285225548877,375.5492219451129,-0.1740491100442491,2157.404838002775,0.05482988557264362,1.6978208730088369,0.08437776397353443,0.0,2147.6499999999996,2147.6,2147.7,0.09999999999990905,4.6787942374827e-05,,,,,,,,,False
2026-03-21 17:24:00.035989264+00:00,1.8892804462654567,375.5492219451129,-0.1740491100442491,2157.404838002775,0.05482988557264362,1.750035606021985,0.08441495467094455,0.0,2147.3500000000004,2147.3,2147.4,0.09999999999990905,4.7708688550651e-05,,,,,,,,,False
2026-03-21 17:25:00.024754494+00:00,1.7326734838454472,375.5492219451129,-0.1740491100442491,2157.404838002775,0.05482988557264362,1.5933914069822241,0.08445219129069571,0.0,2148.25,2148.2,2148.3,0.1000000000003638,4.7370642033538e-05,2148.0,2148.5,,,,,,,False
2026-03-21 17:26:00.036065043+00:00,1.6630899554242198,375.5492219451129,-0.1740491100442491,2157.404838002775,0.05482988557264362,1.5237717629645877,0.08448830688714613,0.0,2148.6499999999996,2148.6,2148.7,0.09999999999990905,4.5653987155126e-05,,,,,,,,,False
2026-03-21 17:27:00.037440427+00:00,1.7849608850439997,375.5492219451129,-0.1740491100442491,2157.404838002775,0.05482988557264362,1.6456061399955304,0.08452485947597574,0.0,2147.95,2147.9,2148.0,0.09999999999990905,4.9189188267397e-05,,,,,,,,,False
2026-03-21 17:28:00.029892629+00:00,1.7327842823145965,375.5492219451129,-0.1740491100442491,2157.404838002775,0.05482988557264362,1.5933914069822241,0.0845629897598451,0.0,2148.25,2148.2,2148.3,0.1000000000003638,4.9166269935335e-05,2147.9,2148.5,,,,,,,False
2026-03-21 17:29:00.058439869+00:00,1.7154176927000104,375.5492219451129,-0.1740491100442491,2157.404838002775,0.05482988557264362,1.5759864959777359,0.08460131114977787,0.0,2148.3500000000004,2148.3,2148.4,0.09999999999990905,4.9160841431308e-05,,,,,,,,,False
2026-03-21 17:30:00.079225051+00:00,1.7676721198938967,375.5492219451129,-0.1740491100442491,2157.404838002775,0.05482988557264362,1.6282012289910424,0.08464100533033492,0.0,2148.05,2148.0,2148.1,0.09999999999990905,5.2646088423852e-05,,,,,,,,,False
2026-03-21 17:31:00.130223752+00:00,1.750309061415392,375.5492219451129,-0.1740491100442491,2157.404838002775,0.05482988557264362,1.6107963179867124,0.08468285785617854,0.0,2148.1499999999996,2148.1,2148.2,0.09999999999990905,5.4091124301713e-05,,,,,,,,,False
2026-03-21 17:32:00.025930136+00:00,1.6459216531597163,375.5492219451129,-0.1740491100442491,2157.404838002775,0.05482988557264362,1.5063668519600995,0.08472491562710455,0.0,2148.75,2148.7,2148.8,0.1000000000003638,5.3731720061689e-05,,,,,,,,,False
2026-03-21 17:33:00.016348763+00:00,1.593748063136809,375.5492219451129,-0.1740491100442491,2157.404838002775,0.05482988557264362,1.4541521189467932,0.08476605861752666,0.0,2149.05,2149.0,2149.1,0.09999999999990905,5.1845607590674e-05,,,,,,,,,False
2026-03-21 17:34:00.260368529+00:00,1.5937894595713549,375.5492219451129,-0.1740491100442491,2157.404838002775,0.05482988557264362,1.4541521189467932,0.08480745505207246,0.0,2149.05,2149.0,2149.1,0.09999999999990905,5.3082545939631e-05,,,,,,,,,False
2026-03-21 17:35:00.072557970+00:00,1.6286409275339633,375.5492219451129,-0.1740491100442491,2157.404838002775,0.05482988557264362,1.4889619409556114,0.08484910100581369,0.0,2148.8500000000004,2148.8,2148.9,0.09999999999990905,5.4191928866642e-05,,,,,,,,,False
2026-03-21 17:36:00.035953516+00:00,1.55906340763937,375.5492219451129,-0.1740491100442491,2157.404838002775,0.05482988557264362,1.419342296937975,0.08489122512889805,0.0,2149.25,2149.2,2149.3,0.1000000000003638,5.3599879508957e-05,2149.0,2149.5,,,,,,,False
2026-03-21 17:37:00.062294163+00:00,1.4720801219212083,375.5492219451129,-0.1740491100442491,2157.404838002775,0.05482988557264362,1.3323177419158505,0.08493249443281936,0.0,2149.75,2149.7,2149.8,0.1000000000003638,5.216366798666e-05,2149.5,2150.1,,,,,,,False
2026-03-21 17:38:00.035169147+00:00,1.6461701182181747,375.5492219451129,-0.1740491100442491,2157.404838002775,0.05482988557264362,1.5063668519600995,0.08497338068556302,0.0,2148.75,2148.7,2148.8,0.1000000000003638,5.3211176969096e-05,2148.5,2149.0,,,,,,,False
2026-03-21 17:39:00.320634997+00:00,1.611401684442712,375.5492219451129,-0.1740491100442491,2157.404838002775,0.05482988557264362,1.4715570299512815,0.08501476891891067,0.0,2148.95,2148.9,2149.0,0.09999999999990905,5.2727812110595e-05,,,,,,,,,False
2026-03-21 17:40:00.035996892+00:00,1.5244180992936593,375.5492219451129,-0.1740491100442491,2157.404838002775,0.05482988557264362,1.3845324749291568,0.08505573879199793,0.0,2149.45,2149.4,2149.5,0.09999999999990905,5.2993992839871e-05,,,,,,,,,False
2026-03-21 17:41:00.042510751+00:00,1.541864168884516,375.5492219451129,-0.1740491100442491,2157.404838002775,0.05482988557264362,1.4019373859334867,0.08509689737850623,0.0,2149.3500000000004,2149.3,2149.4,0.09999999999990905,5.2817252632659e-05,,,,,,,,,False
2026-03-21 17:42:00.036123549+00:00,1.3678558750019476,375.5492219451129,-0.1740491100442491,2157.404838002775,0.05482988557264362,1.2278882758892375,0.08513771354021743,0.0,2150.3500000000004,2150.3,2150.4,0.09999999999990905,5.219090319095e-05,,,,,,,,,False
2026-03-21 17:43:00.042569608+00:00,1.3504919193798628,375.5492219451129,-0.1740491100442491,2157.404838002775,0.05482988557264362,1.2104833648849078,0.08517866892242416,0.0,2150.45,2150.4,2150.5,0.09999999999990905,5.259221853924e-05,,,,,,,,,False
2026-03-21 17:44:00.064018877+00:00,1.3331281395535455,375.5492219451129,-0.1740491100442491,2157.404838002775,0.05482988557264362,1.1930784538804196,0.08521980010062576,0.0,2150.55,2150.5,2150.6,0.09999999999990905,5.2818762752972e-05,,,,,,,,,False
2026-03-21 17:45:00.237330174+00:00,1.4027898102131195,375.5492219451129,-0.1740491100442491,2157.404838002775,0.05482988557264362,1.262698097898214,0.08526182674240824,0.0,2150.1499999999996,2150.1,2150.2,0.09999999999990905,5.5120068445359e-05,,,,,,,,,False
2026-03-21 17:46:00.035865428+00:00,1.3680235874076048,375.5492219451129,-0.1740491100442491,2157.404838002775,0.05482988557264362,1.2278882758892375,0.08530542594587465,0.0,2150.3500000000004,2150.3,2150.4,0.09999999999990905,5.621598792009e-05,,,,,,,,,False
2026-03-21 17:47:00.006705396+00:00,1.3680675650103296,375.5492219451129,-0.1740491100442491,2157.404838002775,0.05482988557264362,1.2278882758892375,0.0853494035485993,0.0,2150.3500000000004,2150.3,2150.4,0.09999999999990905,5.6483910547461e-05,,,,,,,,,False
2026-03-21 17:48:00.009698537+00:00,1.4899462043494325,375.5492219451129,-0.1740491100442491,2157.404838002775,0.05482988557264362,1.3497226529203388,0.08539366585658156,0.0,2149.6499999999996,2149.6,2149.7,0.09999999999990905,5.7699555323216e-05,,,,,,,,,False
2026-03-21 17:49:00.087526828+00:00,1.5073969769943525,375.5492219451129,-0.1740491100442491,2157.404838002775,0.05482988557264362,1.3671275639246685,0.085439527497153,0.0,2149.55,2149.5,2149.6,0.09999999999990905,5.9607000228753e-05,,,,,,,,,False
2026-03-21 17:50:00.093967390+00:00,1.5422542115567643,375.5492219451129,-0.1740491100442491,2157.404838002775,0.05482988557264362,1.4019373859334867,0.08548694005075443,0.0,2149.3500000000004,2149.3,2149.4,0.09999999999990905,6.2389041701179e-05,,,,,,,,,False
2026-03-21 17:51:00.033056137+00:00,1.5771128084612343,375.5492219451129,-0.1740491100442491,2157.404838002775,0.05482988557264362,1.4367472079424632,0.08553571494624346,0.0,2149.1499999999996,2149.1,2149.2,0.09999999999990905,6.2699435580308e-05,,,,,,,,,False
2026-03-21 17:52:00.153285791+00:00,1.751211027387338,375.5492219451129,-0.1740491100442491,2157.404838002775,0.05482988557264362,1.6107963179867124,0.08558482382812449,0.0,2148.1499999999996,2148.1,2148.2,0.09999999999990905,6.3460071396044e-05,,,,,,,,,False
2026-03-21 17:53:00.035759524+00:00,1.7164504228261492,375.5492219451129,-0.1740491100442491,2157.404838002775,0.05482988557264362,1.5759864959777359,0.08563404127591659,0.0,2148.3500000000004,2148.3,2148.4,0.09999999999990905,6.2597357649091e-05,,,,,,,,,False
2026-03-21 17:54:00.025585416+00:00,1.6468795257760835,375.5492219451129,-0.1740491100442491,2157.404838002775,0.05482988557264362,1.5063668519600995,0.08568278824347195,0.0,2148.75,2148.7,2148.8,0.1000000000003638,6.2889145550015e-05,,,,,,,,,False
2026-03-21 17:55:00.042809931+00:00,1.6295232898732264,375.5492219451129,-0.1740491100442491,2157.404838002775,0.05482988557264362,1.4889619409556114,0.08573146334507678,0.0,2148.8500000000004,2148.8,2148.9,0.09999999999990905,6.2180868717756e-05,,,,,,,,,False
2026-03-21 17:56:00.117518618+00:00,1.5599520824142064,375.5492219451129,-0.1740491100442491,2157.404838002775,0.05482988557264362,1.419342296937975,0.08577989990373444,0.0,2149.25,2149.2,2149.3,0.1000000000003638,6.1718768649664e-05,2149.0,2149.6,,,,,,,False
2026-03-21 17:57:00.036090358+00:00,1.6992395011199655,375.5492219451129,-0.1740491100442491,2157.404838002775,0.05482988557264362,1.558581584973406,0.08582803057402445,0.0,2148.45,2148.4,2148.5,0.09999999999990905,6.1906059224817e-05,,,,,,,,,False
2026-03-21 17:58:00.062654014+00:00,1.62966788646447,375.5492219451129,-0.1740491100442491,2157.404838002775,0.05482988557264362,1.4889619409556114,0.0858760599363205,0.0,2148.8500000000004,2148.8,2148.9,0.09999999999990905,6.1078942123509e-05,,,,,,,,,False
2026-03-21 17:59:00.035473867+00:00,1.6297152804560222,375.5492219451129,-0.1740491100442491,2157.404838002775,0.05482988557264362,1.4889619409556114,0.08592345392787261,0.0,2148.8500000000004,2148.8,2148.9,0.09999999999990905,6.0561957819263e-05,,,,,,0.0,0.0,uneconomic_spread,False
2026-03-21 18:00:00.075252989+00:00,1.6645721416089048,375.5492219451129,-0.1740491100442491,2157.404838002775,0.05482988557264362,1.5237717629645877,0.08597049307183109,0.0,2148.6499999999996,2148.6,2148.7,0.09999999999990905,6.0024710290025e-05,,,,,,,,,False
2026-03-21 18:01:00.011812514+00:00,1.6646017767744334,375.5492219451129,-0.1740491100442491,2157.404838002775,0.05482988557264362,1.5237717629645877,0.08600012823735972,0.0,2148.6499999999996,2148.6,2148.7,0.09999999999990905,8.6690166217746e-05,,,,,,,,,False
2026-03-21 18:02:00.035143890+00:00,1.4906100747247304,375.5492219451129,-0.1740491100442491,2157.404838002775,0.05482988557264362,1.3497226529203388,0.08605753623187945,0.0,2149.6499999999996,2149.6,2149.7,0.09999999999990905,5.2605675364869e-05,,,,,,,,,False
2026-03-21 18:03:00.383654630+00:00,1.5080537640954712,375.5492219451129,-0.1740491100442491,2157.404838002775,0.05482988557264362,1.3671275639246685,0.08609631459827176,0.0,2149.55,2149.5,2149.6,0.09999999999990905,4.5106349401498e-05,,,,,,,,,False
2026-03-21 18:04:00.208916933+00:00,1.5777122625170472,375.5492219451129,-0.1740491100442491,2157.404838002775,0.05482988557264362,1.4367472079424632,0.08613516900205644,0.0,2149.1499999999996,2149.1,2149.2,0.09999999999990905,5.6154327822442e-05,,,,,,,,,False
2026-03-21 18:05:00.151128712+00:00,1.664785080920886,375.5492219451129,-0.1740491100442491,2157.404838002775,0.05482988557264362,1.5237717629645877,0.08618343238381222,0.0,2148.6499999999996,2148.6,2148.7,0.09999999999990905,5.779464733426e-05,,,,,,,,,False
2026-03-21 18:06:00.435819220+00:00,1.6822325902429314,375.5492219451129,-0.1740491100442491,2157.404838002775,0.05482988557264362,1.5411766739689177,0.08622603070150928,0.0,2148.55,2148.5,2148.6,0.09999999999990905,5.5882839927419e-05,,,,,,,,,False
2026-03-21 18:07:00.180309334+00:00,1.7518982965739682,375.5492219451129,-0.1740491100442491,2157.404838002775,0.05482988557264362,1.6107963179867124,0.08627209301475477,0.0,2148.1499999999996,2148.1,2148.2,0.09999999999990905,6.3559913395548e-05,,,,,,,,,False
2026-03-21 18:08:00.102902870+00:00,1.7519460621656795,375.5492219451129,-0.1740491100442491,2157.404838002775,0.05482988557264362,1.6107963179867124,0.08631985860646586,0.0,2148.1499999999996,2148.1,2148.2,0.09999999999990905,5.8273419859831e-05,,,,,,,,,False
2026-03-21 18:09:00.363045611+00:00,1.7171801302126566,375.5492219451129,-0.1740491100442491,2157.404838002775,0.05482988557264362,1.5759864959777359,0.08636374866242405,0.0,2148.3500000000004,2148.3,2148.4,0.09999999999990905,5.0677505129501e-05,,,,,,,,,False
2026-03-21 18:10:00.027544284+00:00,1.560571903640294,375.5492219451129,-0.1740491100442491,2157.404838002775,0.05482988557264362,1.419342296937975,0.08639972112982215,0.0,2149.25,2149.2,2149.3,0.1000000000003638,3.7549668867093e-05,2149.1,,,,,,,,False
2026-03-21 18:11:00.135420873+00:00,1.490978882930353,375.5492219451129,-0.1740491100442491,2157.404838002775,0.05482988557264362,1.3497226529203388,0.08642634443750204,0.0,2149.6499999999996,2149.6,2149.7,0.09999999999990905,3.0347712505285e-05,,,,,,,,,False
2026-03-21 18:12:00.335254873+00:00,1.6128385937117158,375.5492219451129,-0.1740491100442491,2157.404838002775,0.05482988557264362,1.4715570299512815,0.08645167818791459,0.0,2148.95,2148.9,2149.0,0.09999999999990905,3.5118615481326e-05,,,,,,,,,False
2026-03-21 18:13:00.035816198+00:00,1.5084357429197266,375.5492219451129,-0.1740491100442491,2157.404838002775,0.05482988557264362,1.3671275639246685,0.08647829342252733,0.0,2149.55,2149.5,2149.6,0.09999999999990905,3.1794728317423e-05,,,,,,,,,False
2026-03-21 18:14:00.052786361+00:00,1.508460219721929,375.5492219451129,-0.1740491100442491,2157.404838002775,0.05482988557264362,1.3671275639246685,0.08650277022472969,0.0,2149.55,2149.5,2149.6,0.09999999999990905,3.2699791704642e-05,,,,,,,,,False
2026-03-21 18:15:00.036170586+00:00,1.4214619949945302,375.5492219451129,-0.1740491100442491,2157.404838002775,0.05482988557264362,1.280103008902544,0.08652910051947059,0.0,2150.05,2150.0,2150.1,0.09999999999990905,3.2788026101488e-05,,,,,,,,,False
2026-03-21 18:16:00.607801949+00:00,1.4562974919830025,375.5492219451129,-0.1740491100442491,2157.404838002775,0.05482988557264362,1.3149128309113622,0.08655477549913239,0.0,2149.8500000000004,2149.8,2149.9,0.09999999999990905,3.3749062901615e-05,,,,,,,,,False
2026-03-21 18:17:00.035353245+00:00,1.2822750084157954,375.5492219451129,-0.1740491100442491,2157.404838002775,0.05482988557264362,1.140863720867113,0.08658140197614818,0.0,2150.8500000000004,2150.8,2150.9,0.09999999999990905,3.3913222116292e-05,,,,,,,,,False
2026-03-21 18:18:00.135831888+00:00,1.3693251669921707,375.5492219451129,-0.1740491100442491,2157.404838002775,0.05482988557264362,1.2278882758892375,0.08660700553044037,0.0,2150.3500000000004,2150.3,2150.4,0.09999999999990905,3.3451859292483e-05,,,,,,,,,False
2026-03-21 18:19:00.359779220+00:00,1.4215668849357082,375.5492219451129,-0.1740491100442491,2157.404838002775,0.05482988557264362,1.280103008902544,0.08663399046064846,0.0,2150.05,2150.0,2150.1,0.09999999999990905,3.4683595762756e-05,,,,,,0.0,0.0,uneconomic_spread,False
2026-03-21 18:20:00.035516547+00:00,1.3519737005940369,375.5492219451129,-0.1740491100442491,2157.404838002775,0.05482988557264362,1.2104833648849078,0.08666045013659819,0.0,2150.45,2150.4,2150.5,0.09999999999990905,3.4171620214748e-05,,,,,,,,,False
2026-03-21 18:21:00.227792625+00:00,1.3171904468633429,375.5492219451129,-0.1740491100442491,2157.404838002775,0.05482988557264362,1.1756735428760896,0.08668701841471471,0.0,2150.6499999999996,2150.6,2150.7,0.09999999999990905,3.3764069652832e-05,,,,,,,,,False
2026-03-21 18:22:00.149137834+00:00,1.1953816357090137,375.5492219451129,-0.1740491100442491,2157.404838002775,0.05482988557264362,1.0538391658449886,0.08671258429150622,0.0,2151.3500000000004,2151.3,2151.4,0.09999999999990905,3.1555611328429e-05,,,,,,,,,False
2026-03-21 18:23:00.020566896+00:00,1.0387609142402465,375.5492219451129,-0.1740491100442491,2157.404838002775,0.05482988557264362,0.8971949668052277,0.08673606186249976,0.0,2152.25,2152.2,2152.3,0.1000000000003638,3.0187043020961e-05,,,,,,,,,False
2026-03-21 18:24:00.035874289+00:00,1.0387832376508064,375.5492219451129,-0.1740491100442491,2157.404838002775,0.05482988557264362,0.8971949668052277,0.08675838527305951,0.0,2152.25,2152.2,2152.3,0.1000000000003638,2.8316563061081e-05,2152.0,2152.5,,,,,,,False
2026-03-21 18:25:00.016908123+00:00,1.0736143080864484,375.5492219451129,-0.1740491100442491,2157.404838002775,0.05482988557264362,0.9320047888140458,0.08677963369989106,0.0,2152.05,2152.0,2152.1,0.09999999999990905,2.7280816357414e-05,,,,,,,,,False
2026-03-21 18:26:00.042239548+00:00,1.1606617461291264,375.5492219451129,-0.1740491100442491,2157.404838002775,0.05482988557264362,1.0190293438361704,0.08680251672042948,0.0,2151.55,2151.5,2151.6,0.09999999999990905,3.0114470428856e-05,,,,,,,,,False
2026-03-21 18:27:00.036436717+00:00,1.0040409404731696,375.5492219451129,-0.1740491100442491,2157.404838002775,0.05482988557264362,0.8623851447964095,0.08682591010423317,0.0,2152.45,2152.4,2152.5,0.09999999999990905,2.9975825327218e-05,,,,,,,,,False
2026-03-21 18:28:00.058820821+00:00,0.9692535257267113,375.5492219451129,-0.1740491100442491,2157.404838002775,0.05482988557264362,0.8275753227875914,0.0868483173665854,0.0,2152.6499999999996,2152.6,2152.7,0.09999999999990905,2.9169366132508e-05,,,,,,,,,False
2026-03-21 18:29:00.353350338+00:00,1.091112358228514,375.5492219451129,-0.1740491100442491,2157.404838002775,0.05482988557264362,0.9494096998185341,0.08687277283749475,0.0,2151.95,2151.9,2152.0,0.09999999999990905,3.2158507485254e-05,,,,,,,,,False
2026-03-21 18:30:00.513206975+00:00,1.1259479359465374,375.5492219451129,-0.1740491100442491,2157.404838002775,0.05482988557264362,0.9842195218273522,0.08689852854665076,0.0,2151.75,2151.7,2151.8,0.1000000000003638,3.3178110562842e-05,,2152.0,,,,,,,False
2026-03-21 18:31:00.009364344+00:00,1.1259746385072662,375.5492219451129,-0.1740491100442491,2157.404838002775,0.05482988557264362,0.9842195218273522,0.08692523110737957,0.0,2151.75,2151.7,2151.8,0.1000000000003638,3.5210675557517e-05,2151.4,2152.0,,,,,,,False
2026-03-21 18:32:00.027678863+00:00,1.1260029807152847,375.5492219451129,-0.1740491100442491,2157.404838002775,0.05482988557264362,0.9842195218273522,0.08695357331539805,0.0,2151.75,2151.7,2151.8,0.1000000000003638,3.697141808176e-05,2151.5,2152.1,,,,,,,False
2026-03-21 18:33:00.057432044+00:00,1.126032642902828,375.5492219451129,-0.1740491100442491,2157.404838002775,0.05482988557264362,0.9842195218273522,0.08698323550294139,0.0,2151.75,2151.7,2151.8,0.1000000000003638,3.8649273971354e-05,2151.5,2152.1,2151.767298567127,2151.7918883463262,0.2,-0.09208317938057951,0.5959713425397155,ok,False
2026-03-21 18:34:00.219540446+00:00,0.9172039321703824,375.5492219451129,-0.1740491100442491,2157.404838002775,0.05482988557264362,0.7753605897742849,0.08701345682358591,0.0,2152.95,2152.9,2153.0,0.09999999999990905,3.780475601537e-05,,,,,,,,,False
2026-03-21 18:35:00.107228102+00:00,0.9346379858994077,375.5492219451129,-0.1740491100442491,2157.404838002775,0.05482988557264362,0.7927655007786149,0.08704259954826275,0.0,2152.8500000000004,2152.8,2152.9,0.09999999999990905,3.8556966687263e-05,,,,,,,,,False
2026-03-21 18:36:00.026224371+00:00,0.8302391635882891,375.5492219451129,-0.1740491100442491,2157.404838002775,0.05482988557264362,0.6883360347521604,0.0870732432636323,0.0,2153.45,2153.4,2153.5,0.09999999999990905,3.8925495045651e-05,,,,,,,,,False
2026-03-21 18:37:00.288439614+00:00,0.7954587150859296,375.5492219451129,-0.1740491100442491,2157.404838002775,0.05482988557264362,0.6535262127433422,0.08710261677008323,0.0,2153.6499999999996,2153.6,2153.7,0.09999999999990905,3.7406976876309e-05,,,,,,,,,False
2026-03-21 18:38:00.321929803+00:00,0.8302971829170636,375.5492219451129,-0.1740491100442491,2157.404838002775,0.05482988557264362,0.6883360347521604,0.0871312625924068,0.0,2153.45,2153.4,2153.5,0.09999999999990905,3.6790032767656e-05,,,,,,,,,False
2026-03-21 18:39:00.036454314+00:00,0.899945791746951,375.5492219451129,-0.1740491100442491,2157.404838002775,0.05482988557264362,0.7579556787697967,0.08716022740461649,0.0,2153.05,2153.0,2153.1,0.09999999999990905,3.7449065973126e-05,,,,,,,,,False
2026-03-21 18:40:00.048529831+00:00,0.6389015102973972,375.5492219451129,-0.1740491100442491,2157.404838002775,0.05482988557264362,0.49688201370342305,0.0871896110214821,0.0,2154.55,2154.5,2154.6,0.09999999999990905,3.725868736783e-05,,,,,,,,,False
2026-03-21 18:41:00.077969106+00:00,0.6215259933134848,375.5492219451129,-0.1740491100442491,2157.404838002775,0.05482988557264362,0.4794771026990931,0.08721900504186123,0.0,2154.6499999999996,2154.6,2154.7,0.09999999999990905,3.7997900731608e-05,,,,,,,,,False
2026-03-21 18:42:00.089721463+00:00,0.6215551236538978,375.5492219451129,-0.1740491100442491,2157.404838002775,0.05482988557264362,0.4794771026990931,0.08724813538227418,0.0,2154.6499999999996,2154.6,2154.7,0.09999999999990905,3.6692599684104e-05,,,,,,0.0,0.0,uneconomic_spread,False
2026-03-21 18:43:00.163018135+00:00,0.4823444349899497,375.5492219451129,-0.1740491100442491,2157.404838002775,0.05482988557264362,0.34023781466366215,0.0872767347537953,0.0,2155.45,2155.4,2155.5,0.09999999999990905,3.617981644347e-05,,,,,,,,,False
2026-03-21 18:44:00.335496809+00:00,0.5519918916585278,375.5492219451129,-0.1740491100442491,2157.404838002775,0.05482988557264362,0.40985745868129847,0.08730454740469558,0.0,2155.05,2155.0,2155.1,0.09999999999990905,3.5868136624169e-05,,,,,,,,,False
2026-03-21 18:45:00.102993172+00:00,0.5694258352153108,375.5492219451129,-0.1740491100442491,2157.404838002775,0.05482988557264362,0.42726236968578674,0.08733357995701657,0.0,2154.95,2154.9,2155.0,0.09999999999990905,3.8218803810598e-05,,,,,,,,,False
2026-03-21 18:46:00.035699371+00:00,0.6216698201234996,375.5492219451129,-0.1740491100442491,2157.404838002775,0.05482988557264362,0.4794771026990931,0.08736283185187599,0.0,2154.6499999999996,2154.6,2154.7,0.09999999999990905,3.6969181103286e-05,,,,,,,,,False
2026-03-21 18:47:00.037258588+00:00,0.6216996497272058,375.5492219451129,-0.1740491100442491,2157.404838002775,0.05482988557264362,0.4794771026990931,0.08739266145558217,0.0,2154.6499999999996,2154.6,2154.7,0.09999999999990905,3.9410224550773e-05,,,,,,,,,False
2026-03-21 18:48:00.335806612+00:00,0.6217318686723939,375.5492219451129,-0.1740491100442491,2157.404838002775,0.05482988557264362,0.4794771026990931,0.08742488040077039,0.0,2154.6499999999996,2154.6,2154.7,0.09999999999990905,4.2480400803484e-05,,,,,,,,,False
2026-03-21 18:49:00.036046466+00:00,0.6217660144881729,375.5492219451129,-0.1740491100442491,2157.404838002775,0.05482988557264362,0.4794771026990931,0.08745902621654934,0.0,2154.6499999999996,2154.6,2154.7,0.09999999999990905,4.4754067372736e-05,,,,,,,,,False
2026-03-21 18:50:00.323494940+00:00,0.6218020645051272,375.5492219451129,-0.1740491100442491,2157.404838002775,0.05482988557264362,0.4794771026990931,0.08749507623350364,0.0,2154.6499999999996,2154.6,2154.7,0.09999999999990905,4.6943004940105e-05,,,,,,,,,False
2026-03-21 18:51:00.029878191+00:00,0.8132933747689107,375.5492219451129,-0.1740491100442491,2157.404838002775,0.05482988557264362,0.6709311237476722,0.08753236544871601,0.0,2153.55,2153.5,2153.6,0.09999999999990905,4.8721368178174e-05,,,,,,,,,False
2026-03-21 18:52:00.037098512+00:00,1.0918104265682147,375.5492219451129,-0.1740491100442491,2157.404838002775,0.05482988557264362,0.9494096998185341,0.08757084117719537,0.0,2151.95,2151.9,2152.0,0.09999999999990905,4.9979379523262e-05,,,,,,,,,False
2026-03-21 18:53:00.046593422+00:00,1.2484943339854284,375.5492219451129,-0.1740491100442491,2157.404838002775,0.05482988557264362,1.1060538988582949,0.08761054955464838,0.0,2151.05,2151.0,2151.1,0.09999999999990905,5.1654953241629e-05,,,,,,,,,False
2026-03-21 18:54:00.062374772+00:00,1.2137254516543103,375.5492219451129,-0.1740491100442491,2157.404838002775,0.05482988557264362,1.0712440768494769,0.08765148923234087,0.0,2151.25,2151.2,2151.3,0.1000000000003638,5.3138789621276e-05,,,,,,,,,False
2026-03-21 18:55:00.212394509+00:00,1.1789573169424052,375.5492219451129,-0.1740491100442491,2157.404838002775,0.05482988557264362,1.0364342548406587,0.08769317652924609,0.0,2151.45,2151.4,2151.5,0.09999999999990905,5.3575455675382e-05,,,,,,,,,False
2026-03-21 18:56:00.010931388+00:00,1.0919743622708276,375.5492219451129,-0.1740491100442491,2157.404838002775,0.05482988557264362,0.9494096998185341,0.08773477687980819,0.0,2151.95,2151.9,2152.0,0.09999999999990905,5.3908398035477e-05,,,,,,,,,False
2026-03-21 18:57:00.254284106+00:00,1.0746120234651382,375.5492219451129,-0.1740491100442491,2157.404838002775,0.05482988557264362,0.9320047888140458,0.08777734907858102,0.0,2152.05,2152.0,2152.1,0.09999999999990905,5.4870903528148e-05,,,,,,,,,False
2026-03-21 18:58:00.036194253+00:00,1.074655203465859,375.5492219451129,-0.1740491100442491,2157.404838002775,0.05482988557264362,0.9320047888140458,0.08782052907930163,0.0,2152.05,2152.0,2152.1,0.09999999999990905,5.5921462450644e-05,,,,,,0.0,0.0,uneconomic_spread,False
2026-03-21 18:59:00.036184501+00:00,1.0921039644969162,375.5492219451129,-0.1740491100442491,2157.404838002775,0.05482988557264362,0.9494096998185341,0.08786437910589687,0.0,2151.95,2151.9,2152.0,0.09999999999990905,5.6678726848363e-05,,,,,,,,,False
2026-03-21 19:00:00.095705505+00:00,1.1443630055564706,375.5492219451129,-0.1740491100442491,2157.404838002775,0.05482988557264362,1.0016244328318404,0.08790868715212188,0.0,2151.6499999999996,2151.6,2151.7,0.09999999999990905,5.678275383573e-05,,,,,,,,,False
2026-03-21 19:01:00.085654065+00:00,1.1096021285479674,375.5492219451129,-0.1740491100442491,2157.404838002775,0.05482988557264362,0.966814610822864,0.0879576321525996,0.0,2151.8500000000004,2151.8,2151.9,0.09999999999990905,0.000115331204041194,,,,,,,,,False
2026-03-21 19:02:00.016238668+00:00,0.9704520630932592,375.5492219451129,-0.1740491100442491,2157.404838002775,0.05482988557264362,0.8275753227875914,0.08804685473313317,0.0,2152.6499999999996,2152.6,2152.7,0.09999999999990905,9.5036797447294e-05,,,,,,,,,False
2026-03-21 19:03:00.008073857+00:00,0.9531101937917981,375.5492219451129,-0.1740491100442491,2157.404838002775,0.05482988557264362,0.8101704117831031,0.08810989643619103,0.0,2152.75,2152.7,2152.8,0.1000000000003638,6.0767987168177e-05,2152.5,2153.1,,,,,,,False
2026-03-21 19:04:00.089826265+00:00,0.9879630854322082,375.5492219451129,-0.1740491100442491,2157.404838002775,0.05482988557264362,0.8449802337919212,0.08815296606779073,0.0,2152.55,2152.5,2152.6,0.09999999999990905,5.7129205477095e-05,,,,,,,,,False
2026-03-21 19:05:00.293227424+00:00,0.9880117426576589,375.5492219451129,-0.1740491100442491,2157.404838002775,0.05482988557264362,0.8449802337919212,0.0882016232932415,0.0,2152.55,2152.5,2152.6,0.09999999999990905,6.7502341871639e-05,,,,,,,,,False
2026-03-21 19:06:00.035375173+00:00,1.0054611290288284,375.5492219451129,-0.1740491100442491,2157.404838002775,0.05482988557264362,0.8623851447964095,0.08824609865989216,0.0,2152.45,2152.4,2152.5,0.09999999999990905,5.3403388094894e-05,,,,,,,,,False
2026-03-21 19:07:00.102617652+00:00,1.07512471671337,375.5492219451129,-0.1740491100442491,2157.404838002775,0.05482988557264362,0.9320047888140458,0.08829004232681265,0.0,2152.05,2152.0,2152.1,0.09999999999990905,5.7197936224631e-05,,,,,,,,,False
2026-03-21 19:08:00.326051721+00:00,1.0055457049845737,375.5492219451129,-0.1740491100442491,2157.404838002775,0.05482988557264362,0.8623851447964095,0.08833067461563736,0.0,2152.45,2152.4,2152.5,0.09999999999990905,4.3123922229294e-05,,,,,,,,,False
2026-03-21 19:09:00.035054692+00:00,0.95336114262231,375.5492219451129,-0.1740491100442491,2157.404838002775,0.05482988557264362,0.8101704117831031,0.08836084526670297,0.0,2152.75,2152.7,2152.8,0.1000000000003638,3.8614880216723e-05,2152.5,2153.0,,,,,,,False
2026-03-21 19:10:00.035271947+00:00,1.0578224889098538,375.5492219451129,-0.1740491100442491,2157.404838002775,0.05482988557264362,0.9145998778097159,0.08839272552764481,0.0,2152.1499999999996,2152.1,2152.2,0.09999999999990905,4.2483544589288e-05,,,,,,,,,False
2026-03-21 19:11:00.121127692+00:00,1.075261068041411,375.5492219451129,-0.1740491100442491,2157.404838002775,0.05482988557264362,0.9320047888140458,0.08842639365485368,0.0,2152.05,2152.0,2152.1,0.09999999999990905,4.2413376891025e-05,,,,,,,,,False
2026-03-21 19:12:00.035348054+00:00,1.0752931175565785,375.5492219451129,-0.1740491100442491,2157.404838002775,0.05482988557264362,0.9320047888140458,0.0884584431700212,0.0,2152.05,2152.0,2152.1,0.09999999999990905,3.9845855525499e-05,,,,,,,,,False
2026-03-21 19:13:00.009858807+00:00,1.0579204513867433,375.5492219451129,-0.1740491100442491,2157.404838002775,0.05482988557264362,0.9145998778097159,0.0884906880045343,0.0,2152.1499999999996,2152.1,2152.2,0.09999999999990905,4.2847139551919e-05,,,,,,,,,False
2026-03-21 19:14:00.304660849+00:00,1.023145695108706,375.5492219451129,-0.1740491100442491,2157.404838002775,0.05482988557264362,0.8797900558007394,0.08852575373547794,0.0,2152.3500000000004,2152.3,2152.4,0.09999999999990905,4.7478450022429e-05,,,,,,,,,False
2026-03-21 19:15:00.082654023+00:00,1.0231842178312645,375.5492219451129,-0.1740491100442491,2157.404838002775,0.05482988557264362,0.8797900558007394,0.08856427645803648,0.0,2152.3500000000004,2152.3,2152.4,0.09999999999990905,5.2257087409547e-05,,,,,,,,,False
2026-03-21 19:16:00.104774549+00:00,1.0754406828205505,375.5492219451129,-0.1740491100442491,2157.404838002775,0.05482988557264362,0.9320047888140458,0.08860600843399326,0.0,2152.05,2152.0,2152.1,0.09999999999990905,5.5398867689393e-05,,,,,,0.0,0.0,uneconomic_spread,False
2026-03-21 19:17:00.009863104+00:00,1.1799159825563639,375.5492219451129,-0.1740491100442491,2157.404838002775,0.05482988557264362,1.0364342548406587,0.08865184214320469,0.0,2151.45,2151.4,2151.5,0.09999999999990905,6.1906072731112e-05,,,,,,,,,False
2026-03-21 19:18:00.004489428+00:00,1.110345106887741,375.5492219451129,-0.1740491100442491,2157.404838002775,0.05482988557264362,0.966814610822864,0.08870061049237339,0.0,2151.8500000000004,2151.8,2151.9,0.09999999999990905,6.1956017152334e-05,,,,,,,,,False
2026-03-21 19:19:00.036510119+00:00,1.0233689577307539,375.5492219451129,-0.1740491100442491,2157.404838002775,0.05482988557264362,0.8797900558007394,0.08874901635752601,0.0,2152.3500000000004,2152.3,2152.4,0.09999999999990905,6.3160467142131e-05,,,,,,,,,False
2026-03-21 19:20:00.074513020+00:00,1.0234194027359007,375.5492219451129,-0.1740491100442491,2157.404838002775,0.05482988557264362,0.8797900558007394,0.08879946136267283,0.0,2152.3500000000004,2152.3,2152.4,0.09999999999990905,6.6659700837831e-05,,,,,,,,,False
2026-03-21 19:21:00.375701137+00:00,0.9886624533498393,375.5492219451129,-0.1740491100442491,2157.404838002775,0.05482988557264362,0.8449802337919212,0.08885233398542185,0.0,2152.55,2152.5,2152.6,0.09999999999990905,6.8650229649202e-05,,,,,,,,,False
2026-03-21 19:22:00.052740359+00:00,1.0757406200374182,375.5492219451129,-0.1740491100442491,2157.404838002775,0.05482988557264362,0.9320047888140458,0.08890594565086105,0.0,2152.05,2152.0,2152.1,0.09999999999990905,6.8741351505514e-05,,,,,,,,,False
2026-03-21 19:23:00.107492626+00:00,0.9539587402778912,375.5492219451129,-0.1740491100442491,2157.404838002775,0.05482988557264362,0.8101704117831031,0.08895844292228418,0.0,2152.75,2152.7,2152.8,0.1000000000003638,6.5929132350895e-05,2152.5,2153.1,,,,,,,False
2026-03-21 19:24:00.235366167+00:00,0.9366055026590302,375.5492219451129,-0.1740491100442491,2157.404838002775,0.05482988557264362,0.7927655007786149,0.08901011630788525,0.0,2152.8500000000004,2152.8,2152.9,0.09999999999990905,6.6841610742311e-05,,,,,,,,,False
2026-03-21 19:25:00.072455362+00:00,0.9540629362885005,375.5492219451129,-0.1740491100442491,2157.404838002775,0.05482988557264362,0.8101704117831031,0.0890626389328934,0.0,2152.75,2152.7,2152.8,0.1000000000003638,6.8697885877005e-05,2152.5,2153.0,,,,,,,False
2026-03-21 19:26:00.127592877+00:00,0.936712284362799,375.5492219451129,-0.1740491100442491,2157.404838002775,0.05482988557264362,0.7927655007786149,0.08911689801165405,0.0,2152.8500000000004,2152.8,2152.9,0.09999999999990905,6.8926311102624e-05,,,,,,,,,False
2026-03-21 19:27:00.037185701+00:00,0.9541705164528335,375.5492219451129,-0.1740491100442491,2157.404838002775,0.05482988557264362,0.8101704117831031,0.0891702190972264,0.0,2152.75,2152.7,2152.8,0.1000000000003638,6.7742879820857e-05,,,,,,,,,False
2026-03-21 19:28:00.007624993+00:00,0.9020081326174818,375.5492219451129,-0.1740491100442491,2157.404838002775,0.05482988557264362,0.7579556787697967,0.08922256827514735,0.0,2153.05,2153.0,2153.1,0.09999999999990905,6.5653781278871e-05,,,,,,,,,False
2026-03-21 19:29:00.015563337+00:00,0.9368686089463478,375.5492219451129,-0.1740491100442491,2157.404838002775,0.05482988557264362,0.7927655007786149,0.08927322259520289,0.0,2152.8500000000004,2152.8,2152.9,0.09999999999990905,6.4993224464539e-05,,,,,,,,,False
2026-03-21 19:30:00.072442655+00:00,0.9717291654259596,375.5492219451129,-0.1740491100442491,2157.404838002775,0.05482988557264362,0.8275753227875914,0.08932395706583364,0.0,2152.6499999999996,2152.6,2152.7,0.09999999999990905,6.4399389973674e-05,,,,,,,,,False
2026-03-21 19:31:00.035684881+00:00,0.9717795090017353,375.5492219451129,-0.1740491100442491,2157.404838002775,0.05482988557264362,0.8275753227875914,0.0893743006416093,0.0,2152.6499999999996,2152.6,2152.7,0.09999999999990905,6.4410332860498e-05,,,,,,,,,False
2026-03-21 19:32:00.254849053+00:00,1.1284739642412212,375.5492219451129,-0.1740491100442491,2157.404838002775,0.05482988557264362,0.9842195218273522,0.08942455684133466,0.0,2151.75,2151.7,2151.8,0.1000000000003638,6.4086556650416e-05,2151.4,2152.0,,,,,,,False
2026-03-21 19:33:00.008995762+00:00,1.3373832798001488,375.5492219451129,-0.1740491100442491,2157.404838002775,0.05482988557264362,1.1930784538804196,0.08947494034722907,0.0,2150.55,2150.5,2150.6,0.09999999999990905,6.7221218415758e-05,,,,,,,,,False
2026-03-21 19:34:00.235676521+00:00,1.3026262703333806,375.5492219451129,-0.1740491100442491,2157.404838002775,0.05482988557264362,1.1582686318716013,0.08952775288927131,0.0,2150.75,2150.7,2150.8,0.1000000000003638,6.7775805601889e-05,,2151.0,,,,,,,False
2026-03-21 19:35:00.034916300+00:00,1.3722991054087441,375.5492219451129,-0.1740491100442491,2157.404838002775,0.05482988557264362,1.2278882758892375,0.08958094394701394,0.0,2150.3500000000004,2150.3,2150.4,0.09999999999990905,6.7574415954333e-05,,,,,,,,,False
2026-03-21 19:36:00.035449549+00:00,1.3201365059056085,375.5492219451129,-0.1740491100442491,2157.404838002775,0.05482988557264362,1.1756735428760896,0.08963307745698032,0.0,2150.6499999999996,2150.6,2150.7,0.09999999999990905,6.6639664008644e-05,,,,,,,,,False
2026-03-21 19:37:00.102522183+00:00,1.2331635286764684,375.5492219451129,-0.1740491100442491,2157.404838002775,0.05482988557264362,1.088648987853965,0.08968465524997987,0.0,2151.1499999999996,2151.1,2151.2,0.09999999999990905,6.5430681674806e-05,,,,,,,,,False
2026-03-21 19:38:00.236421737+00:00,1.3898586551711607,375.5492219451129,-0.1740491100442491,2157.404838002775,0.05482988557264362,1.2452931868937258,0.08973558270491158,0.0,2150.25,2150.2,2150.3,0.1000000000003638,6.5348365578385e-05,2150.0,2150.5,,,,,,,False
2026-03-21 19:39:00.137798355+00:00,1.4595295396392483,375.5492219451129,-0.1740491100442491,2157.404838002775,0.05482988557264362,1.3149128309113622,0.08978682315537832,0.0,2149.8500000000004,2149.8,2149.9,0.09999999999990905,6.5784700018836e-05,,,,,,0.0,0.0,uneconomic_spread,False
2026-03-21 19:40:00.040494055+00:00,1.5117953537131938,375.5492219451129,-0.1740491100442491,2157.404838002775,0.05482988557264362,1.3671275639246685,0.08983790421599448,0.0,2149.55,2149.5,2149.6,0.09999999999990905,6.5684439287929e-05,,,,,,,,,False
2026-03-21 19:41:00.226395172+00:00,1.494442147784265,375.5492219451129,-0.1740491100442491,2157.404838002775,0.05482988557264362,1.3497226529203388,0.08988960929141401,0.0,2149.6499999999996,2149.6,2149.7,0.09999999999990905,6.6354821176146e-05,,,,,,,,,False
2026-03-21 19:42:00.157778052+00:00,1.4770893163683967,375.5492219451129,-0.1740491100442491,2157.404838002775,0.05482988557264362,1.3323177419158505,0.08994168888000766,0.0,2149.75,2149.7,2149.8,0.1000000000003638,6.6925217842027e-05,2149.5,2150.0,,,,,,,False
2026-03-21 19:43:00.058271436+00:00,1.4249259871403872,375.5492219451129,-0.1740491100442491,2157.404838002775,0.05482988557264362,1.280103008902544,0.08999309266532773,0.0,2150.05,2150.0,2150.1,0.09999999999990905,6.5294565055639e-05,,,,,,,,,False
2026-03-21 19:44:00.035456449+00:00,1.424975917172507,375.5492219451129,-0.1740491100442491,2157.404838002775,0.05482988557264362,1.280103008902544,0.09004302269744725,0.0,2150.05,2150.0,2150.1,0.09999999999990905,6.3211033075775e-05,,,,,,,,,False
2026-03-21 19:45:00.539875389+00:00,1.4250242303953897,375.5492219451129,-0.1740491100442491,2157.404838002775,0.05482988557264362,1.280103008902544,0.09009133592033022,0.0,2150.05,2150.0,2150.1,0.09999999999990905,6.0296645234717e-05,,,,,,,,,False
2026-03-21 19:46:00.035405300+00:00,1.3554496677524606,375.5492219451129,-0.1740491100442491,2157.404838002775,0.05482988557264362,1.2104833648849078,0.09013641729502182,0.0,2150.45,2150.4,2150.5,0.09999999999990905,5.7404191771397e-05,,,,,,,,,False
2026-03-21 19:47:00.036665252+00:00,1.3380886388494795,375.5492219451129,-0.1740491100442491,2157.404838002775,0.05482988557264362,1.1930784538804196,0.09018029939655973,0.0,2150.55,2150.5,2150.6,0.09999999999990905,5.559666842905e-05,,,,,,,,,False
2026-03-21 19:48:00.063437440+00:00,1.3033217341376273,375.5492219451129,-0.1740491100442491,2157.404838002775,0.05482988557264362,1.1582686318716013,0.09022321669351786,0.0,2150.75,2150.7,2150.8,0.1000000000003638,5.4546947396681e-05,2150.5,2151.1,,,,,,,False
2026-03-21 19:49:00.052014099+00:00,1.1641238305369817,375.5492219451129,-0.1740491100442491,2157.404838002775,0.05482988557264362,1.0190293438361704,0.09026460112828454,0.0,2151.55,2151.5,2151.6,0.09999999999990905,5.1982850498299e-05,,,,,,,,,False
2026-03-21 19:50:00.004500945+00:00,1.2685941942176893,375.5492219451129,-0.1740491100442491,2157.404838002775,0.05482988557264362,1.1234588098627831,0.09030549878239025,0.0,2150.95,2150.9,2151.0,0.09999999999990905,5.3116512941226e-05,,,,,,,,,False
2026-03-21 19:51:00.139308768+00:00,1.3208508571761202,375.5492219451129,-0.1740491100442491,2157.404838002775,0.05482988557264362,1.1756735428760896,0.09034742872749191,0.0,2150.6499999999996,2150.6,2150.7,0.09999999999990905,5.3787570650317e-05,,,,,,,,,False
2026-03-21 19:52:00.235361859+00:00,1.3208931771923997,375.5492219451129,-0.1740491100442491,2157.404838002775,0.05482988557264362,1.1756735428760896,0.09038974874377148,0.0,2150.6499999999996,2150.6,2150.7,0.09999999999990905,5.4409394281489e-05,,,,,,,,,False
2026-03-21 19:53:00.035837786+00:00,1.3035304088465558,375.5492219451129,-0.1740491100442491,2157.404838002775,0.05482988557264362,1.1582686318716013,0.09043189140244641,0.0,2150.75,2150.7,2150.8,0.1000000000003638,5.3905343464751e-05,2150.5,2151.0,,,,,,,False
2026-03-21 19:54:00.086887215+00:00,1.2861674986375078,375.5492219451129,-0.1740491100442491,2157.404838002775,0.05482988557264362,1.140863720867113,0.09047389219786044,0.0,2150.8500000000004,2150.8,2150.9,0.09999999999990905,5.3635376364917e-05,,,,,,,,,False
2026-03-21 19:55:00.036097384+00:00,1.2339941920066677,375.5492219451129,-0.1740491100442491,2157.404838002775,0.05482988557264362,1.088648987853965,0.09051531858017929,0.0,2151.1499999999996,2151.1,2151.2,0.09999999999990905,5.2957093390251e-05,,,,,,,,,False
2026-03-21 19:56:00.006829209+00:00,1.2688452858474848,375.5492219451129,-0.1740491100442491,2157.404838002775,0.05482988557264362,1.1234588098627831,0.0905565904121859,0.0,2150.95,2150.9,2151.0,0.09999999999990905,5.3246987676413e-05,,,,,,,,,False
2026-03-21 19:57:00.035806004+00:00,0.9730032102213567,375.5492219451129,-0.1740491100442491,2157.404838002775,0.05482988557264362,0.8275753227875914,0.09059800186123083,0.0,2152.6499999999996,2152.6,2152.7,0.09999999999990905,5.2130978426189e-05,,,,,,,,,False
2026-03-21 19:58:00.135682560+00:00,0.9730434713648484,375.5492219451129,-0.1740491100442491,2157.404838002775,0.05482988557264362,0.8275753227875914,0.09063826300472248,0.0,2152.6499999999996,2152.6,2152.7,0.09999999999990905,5.1181817591612e-05,,,,,,,,,False
2026-03-21 19:59:00.021153053+00:00,1.0252979146169867,375.5492219451129,-0.1740491100442491,2157.404838002775,0.05482988557264362,0.8797900558007394,0.09067797324375888,0.0,2152.3500000000004,2152.3,2152.4,0.09999999999990905,5.1041741225463e-05,,,,,,,,,False
2026-03-21 20:00:00.037258821+00:00,1.0253374143379737,375.5492219451129,-0.1740491100442491,2157.404838002775,0.05482988557264362,0.8797900558007394,0.09071747296474567,0.0,2152.3500000000004,2152.3,2152.4,0.09999999999990905,4.9860618693894e-05,,,,,,,,,False
2026-03-21 20:01:00.089539758+00:00,1.0079853401249028,375.5492219451129,-0.1740491100442491,2157.404838002775,0.05482988557264362,0.8623851447964095,0.09077030975596644,0.0,2152.45,2152.4,2152.5,0.09999999999990905,5.8423032706481e-05,,,,,,,,,False
2026-03-21 20:02:00.387575493+00:00,0.9732064900840247,375.5492219451129,-0.1740491100442491,2157.404838002775,0.05482988557264362,0.8275753227875914,0.09080128172389881,0.0,2152.6499999999996,2152.6,2152.7,0.09999999999990905,2.8163706268516e-05,,,,,,,,,False
2026-03-21 20:03:00.009419797+00:00,0.9036159148310324,375.5492219451129,-0.1740491100442491,2157.404838002775,0.05482988557264362,0.7579556787697967,0.09083035048869792,0.0,2153.05,2153.0,2153.1,0.09999999999990905,3.8655249209331e-05,,,,,,,,,False
2026-03-21 20:04:00.058140816+00:00,1.0428888137994794,375.5492219451129,-0.1740491100442491,2157.404838002775,0.05482988557264362,0.8971949668052277,0.09086396142173256,0.0,2152.25,2152.2,2152.3,0.1000000000003638,5.2568114202473e-05,2151.9,2152.5,2152.2310064379153,2152.2470657095346,0.2,-0.12051820464738217,-0.6298712416957742,ok,False
2026-03-21 20:05:00.058767997+00:00,1.060341746646038,375.5492219451129,-0.1740491100442491,2157.404838002775,0.05482988557264362,0.9145998778097159,0.09091198326382911,0.0,2152.1499999999996,2152.1,2152.2,0.09999999999990905,6.7012683562814e-05,,,,,,,,,False
2026-03-21 20:06:00.035345610+00:00,1.1822369785979516,375.5492219451129,-0.1740491100442491,2157.404838002775,0.05482988557264362,1.0364342548406587,0.09097283818479246,0.0,2151.45,2151.4,2151.5,0.09999999999990905,8.4796386873251e-05,,,,,,,,,False
2026-03-21 20:07:00.008182202+00:00,1.1823052948409891,375.5492219451129,-0.1740491100442491,2157.404838002775,0.05482988557264362,1.0364342548406587,0.09104115442782994,0.0,2151.45,2151.4,2151.5,0.09999999999990905,8.9686216737771e-05,,,,,,,,,False
2026-03-21 20:08:00.036476037+00:00,1.2171866436559167,375.5492219451129,-0.1740491100442491,2157.404838002775,0.05482988557264362,1.0712440768494769,0.09111268123394714,0.0,2151.25,2151.2,2151.3,0.1000000000003638,9.2366871869495e-05,,2151.5,,,,,,,False
2026-03-21 20:09:00.044899943+00:00,1.2346657433282413,375.5492219451129,-0.1740491100442491,2157.404838002775,0.05482988557264362,1.088648987853965,0.09118686990175279,0.0,2151.1499999999996,2151.1,2151.2,0.09999999999990905,9.804757358997e-05,,,,,,,,,False
2026-03-21 20:10:00.037074998+00:00,1.1303109721166271,375.5492219451129,-0.1740491100442491,2157.404838002775,0.05482988557264362,0.9842195218273522,0.0912615647167406,0.0,2151.75,2151.7,2151.8,0.1000000000003638,8.9539526578165e-05,2151.5,2152.1,,,,,,,False
2026-03-21 20:11:00.023222406+00:00,1.0607518638294198,375.5492219451129,-0.1740491100442491,2157.404838002775,0.05482988557264362,0.9145998778097159,0.09132210044721081,0.0,2152.1499999999996,2152.1,2152.2,0.09999999999990905,6.878523258932e-05,,,,,,,,,False
2026-03-21 20:12:00.036456333+00:00,1.0608035055056337,375.5492219451129,-0.1740491100442491,2157.404838002775,0.05482988557264362,0.9145998778097159,0.0913737421234248,0.0,2152.1499999999996,2152.1,2152.2,0.09999999999990905,6.5859120299657e-05,,,,,,,,,False
2026-03-21 20:13:00.147201840+00:00,1.0086384037763585,375.5492219451129,-0.1740491100442491,2157.404838002775,0.05482988557264362,0.8623851447964095,0.09142337340742213,0.0,2152.45,2152.4,2152.5,0.09999999999990905,5.991325793929e-05,,,,,,,,,False
2026-03-21 20:14:00.293197683+00:00,0.8694427617628945,375.5492219451129,-0.1740491100442491,2157.404838002775,0.05482988557264362,0.7231458567609785,0.09146701942942724,0.0,2153.25,2153.2,2153.3,0.1000000000003638,5.1940687343155e-05,2153.0,2153.6,,,,,,,False
2026-03-21 20:15:00.028037818+00:00,0.9391015381324481,375.5492219451129,-0.1740491100442491,2157.404838002775,0.05482988557264362,0.7927655007786149,0.09150615178130315,0.0,2152.8500000000004,2152.8,2152.9,0.09999999999990905,5.0582162692448e-05,,,,,,,,,False
2026-03-21 20:16:00.018802067+00:00,0.9913567278986144,375.5492219451129,-0.1740491100442491,2157.404838002775,0.05482988557264362,0.8449802337919212,0.09154660853419694,0.0,2152.55,2152.5,2152.6,0.09999999999990905,5.3716810581052e-05,,,,,,,,,False
2026-03-21 20:17:00.192171801+00:00,1.0436146682364869,375.5492219451129,-0.1740491100442491,2157.404838002775,0.05482988557264362,0.8971949668052277,0.09158981585874013,0.0,2152.25,2152.2,2152.3,0.1000000000003638,5.5708145589301e-05,,2152.5,,,,,,,False
2026-03-21 20:18:00.036227443+00:00,1.2699248986195957,375.5492219451129,-0.1740491100442491,2157.404838002775,0.05482988557264362,1.1234588098627831,0.0916362031842967,0.0,2150.95,2150.9,2151.0,0.09999999999990905,6.1551000200903e-05,,,,,,,,,False
2026-03-21 20:19:00.392331516+00:00,1.1481382227746715,375.5492219451129,-0.1740491100442491,2157.404838002775,0.05482988557264362,1.0016244328318404,0.09168390437032278,0.0,2151.6499999999996,2151.6,2151.7,0.09999999999990905,6.026825434928e-05,,,,,,,,,False
2026-03-21 20:20:00.037572242+00:00,1.0785641148371075,375.5492219451129,-0.1740491100442491,2157.404838002775,0.05482988557264362,0.9320047888140458,0.09172944045055013,0.0,2152.05,2152.0,2152.1,0.09999999999990905,5.7181133611206e-05,,,,,,,,,False
2026-03-21 20:21:00.066933437+00:00,0.9045573375925102,375.5492219451129,-0.1740491100442491,2157.404838002775,0.05482988557264362,0.7579556787697967,0.09177177325017566,0.0,2153.05,2153.0,2153.1,0.09999999999990905,5.1922435614407e-05,,,,,,,,,False
2026-03-21 20:22:00.036100122+00:00,0.8871926036184481,375.5492219451129,-0.1740491100442491,2157.404838002775,0.05482988557264362,0.7405507677654668,0.091811950280462,0.0,2153.1499999999996,2153.1,2153.2,0.09999999999990905,5.0368494330185e-05,,,,,,,,,False
2026-03-21 20:23:00.084992334+00:00,0.8872318079068197,375.5492219451129,-0.1740491100442491,2157.404838002775,0.05482988557264362,0.7405507677654668,0.09185115456883357,0.0,2153.1499999999996,2153.1,2153.2,0.09999999999990905,4.9296480067769e-05,,,,,,,,,False
2026-03-21 20:24:00.077430505+00:00,0.5565757746966181,375.5492219451129,-0.1740491100442491,2157.404838002775,0.05482988557264362,0.40985745868129847,0.09188843044278595,0.0,2155.05,2155.0,2155.1,0.09999999999990905,4.4587646846144e-05,,,,,,,,,False
2026-03-21 20:25:00.131455823+00:00,0.6784450799136068,375.5492219451129,-0.1740491100442491,2157.404838002775,0.05482988557264362,0.5316918357122412,0.09192335862882434,0.0,2154.3500000000004,2154.3,2154.4,0.09999999999990905,4.6153001369793e-05,,,,,,,,,False
2026-03-21 20:26:00.136053701+00:00,0.6958865688934706,375.5492219451129,-0.1740491100442491,2157.404838002775,0.05482988557264362,0.5490967467167295,0.09195993660422606,0.0,2154.25,2154.2,2154.3,0.1000000000003638,4.6983404280661e-05,2154.0,2154.5,,,,,,,False
2026-03-21 20:27:00.045775732+00:00,0.6611124644743469,375.5492219451129,-0.1740491100442491,2157.404838002775,0.05482988557264362,0.5142869247079113,0.09199565419391281,0.0,2154.45,2154.4,2154.5,0.09999999999990905,4.5372604869503e-05,,,,,,,,,False
2026-03-21 20:28:00.128757697+00:00,0.730768236216286,375.5492219451129,-0.1740491100442491,2157.404838002775,0.05482988557264362,0.5839065687255476,0.09203178191823098,0.0,2154.05,2154.0,2154.1,0.09999999999990905,4.7153292646958e-05,,,,,,,,,False
2026-03-21 20:29:00.036213256+00:00,0.7308056142918782,375.5492219451129,-0.1740491100442491,2157.404838002775,0.05482988557264362,0.5839065687255476,0.09206915999382327,0.0,2154.05,2154.0,2154.1,0.09999999999990905,4.9621346030915e-05,,,,,,,,,False
2026-03-21 20:30:00.035694599+00:00,0.7308447670158058,375.5492219451129,-0.1740491100442491,2157.404838002775,0.05482988557264362,0.5839065687255476,0.09210831271775087,0.0,2154.05,2154.0,2154.1,0.09999999999990905,5.0712756283617e-05,,,,,,,,,False
2026-03-21 20:31:00.086217057+00:00,0.5394294721326582,375.5492219451129,-0.1740491100442491,2157.404838002775,0.05482988557264362,0.3924525476769686,0.09214703888317449,0.0,2155.1499999999996,2155.1,2155.2,0.09999999999990905,4.8075340495984e-05,,,,,,,,,False
2026-03-21 20:32:00.047210735+00:00,0.4872512701305348,375.5492219451129,-0.1740491100442491,2157.404838002775,0.05482988557264362,0.34023781466366215,0.09218356989438034,0.0,2155.45,2155.4,2155.5,0.09999999999990905,4.5698029308868e-05,,,,,,,,,False
2026-03-21 20:33:00.046362915+00:00,0.46988185424854223,375.5492219451129,-0.1740491100442491,2157.404838002775,0.05482988557264362,0.32283290365917394,0.09221906501684983,0.0,2155.55,2155.5,2155.6,0.09999999999990905,4.3588996898254e-05,,,,,,,,,False
2026-03-21 20:34:00.102623257+00:00,0.46991564405580355,375.5492219451129,-0.1740491100442491,2157.404838002775,0.05482988557264362,0.32283290365917394,0.09225285482411119,0.0,2155.55,2155.5,2155.6,0.09999999999990905,4.2730117276081e-05,,,,,,,,,False
2026-03-21 20:35:00.236305140+00:00,0.6265942343729956,375.5492219451129,-0.1740491100442491,2157.404838002775,0.05482988557264362,0.4794771026990931,0.092287246101372,0.0,2154.6499999999996,2154.6,2154.7,0.09999999999990905,4.607092940878e-05,,,,,,,,,False
2026-03-21 20:36:00.035663037+00:00,0.6788455215265302,375.5492219451129,-0.1740491100442491,2157.404838002775,0.05482988557264362,0.5316918357122412,0.09232380024174784,0.0,2154.3500000000004,2154.3,2154.4,0.09999999999990905,4.7631169939859e-05,,,,,,,,,False
2026-03-21 20:37:00.037541993+00:00,0.6614780001730272,375.5492219451129,-0.1740491100442491,2157.404838002775,0.05482988557264362,0.5142869247079113,0.09236118989259307,0.0,2154.45,2154.4,2154.5,0.09999999999990905,4.7905848631779e-05,,,,,,,,,False
2026-03-21 20:38:00.235944544+00:00,0.5918952371214828,375.5492219451129,-0.1740491100442491,2157.404838002775,0.05482988557264362,0.44466728069011663,0.09239807085884025,0.0,2154.8500000000004,2154.8,2154.9,0.09999999999990905,4.564528044332e-05,,,,,,,,,False
2026-03-21 20:39:00.073333406+00:00,0.33085733558832603,375.5492219451129,-0.1740491100442491,2157.404838002775,0.05482988557264362,0.183593615623743,0.09243383439204593,0.0,2156.3500000000004,2156.3,2156.4,0.09999999999990905,4.2635566624236e-05,,,,,,,,,False
2026-03-21 20:40:00.236748792+00:00,0.48753544890835165,375.5492219451129,-0.1740491100442491,2157.404838002775,0.05482988557264362,0.34023781466366215,0.09246774867219719,0.0,2155.45,2155.4,2155.5,0.09999999999990905,4.4943066584025e-05,,,,,,,,,False
2026-03-21 20:41:00.062846947+00:00,0.2961167849620822,375.5492219451129,-0.1740491100442491,2157.404838002775,0.05482988557264362,0.14878379361492483,0.09250310577466943,0.0,2156.55,2156.5,2156.6,0.09999999999990905,4.7036680267403e-05,,,,,,,,,False
2026-03-21 20:42:00.178893108+00:00,0.43539427636857025,375.5492219451129,-0.1740491100442491,2157.404838002775,0.05482988557264362,0.2880230816503558,0.09254130914568831,0.0,2155.75,2155.7,2155.8,0.1000000000003638,5.1300997458341e-05,,2156.0,,,,,,,False
2026-03-21 20:43:00.158893065+00:00,0.4354355025375372,375.5492219451129,-0.1740491100442491,2157.404838002775,0.05482988557264362,0.2880230816503558,0.09258253531465527,0.0,2155.75,2155.7,2155.8,0.1000000000003638,5.5267978017276e-05,,2156.0,,,,,,,False
2026-03-21 20:44:00.045468532+00:00,0.4702895479999797,375.5492219451129,-0.1740491100442491,2157.404838002775,0.05482988557264362,0.32283290365917394,0.09262675876828727,0.0,2155.55,2155.5,2155.6,0.09999999999990905,5.9168995035274e-05,,,,,,,,,False
2026-03-21 20:45:00.036885361+00:00,0.4529317054164413,375.5492219451129,-0.1740491100442491,2157.404838002775,0.05482988557264362,0.305427992654844,0.09267382718909727,0.0,2155.6499999999996,2155.6,2155.7,0.09999999999990905,6.1465192867445e-05,,,,,,,,,False
2026-03-21 20:46:00.254306413+00:00,0.3485504802299564,375.5492219451129,-0.1740491100442491,2157.404838002775,0.05482988557264362,0.2009985266282312,0.09272206802921423,0.0,2156.25,2156.2,2156.3,0.1000000000003638,6.1826345585059e-05,,,,,,,,,False
2026-03-21 20:47:00.175781460+00:00,0.3834090970524091,375.5492219451129,-0.1740491100442491,2157.404838002775,0.05482988557264362,0.2358083486370494,0.09277086284285653,0.0,2156.05,2156.0,2156.1,0.09999999999990905,6.3345102942607e-05,,,,,,,,,False
2026-03-21 20:48:00.049013685+00:00,0.4356735897531552,375.5492219451129,-0.1740491100442491,2157.404838002775,0.05482988557264362,0.2880230816503558,0.09282062253027323,0.0,2155.75,2155.7,2155.8,0.1000000000003638,6.4776022885235e-05,2155.4,2156.0,,,,,,,False
2026-03-21 20:49:00.120241576+00:00,0.4009149307472367,375.5492219451129,-0.1740491100442491,2157.404838002775,0.05482988557264362,0.2532132596415376,0.09287178553316525,0.0,2155.95,2155.9,2156.0,0.09999999999990905,6.614075251513e-05,,,,,,,,,False
2026-03-21 20:50:00.060193710+00:00,0.4531813223917188,375.5492219451129,-0.1740491100442491,2157.404838002775,0.05482988557264362,0.305427992654844,0.09292344416437481,0.0,2155.6499999999996,2155.6,2155.7,0.09999999999990905,6.6973052495944e-05,,,,,,,,,False
2026-03-21 20:51:00.082991513+00:00,0.5228535849476584,375.5492219451129,-0.1740491100442491,2157.404838002775,0.05482988557264362,0.3750476366724803,0.09297606270263666,0.0,2155.25,2155.2,2155.3,0.1000000000003638,6.8299223358904e-05,,,,,,,,,False
2026-03-21 20:52:00.035188319+00:00,0.5403116202102328,375.5492219451129,-0.1740491100442491,2157.404838002775,0.05482988557264362,0.3924525476769686,0.09302918696074904,0.0,2155.1499999999996,2155.1,2155.2,0.09999999999990905,6.80700330243e-05,,,,,,,,,False
2026-03-21 20:53:00.244415867+00:00,0.48815025596682116,375.5492219451129,-0.1740491100442491,2157.404838002775,0.05482988557264362,0.34023781466366215,0.09308255573066672,0.0,2155.45,2155.4,2155.5,0.09999999999990905,6.8150810135117e-05,,,,,,,,,False
2026-03-21 20:54:00.036111186+00:00,0.5056085952910746,375.5492219451129,-0.1740491100442491,2157.404838002775,0.05482988557264362,0.3576427256679921,0.0931359840505718,0.0,2155.3500000000004,2155.3,2155.4,0.09999999999990905,6.8915946477491e-05,,,,,,,,,False
2026-03-21 20:55:00.035350769+00:00,0.4012331298771302,375.5492219451129,-0.1740491100442491,2157.404838002775,0.05482988557264362,0.2532132596415376,0.0931899846630587,0.0,2155.95,2155.9,2156.0,0.09999999999990905,6.9070703251252e-05,,,,,,,,,False
2026-03-21 20:56:00.007673797+00:00,0.34907232998135296,375.5492219451129,-0.1740491100442491,2157.404838002775,0.05482988557264362,0.2009985266282312,0.0932439177806108,0.0,2156.25,2156.2,2156.3,0.1000000000003638,6.927071057329e-05,,,,,,,,,False
2026-03-21 20:57:00.037097697+00:00,0.3665313816607152,375.5492219451129,-0.1740491100442491,2157.404838002775,0.05482988557264362,0.21840343763271944,0.09329805845551097,0.0,2156.1499999999996,2156.1,2156.2,0.09999999999990905,6.9190079318184e-05,,,,,,,,,False
2026-03-21 20:58:00.366231910+00:00,0.436205733115361,375.5492219451129,-0.1740491100442491,2157.404838002775,0.05482988557264362,0.2880230816503558,0.09335276589247903,0.0,2155.75,2155.7,2155.8,0.1000000000003638,6.9621417418226e-05,2155.4,2156.0,,,,,,,False
2026-03-21 20:59:00.036027328+00:00,0.31442502282604595,375.5492219451129,-0.1740491100442491,2157.404838002775,0.05482988557264362,0.16618870461941304,0.09340643263411423,0.0,2156.45,2156.4,2156.5,0.09999999999990905,6.8341344150231e-05,,,,,,,,,False
2026-03-21 21:00:00.155659003+00:00,0.3840973736062515,375.5492219451129,-0.1740491100442491,2157.404838002775,0.05482988557264362,0.2358083486370494,0.0934591393966989,0.0,2156.05,2156.0,2156.1,0.09999999999990905,6.7622741513116e-05,,,,,,,,,False
2026-03-21 21:01:00.070488514+00:00,0.45378537069694935,375.5492219451129,-0.1740491100442491,2157.404838002775,0.05482988557264362,0.305427992654844,0.09352749246960537,0.0,2155.6499999999996,2155.6,2155.7,0.09999999999990905,8.0300041167269e-05,,,,,,,,,False
2026-03-21 21:02:00.054443164+00:00,0.4538683743639249,375.5492219451129,-0.1740491100442491,2157.404838002775,0.05482988557264362,0.305427992654844,0.0936104961365809,0.0,2155.6499999999996,2155.6,2155.7,0.09999999999990905,0.000116362637990062,,,,,,,,,False
2026-03-21 21:03:00.085398509+00:00,0.6106157982526863,375.5492219451129,-0.1740491100442491,2157.404838002775,0.05482988557264362,0.4620721916946049,0.09371372098558163,0.0,2154.75,2154.7,2154.8,0.1000000000003638,0.000140679807132551,2154.4,2155.0,2154.722292143647,2154.7079959575644,0.2,-0.22170306365200745,-0.804157127054768,ok,False
2026-03-21 21:04:00.043041597+00:00,0.6107249374877267,375.5492219451129,-0.1740491100442491,2157.404838002775,0.05482988557264362,0.4620721916946049,0.09382286022062206,0.0,2154.75,2154.7,2154.8,0.1000000000003638,0.00013680548375167,2154.5,2155.0,,,,,,,False
2026-03-21 21:05:00.057403435+00:00,0.5412082510914742,375.5492219451129,-0.1740491100442491,2157.404838002775,0.05482988557264362,0.3924525476769686,0.09392581784199035,0.0,2155.1499999999996,2155.1,2155.2,0.09999999999990905,0.000125196566572819,,,,,,,,,False
2026-03-21 21:06:00.105762883+00:00,0.5586993286656659,375.5492219451129,-0.1740491100442491,2157.404838002775,0.05482988557264362,0.40985745868129847,0.09401198441183364,0.0,2155.05,2155.0,2155.1,0.09999999999990905,0.000103967676899344,,,,,,,,,False
2026-03-21 21:07:00.021710498+00:00,0.4543425742788426,375.5492219451129,-0.1740491100442491,2157.404838002775,0.05482988557264362,0.305427992654844,0.0940846960514986,0.0,2155.6499999999996,2155.6,2155.7,0.09999999999990905,8.6205882816027e-05,,,,,,,,,False
2026-03-21 21:08:00.034662094+00:00,0.4021906271166452,375.5492219451129,-0.1740491100442491,2157.404838002775,0.05482988557264362,0.2532132596415376,0.09414748190257372,0.0,2155.95,2155.9,2156.0,0.09999999999990905,7.6886547246903e-05,,,,,,,,,False
2026-03-21 21:09:00.009808432+00:00,0.31522264155326957,375.5492219451129,-0.1740491100442491,2157.404838002775,0.05482988557264362,0.16618870461941304,0.09420405136133786,0.0,2156.45,2156.4,2156.5,0.09999999999990905,6.8406321219136e-05,,,,,,,,,False
2026-03-21 21:10:00.047740522+00:00,0.28045985144931523,375.5492219451129,-0.1740491100442491,2157.404838002775,0.05482988557264362,0.13137888261059488,0.09425108326619396,0.0,2156.6499999999996,2156.6,2156.7,0.09999999999990905,5.8464389762608e-05,,,,,,,,,False
2026-03-21 21:11:00.008179167+00:00,0.3153184233444875,375.5492219451129,-0.1740491100442491,2157.404838002775,0.05482988557264362,0.16618870461941304,0.09429983315255579,0.0,2156.45,2156.4,2156.5,0.09999999999990905,6.3843568418655e-05,,,,,,0.0,0.0,uneconomic_spread,False
2026-03-21 21:12:00.035542868+00:00,0.35018068299781285,375.5492219451129,-0.1740491100442491,2157.404838002775,0.05482988557264362,0.2009985266282312,0.09435227079707069,0.0,2156.25,2156.2,2156.3,0.1000000000003638,6.9620994960952e-05,2155.9,2156.5,,,,,,,False
2026-03-21 21:13:00.049683679+00:00,0.3502382444872191,375.5492219451129,-0.1740491100442491,2157.404838002775,0.05482988557264362,0.2009985266282312,0.09440983228647691,0.0,2156.25,2156.2,2156.3,0.1000000000003638,7.6797455495061e-05,2155.9,2156.5,,,,,,,False
2026-03-21 21:14:00.137218541+00:00,0.6984002014124346,375.5492219451129,-0.1740491100442491,2157.404838002775,0.05482988557264362,0.5490967467167295,0.09447356912319016,0.0,2154.25,2154.2,2154.3,0.1000000000003638,8.6531121955203e-05,2154.0,2154.5,,,,,,,False
2026-03-21 21:15:00.144082544+00:00,0.6636558701478124,375.5492219451129,-0.1740491100442491,2157.404838002775,0.05482988557264362,0.5142869247079113,0.09453905986737829,0.0,2154.45,2154.4,2154.5,0.09999999999990905,8.2391527723227e-05,,,,,,,,,False
2026-03-21 21:16:00.139518172+00:00,0.5940978359303437,375.5492219451129,-0.1740491100442491,2157.404838002775,0.05482988557264362,0.44466728069011663,0.09460066966770109,0.0,2154.8500000000004,2154.8,2154.9,0.09999999999990905,7.7176136255549e-05,,,,,,,,,False
2026-03-21 21:17:00.062751933+00:00,0.7682073301751462,375.5492219451129,-0.1740491100442491,2157.404838002775,0.05482988557264362,0.6187163907343658,0.09466105386828082,0.0,2153.8500000000004,2153.8,2153.9,0.09999999999990905,7.8380650535204e-05,,,,,,,,,False
2026-03-21 21:18:00.011959014+00:00,0.5942186628247849,375.5492219451129,-0.1740491100442491,2157.404838002775,0.05482988557264362,0.44466728069011663,0.09472149656214222,0.0,2154.8500000000004,2154.8,2154.9,0.09999999999990905,7.5282704526929e-05,,,,,,,,,False
2026-03-21 21:19:00.367705537+00:00,0.629087962498568,375.5492219451129,-0.1740491100442491,2157.404838002775,0.05482988557264362,0.4794771026990931,0.09478097422694443,0.0,2154.6499999999996,2154.6,2154.7,0.09999999999990905,7.6479618631628e-05,,,,,,,,,False
2026-03-21 21:20:00.341775992+00:00,0.6291480718166893,375.5492219451129,-0.1740491100442491,2157.404838002775,0.05482988557264362,0.4794771026990931,0.0948410835450657,0.0,2154.6499999999996,2154.6,2154.7,0.09999999999990905,7.7301783102658e-05,,,,,,,,,False
2026-03-21 21:21:00.321020479+00:00,0.5769944150333683,375.5492219451129,-0.1740491100442491,2157.404838002775,0.05482988557264362,0.42726236968578674,0.09490215977507414,0.0,2154.95,2154.9,2155.0,0.09999999999990905,7.8152632294406e-05,,,,,,,,,False
2026-03-21 21:22:00.040976749+00:00,0.6118661552514946,375.5492219451129,-0.1740491100442491,2157.404838002775,0.05482988557264362,0.4620721916946049,0.09496407798438988,0.0,2154.75,2154.7,2154.8,0.1000000000003638,8.0980812120467e-05,2154.4,2155.0,,,,,,,False
2026-03-21 21:23:00.159810505+00:00,0.6815504867513952,375.5492219451129,-0.1740491100442491,2157.404838002775,0.05482988557264362,0.5316918357122412,0.0950287654666128,0.0,2154.3500000000004,2154.3,2154.4,0.09999999999990905,8.3399776550598e-05,,,,,,0.0,0.0,uneconomic_spread,False
2026-03-21 21:24:00.036079361+00:00,0.6293994976076724,375.5492219451129,-0.1740491100442491,2157.404838002775,0.05482988557264362,0.4794771026990931,0.09509250933604889,0.0,2154.6499999999996,2154.6,2154.7,0.09999999999990905,8.0128606155372e-05,,,,,,,,,False
2026-03-21 21:25:00.056621873+00:00,0.5946513344915587,375.5492219451129,-0.1740491100442491,2157.404838002775,0.05482988557264362,0.44466728069011663,0.09515416822891609,0.0,2154.8500000000004,2154.8,2154.9,0.09999999999990905,7.7967058340681e-05,,,,,,,,,False
2026-03-21 21:26:00.335543423+00:00,0.6295230832258596,375.5492219451129,-0.1740491100442491,2157.404838002775,0.05482988557264362,0.4794771026990931,0.09521609495423605,0.0,2154.6499999999996,2154.6,2154.7,0.09999999999990905,7.8425949297338e-05,,,,,,,,,False
2026-03-21 21:27:00.010226399+00:00,0.6469883963012077,375.5492219451129,-0.1740491100442491,2157.404838002775,0.05482988557264362,0.49688201370342305,0.0952764970252926,0.0,2154.55,2154.5,2154.6,0.09999999999990905,7.7103263729786e-05,,,,,,,,,False
2026-03-21 21:28:00.135657507+00:00,0.5948327183024462,375.5492219451129,-0.1740491100442491,2157.404838002775,0.05482988557264362,0.44466728069011663,0.09533555203980355,0.0,2154.8500000000004,2154.8,2154.9,0.09999999999990905,7.3640001418333e-05,,,,,,,,,False
2026-03-21 21:29:00.029774578+00:00,0.62969902348812,375.5492219451129,-0.1740491100442491,2157.404838002775,0.05482988557264362,0.4794771026990931,0.09539203521649646,0.0,2154.6499999999996,2154.6,2154.7,0.09999999999990905,7.1699026320234e-05,,,,,,,,,False
2026-03-21 21:30:00.135406088+00:00,0.6645644480169377,375.5492219451129,-0.1740491100442491,2157.404838002775,0.05482988557264362,0.5142869247079113,0.0954476377365037,0.0,2154.45,2154.4,2154.5,0.09999999999990905,7.0738012040255e-05,,,,,,,,,False
2026-03-21 21:31:00.059693924+00:00,0.7168348896409578,375.5492219451129,-0.1740491100442491,2157.404838002775,0.05482988557264362,0.5665016577212176,0.09550334634725118,0.0,2154.1499999999996,2154.1,2154.2,0.09999999999990905,7.1835631538598e-05,,,,,,,,,False
2026-03-21 21:32:00.008281718+00:00,0.7342963595474725,375.5492219451129,-0.1740491100442491,2157.404838002775,0.05482988557264362,0.5839065687255476,0.09555990524941763,0.0,2154.05,2154.0,2154.1,0.09999999999990905,7.3286374466561e-05,,,,,,,,,False
2026-03-21 21:33:00.012475699+00:00,0.6995432950737054,375.5492219451129,-0.1740491100442491,2157.404838002775,0.05482988557264362,0.5490967467167295,0.09561666278446089,0.0,2154.25,2154.2,2154.3,0.1000000000003638,7.2081776603491e-05,,2154.5,2154.218041911553,2154.223950475289,0.2,-0.15435389759180185,-0.889161768940228,ok,False
2026-03-21 21:34:00.035515633+00:00,0.5777643873613514,375.5492219451129,-0.1740491100442491,2157.404838002775,0.05482988557264362,0.42726236968578674,0.0956721321030572,0.0,2154.95,2154.9,2155.0,0.09999999999990905,6.9544867738881e-05,,,,,,,,,False
2026-03-21 21:35:00.039732806+00:00,0.5778183902073086,375.5492219451129,-0.1740491100442491,2157.404838002775,0.05482988557264362,0.42726236968578674,0.09572613494901439,0.0,2154.95,2154.9,2155.0,0.09999999999990905,6.8932439074726e-05,,,,,,,,,False
2026-03-21 21:36:00.733120790+00:00,0.6126830937987384,375.5492219451129,-0.1740491100442491,2157.404838002775,0.05482988557264362,0.4620721916946049,0.09578101653163368,0.0,2154.75,2154.7,2154.8,0.1000000000003638,6.9902019446315e-05,2154.5,2155.0,,,,,,,False
2026-03-21 21:37:00.292326002+00:00,0.6127375835703097,375.5492219451129,-0.1740491100442491,2157.404838002775,0.05482988557264362,0.4620721916946049,0.09583550630320505,0.0,2154.75,2154.7,2154.8,0.1000000000003638,7.0160595073763e-05,2154.5,2155.0,,,,,,,False
2026-03-21 21:38:00.119529030+00:00,0.612791513779061,375.5492219451129,-0.1740491100442491,2157.404838002775,0.05482988557264362,0.4620721916946049,0.09588943651195637,0.0,2154.75,2154.7,2154.8,0.1000000000003638,6.7983023499701e-05,2154.5,2155.1,,,,,,,False
2026-03-21 21:39:00.037095449+00:00,0.4736041434240125,375.5492219451129,-0.1740491100442491,2157.404838002775,0.05482988557264362,0.32283290365917394,0.09594135419232014,0.0,2155.55,2155.5,2155.6,0.09999999999990905,6.4330764670811e-05,,,,,,,,,False
2026-03-21 21:40:00.012362109+00:00,0.4736533126862355,375.5492219451129,-0.1740491100442491,2157.404838002775,0.05482988557264362,0.32283290365917394,0.0959905234545431,0.0,2155.55,2155.5,2155.6,0.09999999999990905,6.1115754523487e-05,,,,,,,,,False
2026-03-21 21:41:00.047072632+00:00,0.508510868096838,375.5492219451129,-0.1740491100442491,2157.404838002775,0.05482988557264362,0.3576427256679921,0.09603825685633517,0.0,2155.3500000000004,2155.3,2155.4,0.09999999999990905,6.1255737802111e-05,,,,,,,,,False
2026-03-21 21:42:00.016484637+00:00,0.4563434948789238,375.5492219451129,-0.1740491100442491,2157.404838002775,0.05482988557264362,0.305427992654844,0.09608561665157976,0.0,2155.6499999999996,2155.6,2155.7,0.09999999999990905,5.9754828133395e-05,,,,,,,,,False
2026-03-21 21:43:00.005232726+00:00,0.4215793474497518,375.5492219451129,-0.1740491100442491,2157.404838002775,0.05482988557264362,0.2706181706458675,0.09613129123138878,0.0,2155.8500000000004,2155.8,2155.9,0.09999999999990905,5.7127402097989e-05,,,,,,,,,False
2026-03-21 21:44:00.006742247+00:00,0.4216232973426348,375.5492219451129,-0.1740491100442491,2157.404838002775,0.05482988557264362,0.2706181706458675,0.09617524112427178,0.0,2155.8500000000004,2155.8,2155.9,0.09999999999990905,5.4888280850478e-05,,,,,,,,,False
2026-03-21 21:45:00.015755913+00:00,0.508690337118909,375.5492219451129,-0.1740491100442491,2157.404838002775,0.05482988557264362,0.3576427256679921,0.0962177258784062,0.0,2155.3500000000004,2155.3,2155.4,0.09999999999990905,5.4682837351533e-05,,,,,,,,,False
2026-03-21 21:46:00.135874868+00:00,0.5261384839013551,375.5492219451129,-0.1740491100442491,2157.404838002775,0.05482988557264362,0.3750476366724803,0.09626096165633337,0.0,2155.25,2155.2,2155.3,0.1000000000003638,5.5030487928685e-05,2154.9,2155.5,,,,,,,False
2026-03-21 21:47:00.045192559+00:00,0.5958011168333319,375.5492219451129,-0.1740491100442491,2157.404838002775,0.05482988557264362,0.44466728069011663,0.09630395057068925,0.0,2154.8500000000004,2154.8,2154.9,0.09999999999990905,5.4492623824453e-05,,,,,,,,,False
2026-03-21 21:48:00.011162763+00:00,0.595842717594145,375.5492219451129,-0.1740491100442491,2157.404838002775,0.05482988557264362,0.44466728069011663,0.09634555133150235,0.0,2154.8500000000004,2154.8,2154.9,0.09999999999990905,5.2301348959641e-05,,,,,,,,,False
2026-03-21 21:49:00.036048207+00:00,0.4218341724900787,375.5492219451129,-0.1740491100442491,2157.404838002775,0.05482988557264362,0.2706181706458675,0.09638611627171567,0.0,2155.8500000000004,2155.8,2155.9,0.09999999999990905,5.0956960184593e-05,,,,,,,,,False
2026-03-21 21:50:00.029985408+00:00,0.4044680493285857,375.5492219451129,-0.1740491100442491,2157.404838002775,0.05482988557264362,0.2532132596415376,0.09642490411451421,0.0,2155.95,2155.9,2156.0,0.09999999999990905,4.8638225288744e-05,,,,,,,,,False
2026-03-21 21:51:00.035474549+00:00,0.4915308218163176,375.5492219451129,-0.1740491100442491,2157.404838002775,0.05482988557264362,0.34023781466366215,0.09646312158016315,0.0,2155.45,2155.4,2155.5,0.09999999999990905,4.9162022839616e-05,,,,,,,,,False
2026-03-21 21:52:00.347040482+00:00,0.5089745502632441,375.5492219451129,-0.1740491100442491,2157.404838002775,0.05482988557264362,0.3576427256679921,0.0965019390227413,0.0,2155.3500000000004,2155.3,2155.4,0.09999999999990905,4.9804804860434e-05,,,,,,,,,False
2026-03-21 21:53:00.005560589+00:00,0.9093266136136096,375.5492219451129,-0.1740491100442491,2157.404838002775,0.05482988557264362,0.7579556787697967,0.09654104927127499,0.0,2153.05,2153.0,2153.1,0.09999999999990905,5.1623306768548e-05,,,,,,,,,False
2026-03-21 21:54:00.036539192+00:00,0.8919622729883352,375.5492219451129,-0.1740491100442491,2157.404838002775,0.05482988557264362,0.7405507677654668,0.09658161965034902,0.0,2153.1499999999996,2153.1,2153.2,0.09999999999990905,5.1520770847926e-05,,,,,,,,,False
2026-03-21 21:55:00.136403639+00:00,0.7527629567577429,375.5492219451129,-0.1740491100442491,2157.404838002775,0.05482988557264362,0.6013114797300358,0.09662159145516903,0.0,2153.95,2153.9,2154.0,0.09999999999990905,5.0324796122636e-05,,,,,,,,,False
2026-03-21 21:56:00.273966880+00:00,0.752801697962787,375.5492219451129,-0.1740491100442491,2157.404838002775,0.05482988557264362,0.6013114797300358,0.09666033266021311,0.0,2153.95,2153.9,2154.0,0.09999999999990905,4.8429333570293e-05,,,,,,,,,False
2026-03-21 21:57:00.053650118+00:00,0.8746737496309941,375.5492219451129,-0.1740491100442491,2157.404838002775,0.05482988557264362,0.7231458567609785,0.09669800729752691,0.0,2153.25,2153.2,2153.3,0.1000000000003638,4.8874105806543e-05,2152.9,2153.5,,,,,,,False
2026-03-21 21:58:00.149939171+00:00,0.8224969702480756,375.5492219451129,-0.1740491100442491,2157.404838002775,0.05482988557264362,0.6709311237476722,0.09673596092788078,0.0,2153.55,2153.5,2153.6,0.09999999999990905,4.7688858504103e-05,,,,,,,,,False
2026-03-21 21:59:00.006612863+00:00,0.7529142902371313,375.5492219451129,-0.1740491100442491,2157.404838002775,0.05482988557264362,0.6013114797300358,0.09677292493455741,0.0,2153.95,2153.9,2154.0,0.09999999999990905,4.706738461511e-05,,,,,,,,,False
2026-03-21 22:00:00.075217414+00:00,0.7529513083875198,375.5492219451129,-0.1740491100442491,2157.404838002775,0.05482988557264362,0.6013114797300358,0.09680994308494595,0.0,2153.95,2153.9,2154.0,0.09999999999990905,4.7912933940221e-05,,,,,,,,,False
2026-03-21 22:01:00.021514991+00:00,1.2752066861323872,375.5492219451129,-0.1740491100442491,2157.404838002775,0.05482988557264362,1.1234588098627831,0.09691799069708831,0.0,2150.95,2150.9,2151.0,0.09999999999990905,0.000136003302229539,,,,,,,,,False
2026-03-21 22:02:00.196630892+00:00,1.188257856701861,375.5492219451129,-0.1740491100442491,2157.404838002775,0.05482988557264362,1.0364342548406587,0.09699371628870183,0.0,2151.45,2151.4,2151.5,0.09999999999990905,4.8833032666208e-05,,,,,,,,,False
2026-03-21 22:03:00.040810664+00:00,1.3101231301671956,375.5492219451129,-0.1740491100442491,2157.404838002775,0.05482988557264362,1.1582686318716013,0.09702461272308638,0.0,2150.75,2150.7,2150.8,0.1000000000003638,3.2347564948805e-05,2150.5,2151.1,,,,,,,False
2026-03-21 22:04:00.144716922+00:00,1.3623661441978392,375.5492219451129,-0.1740491100442491,2157.404838002775,0.05482988557264362,1.2104833648849078,0.09705289374040045,0.0,2150.45,2150.4,2150.5,0.09999999999990905,3.7350528128742e-05,,,,,,,,,False
2026-03-21 22:05:00.120411202+00:00,1.2231552392552094,375.5492219451129,-0.1740491100442491,2157.404838002775,0.05482988557264362,1.0712440768494769,0.09708127683323979,0.0,2151.25,2151.2,2151.3,0.1000000000003638,3.5484607088481e-05,2151.1,2151.6,,,,,,,False
2026-03-21 22:06:00.035702553+00:00,1.1013467962779195,375.5492219451129,-0.1740491100442491,2157.404838002775,0.05482988557264362,0.9494096998185341,0.0971072108869003,0.0,2151.95,2151.9,2152.0,0.09999999999990905,2.662714101185e-05,,,,,,,,,False
2026-03-21 22:07:00.059093039+00:00,0.9795314329061715,375.5492219451129,-0.1740491100442491,2157.404838002775,0.05482988557264362,0.8275753227875914,0.09712622454604553,0.0,2152.6499999999996,2152.6,2152.7,0.09999999999990905,1.5418648118161e-05,,,,,,,,,False
2026-03-21 22:08:00.089556414+00:00,0.9795444838739633,375.5492219451129,-0.1740491100442491,2157.404838002775,0.05482988557264362,0.8275753227875914,0.0971392755138374,0.0,2152.6499999999996,2152.6,2152.7,0.09999999999990905,1.9732826061239e-05,,,,,,,,,False
2026-03-21 22:09:00.295139126+00:00,1.0317752709291614,375.5492219451129,-0.1740491100442491,2157.404838002775,0.05482988557264362,0.8797900558007394,0.09715532955593355,0.0,2152.3500000000004,2152.3,2152.4,0.09999999999990905,2.05292080989e-05,,,,,,,,,False
2026-03-21 22:10:00.118154520+00:00,1.2232514153967733,375.5492219451129,-0.1740491100442491,2157.404838002775,0.05482988557264362,1.0712440768494769,0.09717745297480374,0.0,2151.25,2151.2,2151.3,0.1000000000003638,3.3872534451826e-05,,2151.5,,,,,,,False
2026-03-21 22:11:00.035187070+00:00,1.1188495880642941,375.5492219451129,-0.1740491100442491,2157.404838002775,0.05482988557264362,0.966814610822864,0.09720509166892655,0.0,2151.8500000000004,2151.8,2151.9,0.09999999999990905,3.3452610335475e-05,,,,,,,,,False
2026-03-21 22:12:00.124039968+00:00,1.1884928197845361,375.5492219451129,-0.1740491100442491,2157.404838002775,0.05482988557264362,1.0364342548406587,0.09722867937137708,0.0,2151.45,2151.4,2151.5,0.09999999999990905,3.0190990300642e-05,,,,,,,,,False
2026-03-21 22:13:00.033149148+00:00,1.1537084782886748,375.5492219451129,-0.1740491100442491,2157.404838002775,0.05482988557264362,1.0016244328318404,0.09725415988432609,0.0,2151.6499999999996,2151.6,2151.7,0.09999999999990905,3.1813424968717e-05,,,,,,,,,False
2026-03-21 22:14:00.050111311+00:00,1.1363248839056168,375.5492219451129,-0.1740491100442491,2157.404838002775,0.05482988557264362,0.9842195218273522,0.09727547650573012,0.0,2151.75,2151.7,2151.8,0.1000000000003638,2.5580381439241e-05,2151.6,2152.1,,,,,,,False
2026-03-21 22:15:00.052949469+00:00,1.03191192964164,375.5492219451129,-0.1740491100442491,2157.404838002775,0.05482988557264362,0.8797900558007394,0.09729198826841202,0.0,2152.3500000000004,2152.3,2152.4,0.09999999999990905,1.8243691743031e-05,,,,,,,,,False
2026-03-21 22:16:00.066184428+00:00,0.9971131805415665,375.5492219451129,-0.1740491100442491,2157.404838002775,0.05482988557264362,0.8449802337919212,0.09730306117714903,0.0,2152.55,2152.5,2152.6,0.09999999999990905,1.1308055398678e-05,,,,,,,,,False
2026-03-21 22:17:00.035869953+00:00,0.9971241378159786,375.5492219451129,-0.1740491100442491,2157.404838002775,0.05482988557264362,0.8449802337919212,0.09731401845156114,0.0,2152.55,2152.5,2152.6,0.09999999999990905,1.4930717242003e-05,,,,,,,,,False
2026-03-21 22:18:01.038793226+00:00,1.0667577293315933,375.5492219451129,-0.1740491100442491,2157.404838002775,0.05482988557264362,0.9145998778097159,0.09732796594938435,0.0,2152.1499999999996,2152.1,2152.2,0.09999999999990905,2.0180865031912e-05,,,,,,0.0,0.0,uneconomic_spread,False
2026-03-21 22:19:00.321196938+00:00,1.0667763574484543,375.5492219451129,-0.1740491100442491,2157.404838002775,0.05482988557264362,0.9145998778097159,0.09734659406624546,0.0,2152.1499999999996,2152.1,2152.2,0.09999999999990905,2.6904695632895e-05,,,,,,,,,False
2026-03-21 22:20:00.135173416+00:00,1.1364181268186981,375.5492219451129,-0.1740491100442491,2157.404838002775,0.05482988557264362,0.9842195218273522,0.09736871941881156,0.0,2151.75,2151.7,2151.8,0.1000000000003638,2.951985359763e-05,2151.5,2152.0,,,,,,,False
2026-03-21 22:21:00.055333343+00:00,1.101632502835152,375.5492219451129,-0.1740491100442491,2157.404838002775,0.05482988557264362,0.9494096998185341,0.09739291744413256,0.0,2151.95,2151.9,2152.0,0.09999999999990905,3.1018119604686e-05,,,,,,,,,False
2026-03-21 22:22:00.023553909+00:00,1.1886815195658558,375.5492219451129,-0.1740491100442491,2157.404838002775,0.05482988557264362,1.0364342548406587,0.09741737915269674,0.0,2151.45,2151.4,2151.5,0.09999999999990905,3.2379396901153e-05,,,,,,,,,False
2026-03-21 22:23:00.036224806+00:00,1.1887077421795984,375.5492219451129,-0.1740491100442491,2157.404838002775,0.05482988557264362,1.0364342548406587,0.09744360176643924,0.0,2151.45,2151.4,2151.5,0.09999999999990905,3.4102852249541e-05,,,,,,,,,False
2026-03-21 22:24:00.142707127+00:00,1.223546237073431,375.5492219451129,-0.1740491100442491,2157.404838002775,0.05482988557264362,1.0712440768494769,0.09747227465146147,0.0,2151.25,2151.2,2151.3,0.1000000000003638,3.9047330404099e-05,2151.0,2151.5,2151.2430724961014,2151.267404615047,0.2,-0.09294204689238562,-0.38855007796939894,ok,False
2026-03-21 22:25:00.005650052+00:00,1.2235761903780524,375.5492219451129,-0.1740491100442491,2157.404838002775,0.05482988557264362,1.0712440768494769,0.09750222795608285,0.0,2151.25,2151.2,2151.3,0.1000000000003638,3.8840411196897e-05,2151.0,2151.5,,,,,,,False
2026-03-21 22:26:00.060433589+00:00,1.2236075621511986,375.5492219451129,-0.1740491100442491,2157.404838002775,0.05482988557264362,1.0712440768494769,0.09753359972922909,0.0,2151.25,2151.2,2151.3,0.1000000000003638,3.9826724663131e-05,2151.0,2151.6,,,,,,,False
2026-03-21 22:27:00.009655009+00:00,1.258447737638371,375.5492219451129,-0.1740491100442491,2157.404838002775,0.05482988557264362,1.1060538988582949,0.09756395320759095,0.0,2151.05,2151.0,2151.1,0.09999999999990905,4.0480582496242e-05,,,,,,,,,False
2026-03-21 22:28:00.092969811+00:00,1.3281018233348778,375.5492219451129,-0.1740491100442491,2157.404838002775,0.05482988557264362,1.1756735428760896,0.09759839488624958,0.0,2150.6499999999996,2150.6,2150.7,0.09999999999990905,4.6612759517534e-05,,,,,,,,,False
2026-03-21 22:29:00.007332466+00:00,1.3455446888143392,375.5492219451129,-0.1740491100442491,2157.404838002775,0.05482988557264362,1.1930784538804196,0.09763634936141931,0.0,2150.55,2150.5,2150.6,0.09999999999990905,4.9115335439948e-05,,,,,,,,,False
2026-03-21 22:30:00.242531494+00:00,1.2933688390758795,375.5492219451129,-0.1740491100442491,2157.404838002775,0.05482988557264362,1.140863720867113,0.09767523263623212,0.0,2150.8500000000004,2150.8,2150.9,0.09999999999990905,4.9541379856757e-05,,,,,,,,,False
2026-03-21 22:31:00.023298133+00:00,1.3282183488875319,375.5492219451129,-0.1740491100442491,2157.404838002775,0.05482988557264362,1.1756735428760896,0.09771492043890356,0.0,2150.6499999999996,2150.6,2150.7,0.09999999999990905,5.1919110636705e-05,,,,,,,,,False
2026-03-21 22:32:00.048924858+00:00,1.3282595344207366,375.5492219451129,-0.1740491100442491,2157.404838002775,0.05482988557264362,1.1756735428760896,0.0977561059721083,0.0,2150.6499999999996,2150.6,2150.7,0.09999999999990905,5.3693999333298e-05,,,,,,,,,False
2026-03-21 22:33:00.036470755+00:00,1.206467325627208,375.5492219451129,-0.1740491100442491,2157.404838002775,0.05482988557264362,1.0538391658449886,0.09779827420970061,0.0,2151.3500000000004,2151.3,2151.4,0.09999999999990905,5.3079187140847e-05,,,,,,,,,False
2026-03-21 22:34:00.016365350+00:00,1.0150531724360812,375.5492219451129,-0.1740491100442491,2157.404838002775,0.05482988557264362,0.8623851447964095,0.09783814206714489,0.0,2152.45,2152.4,2152.5,0.09999999999990905,4.9358595403577e-05,,,,,,,,,False
2026-03-21 22:35:00.035477266+00:00,1.0150911959462525,375.5492219451129,-0.1740491100442491,2157.404838002775,0.05482988557264362,0.8623851447964095,0.0978761655773161,0.0,2152.45,2152.4,2152.5,0.09999999999990905,4.883321498947e-05,,,,,,,,,False
2026-03-21 22:36:00.008903050+00:00,0.9803193749998703,375.5492219451129,-0.1740491100442491,2157.404838002775,0.05482988557264362,0.8275753227875914,0.09791416663974443,0.0,2152.6499999999996,2152.6,2152.7,0.09999999999990905,4.8048758443723e-05,,,,,,,,,False
2026-03-21 22:37:00.135708203+00:00,0.9281423455846938,375.5492219451129,-0.1740491100442491,2157.404838002775,0.05482988557264362,0.7753605897742849,0.09795187023789718,0.0,2152.95,2152.9,2153.0,0.09999999999990905,4.8964113352993e-05,,,,,,,,,False
2026-03-21 22:38:00.046087617+00:00,0.910776343098532,375.5492219451129,-0.1740491100442491,2157.404838002775,0.05482988557264362,0.7579556787697967,0.09799077875619741,0.0,2153.05,2153.0,2153.1,0.09999999999990905,5.0452005154159e-05,,,,,,,,,False
2026-03-21 22:39:00.312538908+00:00,0.9804351229594062,375.5492219451129,-0.1740491100442491,2157.404838002775,0.05482988557264362,0.8275753227875914,0.09802991459928022,0.0,2152.6499999999996,2152.6,2152.7,0.09999999999990905,4.9355438875785e-05,,,,,,0.0,0.0,uneconomic_spread,False
2026-03-21 22:40:00.041367294+00:00,0.9804741449814528,375.5492219451129,-0.1740491100442491,2157.404838002775,0.05482988557264362,0.8275753227875914,0.09806893662132686,0.0,2152.6499999999996,2152.6,2152.7,0.09999999999990905,5.0859206633698e-05,,,,,,,,,False
2026-03-21 22:41:00.080678994+00:00,0.8934895131257445,375.5492219451129,-0.1740491100442491,2157.404838002775,0.05482988557264362,0.7405507677654668,0.09810885978775846,0.0,2153.1499999999996,2153.1,2153.2,0.09999999999990905,5.0993849666987e-05,,,,,,,,,False
2026-03-21 22:42:00.358945031+00:00,0.8413141121481854,375.5492219451129,-0.1740491100442491,2157.404838002775,0.05482988557264362,0.6883360347521604,0.09814819182352863,0.0,2153.45,2153.4,2153.5,0.09999999999990905,4.984300209755e-05,,,,,,,,,False
2026-03-21 22:43:00.041081336+00:00,0.8413534220521046,375.5492219451129,-0.1740491100442491,2157.404838002775,0.05482988557264362,0.6883360347521604,0.09818750172744783,0.0,2153.45,2153.4,2153.5,0.09999999999990905,5.1189237504911e-05,,,,,,,,,False
2026-03-21 22:44:00.037378737+00:00,0.9806331887851256,375.5492219451129,-0.1740491100442491,2157.404838002775,0.05482988557264362,0.8275753227875914,0.09822798042499975,0.0,2152.6499999999996,2152.6,2152.7,0.09999999999990905,5.2953008122798e-05,,,,,,,,,False
2026-03-21 22:45:00.232265646+00:00,1.0677000973392847,375.5492219451129,-0.1740491100442491,2157.404838002775,0.05482988557264362,0.9145998778097159,0.09827033395707581,0.0,2152.1499999999996,2152.1,2152.2,0.09999999999990905,5.594093234558e-05,,,,,,,,,False
2026-03-21 22:46:00.179103890+00:00,1.1373645478576768,375.5492219451129,-0.1740491100442491,2157.404838002775,0.05482988557264362,0.9842195218273522,0.09831514045779026,0.0,2151.75,2151.7,2151.8,0.1000000000003638,5.8614940954321e-05,2151.5,2152.0,2151.741048922949,2151.7537296129585,0.2,-0.13178014334651691,-0.4154391980658816,ok,False
2026-03-21 22:47:00.086625399+00:00,1.2940550501400907,375.5492219451129,-0.1740491100442491,2157.404838002775,0.05482988557264362,1.140863720867113,0.09836144370044346,0.0,2150.8500000000004,2150.8,2150.9,0.09999999999990905,6.013516955813e-05,,,,,,,,,False
2026-03-21 22:48:00.016392674+00:00,1.2592925600696283,375.5492219451129,-0.1740491100442491,2157.404838002775,0.05482988557264362,1.1060538988582949,0.0984087756388483,0.0,2151.05,2151.0,2151.1,0.09999999999990905,6.0932668729941e-05,,,,,,,,,False
2026-03-21 22:49:00.051345453+00:00,1.2593402497897488,375.5492219451129,-0.1740491100442491,2157.404838002775,0.05482988557264362,1.1060538988582949,0.09845646535896888,0.0,2151.05,2151.0,2151.1,0.09999999999990905,6.1366494941286e-05,,,,,,,,,False
2026-03-21 22:50:00.037249508+00:00,1.224578124084515,375.5492219451129,-0.1740491100442491,2157.404838002775,0.05482988557264362,1.0712440768494769,0.09850416166254551,0.0,2151.25,2151.2,2151.3,0.1000000000003638,6.0888859600737e-05,2150.9,2151.5,,,,,,,False
2026-03-21 22:51:00.632602057+00:00,1.3290556325281695,375.5492219451129,-0.1740491100442491,2157.404838002775,0.05482988557264362,1.1756735428760896,0.0985522040795412,0.0,2150.6499999999996,2150.6,2150.7,0.09999999999990905,6.2123857400256e-05,,,,,,,,,False
2026-03-21 22:52:00.039893088+00:00,1.4683435561430087,375.5492219451129,-0.1740491100442491,2157.404838002775,0.05482988557264362,1.3149128309113622,0.09860083965913861,0.0,2149.8500000000004,2149.8,2149.9,0.09999999999990905,6.4078819329235e-05,,,,,,,,,False
2026-03-21 22:53:00.094869400+00:00,1.4857986747114582,375.5492219451129,-0.1740491100442491,2157.404838002775,0.05482988557264362,1.3323177419158505,0.09865104722306925,0.0,2149.75,2149.7,2149.8,0.1000000000003638,6.4296916932689e-05,2149.5,2150.1,,,,,,,False
2026-03-21 22:54:00.052305327+00:00,1.4858485359476734,375.5492219451129,-0.1740491100442491,2157.404838002775,0.05482988557264362,1.3323177419158505,0.09870090845928456,0.0,2149.75,2149.7,2149.8,0.1000000000003638,6.3637524817125e-05,2149.5,2150.1,,,,,,,False
2026-03-21 22:55:00.436457036+00:00,1.3988736338921486,375.5492219451129,-0.1740491100442491,2157.404838002775,0.05482988557264362,1.2452931868937258,0.09875056142589947,0.0,2150.25,2150.2,2150.3,0.1000000000003638,6.3168070307065e-05,2150.0,2150.6,,,,,,,False
2026-03-21 22:56:00.126763096+00:00,1.3989225017339444,375.5492219451129,-0.1740491100442491,2157.404838002775,0.05482988557264362,1.2452931868937258,0.09879942926769525,0.0,2150.25,2150.2,2150.3,0.1000000000003638,6.3646111580567e-05,2150.0,2150.5,,,,,,,False
2026-03-21 22:57:00.035528249+00:00,1.3989728334177878,375.5492219451129,-0.1740491100442491,2157.404838002775,0.05482988557264362,1.2452931868937258,0.09884976095153872,0.0,2150.25,2150.2,2150.3,0.1000000000003638,6.5367623031903e-05,2150.0,2150.5,,,,,,,False
2026-03-21 22:58:00.036612027+00:00,1.3990240120328339,375.5492219451129,-0.1740491100442491,2157.404838002775,0.05482988557264362,1.2452931868937258,0.09890093956658469,0.0,2150.25,2150.2,2150.3,0.1000000000003638,6.5872750018301e-05,2150.0,2150.5,,,,,,,False
2026-03-21 22:59:00.083234362+00:00,1.3468607421981418,375.5492219451129,-0.1740491100442491,2157.404838002775,0.05482988557264362,1.1930784538804196,0.09895240274522198,0.0,2150.55,2150.5,2150.6,0.09999999999990905,6.5793598023696e-05,,,,,,0.0,0.0,uneconomic_spread,False
2026-03-21 23:00:00.135907727+00:00,1.4165316354553612,375.5492219451129,-0.1740491100442491,2157.404838002775,0.05482988557264362,1.262698097898214,0.09900365198465003,0.0,2150.1499999999996,2150.1,2150.2,0.09999999999990905,6.5840580100404e-05,,,,,,,,,False
2026-03-21 23:01:00.037319104+00:00,1.5733196550740263,375.5492219451129,-0.1740491100442491,2157.404838002775,0.05482988557264362,1.419342296937975,0.09914747256355427,0.0,2149.25,2149.2,2149.3,0.1000000000003638,0.000239011501180602,2148.9,2149.5,,,,,,,False
2026-03-21 23:02:00.044189839+00:00,1.6953155414132381,375.5492219451129,-0.1740491100442491,2157.404838002775,0.05482988557264362,1.5411766739689177,0.09930898187181596,0.0,2148.55,2148.5,2148.6,0.09999999999990905,0.000158227005831151,,,,,,,,,False
2026-03-21 23:03:00.024308465+00:00,1.7476330266065645,375.5492219451129,-0.1740491100442491,2157.404838002775,0.05482988557264362,1.5933914069822241,0.09941173405181293,0.0,2148.25,2148.2,2148.3,0.1000000000003638,0.00011661331158824,2148.0,2148.5,,,,,,,False
2026-03-21 23:04:00.007795478+00:00,1.834741034325225,375.5492219451129,-0.1740491100442491,2157.404838002775,0.05482988557264362,1.6804159620043486,0.09949518674839071,0.0,2147.75,2147.7,2147.8,0.1000000000003638,9.5982192326707e-05,2147.4,2148.0,,,,,,,False
2026-03-21 23:05:00.008495416+00:00,1.8000035723954688,375.5492219451129,-0.1740491100442491,2157.404838002775,0.05482988557264362,1.6456061399955304,0.09956754682744488,0.0,2147.95,2147.9,2148.0,0.09999999999990905,8.0930824845339e-05,,,,,,,,,False
2026-03-21 23:06:00.009161934+00:00,1.8000609308022955,375.5492219451129,-0.1740491100442491,2157.404838002775,0.05482988557264362,1.6456061399955304,0.09962490523427138,0.0,2147.95,2147.9,2148.0,0.09999999999990905,7.6373478642091e-05,,,,,,,,,False
2026-03-21 23:07:00.039652903+00:00,1.9219547106828836,375.5492219451129,-0.1740491100442491,2157.404838002775,0.05482988557264362,1.7674405170264733,0.0996843080839094,0.0,2147.25,2147.2,2147.3,0.1000000000003638,7.1804901853541e-05,2147.0,2147.6,,,,,,,False
2026-03-21 23:08:00.041536827+00:00,1.939415726564752,375.5492219451129,-0.1740491100442491,2157.404838002775,0.05482988557264362,1.7848454280309614,0.09974041296125882,0.0,2147.1499999999996,2147.1,2147.2,0.09999999999990905,7.2125895916431e-05,,,,,,,,,False
2026-03-21 23:09:00.007497293+00:00,1.939469055706737,375.5492219451129,-0.1740491100442491,2157.404838002775,0.05482988557264362,1.7848454280309614,0.09979374210324402,0.0,2147.1499999999996,2147.1,2147.2,0.09999999999990905,6.2224902777094e-05,,,,,,,,,False
2026-03-21 23:10:00.012615425+00:00,1.9221097872190676,375.5492219451129,-0.1740491100442491,2157.404838002775,0.05482988557264362,1.7674405170264733,0.09983938462009329,0.0,2147.25,2147.2,2147.3,0.1000000000003638,5.4744897484812e-05,2147.0,2147.5,,,,,,,False
2026-03-21 23:11:00.062713685+00:00,1.9395581981970473,375.5492219451129,-0.1740491100442491,2157.404838002775,0.05482988557264362,1.7848454280309614,0.09988288459355414,0.0,2147.1499999999996,2147.1,2147.2,0.09999999999990905,5.642983477887e-05,,,,,,,,,False
2026-03-21 23:12:00.097964272+00:00,2.0092229227788754,375.5492219451129,-0.1740491100442491,2157.404838002775,0.05482988557264362,1.8544650720485978,0.09992796515776138,0.0,2146.75,2146.7,2146.8,0.1000000000003638,5.9335538243092e-05,,,,,,,,,False
2026-03-21 23:13:00.025523437+00:00,2.2529377504267174,375.5492219451129,-0.1740491100442491,2157.404838002775,0.05482988557264362,2.0981338261104834,0.0999740387437028,0.0,2145.3500000000004,2145.3,2145.4,0.09999999999990905,5.9891277483547e-05,,,,,,,,,False
2026-03-21 23:14:00.061126915+00:00,2.1137443571532826,375.5492219451129,-0.1740491100442491,2157.404838002775,0.05482988557264362,1.9588945380752105,0.10001993350556654,0.0,2146.1499999999996,2146.1,2146.2,0.09999999999990905,5.7343855098656e-05,,,,,,,,,False
2026-03-21 23:15:00.137760526+00:00,2.0441688542335106,375.5492219451129,-0.1740491100442491,2157.404838002775,0.05482988557264362,1.889274894057416,0.10006407460358617,0.0,2146.55,2146.5,2146.6,0.09999999999990905,5.7605054600903e-05,,,,,,,,,False
2026-03-21 23:16:00.033729609+00:00,2.1138338217219874,375.5492219451129,-0.1740491100442491,2157.404838002775,0.05482988557264362,1.9588945380752105,0.10010939807427158,0.0,2146.1499999999996,2146.1,2146.2,0.09999999999990905,5.9253876369937e-05,,,,,,,,,False
2026-03-21 23:17:00.156981161+00:00,2.235714976865735,375.5492219451129,-0.1740491100442491,2157.404838002775,0.05482988557264362,2.080728915106153,0.10015617618706908,0.0,2145.45,2145.4,2145.5,0.09999999999990905,5.8826156642528e-05,,,,,,,,,False
2026-03-21 23:18:00.070300504+00:00,2.096521176750427,375.5492219451129,-0.1740491100442491,2157.404838002775,0.05482988557264362,1.9414896270707223,0.10020166410717306,0.0,2146.25,2146.2,2146.3,0.1000000000003638,5.9530635738401e-05,2146.0,2146.5,,,,,,,False
2026-03-21 23:19:00.103355521+00:00,1.9921387255254108,375.5492219451129,-0.1740491100442491,2157.404838002775,0.05482988557264362,1.8370601610441095,0.10024867890881567,0.0,2146.8500000000004,2146.8,2146.9,0.09999999999990905,6.029721176661e-05,,,,,,,,,False
2026-03-21 23:20:00.031465683+00:00,2.009590247017605,375.5492219451129,-0.1740491100442491,2157.404838002775,0.05482988557264362,1.8544650720485978,0.1002952893964909,0.0,2146.75,2146.7,2146.8,0.1000000000003638,6.134292170803e-05,2146.5,2147.0,,,,,,,False
2026-03-21 23:21:00.010900159+00:00,1.8355884393970299,375.5492219451129,-0.1740491100442491,2157.404838002775,0.05482988557264362,1.6804159620043486,0.1003425918201955,0.0,2147.75,2147.7,2147.8,0.1000000000003638,5.9053579643575e-05,,,,,,,,,False
2026-03-21 23:22:00.010300434+00:00,1.8182286496609614,375.5492219451129,-0.1740491100442491,2157.404838002775,0.05482988557264362,1.6630110509998604,0.10038771308858908,0.0,2147.8500000000004,2147.8,2147.9,0.09999999999990905,5.7416814048742e-05,,,,,,,,,False
2026-03-21 23:23:00.005420258+00:00,1.992323313458768,375.5492219451129,-0.1740491100442491,2157.404838002775,0.05482988557264362,1.8370601610441095,0.10043326684217281,0.0,2146.8500000000004,2146.8,2146.9,0.09999999999990905,6.1780292196237e-05,,,,,,,,,False
2026-03-21 23:24:00.040886870+00:00,1.9749666673316872,375.5492219451129,-0.1740491100442491,2157.404838002775,0.05482988557264362,1.8196552500397796,0.10048153171938358,0.0,2146.95,2146.9,2147.0,0.09999999999990905,6.027686930487e-05,,,,,,,,,False
2026-03-21 23:25:00.047569441+00:00,2.149062085960746,375.5492219451129,-0.1740491100442491,2157.404838002775,0.05482988557264362,1.9937043600840287,0.10052784030421946,0.0,2145.95,2145.9,2146.0,0.09999999999990905,6.0544966645333e-05,,,,,,,,,False
2026-03-21 23:26:00.118038297+00:00,2.375373987077765,375.5492219451129,-0.1740491100442491,2157.404838002775,0.05482988557264362,2.219968203141584,0.10057589836368644,0.0,2144.6499999999996,2144.6,2144.7,0.09999999999990905,6.2636161614889e-05,,,,,,,,,False
2026-03-21 23:27:00.049141425+00:00,2.323206553454884,375.5492219451129,-0.1740491100442491,2157.404838002775,0.05482988557264362,2.167753470128278,0.10062319775407792,0.0,2144.95,2144.9,2145.0,0.09999999999990905,5.9980747671993e-05,,,,,,,,,False
2026-03-21 23:28:00.037549558+00:00,2.2362274023807296,375.5492219451129,-0.1740491100442491,2157.404838002775,0.05482988557264362,2.080728915106153,0.10066860170206367,0.0,2145.45,2145.4,2145.5,0.09999999999990905,5.7538537377756e-05,,,,,,,,,False
2026-03-21 23:29:00.045143559+00:00,2.2362719290043445,375.5492219451129,-0.1740491100442491,2157.404838002775,0.05482988557264362,2.080728915106153,0.10071312832567837,0.0,2145.45,2145.4,2145.5,0.09999999999990905,5.7000411662085e-05,,,,,,,,,False
2026-03-21 23:30:00.050581809+00:00,2.39296020281096,375.5492219451129,-0.1740491100442491,2157.404838002775,0.05482988557264362,2.2373731141459143,0.10075720309253337,0.0,2144.55,2144.5,2144.6,0.09999999999990905,5.6829131113198e-05,,,,,,,,,False
2026-03-21 23:31:00.232295173+00:00,2.3930051253429023,375.5492219451129,-0.1740491100442491,2157.404838002775,0.05482988557264362,2.2373731141459143,0.10080212562447538,0.0,2144.55,2144.5,2144.6,0.09999999999990905,5.840729076209e-05,,,,,,,,,False
2026-03-21 23:32:00.082535800+00:00,2.3930518215374783,375.5492219451129,-0.1740491100442491,2157.404838002775,0.05482988557264362,2.2373731141459143,0.1008488218190516,0.0,2144.55,2144.5,2144.6,0.09999999999990905,6.1621194614091e-05,,,,,,,,,False
2026-03-21 23:33:00.035293022+00:00,2.2364557609637283,375.5492219451129,-0.1740491100442491,2157.404838002775,0.05482988557264362,2.080728915106153,0.10089696028506238,0.0,2145.45,2145.4,2145.5,0.09999999999990905,6.1230386834674e-05,,,,,,,,,False
2026-03-21 23:34:00.005305475+00:00,2.358338016259774,375.5492219451129,-0.1740491100442491,2157.404838002775,0.05482988557264362,2.202563292137096,0.10094483855015739,0.0,2144.75,2144.7,2144.8,0.1000000000003638,6.2161145542857e-05,2144.5,2145.0,,,,,,,False
2026-03-21 23:35:00.238600702+00:00,2.306171472611916,375.5492219451129,-0.1740491100442491,2157.404838002775,0.05482988557264362,2.1503485591237896,0.10099302791562884,0.0,2145.05,2145.0,2145.1,0.09999999999990905,6.1533012086295e-05,,,,,,,,,False
2026-03-21 23:36:00.036089136+00:00,2.219193774654408,375.5492219451129,-0.1740491100442491,2157.404838002775,0.05482988557264362,2.063324004101665,0.10103988498020387,0.0,2145.55,2145.5,2145.6,0.09999999999990905,6.0289993064701e-05,,,,,,,,,False
2026-03-21 23:37:00.095563304+00:00,2.201836269501498,375.5492219451129,-0.1740491100442491,2157.404838002775,0.05482988557264362,2.045919093097335,0.10108729083164254,0.0,2145.6499999999996,2145.6,2145.7,0.09999999999990905,6.0757882028065e-05,,,,,,,,,False
2026-03-21 23:38:00.098229221+00:00,2.1844780608214487,375.5492219451129,-0.1740491100442491,2157.404838002775,0.05482988557264362,2.028514182092847,0.10113399315611184,0.0,2145.75,2145.7,2145.8,0.1000000000003638,5.9924082908508e-05,2145.5,2146.1,,,,,,,False
2026-03-21 23:39:00.037441426+00:00,2.0800952378995,375.5492219451129,-0.1740491100442491,2157.404838002775,0.05482988557264362,1.924084716066234,0.10118063626076533,0.0,2146.3500000000004,2146.3,2146.4,0.09999999999990905,6.0163114871513e-05,,,,,,,,,False
2026-03-21 23:40:00.119521847+00:00,2.0975468868962124,375.5492219451129,-0.1740491100442491,2157.404838002775,0.05482988557264362,1.9414896270707223,0.10122737425295839,0.0,2146.25,2146.2,2146.3,0.1000000000003638,5.9610189049527e-05,2146.0,2146.5,,,,,,,False
2026-03-21 23:41:00.090950708+00:00,2.1498092774102413,375.5492219451129,-0.1740491100442491,2157.404838002775,0.05482988557264362,1.9937043600840287,0.1012750317537149,0.0,2145.95,2145.9,2146.0,0.09999999999990905,6.251960385169e-05,,,,,,,,,False
2026-03-21 23:42:00.300096262+00:00,1.836569846559925,375.5492219451129,-0.1740491100442491,2157.404838002775,0.05482988557264362,1.6804159620043486,0.10132399898309054,0.0,2147.75,2147.7,2147.8,0.1000000000003638,6.2795419231656e-05,2147.5,2148.0,,,,,,,False
2026-03-21 23:43:00.039687771+00:00,1.871428839822777,375.5492219451129,-0.1740491100442491,2157.404838002775,0.05482988557264362,1.7152257840131668,0.1013731702370752,0.0,2147.55,2147.5,2147.6,0.09999999999990905,6.3532484206922e-05,,,,,,,,,False
2026-03-21 23:44:00.035774067+00:00,1.8888833146391315,375.5492219451129,-0.1740491100442491,2157.404838002775,0.05482988557264362,1.732630695017655,0.10142273404896768,0.0,2147.45,2147.4,2147.5,0.09999999999990905,6.3731223118815e-05,,,,,,,,,False
2026-03-21 23:45:00.006728271+00:00,1.9759576953625064,375.5492219451129,-0.1740491100442491,2157.404838002775,0.05482988557264362,1.8196552500397796,0.10147255975020288,0.0,2146.95,2146.9,2147.0,0.09999999999990905,6.4479599373853e-05,,,,,,,,,False
2026-03-21 23:46:00.086827321+00:00,2.3937266272734083,375.5492219451129,-0.1740491100442491,2157.404838002775,0.05482988557264362,2.2373731141459143,0.10152362755498134,0.0,2144.55,2144.5,2144.6,0.09999999999990905,6.6545826646548e-05,,,,,,,,,False
2026-03-21 23:47:00.054579289+00:00,3.664337279163872,375.5492219451129,-0.1740491100442491,2157.404838002775,0.05482988557264362,3.5079316174689645,0.10157577612238647,0.0,2137.25,2137.2,2137.3,0.1000000000003638,6.8050131690584e-05,,,,,,,,,False
2026-03-21 23:48:00.057918400+00:00,4.726093216238431,375.5492219451129,-0.1740491100442491,2157.404838002775,0.05482988557264362,4.569631188738947,0.10163214192697596,0.0,2131.1499999999996,2131.1,2131.2,0.09999999999990905,7.3950100969385e-05,,,,,,,,,False
2026-03-21 23:49:00.059762134+00:00,5.248297020500734,375.5492219451129,-0.1740491100442491,2157.404838002775,0.05482988557264362,5.091778518871695,0.10168861605655469,0.0,2128.1499999999996,2128.1,2128.2,0.09999999999990905,7.2561761508281e-05,,,,,,,,,False
2026-03-21 23:50:00.026505519+00:00,6.188217947889066,375.5492219451129,-0.1740491100442491,2157.404838002775,0.05482988557264362,6.031643713110577,0.10174434920598045,0.0,2122.75,2122.7,2122.8,0.1000000000003638,7.1878842090526e-05,,,,,,,,,False
2026-03-21 23:51:00.035538872+00:00,5.944604828892003,375.5492219451129,-0.1740491100442491,2157.404838002775,0.05482988557264362,5.787974959048691,0.1017999842708187,0.0,2124.1499999999996,2124.1,2124.2,0.09999999999990905,7.0471133857936e-05,,,,,,,,,False
2026-03-21 23:52:00.047675242+00:00,8.851280051948116,375.5492219451129,-0.1740491100442491,2157.404838002775,0.05482988557264362,8.69459509678762,0.10185506958796303,0.0,2107.45,2107.4,2107.5,0.09999999999990905,7.4135741465967e-05,,,,,,,,,False
2026-03-21 23:53:00.007427307+00:00,9.512724973950979,375.5492219451129,-0.1740491100442491,2157.404838002775,0.05482988557264362,9.355981714955798,0.10191337342268743,0.0,2103.6499999999996,2103.6,2103.7,0.09999999999990905,7.6255493826444e-05,,,,,,,,,False
2026-03-21 23:54:00.019306128+00:00,10.156762520443811,375.5492219451129,-0.1740491100442491,2157.404838002775,0.05482988557264362,9.999963422119487,0.10196921275178789,0.0,2099.95,2099.9,2100.0,0.09999999999990905,7.3222302338926e-05,,,,,,,,,False
2026-03-21 23:55:00.025569712+00:00,11.949523919049689,375.5492219451129,-0.1740491100442491,2157.404838002775,0.05482988557264362,11.792669255575285,0.10202477790188168,0.0,2089.6499999999996,2089.6,2089.7,0.09999999999990905,7.4485281690873e-05,,,,,,,,,False
2026-03-21 23:56:00.019060594+00:00,12.071412062302507,375.5492219451129,-0.1740491100442491,2157.404838002775,0.05482988557264362,11.914503632606229,0.10207854412374927,0.0,2088.95,2088.9,2089.0,0.09999999999990905,6.6636732875473e-05,,,,,,,,,False
2026-03-21 23:57:00.035587839+00:00,13.603094688615036,375.5492219451129,-0.1740491100442491,2157.404838002775,0.05482988557264362,13.446135800995652,0.10212900204685652,0.0,2080.1499999999996,2080.1,2080.2,0.09999999999990905,6.7733262699116e-05,,,,,,,,,False
2026-03-21 23:58:00.056991274+00:00,14.891106981612186,375.5492219451129,-0.1740491100442491,2157.404838002775,0.05482988557264362,14.734099215323033,0.10217788071665641,0.0,2072.75,2072.7,2072.8,0.1000000000003638,6.3779227485885e-05,,,,,,,,,False
2026-03-21 23:59:00.014238244+00:00,14.107931411590839,375.5492219451129,-0.1740491100442491,2157.404838002775,0.05482988557264362,13.950878220123911,0.10222330589439624,0.0,2077.25,2077.2,2077.3,0.1000000000003638,5.6485855039165e-05,,,,,,,,,False
2026-03-21 23:59:56.264153377+00:00,12.820005118218887,375.5492219451129,-0.1740491100442491,2157.404838002775,0.05482988557264362,12.66291480579653,0.10226042684985265,0.0,2084.6499999999996,2084.6,2084.7,0.09999999999990905,4.8609670105293e-05,,,,,,,,,False
