timestamp,order_id,event,side,price,quantity,active_time,queue_ahead,new_order_time,order_state,reason,cancel_requested_time,cancel_effective_time
2026-03-19 00:00:00.004299483+00:00,1,placed,bid,2203.2,0.1,2026-03-19 00:00:00.254299483+00:00,70.171,2026-03-19 00:00:00.004299483+00:00,pending_new,,,
2026-03-19 00:00:00.004299483+00:00,2,placed,ask,2203.8,0.1,2026-03-19 00:00:00.254299483+00:00,88.953,2026-03-19 00:00:00.004299483+00:00,pending_new,,,
2026-03-19 00:00:00.215699386+00:00,2,cancel_requested,ask,2203.8,0.1,2026-03-19 00:00:00.254299483+00:00,88.953,2026-03-19 00:00:00.004299483+00:00,pending_cancel,pressure_stop_ask,2026-03-19 00:00:00.215699386+00:00,2026-03-19 00:00:00.465699386+00:00
2026-03-19 00:00:00.465699386+00:00,2,cancelled,ask,2203.8,0.1,2026-03-19 00:00:00.254299483+00:00,88.953,2026-03-19 00:00:00.004299483+00:00,cancelled,pressure_stop_ask,2026-03-19 00:00:00.215699386+00:00,2026-03-19 00:00:00.465699386+00:00
2026-03-19 00:00:01.079188739+00:00,1,cancel_requested,bid,2203.2,0.1,2026-03-19 00:00:00.254299483+00:00,70.171,2026-03-19 00:00:00.004299483+00:00,pending_cancel,expected_edge_bid,2026-03-19 00:00:01.079188739+00:00,2026-03-19 00:00:01.329188739+00:00
2026-03-19 00:00:01.079188739+00:00,3,placed,ask,2203.7,0.1,2026-03-19 00:00:01.329188739+00:00,63.812999999999995,2026-03-19 00:00:01.079188739+00:00,pending_new,,,
2026-03-19 00:00:01.329188739+00:00,1,cancelled,bid,2203.2,0.1,2026-03-19 00:00:00.254299483+00:00,70.171,2026-03-19 00:00:00.004299483+00:00,cancelled,expected_edge_bid,2026-03-19 00:00:01.079188739+00:00,2026-03-19 00:00:01.329188739+00:00
2026-03-19 00:00:01.582923258+00:00,3,cancel_requested,ask,2203.7,0.1,2026-03-19 00:00:01.329188739+00:00,63.812999999999995,2026-03-19 00:00:01.079188739+00:00,pending_cancel,pressure_stop_ask,2026-03-19 00:00:01.582923258+00:00,2026-03-19 00:00:01.832923258+00:00
2026-03-19 00:00:01.582923258+00:00,4,placed,bid,2203.1,0.1,2026-03-19 00:00:01.832923258+00:00,36.366,2026-03-19 00:00:01.582923258+00:00,pending_new,,,
2026-03-19 00:00:01.832923258+00:00,3,cancelled,ask,2203.7,0.1,2026-03-19 00:00:01.329188739+00:00,63.812999999999995,2026-03-19 00:00:01.079188739+00:00,cancelled,pressure_stop_ask,2026-03-19 00:00:01.582923258+00:00,2026-03-19 00:00:01.832923258+00:00
2026-03-19 00:00:01.947698087+00:00,4,cancel_requested,bid,2203.1,0.1,2026-03-19 00:00:01.832923258+00:00,36.366,2026-03-19 00:00:01.582923258+00:00,pending_cancel,expected_edge_bid,2026-03-19 00:00:01.947698087+00:00,2026-03-19 00:00:02.197698087+00:00
2026-03-19 00:00:01.947698087+00:00,5,placed,ask,2203.6,0.1,2026-03-19 00:00:02.197698087+00:00,32.055,2026-03-19 00:00:01.947698087+00:00,pending_new,,,
2026-03-19 00:00:02.197698087+00:00,4,cancelled,bid,2203.1,0.1,2026-03-19 00:00:01.832923258+00:00,36.366,2026-03-19 00:00:01.582923258+00:00,cancelled,expected_edge_bid,2026-03-19 00:00:01.947698087+00:00,2026-03-19 00:00:02.197698087+00:00
2026-03-19 00:00:03.175728310+00:00,5,cancel_requested,ask,2203.6,0.1,2026-03-19 00:00:02.197698087+00:00,32.055,2026-03-19 00:00:01.947698087+00:00,pending_cancel,expected_edge_ask,2026-03-19 00:00:03.175728310+00:00,2026-03-19 00:00:03.425728310+00:00
2026-03-19 00:00:03.175728310+00:00,6,placed,bid,2203.1,0.1,2026-03-19 00:00:03.425728310+00:00,61.99,2026-03-19 00:00:03.175728310+00:00,pending_new,,,
2026-03-19 00:00:03.425728310+00:00,5,cancelled,ask,2203.6,0.1,2026-03-19 00:00:02.197698087+00:00,32.055,2026-03-19 00:00:01.947698087+00:00,cancelled,expected_edge_ask,2026-03-19 00:00:03.175728310+00:00,2026-03-19 00:00:03.425728310+00:00
2026-03-19 00:00:04.450573566+00:00,6,cancel_requested,bid,2203.1,0.1,2026-03-19 00:00:03.425728310+00:00,61.99,2026-03-19 00:00:03.175728310+00:00,pending_cancel,expected_edge_bid,2026-03-19 00:00:04.450573566+00:00,2026-03-19 00:00:04.700573566+00:00
2026-03-19 00:00:04.450573566+00:00,7,placed,ask,2203.6,0.1,2026-03-19 00:00:04.700573566+00:00,38.694,2026-03-19 00:00:04.450573566+00:00,pending_new,,,
2026-03-19 00:00:04.700573566+00:00,6,cancelled,bid,2203.1,0.1,2026-03-19 00:00:03.425728310+00:00,61.99,2026-03-19 00:00:03.175728310+00:00,cancelled,expected_edge_bid,2026-03-19 00:00:04.450573566+00:00,2026-03-19 00:00:04.700573566+00:00
2026-03-19 00:00:04.959107577+00:00,7,cancel_requested,ask,2203.6,0.1,2026-03-19 00:00:04.700573566+00:00,38.694,2026-03-19 00:00:04.450573566+00:00,pending_cancel,pressure_stop_ask,2026-03-19 00:00:04.959107577+00:00,2026-03-19 00:00:05.209107577+00:00
2026-03-19 00:00:04.959107577+00:00,8,placed,bid,2203.0,0.1,2026-03-19 00:00:05.209107577+00:00,49.4,2026-03-19 00:00:04.959107577+00:00,pending_new,,,
2026-03-19 00:00:05.209107577+00:00,7,cancelled,ask,2203.6,0.1,2026-03-19 00:00:04.700573566+00:00,38.694,2026-03-19 00:00:04.450573566+00:00,cancelled,pressure_stop_ask,2026-03-19 00:00:04.959107577+00:00,2026-03-19 00:00:05.209107577+00:00
2026-03-19 00:00:07.926689966+00:00,8,cancel_requested,bid,2203.0,0.1,2026-03-19 00:00:05.209107577+00:00,49.4,2026-03-19 00:00:04.959107577+00:00,pending_cancel,pressure_stop_bid,2026-03-19 00:00:07.926689966+00:00,2026-03-19 00:00:08.176689966+00:00
2026-03-19 00:00:07.926689966+00:00,9,placed,ask,2203.5,0.1,2026-03-19 00:00:08.176689966+00:00,112.84,2026-03-19 00:00:07.926689966+00:00,pending_new,,,
2026-03-19 00:00:08.023727933+00:00,9,cancel_requested,ask,2203.5,0.1,2026-03-19 00:00:08.176689966+00:00,112.84,2026-03-19 00:00:07.926689966+00:00,pending_cancel,expected_edge_ask,2026-03-19 00:00:08.023727933+00:00,2026-03-19 00:00:08.273727933+00:00
2026-03-19 00:00:08.176689966+00:00,8,cancelled,bid,2203.0,0.1,2026-03-19 00:00:05.209107577+00:00,49.4,2026-03-19 00:00:04.959107577+00:00,cancelled,pressure_stop_bid,2026-03-19 00:00:07.926689966+00:00,2026-03-19 00:00:08.176689966+00:00
2026-03-19 00:00:08.273727933+00:00,9,cancelled,ask,2203.5,0.1,2026-03-19 00:00:08.176689966+00:00,112.84,2026-03-19 00:00:07.926689966+00:00,cancelled,expected_edge_ask,2026-03-19 00:00:08.023727933+00:00,2026-03-19 00:00:08.273727933+00:00
2026-03-19 00:00:08.283281405+00:00,10,placed,bid,2202.9,0.07957592787589501,2026-03-19 00:00:08.533281405+00:00,48.751,2026-03-19 00:00:08.283281405+00:00,pending_new,,,
2026-03-19 00:00:12.106037804+00:00,10,cancel_requested,bid,2202.9,0.07957592787589501,2026-03-19 00:00:08.533281405+00:00,48.751,2026-03-19 00:00:08.283281405+00:00,pending_cancel,pressure_stop_bid,2026-03-19 00:00:12.106037804+00:00,2026-03-19 00:00:12.356037804+00:00
2026-03-19 00:00:12.161787451+00:00,11,placed,ask,2203.3,0.120424072124105,2026-03-19 00:00:12.411787451+00:00,64.629,2026-03-19 00:00:12.161787451+00:00,pending_new,,,
2026-03-19 00:00:12.314092110+00:00,11,cancel_requested,ask,2203.3,0.120424072124105,2026-03-19 00:00:12.411787451+00:00,64.629,2026-03-19 00:00:12.161787451+00:00,pending_cancel,expected_edge_ask,2026-03-19 00:00:12.314092110+00:00,2026-03-19 00:00:12.564092110+00:00
2026-03-19 00:00:12.356037804+00:00,10,cancelled,bid,2202.9,0.07957592787589501,2026-03-19 00:00:08.533281405+00:00,48.751,2026-03-19 00:00:08.283281405+00:00,cancelled,pressure_stop_bid,2026-03-19 00:00:12.106037804+00:00,2026-03-19 00:00:12.356037804+00:00
2026-03-19 00:00:12.564092110+00:00,11,cancelled,ask,2203.3,0.120424072124105,2026-03-19 00:00:12.411787451+00:00,64.629,2026-03-19 00:00:12.161787451+00:00,cancelled,expected_edge_ask,2026-03-19 00:00:12.314092110+00:00,2026-03-19 00:00:12.564092110+00:00
2026-03-19 00:00:12.605220087+00:00,12,placed,bid,2202.8,0.07957592787589501,2026-03-19 00:00:12.855220087+00:00,30.497,2026-03-19 00:00:12.605220087+00:00,pending_new,,,
2026-03-19 00:00:13.742191900+00:00,12,cancel_requested,bid,2202.8,0.07957592787589501,2026-03-19 00:00:12.855220087+00:00,30.497,2026-03-19 00:00:12.605220087+00:00,pending_cancel,pressure_stop_bid,2026-03-19 00:00:13.742191900+00:00,2026-03-19 00:00:13.992191900+00:00
2026-03-19 00:00:13.992191900+00:00,12,cancelled,bid,2202.8,0.07957592787589501,2026-03-19 00:00:12.855220087+00:00,30.497,2026-03-19 00:00:12.605220087+00:00,cancelled,pressure_stop_bid,2026-03-19 00:00:13.742191900+00:00,2026-03-19 00:00:13.992191900+00:00
2026-03-19 00:00:14.043852506+00:00,13,placed,bid,2202.8,0.07957592787589501,2026-03-19 00:00:14.293852506+00:00,50.309,2026-03-19 00:00:14.043852506+00:00,pending_new,,,
2026-03-19 00:00:19.401692576+00:00,13,cancel_requested,bid,2202.8,0.07957592787589501,2026-03-19 00:00:14.293852506+00:00,50.309,2026-03-19 00:00:14.043852506+00:00,pending_cancel,pressure_stop_bid,2026-03-19 00:00:19.401692576+00:00,2026-03-19 00:00:19.651692576+00:00
2026-03-19 00:00:19.651692576+00:00,13,cancelled,bid,2202.8,0.07957592787589501,2026-03-19 00:00:14.293852506+00:00,50.309,2026-03-19 00:00:14.043852506+00:00,cancelled,pressure_stop_bid,2026-03-19 00:00:19.401692576+00:00,2026-03-19 00:00:19.651692576+00:00
2026-03-19 00:00:19.674348799+00:00,14,placed,ask,2203.3,0.120424072124105,2026-03-19 00:00:19.924348799+00:00,118.02700000000002,2026-03-19 00:00:19.674348799+00:00,pending_new,,,
2026-03-19 00:00:19.724636460+00:00,14,cancel_requested,ask,2203.3,0.120424072124105,2026-03-19 00:00:19.924348799+00:00,118.02700000000002,2026-03-19 00:00:19.674348799+00:00,pending_cancel,expected_edge_ask,2026-03-19 00:00:19.724636460+00:00,2026-03-19 00:00:19.974636460+00:00
2026-03-19 00:00:19.724636460+00:00,15,placed,bid,2202.6,0.07957592787589501,2026-03-19 00:00:19.974636460+00:00,64.197,2026-03-19 00:00:19.724636460+00:00,pending_new,,,
2026-03-19 00:00:19.974636460+00:00,14,cancelled,ask,2203.3,0.120424072124105,2026-03-19 00:00:19.924348799+00:00,118.02700000000002,2026-03-19 00:00:19.674348799+00:00,cancelled,expected_edge_ask,2026-03-19 00:00:19.724636460+00:00,2026-03-19 00:00:19.974636460+00:00
2026-03-19 00:00:22.377181023+00:00,15,cancel_requested,bid,2202.6,0.07957592787589501,2026-03-19 00:00:19.974636460+00:00,64.197,2026-03-19 00:00:19.724636460+00:00,pending_cancel,pressure_stop_bid,2026-03-19 00:00:22.377181023+00:00,2026-03-19 00:00:22.627181023+00:00
2026-03-19 00:00:22.377181023+00:00,16,placed,ask,2203.1,0.120424072124105,2026-03-19 00:00:22.627181023+00:00,72.774,2026-03-19 00:00:22.377181023+00:00,pending_new,,,
2026-03-19 00:00:22.530844039+00:00,16,cancel_requested,ask,2203.1,0.120424072124105,2026-03-19 00:00:22.627181023+00:00,72.774,2026-03-19 00:00:22.377181023+00:00,pending_cancel,expected_edge_ask,2026-03-19 00:00:22.530844039+00:00,2026-03-19 00:00:22.780844039+00:00
2026-03-19 00:00:22.627181023+00:00,15,cancelled,bid,2202.6,0.07957592787589501,2026-03-19 00:00:19.974636460+00:00,64.197,2026-03-19 00:00:19.724636460+00:00,cancelled,pressure_stop_bid,2026-03-19 00:00:22.377181023+00:00,2026-03-19 00:00:22.627181023+00:00
2026-03-19 00:00:22.780844039+00:00,16,cancelled,ask,2203.1,0.120424072124105,2026-03-19 00:00:22.627181023+00:00,72.774,2026-03-19 00:00:22.377181023+00:00,cancelled,expected_edge_ask,2026-03-19 00:00:22.530844039+00:00,2026-03-19 00:00:22.780844039+00:00
2026-03-19 00:00:27.840048652+00:00,17,placed,bid,2202.9,0.07957592787589501,2026-03-19 00:00:28.090048652+00:00,224.822,2026-03-19 00:00:27.840048652+00:00,pending_new,,,
2026-03-19 00:00:27.935767972+00:00,17,cancel_requested,bid,2202.9,0.07957592787589501,2026-03-19 00:00:28.090048652+00:00,224.822,2026-03-19 00:00:27.840048652+00:00,pending_cancel,refresh_reprice,2026-03-19 00:00:27.935767972+00:00,2026-03-19 00:00:28.185767972+00:00
2026-03-19 00:00:28.185767972+00:00,17,cancelled,bid,2202.9,0.07957592787589501,2026-03-19 00:00:28.090048652+00:00,224.822,2026-03-19 00:00:27.840048652+00:00,cancelled,refresh_reprice,2026-03-19 00:00:27.935767972+00:00,2026-03-19 00:00:28.185767972+00:00
2026-03-19 00:00:28.235309450+00:00,18,placed,bid,2203.3,0.07920202198249773,2026-03-19 00:00:28.485309450+00:00,143.36200000000002,2026-03-19 00:00:28.235309450+00:00,pending_new,,,
2026-03-19 00:00:28.606596638+00:00,18,cancel_requested,bid,2203.3,0.07920202198249773,2026-03-19 00:00:28.485309450+00:00,143.36200000000002,2026-03-19 00:00:28.235309450+00:00,pending_cancel,pressure_stop_bid,2026-03-19 00:00:28.606596638+00:00,2026-03-19 00:00:28.856596638+00:00
2026-03-19 00:00:28.606596638+00:00,19,placed,ask,2203.9,0.12079797801750228,2026-03-19 00:00:28.856596638+00:00,92.588,2026-03-19 00:00:28.606596638+00:00,pending_new,,,
2026-03-19 00:00:28.856596638+00:00,18,cancelled,bid,2203.3,0.07920202198249773,2026-03-19 00:00:28.485309450+00:00,143.36200000000002,2026-03-19 00:00:28.235309450+00:00,cancelled,pressure_stop_bid,2026-03-19 00:00:28.606596638+00:00,2026-03-19 00:00:28.856596638+00:00
2026-03-19 00:00:29.514950816+00:00,19,cancel_requested,ask,2203.9,0.12079797801750228,2026-03-19 00:00:28.856596638+00:00,92.588,2026-03-19 00:00:28.606596638+00:00,pending_cancel,expected_edge_ask,2026-03-19 00:00:29.514950816+00:00,2026-03-19 00:00:29.764950816+00:00
2026-03-19 00:00:29.514950816+00:00,20,placed,bid,2203.2,0.07920202198249773,2026-03-19 00:00:29.764950816+00:00,55.135,2026-03-19 00:00:29.514950816+00:00,pending_new,,,
2026-03-19 00:00:29.764950816+00:00,19,cancelled,ask,2203.9,0.12079797801750228,2026-03-19 00:00:28.856596638+00:00,92.588,2026-03-19 00:00:28.606596638+00:00,cancelled,expected_edge_ask,2026-03-19 00:00:29.514950816+00:00,2026-03-19 00:00:29.764950816+00:00
2026-03-19 00:00:29.932419516+00:00,20,cancel_requested,bid,2203.2,0.07920202198249773,2026-03-19 00:00:29.764950816+00:00,55.135,2026-03-19 00:00:29.514950816+00:00,pending_cancel,pressure_stop_bid,2026-03-19 00:00:29.932419516+00:00,2026-03-19 00:00:30.182419516+00:00
2026-03-19 00:00:29.932419516+00:00,21,placed,ask,2203.7,0.12079797801750228,2026-03-19 00:00:30.182419516+00:00,89.23400000000001,2026-03-19 00:00:29.932419516+00:00,pending_new,,,
2026-03-19 00:00:30.182419516+00:00,20,cancelled,bid,2203.2,0.07920202198249773,2026-03-19 00:00:29.764950816+00:00,55.135,2026-03-19 00:00:29.514950816+00:00,cancelled,pressure_stop_bid,2026-03-19 00:00:29.932419516+00:00,2026-03-19 00:00:30.182419516+00:00
2026-03-19 00:00:30.189548239+00:00,22,placed,bid,2203.0,0.07920202198249773,2026-03-19 00:00:30.439548239+00:00,81.895,2026-03-19 00:00:30.189548239+00:00,pending_new,,,
2026-03-19 00:00:30.542288912+00:00,21,cancel_requested,ask,2203.7,0.12079797801750228,2026-03-19 00:00:30.182419516+00:00,89.23400000000001,2026-03-19 00:00:29.932419516+00:00,pending_cancel,expected_edge_ask,2026-03-19 00:00:30.542288912+00:00,2026-03-19 00:00:30.792288912+00:00
2026-03-19 00:00:30.792288912+00:00,21,cancelled,ask,2203.7,0.12079797801750228,2026-03-19 00:00:30.182419516+00:00,89.23400000000001,2026-03-19 00:00:29.932419516+00:00,cancelled,expected_edge_ask,2026-03-19 00:00:30.542288912+00:00,2026-03-19 00:00:30.792288912+00:00
2026-03-19 00:00:31.535399191+00:00,22,cancel_requested,bid,2203.0,0.07920202198249773,2026-03-19 00:00:30.439548239+00:00,81.895,2026-03-19 00:00:30.189548239+00:00,pending_cancel,pressure_stop_bid,2026-03-19 00:00:31.535399191+00:00,2026-03-19 00:00:31.785399191+00:00
2026-03-19 00:00:31.535399191+00:00,23,placed,ask,2203.6,0.12079797801750228,2026-03-19 00:00:31.785399191+00:00,85.006,2026-03-19 00:00:31.535399191+00:00,pending_new,,,
2026-03-19 00:00:31.785399191+00:00,22,cancelled,bid,2203.0,0.07920202198249773,2026-03-19 00:00:30.439548239+00:00,81.895,2026-03-19 00:00:30.189548239+00:00,cancelled,pressure_stop_bid,2026-03-19 00:00:31.535399191+00:00,2026-03-19 00:00:31.785399191+00:00
2026-03-19 00:00:31.820338542+00:00,24,placed,bid,2202.9,0.07920202198249773,2026-03-19 00:00:32.070338542+00:00,135.271,2026-03-19 00:00:31.820338542+00:00,pending_new,,,
2026-03-19 00:00:32.537386030+00:00,23,cancel_requested,ask,2203.6,0.12079797801750228,2026-03-19 00:00:31.785399191+00:00,85.006,2026-03-19 00:00:31.535399191+00:00,pending_cancel,expected_edge_ask,2026-03-19 00:00:32.537386030+00:00,2026-03-19 00:00:32.787386030+00:00
2026-03-19 00:00:32.787386030+00:00,23,cancelled,ask,2203.6,0.12079797801750228,2026-03-19 00:00:31.785399191+00:00,85.006,2026-03-19 00:00:31.535399191+00:00,cancelled,expected_edge_ask,2026-03-19 00:00:32.537386030+00:00,2026-03-19 00:00:32.787386030+00:00
2026-03-19 00:00:39.377686737+00:00,25,placed,ask,2203.5,0.12079797801750228,2026-03-19 00:00:39.627686737+00:00,96.485,2026-03-19 00:00:39.377686737+00:00,pending_new,,,
2026-03-19 00:00:39.545401338+00:00,24,cancel_requested,bid,2202.9,0.07920202198249773,2026-03-19 00:00:32.070338542+00:00,135.271,2026-03-19 00:00:31.820338542+00:00,pending_cancel,pressure_stop_bid,2026-03-19 00:00:39.545401338+00:00,2026-03-19 00:00:39.795401338+00:00
2026-03-19 00:00:39.795401338+00:00,24,cancelled,bid,2202.9,0.07920202198249773,2026-03-19 00:00:32.070338542+00:00,135.271,2026-03-19 00:00:31.820338542+00:00,cancelled,pressure_stop_bid,2026-03-19 00:00:39.545401338+00:00,2026-03-19 00:00:39.795401338+00:00
2026-03-19 00:00:39.834733978+00:00,26,placed,bid,2202.8,0.07920202198249773,2026-03-19 00:00:40.084733978+00:00,94.912,2026-03-19 00:00:39.834733978+00:00,pending_new,,,
2026-03-19 00:00:40.384719598+00:00,25,cancel_requested,ask,2203.5,0.12079797801750228,2026-03-19 00:00:39.627686737+00:00,96.485,2026-03-19 00:00:39.377686737+00:00,pending_cancel,expected_edge_ask,2026-03-19 00:00:40.384719598+00:00,2026-03-19 00:00:40.634719598+00:00
2026-03-19 00:00:40.634719598+00:00,25,cancelled,ask,2203.5,0.12079797801750228,2026-03-19 00:00:39.627686737+00:00,96.485,2026-03-19 00:00:39.377686737+00:00,cancelled,expected_edge_ask,2026-03-19 00:00:40.384719598+00:00,2026-03-19 00:00:40.634719598+00:00
2026-03-19 00:00:43.257278635+00:00,26,cancel_requested,bid,2202.8,0.07920202198249773,2026-03-19 00:00:40.084733978+00:00,94.912,2026-03-19 00:00:39.834733978+00:00,pending_cancel,pressure_stop_bid,2026-03-19 00:00:43.257278635+00:00,2026-03-19 00:00:43.507278635+00:00
2026-03-19 00:00:43.257278635+00:00,27,placed,ask,2203.5,0.12079797801750228,2026-03-19 00:00:43.507278635+00:00,126.39599999999999,2026-03-19 00:00:43.257278635+00:00,pending_new,,,
2026-03-19 00:00:43.507278635+00:00,26,cancelled,bid,2202.8,0.07920202198249773,2026-03-19 00:00:40.084733978+00:00,94.912,2026-03-19 00:00:39.834733978+00:00,cancelled,pressure_stop_bid,2026-03-19 00:00:43.257278635+00:00,2026-03-19 00:00:43.507278635+00:00
2026-03-19 00:00:44.330180948+00:00,27,cancel_requested,ask,2203.5,0.12079797801750228,2026-03-19 00:00:43.507278635+00:00,126.39599999999999,2026-03-19 00:00:43.257278635+00:00,pending_cancel,expected_edge_ask,2026-03-19 00:00:44.330180948+00:00,2026-03-19 00:00:44.580180948+00:00
2026-03-19 00:00:44.330180948+00:00,28,placed,bid,2202.7,0.07920202198249773,2026-03-19 00:00:44.580180948+00:00,52.061,2026-03-19 00:00:44.330180948+00:00,pending_new,,,
2026-03-19 00:00:44.580180948+00:00,27,cancelled,ask,2203.5,0.12079797801750228,2026-03-19 00:00:43.507278635+00:00,126.39599999999999,2026-03-19 00:00:43.257278635+00:00,cancelled,expected_edge_ask,2026-03-19 00:00:44.330180948+00:00,2026-03-19 00:00:44.580180948+00:00
2026-03-19 00:00:45.349251645+00:00,28,cancel_requested,bid,2202.7,0.07920202198249773,2026-03-19 00:00:44.580180948+00:00,52.061,2026-03-19 00:00:44.330180948+00:00,pending_cancel,pressure_stop_bid,2026-03-19 00:00:45.349251645+00:00,2026-03-19 00:00:45.599251645+00:00
2026-03-19 00:00:45.349251645+00:00,29,placed,ask,2203.3,0.12079797801750228,2026-03-19 00:00:45.599251645+00:00,93.28800000000001,2026-03-19 00:00:45.349251645+00:00,pending_new,,,
2026-03-19 00:00:45.400681400+00:00,29,cancel_requested,ask,2203.3,0.12079797801750228,2026-03-19 00:00:45.599251645+00:00,93.28800000000001,2026-03-19 00:00:45.349251645+00:00,pending_cancel,expected_edge_ask,2026-03-19 00:00:45.400681400+00:00,2026-03-19 00:00:45.650681400+00:00
2026-03-19 00:00:45.599251645+00:00,28,cancelled,bid,2202.7,0.07920202198249773,2026-03-19 00:00:44.580180948+00:00,52.061,2026-03-19 00:00:44.330180948+00:00,cancelled,pressure_stop_bid,2026-03-19 00:00:45.349251645+00:00,2026-03-19 00:00:45.599251645+00:00
2026-03-19 00:00:45.650681400+00:00,29,cancelled,ask,2203.3,0.12079797801750228,2026-03-19 00:00:45.599251645+00:00,93.28800000000001,2026-03-19 00:00:45.349251645+00:00,cancelled,expected_edge_ask,2026-03-19 00:00:45.400681400+00:00,2026-03-19 00:00:45.650681400+00:00
2026-03-19 00:00:45.655028002+00:00,30,placed,ask,2203.3,0.12079797801750228,2026-03-19 00:00:45.905028002+00:00,96.34300000000002,2026-03-19 00:00:45.655028002+00:00,pending_new,,,
2026-03-19 00:00:47.338516985+00:00,30,cancel_requested,ask,2203.3,0.12079797801750228,2026-03-19 00:00:45.905028002+00:00,96.34300000000002,2026-03-19 00:00:45.655028002+00:00,pending_cancel,pressure_stop_ask,2026-03-19 00:00:47.338516985+00:00,2026-03-19 00:00:47.588516985+00:00
2026-03-19 00:00:47.338516985+00:00,31,placed,bid,2202.7,0.07920202198249773,2026-03-19 00:00:47.588516985+00:00,183.798,2026-03-19 00:00:47.338516985+00:00,pending_new,,,
2026-03-19 00:00:47.588516985+00:00,30,cancelled,ask,2203.3,0.12079797801750228,2026-03-19 00:00:45.905028002+00:00,96.34300000000002,2026-03-19 00:00:45.655028002+00:00,cancelled,pressure_stop_ask,2026-03-19 00:00:47.338516985+00:00,2026-03-19 00:00:47.588516985+00:00
2026-03-19 00:00:48.974611342+00:00,31,cancel_requested,bid,2202.7,0.07920202198249773,2026-03-19 00:00:47.588516985+00:00,183.798,2026-03-19 00:00:47.338516985+00:00,pending_cancel,refresh_reprice,2026-03-19 00:00:48.974611342+00:00,2026-03-19 00:00:49.224611342+00:00
2026-03-19 00:00:49.224611342+00:00,31,cancelled,bid,2202.7,0.07920202198249773,2026-03-19 00:00:47.588516985+00:00,183.798,2026-03-19 00:00:47.338516985+00:00,cancelled,refresh_reprice,2026-03-19 00:00:48.974611342+00:00,2026-03-19 00:00:49.224611342+00:00
2026-03-19 00:00:49.281976117+00:00,32,placed,bid,2203.0,0.07956137409334688,2026-03-19 00:00:49.531976117+00:00,187.163,2026-03-19 00:00:49.281976117+00:00,pending_new,,,
2026-03-19 00:00:51.527691709+00:00,32,cancel_requested,bid,2203.0,0.07956137409334688,2026-03-19 00:00:49.531976117+00:00,187.163,2026-03-19 00:00:49.281976117+00:00,pending_cancel,refresh_reprice,2026-03-19 00:00:51.527691709+00:00,2026-03-19 00:00:51.777691709+00:00
2026-03-19 00:00:51.777691709+00:00,32,cancelled,bid,2203.0,0.07956137409334688,2026-03-19 00:00:49.531976117+00:00,187.163,2026-03-19 00:00:49.281976117+00:00,cancelled,refresh_reprice,2026-03-19 00:00:51.527691709+00:00,2026-03-19 00:00:51.777691709+00:00
2026-03-19 00:00:51.782671224+00:00,33,placed,ask,2204.1,0.12043862590665314,2026-03-19 00:00:52.032671224+00:00,68.608,2026-03-19 00:00:51.782671224+00:00,pending_new,,,
2026-03-19 00:00:51.833732497+00:00,34,placed,bid,2202.6,0.07956137409334688,2026-03-19 00:00:52.083732497+00:00,145.585,2026-03-19 00:00:51.833732497+00:00,pending_new,,,
2026-03-19 00:00:52.087574348+00:00,33,cancel_requested,ask,2204.1,0.12043862590665314,2026-03-19 00:00:52.032671224+00:00,68.608,2026-03-19 00:00:51.782671224+00:00,pending_cancel,pressure_stop_ask,2026-03-19 00:00:52.087574348+00:00,2026-03-19 00:00:52.337574348+00:00
2026-03-19 00:00:52.337574348+00:00,33,cancelled,ask,2204.1,0.12043862590665314,2026-03-19 00:00:52.032671224+00:00,68.608,2026-03-19 00:00:51.782671224+00:00,cancelled,pressure_stop_ask,2026-03-19 00:00:52.087574348+00:00,2026-03-19 00:00:52.337574348+00:00
2026-03-19 00:00:54.892564506+00:00,34,cancel_requested,bid,2202.6,0.07956137409334688,2026-03-19 00:00:52.083732497+00:00,145.585,2026-03-19 00:00:51.833732497+00:00,pending_cancel,refresh_reprice,2026-03-19 00:00:54.892564506+00:00,2026-03-19 00:00:55.142564506+00:00
2026-03-19 00:00:55.142564506+00:00,34,cancelled,bid,2202.6,0.07956137409334688,2026-03-19 00:00:52.083732497+00:00,145.585,2026-03-19 00:00:51.833732497+00:00,cancelled,refresh_reprice,2026-03-19 00:00:54.892564506+00:00,2026-03-19 00:00:55.142564506+00:00
2026-03-19 00:00:55.247358157+00:00,35,placed,bid,2203.2,0.07956137409334688,2026-03-19 00:00:55.497358157+00:00,190.31199999999998,2026-03-19 00:00:55.247358157+00:00,pending_new,,,
2026-03-19 00:00:56.469771613+00:00,35,cancel_requested,bid,2203.2,0.07956137409334688,2026-03-19 00:00:55.497358157+00:00,190.31199999999998,2026-03-19 00:00:55.247358157+00:00,pending_cancel,pressure_stop_bid,2026-03-19 00:00:56.469771613+00:00,2026-03-19 00:00:56.719771613+00:00
2026-03-19 00:00:56.469771613+00:00,36,placed,ask,2203.8,0.12043862590665314,2026-03-19 00:00:56.719771613+00:00,148.273,2026-03-19 00:00:56.469771613+00:00,pending_new,,,
2026-03-19 00:00:56.719771613+00:00,35,cancelled,bid,2203.2,0.07956137409334688,2026-03-19 00:00:55.497358157+00:00,190.31199999999998,2026-03-19 00:00:55.247358157+00:00,cancelled,pressure_stop_bid,2026-03-19 00:00:56.469771613+00:00,2026-03-19 00:00:56.719771613+00:00
2026-03-19 00:00:56.828895057+00:00,36,cancel_requested,ask,2203.8,0.12043862590665314,2026-03-19 00:00:56.719771613+00:00,148.273,2026-03-19 00:00:56.469771613+00:00,pending_cancel,expected_edge_ask,2026-03-19 00:00:56.828895057+00:00,2026-03-19 00:00:57.078895057+00:00
2026-03-19 00:00:56.828895057+00:00,37,placed,bid,2203.1,0.07956137409334688,2026-03-19 00:00:57.078895057+00:00,34.903,2026-03-19 00:00:56.828895057+00:00,pending_new,,,
2026-03-19 00:00:56.879183737+00:00,37,cancel_requested,bid,2203.1,0.07956137409334688,2026-03-19 00:00:57.078895057+00:00,34.903,2026-03-19 00:00:56.828895057+00:00,pending_cancel,pressure_stop_bid,2026-03-19 00:00:56.879183737+00:00,2026-03-19 00:00:57.129183737+00:00
2026-03-19 00:00:57.078895057+00:00,36,cancelled,ask,2203.8,0.12043862590665314,2026-03-19 00:00:56.719771613+00:00,148.273,2026-03-19 00:00:56.469771613+00:00,cancelled,expected_edge_ask,2026-03-19 00:00:56.828895057+00:00,2026-03-19 00:00:57.078895057+00:00
2026-03-19 00:00:57.086894230+00:00,38,placed,ask,2203.6,0.12043862590665314,2026-03-19 00:00:57.336894230+00:00,77.295,2026-03-19 00:00:57.086894230+00:00,pending_new,,,
2026-03-19 00:00:57.129183737+00:00,37,cancelled,bid,2203.1,0.07956137409334688,2026-03-19 00:00:57.078895057+00:00,34.903,2026-03-19 00:00:56.828895057+00:00,cancelled,pressure_stop_bid,2026-03-19 00:00:56.879183737+00:00,2026-03-19 00:00:57.129183737+00:00
2026-03-19 00:00:57.136671338+00:00,39,placed,bid,2202.9,0.07956137409334688,2026-03-19 00:00:57.386671338+00:00,80.225,2026-03-19 00:00:57.136671338+00:00,pending_new,,,
2026-03-19 00:00:57.232346527+00:00,39,cancel_requested,bid,2202.9,0.07956137409334688,2026-03-19 00:00:57.386671338+00:00,80.225,2026-03-19 00:00:57.136671338+00:00,pending_cancel,pressure_stop_bid,2026-03-19 00:00:57.232346527+00:00,2026-03-19 00:00:57.482346527+00:00
2026-03-19 00:00:57.342605543+00:00,38,cancel_requested,ask,2203.6,0.12043862590665314,2026-03-19 00:00:57.336894230+00:00,77.295,2026-03-19 00:00:57.086894230+00:00,pending_cancel,expected_edge_ask,2026-03-19 00:00:57.342605543+00:00,2026-03-19 00:00:57.592605543+00:00
2026-03-19 00:00:57.482346527+00:00,39,cancelled,bid,2202.9,0.07956137409334688,2026-03-19 00:00:57.386671338+00:00,80.225,2026-03-19 00:00:57.136671338+00:00,cancelled,pressure_stop_bid,2026-03-19 00:00:57.232346527+00:00,2026-03-19 00:00:57.482346527+00:00
2026-03-19 00:00:57.495513564+00:00,40,placed,bid,2202.8,0.07956137409334688,2026-03-19 00:00:57.745513564+00:00,113.48,2026-03-19 00:00:57.495513564+00:00,pending_new,,,
2026-03-19 00:00:57.540651111+00:00,40,cancel_requested,bid,2202.8,0.07956137409334688,2026-03-19 00:00:57.745513564+00:00,113.48,2026-03-19 00:00:57.495513564+00:00,pending_cancel,pressure_stop_bid,2026-03-19 00:00:57.540651111+00:00,2026-03-19 00:00:57.790651111+00:00
2026-03-19 00:00:57.592605543+00:00,38,cancelled,ask,2203.6,0.12043862590665314,2026-03-19 00:00:57.336894230+00:00,77.295,2026-03-19 00:00:57.086894230+00:00,cancelled,expected_edge_ask,2026-03-19 00:00:57.342605543+00:00,2026-03-19 00:00:57.592605543+00:00
2026-03-19 00:00:57.638571540+00:00,41,placed,ask,2203.5,0.12043862590665314,2026-03-19 00:00:57.888571540+00:00,85.94200000000001,2026-03-19 00:00:57.638571540+00:00,pending_new,,,
2026-03-19 00:00:57.790651111+00:00,40,cancelled,bid,2202.8,0.07956137409334688,2026-03-19 00:00:57.745513564+00:00,113.48,2026-03-19 00:00:57.495513564+00:00,cancelled,pressure_stop_bid,2026-03-19 00:00:57.540651111+00:00,2026-03-19 00:00:57.790651111+00:00
2026-03-19 00:00:57.801428256+00:00,41,cancel_requested,ask,2203.5,0.12043862590665314,2026-03-19 00:00:57.888571540+00:00,85.94200000000001,2026-03-19 00:00:57.638571540+00:00,pending_cancel,expected_edge_ask,2026-03-19 00:00:57.801428256+00:00,2026-03-19 00:00:58.051428256+00:00
2026-03-19 00:00:57.801428256+00:00,42,placed,bid,2202.7,0.07956137409334688,2026-03-19 00:00:58.051428256+00:00,87.08500000000001,2026-03-19 00:00:57.801428256+00:00,pending_new,,,
2026-03-19 00:00:58.041488496+00:00,42,cancel_requested,bid,2202.7,0.07956137409334688,2026-03-19 00:00:58.051428256+00:00,87.08500000000001,2026-03-19 00:00:57.801428256+00:00,pending_cancel,pressure_stop_bid,2026-03-19 00:00:58.041488496+00:00,2026-03-19 00:00:58.291488496+00:00
2026-03-19 00:00:58.051428256+00:00,41,cancelled,ask,2203.5,0.12043862590665314,2026-03-19 00:00:57.888571540+00:00,85.94200000000001,2026-03-19 00:00:57.638571540+00:00,cancelled,expected_edge_ask,2026-03-19 00:00:57.801428256+00:00,2026-03-19 00:00:58.051428256+00:00
2026-03-19 00:00:58.105981572+00:00,43,placed,ask,2203.4,0.12043862590665314,2026-03-19 00:00:58.355981572+00:00,147.812,2026-03-19 00:00:58.105981572+00:00,pending_new,,,
2026-03-19 00:00:58.157913330+00:00,43,cancel_requested,ask,2203.4,0.12043862590665314,2026-03-19 00:00:58.355981572+00:00,147.812,2026-03-19 00:00:58.105981572+00:00,pending_cancel,expected_edge_ask,2026-03-19 00:00:58.157913330+00:00,2026-03-19 00:00:58.407913330+00:00
2026-03-19 00:00:58.291488496+00:00,42,cancelled,bid,2202.7,0.07956137409334688,2026-03-19 00:00:58.051428256+00:00,87.08500000000001,2026-03-19 00:00:57.801428256+00:00,cancelled,pressure_stop_bid,2026-03-19 00:00:58.041488496+00:00,2026-03-19 00:00:58.291488496+00:00
2026-03-19 00:00:58.407913330+00:00,43,cancelled,ask,2203.4,0.12043862590665314,2026-03-19 00:00:58.355981572+00:00,147.812,2026-03-19 00:00:58.105981572+00:00,cancelled,expected_edge_ask,2026-03-19 00:00:58.157913330+00:00,2026-03-19 00:00:58.407913330+00:00
2026-03-19 00:00:58.511125040+00:00,44,placed,ask,2203.3,0.12043862590665314,2026-03-19 00:00:58.761125040+00:00,110.083,2026-03-19 00:00:58.511125040+00:00,pending_new,,,
2026-03-19 00:01:03.669306462+00:00,45,placed,bid,2201.8,0.07956137409334688,2026-03-19 00:01:03.919306462+00:00,211.728,2026-03-19 00:01:03.669306462+00:00,pending_new,,,
2026-03-19 00:01:03.669306462+00:00,44,cancel_requested,ask,2203.3,0.12043862590665314,2026-03-19 00:00:58.761125040+00:00,110.083,2026-03-19 00:00:58.511125040+00:00,pending_cancel,refresh_reprice,2026-03-19 00:01:03.669306462+00:00,2026-03-19 00:01:03.919306462+00:00
2026-03-19 00:01:03.919306462+00:00,44,cancelled,ask,2203.3,0.12043862590665314,2026-03-19 00:00:58.761125040+00:00,110.083,2026-03-19 00:00:58.511125040+00:00,cancelled,refresh_reprice,2026-03-19 00:01:03.669306462+00:00,2026-03-19 00:01:03.919306462+00:00
2026-03-19 00:01:03.922227332+00:00,46,placed,ask,2203.1,0.12043862590665314,2026-03-19 00:01:04.172227332+00:00,217.898,2026-03-19 00:01:03.922227332+00:00,pending_new,,,
2026-03-19 00:01:05.149653230+00:00,45,cancel_requested,bid,2201.8,0.07956137409334688,2026-03-19 00:01:03.919306462+00:00,211.728,2026-03-19 00:01:03.669306462+00:00,pending_cancel,pressure_stop_bid,2026-03-19 00:01:05.149653230+00:00,2026-03-19 00:01:05.399653230+00:00
2026-03-19 00:01:05.399653230+00:00,45,cancelled,bid,2201.8,0.07956137409334688,2026-03-19 00:01:03.919306462+00:00,211.728,2026-03-19 00:01:03.669306462+00:00,cancelled,pressure_stop_bid,2026-03-19 00:01:05.149653230+00:00,2026-03-19 00:01:05.399653230+00:00
2026-03-19 00:01:13.724417546+00:00,46,cancel_requested,ask,2203.1,0.12043862590665314,2026-03-19 00:01:04.172227332+00:00,217.898,2026-03-19 00:01:03.922227332+00:00,pending_cancel,refresh_reprice,2026-03-19 00:01:13.724417546+00:00,2026-03-19 00:01:13.974417546+00:00
2026-03-19 00:01:13.974417546+00:00,46,cancelled,ask,2203.1,0.12043862590665314,2026-03-19 00:01:04.172227332+00:00,217.898,2026-03-19 00:01:03.922227332+00:00,cancelled,refresh_reprice,2026-03-19 00:01:13.724417546+00:00,2026-03-19 00:01:13.974417546+00:00
2026-03-19 00:01:13.979370798+00:00,47,placed,ask,2202.2,0.12201303299493392,2026-03-19 00:01:14.229370798+00:00,172.892,2026-03-19 00:01:13.979370798+00:00,pending_new,,,
2026-03-19 00:01:14.028305655+00:00,48,placed,bid,2200.7,0.0779869670050661,2026-03-19 00:01:14.278305655+00:00,158.323,2026-03-19 00:01:14.028305655+00:00,pending_new,,,
2026-03-19 00:01:14.285144297+00:00,47,cancel_requested,ask,2202.2,0.12201303299493392,2026-03-19 00:01:14.229370798+00:00,172.892,2026-03-19 00:01:13.979370798+00:00,pending_cancel,pressure_stop_ask,2026-03-19 00:01:14.285144297+00:00,2026-03-19 00:01:14.535144297+00:00
2026-03-19 00:01:14.535144297+00:00,47,cancelled,ask,2202.2,0.12201303299493392,2026-03-19 00:01:14.229370798+00:00,172.892,2026-03-19 00:01:13.979370798+00:00,cancelled,pressure_stop_ask,2026-03-19 00:01:14.285144297+00:00,2026-03-19 00:01:14.535144297+00:00
2026-03-19 00:01:18.365574212+00:00,48,cancel_requested,bid,2200.7,0.0779869670050661,2026-03-19 00:01:14.278305655+00:00,158.323,2026-03-19 00:01:14.028305655+00:00,pending_cancel,refresh_reprice,2026-03-19 00:01:18.365574212+00:00,2026-03-19 00:01:18.615574212+00:00
2026-03-19 00:01:18.615574212+00:00,48,cancelled,bid,2200.7,0.0779869670050661,2026-03-19 00:01:14.278305655+00:00,158.323,2026-03-19 00:01:14.028305655+00:00,cancelled,refresh_reprice,2026-03-19 00:01:18.365574212+00:00,2026-03-19 00:01:18.615574212+00:00
2026-03-19 00:01:18.839036345+00:00,49,placed,bid,2201.0,0.0779869670050661,2026-03-19 00:01:19.089036345+00:00,256.191,2026-03-19 00:01:18.839036345+00:00,pending_new,,,
2026-03-19 00:01:24.326814591+00:00,49,cancel_requested,bid,2201.0,0.0779869670050661,2026-03-19 00:01:19.089036345+00:00,256.191,2026-03-19 00:01:18.839036345+00:00,pending_cancel,refresh_reprice,2026-03-19 00:01:24.326814591+00:00,2026-03-19 00:01:24.576814591+00:00
2026-03-19 00:01:24.576814591+00:00,49,cancelled,bid,2201.0,0.0779869670050661,2026-03-19 00:01:19.089036345+00:00,256.191,2026-03-19 00:01:18.839036345+00:00,cancelled,refresh_reprice,2026-03-19 00:01:24.326814591+00:00,2026-03-19 00:01:24.576814591+00:00
2026-03-19 00:01:24.689735853+00:00,50,placed,bid,2201.6,0.0779869670050661,2026-03-19 00:01:24.939735853+00:00,223.96800000000002,2026-03-19 00:01:24.689735853+00:00,pending_new,,,
2026-03-19 00:01:25.107658230+00:00,50,cancel_requested,bid,2201.6,0.0779869670050661,2026-03-19 00:01:24.939735853+00:00,223.96800000000002,2026-03-19 00:01:24.689735853+00:00,pending_cancel,refresh_reprice,2026-03-19 00:01:25.107658230+00:00,2026-03-19 00:01:25.357658230+00:00
2026-03-19 00:01:25.357658230+00:00,50,cancelled,bid,2201.6,0.0779869670050661,2026-03-19 00:01:24.939735853+00:00,223.96800000000002,2026-03-19 00:01:24.689735853+00:00,cancelled,refresh_reprice,2026-03-19 00:01:25.107658230+00:00,2026-03-19 00:01:25.357658230+00:00
2026-03-19 00:01:25.360165011+00:00,51,placed,bid,2201.9,0.0779869670050661,2026-03-19 00:01:25.610165011+00:00,202.662,2026-03-19 00:01:25.360165011+00:00,pending_new,,,
2026-03-19 00:01:26.946606488+00:00,51,cancel_requested,bid,2201.9,0.0779869670050661,2026-03-19 00:01:25.610165011+00:00,202.662,2026-03-19 00:01:25.360165011+00:00,pending_cancel,refresh_reprice,2026-03-19 00:01:26.946606488+00:00,2026-03-19 00:01:27.196606488+00:00
2026-03-19 00:01:26.946606488+00:00,52,placed,ask,2203.0,0.12201303299493392,2026-03-19 00:01:27.196606488+00:00,18.708,2026-03-19 00:01:26.946606488+00:00,pending_new,,,
2026-03-19 00:01:26.995521395+00:00,52,cancel_requested,ask,2203.0,0.12201303299493392,2026-03-19 00:01:27.196606488+00:00,18.708,2026-03-19 00:01:26.946606488+00:00,pending_cancel,pressure_stop_ask,2026-03-19 00:01:26.995521395+00:00,2026-03-19 00:01:27.245521395+00:00
2026-03-19 00:01:27.196606488+00:00,51,cancelled,bid,2201.9,0.0779869670050661,2026-03-19 00:01:25.610165011+00:00,202.662,2026-03-19 00:01:25.360165011+00:00,cancelled,refresh_reprice,2026-03-19 00:01:26.946606488+00:00,2026-03-19 00:01:27.196606488+00:00
2026-03-19 00:01:27.206284641+00:00,53,placed,bid,2202.2,0.0779869670050661,2026-03-19 00:01:27.456284641+00:00,191.547,2026-03-19 00:01:27.206284641+00:00,pending_new,,,
2026-03-19 00:01:27.245521395+00:00,52,cancelled,ask,2203.0,0.12201303299493392,2026-03-19 00:01:27.196606488+00:00,18.708,2026-03-19 00:01:26.946606488+00:00,cancelled,pressure_stop_ask,2026-03-19 00:01:26.995521395+00:00,2026-03-19 00:01:27.245521395+00:00
2026-03-19 00:01:31.643169748+00:00,53,cancel_requested,bid,2202.2,0.0779869670050661,2026-03-19 00:01:27.456284641+00:00,191.547,2026-03-19 00:01:27.206284641+00:00,pending_cancel,refresh_reprice,2026-03-19 00:01:31.643169748+00:00,2026-03-19 00:01:31.893169748+00:00
2026-03-19 00:01:31.893169748+00:00,53,cancelled,bid,2202.2,0.0779869670050661,2026-03-19 00:01:27.456284641+00:00,191.547,2026-03-19 00:01:27.206284641+00:00,cancelled,refresh_reprice,2026-03-19 00:01:31.643169748+00:00,2026-03-19 00:01:31.893169748+00:00
2026-03-19 00:01:31.897194665+00:00,54,placed,bid,2202.4,0.07909440618036281,2026-03-19 00:01:32.147194665+00:00,170.144,2026-03-19 00:01:31.897194665+00:00,pending_new,,,
2026-03-19 00:01:39.299189638+00:00,54,cancel_requested,bid,2202.4,0.07909440618036281,2026-03-19 00:01:32.147194665+00:00,170.144,2026-03-19 00:01:31.897194665+00:00,pending_cancel,refresh_reprice,2026-03-19 00:01:39.299189638+00:00,2026-03-19 00:01:39.549189638+00:00
2026-03-19 00:01:39.549189638+00:00,54,cancelled,bid,2202.4,0.07909440618036281,2026-03-19 00:01:32.147194665+00:00,170.144,2026-03-19 00:01:31.897194665+00:00,cancelled,refresh_reprice,2026-03-19 00:01:39.299189638+00:00,2026-03-19 00:01:39.549189638+00:00
2026-03-19 00:01:39.553001534+00:00,55,placed,bid,2202.8,0.07909440618036281,2026-03-19 00:01:39.803001534+00:00,162.723,2026-03-19 00:01:39.553001534+00:00,pending_new,,,
2026-03-19 00:01:49.553001534+00:00,55,cancel_requested,bid,2202.8,0.07909440618036281,2026-03-19 00:01:39.803001534+00:00,162.723,2026-03-19 00:01:39.553001534+00:00,pending_cancel,quote_age_expired,2026-03-19 00:01:49.553001534+00:00,2026-03-19 00:01:49.803001534+00:00
2026-03-19 00:01:49.803001534+00:00,55,cancelled,bid,2202.8,0.07909440618036281,2026-03-19 00:01:39.803001534+00:00,162.723,2026-03-19 00:01:39.553001534+00:00,cancelled,quote_age_expired,2026-03-19 00:01:49.553001534+00:00,2026-03-19 00:01:49.803001534+00:00
2026-03-19 00:01:49.824166125+00:00,56,placed,bid,2203.0,0.08147841009426512,2026-03-19 00:01:50.074166125+00:00,181.708,2026-03-19 00:01:49.824166125+00:00,pending_new,,,
2026-03-19 00:01:51.399548634+00:00,56,cancel_requested,bid,2203.0,0.08147841009426512,2026-03-19 00:01:50.074166125+00:00,181.708,2026-03-19 00:01:49.824166125+00:00,pending_cancel,pressure_stop_bid,2026-03-19 00:01:51.399548634+00:00,2026-03-19 00:01:51.649548634+00:00
2026-03-19 00:01:51.399548634+00:00,57,placed,ask,2203.7,0.1185215899057349,2026-03-19 00:01:51.649548634+00:00,134.211,2026-03-19 00:01:51.399548634+00:00,pending_new,,,
2026-03-19 00:01:51.502125955+00:00,57,cancel_requested,ask,2203.7,0.1185215899057349,2026-03-19 00:01:51.649548634+00:00,134.211,2026-03-19 00:01:51.399548634+00:00,pending_cancel,expected_edge_ask,2026-03-19 00:01:51.502125955+00:00,2026-03-19 00:01:51.752125955+00:00
2026-03-19 00:01:51.649548634+00:00,56,cancelled,bid,2203.0,0.08147841009426512,2026-03-19 00:01:50.074166125+00:00,181.708,2026-03-19 00:01:49.824166125+00:00,cancelled,pressure_stop_bid,2026-03-19 00:01:51.399548634+00:00,2026-03-19 00:01:51.649548634+00:00
2026-03-19 00:01:51.752125955+00:00,57,cancelled,ask,2203.7,0.1185215899057349,2026-03-19 00:01:51.649548634+00:00,134.211,2026-03-19 00:01:51.399548634+00:00,cancelled,expected_edge_ask,2026-03-19 00:01:51.502125955+00:00,2026-03-19 00:01:51.752125955+00:00
2026-03-19 00:01:51.757045427+00:00,58,placed,ask,2203.2,0.1185215899057349,2026-03-19 00:01:52.007045427+00:00,74.533,2026-03-19 00:01:51.757045427+00:00,pending_new,,,
2026-03-19 00:01:51.912869663+00:00,58,cancel_requested,ask,2203.2,0.1185215899057349,2026-03-19 00:01:52.007045427+00:00,74.533,2026-03-19 00:01:51.757045427+00:00,pending_cancel,refresh_reprice,2026-03-19 00:01:51.912869663+00:00,2026-03-19 00:01:52.162869663+00:00
2026-03-19 00:01:52.162869663+00:00,58,cancelled,ask,2203.2,0.1185215899057349,2026-03-19 00:01:52.007045427+00:00,74.533,2026-03-19 00:01:51.757045427+00:00,cancelled,refresh_reprice,2026-03-19 00:01:51.912869663+00:00,2026-03-19 00:01:52.162869663+00:00
2026-03-19 00:01:52.211036263+00:00,59,placed,ask,2202.9,0.1185215899057349,2026-03-19 00:01:52.461036263+00:00,73.252,2026-03-19 00:01:52.211036263+00:00,pending_new,,,
2026-03-19 00:01:52.764859799+00:00,59,cancel_requested,ask,2202.9,0.1185215899057349,2026-03-19 00:01:52.461036263+00:00,73.252,2026-03-19 00:01:52.211036263+00:00,pending_cancel,expected_edge_ask,2026-03-19 00:01:52.764859799+00:00,2026-03-19 00:01:53.014859799+00:00
2026-03-19 00:01:52.764859799+00:00,60,placed,bid,2202.1,0.08147841009426512,2026-03-19 00:01:53.014859799+00:00,66.762,2026-03-19 00:01:52.764859799+00:00,pending_new,,,
2026-03-19 00:01:53.014859799+00:00,59,cancelled,ask,2202.9,0.1185215899057349,2026-03-19 00:01:52.461036263+00:00,73.252,2026-03-19 00:01:52.211036263+00:00,cancelled,expected_edge_ask,2026-03-19 00:01:52.764859799+00:00,2026-03-19 00:01:53.014859799+00:00
2026-03-19 00:01:53.033154642+00:00,61,placed,ask,2202.9,0.1185215899057349,2026-03-19 00:01:53.283154642+00:00,78.588,2026-03-19 00:01:53.033154642+00:00,pending_new,,,
2026-03-19 00:01:53.433236030+00:00,60,cancel_requested,bid,2202.1,0.08147841009426512,2026-03-19 00:01:53.014859799+00:00,66.762,2026-03-19 00:01:52.764859799+00:00,pending_cancel,pressure_stop_bid,2026-03-19 00:01:53.433236030+00:00,2026-03-19 00:01:53.683236030+00:00
2026-03-19 00:01:53.683236030+00:00,60,cancelled,bid,2202.1,0.08147841009426512,2026-03-19 00:01:53.014859799+00:00,66.762,2026-03-19 00:01:52.764859799+00:00,cancelled,pressure_stop_bid,2026-03-19 00:01:53.433236030+00:00,2026-03-19 00:01:53.683236030+00:00
2026-03-19 00:01:53.952508427+00:00,62,placed,bid,2201.9,0.08147841009426512,2026-03-19 00:01:54.202508427+00:00,113.458,2026-03-19 00:01:53.952508427+00:00,pending_new,,,
2026-03-19 00:01:53.952508427+00:00,61,cancel_requested,ask,2202.9,0.1185215899057349,2026-03-19 00:01:53.283154642+00:00,78.588,2026-03-19 00:01:53.033154642+00:00,pending_cancel,refresh_reprice,2026-03-19 00:01:53.952508427+00:00,2026-03-19 00:01:54.202508427+00:00
2026-03-19 00:01:54.087978239+00:00,62,cancel_requested,bid,2201.9,0.08147841009426512,2026-03-19 00:01:54.202508427+00:00,113.458,2026-03-19 00:01:53.952508427+00:00,pending_cancel,pressure_stop_bid,2026-03-19 00:01:54.087978239+00:00,2026-03-19 00:01:54.337978239+00:00
2026-03-19 00:01:54.202508427+00:00,61,cancelled,ask,2202.9,0.1185215899057349,2026-03-19 00:01:53.283154642+00:00,78.588,2026-03-19 00:01:53.033154642+00:00,cancelled,refresh_reprice,2026-03-19 00:01:53.952508427+00:00,2026-03-19 00:01:54.202508427+00:00
2026-03-19 00:01:54.258097641+00:00,63,placed,ask,2202.6,0.1185215899057349,2026-03-19 00:01:54.508097641+00:00,93.228,2026-03-19 00:01:54.258097641+00:00,pending_new,,,
2026-03-19 00:01:54.337978239+00:00,62,cancelled,bid,2201.9,0.08147841009426512,2026-03-19 00:01:54.202508427+00:00,113.458,2026-03-19 00:01:53.952508427+00:00,cancelled,pressure_stop_bid,2026-03-19 00:01:54.087978239+00:00,2026-03-19 00:01:54.337978239+00:00
2026-03-19 00:01:54.798514705+00:00,63,cancel_requested,ask,2202.6,0.1185215899057349,2026-03-19 00:01:54.508097641+00:00,93.228,2026-03-19 00:01:54.258097641+00:00,pending_cancel,expected_edge_ask,2026-03-19 00:01:54.798514705+00:00,2026-03-19 00:01:55.048514705+00:00
2026-03-19 00:01:54.798514705+00:00,64,placed,bid,2201.8,0.08147841009426512,2026-03-19 00:01:55.048514705+00:00,117.84100000000001,2026-03-19 00:01:54.798514705+00:00,pending_new,,,
2026-03-19 00:01:55.048514705+00:00,63,cancelled,ask,2202.6,0.1185215899057349,2026-03-19 00:01:54.508097641+00:00,93.228,2026-03-19 00:01:54.258097641+00:00,cancelled,expected_edge_ask,2026-03-19 00:01:54.798514705+00:00,2026-03-19 00:01:55.048514705+00:00
2026-03-19 00:01:55.431050541+00:00,64,cancel_requested,bid,2201.8,0.08147841009426512,2026-03-19 00:01:55.048514705+00:00,117.84100000000001,2026-03-19 00:01:54.798514705+00:00,pending_cancel,pressure_stop_bid,2026-03-19 00:01:55.431050541+00:00,2026-03-19 00:01:55.681050541+00:00
2026-03-19 00:01:55.431050541+00:00,65,placed,ask,2202.4,0.1185215899057349,2026-03-19 00:01:55.681050541+00:00,101.04999999999998,2026-03-19 00:01:55.431050541+00:00,pending_new,,,
2026-03-19 00:01:55.681050541+00:00,64,cancelled,bid,2201.8,0.08147841009426512,2026-03-19 00:01:55.048514705+00:00,117.84100000000001,2026-03-19 00:01:54.798514705+00:00,cancelled,pressure_stop_bid,2026-03-19 00:01:55.431050541+00:00,2026-03-19 00:01:55.681050541+00:00
2026-03-19 00:01:56.198552358+00:00,66,placed,bid,2201.3,0.08147841009426512,2026-03-19 00:01:56.448552358+00:00,112.03,2026-03-19 00:01:56.198552358+00:00,pending_new,,,
2026-03-19 00:01:56.198552358+00:00,65,cancel_requested,ask,2202.4,0.1185215899057349,2026-03-19 00:01:55.681050541+00:00,101.04999999999998,2026-03-19 00:01:55.431050541+00:00,pending_cancel,refresh_reprice,2026-03-19 00:01:56.198552358+00:00,2026-03-19 00:01:56.448552358+00:00
2026-03-19 00:01:56.448552358+00:00,65,cancelled,ask,2202.4,0.1185215899057349,2026-03-19 00:01:55.681050541+00:00,101.04999999999998,2026-03-19 00:01:55.431050541+00:00,cancelled,refresh_reprice,2026-03-19 00:01:56.198552358+00:00,2026-03-19 00:01:56.448552358+00:00
2026-03-19 00:01:56.459997239+00:00,67,placed,ask,2202.2,0.1185215899057349,2026-03-19 00:01:56.709997239+00:00,135.72,2026-03-19 00:01:56.459997239+00:00,pending_new,,,
2026-03-19 00:01:57.416775186+00:00,67,cancel_requested,ask,2202.2,0.1185215899057349,2026-03-19 00:01:56.709997239+00:00,135.72,2026-03-19 00:01:56.459997239+00:00,pending_cancel,expected_edge_ask,2026-03-19 00:01:57.416775186+00:00,2026-03-19 00:01:57.666775186+00:00
2026-03-19 00:01:57.666775186+00:00,67,cancelled,ask,2202.2,0.1185215899057349,2026-03-19 00:01:56.709997239+00:00,135.72,2026-03-19 00:01:56.459997239+00:00,cancelled,expected_edge_ask,2026-03-19 00:01:57.416775186+00:00,2026-03-19 00:01:57.666775186+00:00
2026-03-19 00:01:57.986644435+00:00,66,cancel_requested,bid,2201.3,0.08147841009426512,2026-03-19 00:01:56.448552358+00:00,112.03,2026-03-19 00:01:56.198552358+00:00,pending_cancel,refresh_reprice,2026-03-19 00:01:57.986644435+00:00,2026-03-19 00:01:58.236644435+00:00
2026-03-19 00:01:58.236644435+00:00,66,cancelled,bid,2201.3,0.08147841009426512,2026-03-19 00:01:56.448552358+00:00,112.03,2026-03-19 00:01:56.198552358+00:00,cancelled,refresh_reprice,2026-03-19 00:01:57.986644435+00:00,2026-03-19 00:01:58.236644435+00:00
2026-03-19 00:01:58.294972722+00:00,68,placed,bid,2201.6,0.08147841009426512,2026-03-19 00:01:58.544972722+00:00,196.49699999999999,2026-03-19 00:01:58.294972722+00:00,pending_new,,,
2026-03-19 00:01:58.854339112+00:00,68,cancel_requested,bid,2201.6,0.08147841009426512,2026-03-19 00:01:58.544972722+00:00,196.49699999999999,2026-03-19 00:01:58.294972722+00:00,pending_cancel,refresh_reprice,2026-03-19 00:01:58.854339112+00:00,2026-03-19 00:01:59.104339112+00:00
2026-03-19 00:01:59.104339112+00:00,68,cancelled,bid,2201.6,0.08147841009426512,2026-03-19 00:01:58.544972722+00:00,196.49699999999999,2026-03-19 00:01:58.294972722+00:00,cancelled,refresh_reprice,2026-03-19 00:01:58.854339112+00:00,2026-03-19 00:01:59.104339112+00:00
2026-03-19 00:01:59.104974424+00:00,69,placed,bid,2201.9,0.08147841009426512,2026-03-19 00:01:59.354974424+00:00,156.16,2026-03-19 00:01:59.104974424+00:00,pending_new,,,
2026-03-19 00:02:04.634753276+00:00,69,cancel_requested,bid,2201.9,0.08147841009426512,2026-03-19 00:01:59.354974424+00:00,156.16,2026-03-19 00:01:59.104974424+00:00,pending_cancel,refresh_reprice,2026-03-19 00:02:04.634753276+00:00,2026-03-19 00:02:04.884753276+00:00
2026-03-19 00:02:04.634753276+00:00,70,placed,ask,2203.3,0.1185215899057349,2026-03-19 00:02:04.884753276+00:00,172.149,2026-03-19 00:02:04.634753276+00:00,pending_new,,,
2026-03-19 00:02:04.884753276+00:00,69,cancelled,bid,2201.9,0.08147841009426512,2026-03-19 00:01:59.354974424+00:00,156.16,2026-03-19 00:01:59.104974424+00:00,cancelled,refresh_reprice,2026-03-19 00:02:04.634753276+00:00,2026-03-19 00:02:04.884753276+00:00
2026-03-19 00:02:04.954403651+00:00,71,placed,bid,2201.8,0.08147841009426512,2026-03-19 00:02:05.204403651+00:00,194.19899999999998,2026-03-19 00:02:04.954403651+00:00,pending_new,,,
2026-03-19 00:02:05.129563164+00:00,71,cancel_requested,bid,2201.8,0.08147841009426512,2026-03-19 00:02:05.204403651+00:00,194.19899999999998,2026-03-19 00:02:04.954403651+00:00,pending_cancel,pressure_stop_bid,2026-03-19 00:02:05.129563164+00:00,2026-03-19 00:02:05.379563164+00:00
2026-03-19 00:02:05.379563164+00:00,71,cancelled,bid,2201.8,0.08147841009426512,2026-03-19 00:02:05.204403651+00:00,194.19899999999998,2026-03-19 00:02:04.954403651+00:00,cancelled,pressure_stop_bid,2026-03-19 00:02:05.129563164+00:00,2026-03-19 00:02:05.379563164+00:00
2026-03-19 00:02:06.046222044+00:00,70,cancel_requested,ask,2203.3,0.1185215899057349,2026-03-19 00:02:04.884753276+00:00,172.149,2026-03-19 00:02:04.634753276+00:00,pending_cancel,refresh_reprice,2026-03-19 00:02:06.046222044+00:00,2026-03-19 00:02:06.296222044+00:00
2026-03-19 00:02:06.296222044+00:00,70,cancelled,ask,2203.3,0.1185215899057349,2026-03-19 00:02:04.884753276+00:00,172.149,2026-03-19 00:02:04.634753276+00:00,cancelled,refresh_reprice,2026-03-19 00:02:06.046222044+00:00,2026-03-19 00:02:06.296222044+00:00
2026-03-19 00:02:06.343976639+00:00,72,placed,ask,2202.9,0.1185215899057349,2026-03-19 00:02:06.593976639+00:00,255.019,2026-03-19 00:02:06.343976639+00:00,pending_new,,,
2026-03-19 00:02:07.578223955+00:00,72,cancel_requested,ask,2202.9,0.1185215899057349,2026-03-19 00:02:06.593976639+00:00,255.019,2026-03-19 00:02:06.343976639+00:00,pending_cancel,refresh_reprice,2026-03-19 00:02:07.578223955+00:00,2026-03-19 00:02:07.828223955+00:00
2026-03-19 00:02:07.828223955+00:00,72,cancelled,ask,2202.9,0.1185215899057349,2026-03-19 00:02:06.593976639+00:00,255.019,2026-03-19 00:02:06.343976639+00:00,cancelled,refresh_reprice,2026-03-19 00:02:07.578223955+00:00,2026-03-19 00:02:07.828223955+00:00
2026-03-19 00:02:07.840277866+00:00,73,placed,ask,2202.7,0.1185215899057349,2026-03-19 00:02:08.090277866+00:00,151.18099999999998,2026-03-19 00:02:07.840277866+00:00,pending_new,,,
2026-03-19 00:02:09.920323268+00:00,73,cancel_requested,ask,2202.7,0.1185215899057349,2026-03-19 00:02:08.090277866+00:00,151.18099999999998,2026-03-19 00:02:07.840277866+00:00,pending_cancel,pressure_stop_ask,2026-03-19 00:02:09.920323268+00:00,2026-03-19 00:02:10.170323268+00:00
2026-03-19 00:02:09.920323268+00:00,74,placed,bid,2201.8,0.08100937759832202,2026-03-19 00:02:10.170323268+00:00,185.233,2026-03-19 00:02:09.920323268+00:00,pending_new,,,
2026-03-19 00:02:10.076446784+00:00,74,cancel_requested,bid,2201.8,0.08100937759832202,2026-03-19 00:02:10.170323268+00:00,185.233,2026-03-19 00:02:09.920323268+00:00,pending_cancel,refresh_reprice,2026-03-19 00:02:10.076446784+00:00,2026-03-19 00:02:10.326446784+00:00
2026-03-19 00:02:10.170323268+00:00,73,cancelled,ask,2202.7,0.1185215899057349,2026-03-19 00:02:08.090277866+00:00,151.18099999999998,2026-03-19 00:02:07.840277866+00:00,cancelled,pressure_stop_ask,2026-03-19 00:02:09.920323268+00:00,2026-03-19 00:02:10.170323268+00:00
2026-03-19 00:02:10.326446784+00:00,74,cancelled,bid,2201.8,0.08100937759832202,2026-03-19 00:02:10.170323268+00:00,185.233,2026-03-19 00:02:09.920323268+00:00,cancelled,refresh_reprice,2026-03-19 00:02:10.076446784+00:00,2026-03-19 00:02:10.326446784+00:00
2026-03-19 00:02:10.331843854+00:00,75,placed,bid,2201.6,0.08100937759832202,2026-03-19 00:02:10.581843854+00:00,260.072,2026-03-19 00:02:10.331843854+00:00,pending_new,,,
2026-03-19 00:02:10.843622899+00:00,75,cancel_requested,bid,2201.6,0.08100937759832202,2026-03-19 00:02:10.581843854+00:00,260.072,2026-03-19 00:02:10.331843854+00:00,pending_cancel,refresh_reprice,2026-03-19 00:02:10.843622899+00:00,2026-03-19 00:02:11.093622899+00:00
2026-03-19 00:02:11.093622899+00:00,75,cancelled,bid,2201.6,0.08100937759832202,2026-03-19 00:02:10.581843854+00:00,260.072,2026-03-19 00:02:10.331843854+00:00,cancelled,refresh_reprice,2026-03-19 00:02:10.843622899+00:00,2026-03-19 00:02:11.093622899+00:00
2026-03-19 00:02:11.097362742+00:00,76,placed,bid,2202.1,0.08100937759832202,2026-03-19 00:02:11.347362742+00:00,217.176,2026-03-19 00:02:11.097362742+00:00,pending_new,,,
2026-03-19 00:02:13.746727323+00:00,76,cancel_requested,bid,2202.1,0.08100937759832202,2026-03-19 00:02:11.347362742+00:00,217.176,2026-03-19 00:02:11.097362742+00:00,pending_cancel,refresh_reprice,2026-03-19 00:02:13.746727323+00:00,2026-03-19 00:02:13.996727323+00:00
2026-03-19 00:02:13.746727323+00:00,77,placed,ask,2203.6,0.118990622401678,2026-03-19 00:02:13.996727323+00:00,175.137,2026-03-19 00:02:13.746727323+00:00,pending_new,,,
2026-03-19 00:02:13.996727323+00:00,76,cancelled,bid,2202.1,0.08100937759832202,2026-03-19 00:02:11.347362742+00:00,217.176,2026-03-19 00:02:11.097362742+00:00,cancelled,refresh_reprice,2026-03-19 00:02:13.746727323+00:00,2026-03-19 00:02:13.996727323+00:00
2026-03-19 00:02:14.057381297+00:00,78,placed,bid,2202.7,0.08100937759832202,2026-03-19 00:02:14.307381297+00:00,121.70899999999999,2026-03-19 00:02:14.057381297+00:00,pending_new,,,
2026-03-19 00:02:15.486675378+00:00,77,cancel_requested,ask,2203.6,0.118990622401678,2026-03-19 00:02:13.996727323+00:00,175.137,2026-03-19 00:02:13.746727323+00:00,pending_cancel,pressure_stop_ask,2026-03-19 00:02:15.486675378+00:00,2026-03-19 00:02:15.736675378+00:00
2026-03-19 00:02:15.736675378+00:00,77,cancelled,ask,2203.6,0.118990622401678,2026-03-19 00:02:13.996727323+00:00,175.137,2026-03-19 00:02:13.746727323+00:00,cancelled,pressure_stop_ask,2026-03-19 00:02:15.486675378+00:00,2026-03-19 00:02:15.736675378+00:00
2026-03-19 00:02:20.838970024+00:00,79,placed,ask,2203.4,0.118990622401678,2026-03-19 00:02:21.088970024+00:00,70.925,2026-03-19 00:02:20.838970024+00:00,pending_new,,,
2026-03-19 00:02:21.451039889+00:00,78,cancel_requested,bid,2202.7,0.08100937759832202,2026-03-19 00:02:14.307381297+00:00,121.70899999999999,2026-03-19 00:02:14.057381297+00:00,pending_cancel,pressure_stop_bid,2026-03-19 00:02:21.451039889+00:00,2026-03-19 00:02:21.701039889+00:00
2026-03-19 00:02:21.701039889+00:00,78,cancelled,bid,2202.7,0.08100937759832202,2026-03-19 00:02:14.307381297+00:00,121.70899999999999,2026-03-19 00:02:14.057381297+00:00,cancelled,pressure_stop_bid,2026-03-19 00:02:21.451039889+00:00,2026-03-19 00:02:21.701039889+00:00
2026-03-19 00:02:21.736329452+00:00,80,placed,bid,2202.6,0.08100937759832202,2026-03-19 00:02:21.986329452+00:00,156.66699999999997,2026-03-19 00:02:21.736329452+00:00,pending_new,,,
2026-03-19 00:02:21.916244228+00:00,80,cancel_requested,bid,2202.6,0.08100937759832202,2026-03-19 00:02:21.986329452+00:00,156.66699999999997,2026-03-19 00:02:21.736329452+00:00,pending_cancel,pressure_stop_bid,2026-03-19 00:02:21.916244228+00:00,2026-03-19 00:02:22.166244228+00:00
2026-03-19 00:02:22.166244228+00:00,80,cancelled,bid,2202.6,0.08100937759832202,2026-03-19 00:02:21.986329452+00:00,156.66699999999997,2026-03-19 00:02:21.736329452+00:00,cancelled,pressure_stop_bid,2026-03-19 00:02:21.916244228+00:00,2026-03-19 00:02:22.166244228+00:00
2026-03-19 00:02:25.336898465+00:00,79,cancel_requested,ask,2203.4,0.118990622401678,2026-03-19 00:02:21.088970024+00:00,70.925,2026-03-19 00:02:20.838970024+00:00,pending_cancel,refresh_reprice,2026-03-19 00:02:25.336898465+00:00,2026-03-19 00:02:25.586898465+00:00
2026-03-19 00:02:25.444198071+00:00,81,placed,bid,2202.2,0.08100937759832202,2026-03-19 00:02:25.694198071+00:00,94.73200000000001,2026-03-19 00:02:25.444198071+00:00,pending_new,,,
2026-03-19 00:02:25.586898465+00:00,79,cancelled,ask,2203.4,0.118990622401678,2026-03-19 00:02:21.088970024+00:00,70.925,2026-03-19 00:02:20.838970024+00:00,cancelled,refresh_reprice,2026-03-19 00:02:25.336898465+00:00,2026-03-19 00:02:25.586898465+00:00
2026-03-19 00:02:25.592208402+00:00,82,placed,ask,2202.9,0.118990622401678,2026-03-19 00:02:25.842208402+00:00,46.329,2026-03-19 00:02:25.592208402+00:00,pending_new,,,
2026-03-19 00:02:25.954618595+00:00,81,cancel_requested,bid,2202.2,0.08100937759832202,2026-03-19 00:02:25.694198071+00:00,94.73200000000001,2026-03-19 00:02:25.444198071+00:00,pending_cancel,pressure_stop_bid,2026-03-19 00:02:25.954618595+00:00,2026-03-19 00:02:26.204618595+00:00
2026-03-19 00:02:26.054950580+00:00,82,cancel_requested,ask,2202.9,0.118990622401678,2026-03-19 00:02:25.842208402+00:00,46.329,2026-03-19 00:02:25.592208402+00:00,pending_cancel,refresh_reprice,2026-03-19 00:02:26.054950580+00:00,2026-03-19 00:02:26.304950580+00:00
2026-03-19 00:02:26.204618595+00:00,81,cancelled,bid,2202.2,0.08100937759832202,2026-03-19 00:02:25.694198071+00:00,94.73200000000001,2026-03-19 00:02:25.444198071+00:00,cancelled,pressure_stop_bid,2026-03-19 00:02:25.954618595+00:00,2026-03-19 00:02:26.204618595+00:00
2026-03-19 00:02:26.261605697+00:00,83,placed,bid,2202.0,0.08100937759832202,2026-03-19 00:02:26.511605697+00:00,123.21900000000001,2026-03-19 00:02:26.261605697+00:00,pending_new,,,
2026-03-19 00:02:26.304950580+00:00,82,cancelled,ask,2202.9,0.118990622401678,2026-03-19 00:02:25.842208402+00:00,46.329,2026-03-19 00:02:25.592208402+00:00,cancelled,refresh_reprice,2026-03-19 00:02:26.054950580+00:00,2026-03-19 00:02:26.304950580+00:00
2026-03-19 00:02:26.312014355+00:00,84,placed,ask,2202.8,0.118990622401678,2026-03-19 00:02:26.562014355+00:00,62.234,2026-03-19 00:02:26.312014355+00:00,pending_new,,,
2026-03-19 00:02:28.403924878+00:00,84,cancel_requested,ask,2202.8,0.118990622401678,2026-03-19 00:02:26.562014355+00:00,62.234,2026-03-19 00:02:26.312014355+00:00,pending_cancel,pressure_stop_ask,2026-03-19 00:02:28.403924878+00:00,2026-03-19 00:02:28.653924878+00:00
2026-03-19 00:02:28.403924878+00:00,83,resized,bid,2202.0,0.0805999352968368,2026-03-19 00:02:26.511605697+00:00,123.21900000000001,,,preserve_queue_priority,,
2026-03-19 00:02:28.653924878+00:00,84,cancelled,ask,2202.8,0.118990622401678,2026-03-19 00:02:26.562014355+00:00,62.234,2026-03-19 00:02:26.312014355+00:00,cancelled,pressure_stop_ask,2026-03-19 00:02:28.403924878+00:00,2026-03-19 00:02:28.653924878+00:00
2026-03-19 00:02:36.261605697+00:00,83,cancel_requested,bid,2202.0,0.0805999352968368,2026-03-19 00:02:26.511605697+00:00,123.21900000000001,2026-03-19 00:02:26.261605697+00:00,pending_cancel,quote_age_expired,2026-03-19 00:02:36.261605697+00:00,2026-03-19 00:02:36.511605697+00:00
2026-03-19 00:02:36.511605697+00:00,83,cancelled,bid,2202.0,0.0805999352968368,2026-03-19 00:02:26.511605697+00:00,123.21900000000001,2026-03-19 00:02:26.261605697+00:00,cancelled,quote_age_expired,2026-03-19 00:02:36.261605697+00:00,2026-03-19 00:02:36.511605697+00:00
2026-03-19 00:02:36.535352726+00:00,85,placed,bid,2202.0,0.0805999352968368,2026-03-19 00:02:36.785352726+00:00,130.765,2026-03-19 00:02:36.535352726+00:00,pending_new,,,
2026-03-19 00:02:37.133597070+00:00,85,cancel_requested,bid,2202.0,0.0805999352968368,2026-03-19 00:02:36.785352726+00:00,130.765,2026-03-19 00:02:36.535352726+00:00,pending_cancel,refresh_reprice,2026-03-19 00:02:37.133597070+00:00,2026-03-19 00:02:37.383597070+00:00
2026-03-19 00:02:37.133597070+00:00,86,placed,ask,2203.1,0.11940006470316321,2026-03-19 00:02:37.383597070+00:00,58.599000000000004,2026-03-19 00:02:37.133597070+00:00,pending_new,,,
2026-03-19 00:02:37.383597070+00:00,85,cancelled,bid,2202.0,0.0805999352968368,2026-03-19 00:02:36.785352726+00:00,130.765,2026-03-19 00:02:36.535352726+00:00,cancelled,refresh_reprice,2026-03-19 00:02:37.133597070+00:00,2026-03-19 00:02:37.383597070+00:00
2026-03-19 00:02:37.387087050+00:00,87,placed,bid,2202.3,0.0805999352968368,2026-03-19 00:02:37.637087050+00:00,98.52799999999999,2026-03-19 00:02:37.387087050+00:00,pending_new,,,
2026-03-19 00:02:39.777927779+00:00,87,cancel_requested,bid,2202.3,0.0805999352968368,2026-03-19 00:02:37.637087050+00:00,98.52799999999999,2026-03-19 00:02:37.387087050+00:00,pending_cancel,refresh_reprice,2026-03-19 00:02:39.777927779+00:00,2026-03-19 00:02:40.027927779+00:00
2026-03-19 00:02:40.027927779+00:00,87,cancelled,bid,2202.3,0.0805999352968368,2026-03-19 00:02:37.637087050+00:00,98.52799999999999,2026-03-19 00:02:37.387087050+00:00,cancelled,refresh_reprice,2026-03-19 00:02:39.777927779+00:00,2026-03-19 00:02:40.027927779+00:00
2026-03-19 00:02:41.768171176+00:00,86,cancel_requested,ask,2203.1,0.11940006470316321,2026-03-19 00:02:37.383597070+00:00,58.599000000000004,2026-03-19 00:02:37.133597070+00:00,pending_cancel,expected_edge_ask,2026-03-19 00:02:41.768171176+00:00,2026-03-19 00:02:42.018171176+00:00
2026-03-19 00:02:41.768171176+00:00,88,placed,bid,2202.0,0.0805999352968368,2026-03-19 00:02:42.018171176+00:00,145.875,2026-03-19 00:02:41.768171176+00:00,pending_new,,,
2026-03-19 00:02:41.970010851+00:00,88,cancel_requested,bid,2202.0,0.0805999352968368,2026-03-19 00:02:42.018171176+00:00,145.875,2026-03-19 00:02:41.768171176+00:00,pending_cancel,pressure_stop_bid,2026-03-19 00:02:41.970010851+00:00,2026-03-19 00:02:42.220010851+00:00
2026-03-19 00:02:42.018171176+00:00,86,cancelled,ask,2203.1,0.11940006470316321,2026-03-19 00:02:37.383597070+00:00,58.599000000000004,2026-03-19 00:02:37.133597070+00:00,cancelled,expected_edge_ask,2026-03-19 00:02:41.768171176+00:00,2026-03-19 00:02:42.018171176+00:00
2026-03-19 00:02:42.079588214+00:00,89,placed,ask,2202.8,0.11940006470316321,2026-03-19 00:02:42.329588214+00:00,99.08000000000001,2026-03-19 00:02:42.079588214+00:00,pending_new,,,
2026-03-19 00:02:42.220010851+00:00,88,cancelled,bid,2202.0,0.0805999352968368,2026-03-19 00:02:42.018171176+00:00,145.875,2026-03-19 00:02:41.768171176+00:00,cancelled,pressure_stop_bid,2026-03-19 00:02:41.970010851+00:00,2026-03-19 00:02:42.220010851+00:00
2026-03-19 00:02:43.102404181+00:00,89,cancel_requested,ask,2202.8,0.11940006470316321,2026-03-19 00:02:42.329588214+00:00,99.08000000000001,2026-03-19 00:02:42.079588214+00:00,pending_cancel,refresh_reprice,2026-03-19 00:02:43.102404181+00:00,2026-03-19 00:02:43.352404181+00:00
2026-03-19 00:02:43.255895274+00:00,90,placed,bid,2201.5,0.0805999352968368,2026-03-19 00:02:43.505895274+00:00,110.34700000000001,2026-03-19 00:02:43.255895274+00:00,pending_new,,,
2026-03-19 00:02:43.352404181+00:00,89,cancelled,ask,2202.8,0.11940006470316321,2026-03-19 00:02:42.329588214+00:00,99.08000000000001,2026-03-19 00:02:42.079588214+00:00,cancelled,refresh_reprice,2026-03-19 00:02:43.102404181+00:00,2026-03-19 00:02:43.352404181+00:00
2026-03-19 00:02:43.355619881+00:00,91,placed,ask,2202.4,0.11940006470316321,2026-03-19 00:02:43.605619881+00:00,88.88900000000001,2026-03-19 00:02:43.355619881+00:00,pending_new,,,
2026-03-19 00:02:44.223594478+00:00,91,cancel_requested,ask,2202.4,0.11940006470316321,2026-03-19 00:02:43.605619881+00:00,88.88900000000001,2026-03-19 00:02:43.355619881+00:00,pending_cancel,pressure_stop_ask,2026-03-19 00:02:44.223594478+00:00,2026-03-19 00:02:44.473594478+00:00
2026-03-19 00:02:44.369673247+00:00,90,cancel_requested,bid,2201.5,0.0805999352968368,2026-03-19 00:02:43.505895274+00:00,110.34700000000001,2026-03-19 00:02:43.255895274+00:00,pending_cancel,refresh_reprice,2026-03-19 00:02:44.369673247+00:00,2026-03-19 00:02:44.619673247+00:00
2026-03-19 00:02:44.473594478+00:00,91,cancelled,ask,2202.4,0.11940006470316321,2026-03-19 00:02:43.605619881+00:00,88.88900000000001,2026-03-19 00:02:43.355619881+00:00,cancelled,pressure_stop_ask,2026-03-19 00:02:44.223594478+00:00,2026-03-19 00:02:44.473594478+00:00
2026-03-19 00:02:44.619673247+00:00,90,cancelled,bid,2201.5,0.0805999352968368,2026-03-19 00:02:43.505895274+00:00,110.34700000000001,2026-03-19 00:02:43.255895274+00:00,cancelled,refresh_reprice,2026-03-19 00:02:44.369673247+00:00,2026-03-19 00:02:44.619673247+00:00
2026-03-19 00:02:44.678763194+00:00,92,placed,bid,2201.8,0.0805999352968368,2026-03-19 00:02:44.928763194+00:00,190.01800000000003,2026-03-19 00:02:44.678763194+00:00,pending_new,,,
2026-03-19 00:02:51.162571299+00:00,92,resized,bid,2201.8,0.08052062912031223,2026-03-19 00:02:44.928763194+00:00,190.01800000000003,,,preserve_queue_priority,,
2026-03-19 00:02:51.162571299+00:00,93,placed,ask,2202.7,0.1194793708796878,2026-03-19 00:02:51.412571299+00:00,109.112,2026-03-19 00:02:51.162571299+00:00,pending_new,,,
2026-03-19 00:02:51.262959945+00:00,93,cancel_requested,ask,2202.7,0.1194793708796878,2026-03-19 00:02:51.412571299+00:00,109.112,2026-03-19 00:02:51.162571299+00:00,pending_cancel,expected_edge_ask,2026-03-19 00:02:51.262959945+00:00,2026-03-19 00:02:51.512959945+00:00
2026-03-19 00:02:51.512959945+00:00,93,cancelled,ask,2202.7,0.1194793708796878,2026-03-19 00:02:51.412571299+00:00,109.112,2026-03-19 00:02:51.162571299+00:00,cancelled,expected_edge_ask,2026-03-19 00:02:51.262959945+00:00,2026-03-19 00:02:51.512959945+00:00
2026-03-19 00:02:54.678763194+00:00,92,cancel_requested,bid,2201.8,0.08052062912031223,2026-03-19 00:02:44.928763194+00:00,190.01800000000003,2026-03-19 00:02:44.678763194+00:00,pending_cancel,quote_age_expired,2026-03-19 00:02:54.678763194+00:00,2026-03-19 00:02:54.928763194+00:00
2026-03-19 00:02:54.928763194+00:00,92,cancelled,bid,2201.8,0.08052062912031223,2026-03-19 00:02:44.928763194+00:00,190.01800000000003,2026-03-19 00:02:44.678763194+00:00,cancelled,quote_age_expired,2026-03-19 00:02:54.678763194+00:00,2026-03-19 00:02:54.928763194+00:00
2026-03-19 00:02:54.939716729+00:00,94,placed,bid,2202.0,0.08052062912031223,2026-03-19 00:02:55.189716729+00:00,133.184,2026-03-19 00:02:54.939716729+00:00,pending_new,,,
2026-03-19 00:02:54.939716729+00:00,95,placed,ask,2202.8,0.1194793708796878,2026-03-19 00:02:55.189716729+00:00,138.632,2026-03-19 00:02:54.939716729+00:00,pending_new,,,
2026-03-19 00:02:55.402245192+00:00,95,cancel_requested,ask,2202.8,0.1194793708796878,2026-03-19 00:02:55.189716729+00:00,138.632,2026-03-19 00:02:54.939716729+00:00,pending_cancel,expected_edge_ask,2026-03-19 00:02:55.402245192+00:00,2026-03-19 00:02:55.652245192+00:00
2026-03-19 00:02:55.652245192+00:00,95,cancelled,ask,2202.8,0.1194793708796878,2026-03-19 00:02:55.189716729+00:00,138.632,2026-03-19 00:02:54.939716729+00:00,cancelled,expected_edge_ask,2026-03-19 00:02:55.402245192+00:00,2026-03-19 00:02:55.652245192+00:00
2026-03-19 00:03:04.939716729+00:00,94,cancel_requested,bid,2202.0,0.08052062912031223,2026-03-19 00:02:55.189716729+00:00,133.184,2026-03-19 00:02:54.939716729+00:00,pending_cancel,quote_age_expired,2026-03-19 00:03:04.939716729+00:00,2026-03-19 00:03:05.189716729+00:00
2026-03-19 00:03:05.189716729+00:00,94,cancelled,bid,2202.0,0.08052062912031223,2026-03-19 00:02:55.189716729+00:00,133.184,2026-03-19 00:02:54.939716729+00:00,cancelled,quote_age_expired,2026-03-19 00:03:04.939716729+00:00,2026-03-19 00:03:05.189716729+00:00
2026-03-19 00:03:05.204222888+00:00,96,placed,bid,2202.1,0.08052062912031223,2026-03-19 00:03:05.454222888+00:00,149.55100000000002,2026-03-19 00:03:05.204222888+00:00,pending_new,,,
2026-03-19 00:03:05.304714506+00:00,96,cancel_requested,bid,2202.1,0.08052062912031223,2026-03-19 00:03:05.454222888+00:00,149.55100000000002,2026-03-19 00:03:05.204222888+00:00,pending_cancel,refresh_reprice,2026-03-19 00:03:05.304714506+00:00,2026-03-19 00:03:05.554714506+00:00
2026-03-19 00:03:05.554714506+00:00,96,cancelled,bid,2202.1,0.08052062912031223,2026-03-19 00:03:05.454222888+00:00,149.55100000000002,2026-03-19 00:03:05.204222888+00:00,cancelled,refresh_reprice,2026-03-19 00:03:05.304714506+00:00,2026-03-19 00:03:05.554714506+00:00
2026-03-19 00:03:05.605236182+00:00,97,placed,bid,2202.3,0.08052062912031223,2026-03-19 00:03:05.855236182+00:00,162.793,2026-03-19 00:03:05.605236182+00:00,pending_new,,,
2026-03-19 00:03:06.480000409+00:00,97,cancel_requested,bid,2202.3,0.08052062912031223,2026-03-19 00:03:05.855236182+00:00,162.793,2026-03-19 00:03:05.605236182+00:00,pending_cancel,pressure_stop_bid,2026-03-19 00:03:06.480000409+00:00,2026-03-19 00:03:06.730000409+00:00
2026-03-19 00:03:06.480000409+00:00,98,placed,ask,2202.8,0.1194793708796878,2026-03-19 00:03:06.730000409+00:00,77.90100000000001,2026-03-19 00:03:06.480000409+00:00,pending_new,,,
2026-03-19 00:03:06.730000409+00:00,97,cancelled,bid,2202.3,0.08052062912031223,2026-03-19 00:03:05.855236182+00:00,162.793,2026-03-19 00:03:05.605236182+00:00,cancelled,pressure_stop_bid,2026-03-19 00:03:06.480000409+00:00,2026-03-19 00:03:06.730000409+00:00
2026-03-19 00:03:09.081259389+00:00,98,cancel_requested,ask,2202.8,0.1194793708796878,2026-03-19 00:03:06.730000409+00:00,77.90100000000001,2026-03-19 00:03:06.480000409+00:00,pending_cancel,expected_edge_ask,2026-03-19 00:03:09.081259389+00:00,2026-03-19 00:03:09.331259389+00:00
2026-03-19 00:03:09.331259389+00:00,98,cancelled,ask,2202.8,0.1194793708796878,2026-03-19 00:03:06.730000409+00:00,77.90100000000001,2026-03-19 00:03:06.480000409+00:00,cancelled,expected_edge_ask,2026-03-19 00:03:09.081259389+00:00,2026-03-19 00:03:09.331259389+00:00
2026-03-19 00:03:09.337437609+00:00,99,placed,ask,2202.8,0.11929021226089272,2026-03-19 00:03:09.587437609+00:00,72.783,2026-03-19 00:03:09.337437609+00:00,pending_new,,,
2026-03-19 00:03:11.736956618+00:00,99,cancel_requested,ask,2202.8,0.11929021226089272,2026-03-19 00:03:09.587437609+00:00,72.783,2026-03-19 00:03:09.337437609+00:00,pending_cancel,expected_edge_ask,2026-03-19 00:03:11.736956618+00:00,2026-03-19 00:03:11.986956618+00:00
2026-03-19 00:03:11.736956618+00:00,100,placed,bid,2202.3,0.08070978773910731,2026-03-19 00:03:11.986956618+00:00,38.419,2026-03-19 00:03:11.736956618+00:00,pending_new,,,
2026-03-19 00:03:11.986956618+00:00,99,cancelled,ask,2202.8,0.11929021226089272,2026-03-19 00:03:09.587437609+00:00,72.783,2026-03-19 00:03:09.337437609+00:00,cancelled,expected_edge_ask,2026-03-19 00:03:11.736956618+00:00,2026-03-19 00:03:11.986956618+00:00
2026-03-19 00:03:16.173780773+00:00,100,cancel_requested,bid,2202.3,0.08070978773910731,2026-03-19 00:03:11.986956618+00:00,38.419,2026-03-19 00:03:11.736956618+00:00,pending_cancel,pressure_stop_bid,2026-03-19 00:03:16.173780773+00:00,2026-03-19 00:03:16.423780773+00:00
2026-03-19 00:03:16.173780773+00:00,101,placed,ask,2202.8,0.11929021226089272,2026-03-19 00:03:16.423780773+00:00,70.797,2026-03-19 00:03:16.173780773+00:00,pending_new,,,
2026-03-19 00:03:16.423780773+00:00,100,cancelled,bid,2202.3,0.08070978773910731,2026-03-19 00:03:11.986956618+00:00,38.419,2026-03-19 00:03:11.736956618+00:00,cancelled,pressure_stop_bid,2026-03-19 00:03:16.173780773+00:00,2026-03-19 00:03:16.423780773+00:00
2026-03-19 00:03:17.194431514+00:00,101,cancel_requested,ask,2202.8,0.11929021226089272,2026-03-19 00:03:16.423780773+00:00,70.797,2026-03-19 00:03:16.173780773+00:00,pending_cancel,expected_edge_ask,2026-03-19 00:03:17.194431514+00:00,2026-03-19 00:03:17.444431514+00:00
2026-03-19 00:03:17.194431514+00:00,102,placed,bid,2202.2,0.08070978773910731,2026-03-19 00:03:17.444431514+00:00,72.714,2026-03-19 00:03:17.194431514+00:00,pending_new,,,
2026-03-19 00:03:17.444431514+00:00,101,cancelled,ask,2202.8,0.11929021226089272,2026-03-19 00:03:16.423780773+00:00,70.797,2026-03-19 00:03:16.173780773+00:00,cancelled,expected_edge_ask,2026-03-19 00:03:17.194431514+00:00,2026-03-19 00:03:17.444431514+00:00
2026-03-19 00:03:23.679950131+00:00,102,cancel_requested,bid,2202.2,0.08070978773910731,2026-03-19 00:03:17.444431514+00:00,72.714,2026-03-19 00:03:17.194431514+00:00,pending_cancel,pressure_stop_bid,2026-03-19 00:03:23.679950131+00:00,2026-03-19 00:03:23.929950131+00:00
2026-03-19 00:03:23.929950131+00:00,102,cancelled,bid,2202.2,0.08070978773910731,2026-03-19 00:03:17.444431514+00:00,72.714,2026-03-19 00:03:17.194431514+00:00,cancelled,pressure_stop_bid,2026-03-19 00:03:23.679950131+00:00,2026-03-19 00:03:23.929950131+00:00
2026-03-19 00:03:28.935707285+00:00,103,placed,bid,2202.4,0.08070978773910731,2026-03-19 00:03:29.185707285+00:00,56.650999999999996,2026-03-19 00:03:28.935707285+00:00,pending_new,,,
2026-03-19 00:03:33.777040015+00:00,103,cancel_requested,bid,2202.4,0.08070978773910731,2026-03-19 00:03:29.185707285+00:00,56.650999999999996,2026-03-19 00:03:28.935707285+00:00,pending_cancel,pressure_stop_bid,2026-03-19 00:03:33.777040015+00:00,2026-03-19 00:03:34.027040015+00:00
2026-03-19 00:03:34.027040015+00:00,103,cancelled,bid,2202.4,0.08070978773910731,2026-03-19 00:03:29.185707285+00:00,56.650999999999996,2026-03-19 00:03:28.935707285+00:00,cancelled,pressure_stop_bid,2026-03-19 00:03:33.777040015+00:00,2026-03-19 00:03:34.027040015+00:00
2026-03-19 00:03:39.038588304+00:00,104,placed,bid,2202.5,0.08018512782191345,2026-03-19 00:03:39.288588304+00:00,106.409,2026-03-19 00:03:39.038588304+00:00,pending_new,,,
2026-03-19 00:03:44.004481140+00:00,104,cancel_requested,bid,2202.5,0.08018512782191345,2026-03-19 00:03:39.288588304+00:00,106.409,2026-03-19 00:03:39.038588304+00:00,pending_cancel,refresh_reprice,2026-03-19 00:03:44.004481140+00:00,2026-03-19 00:03:44.254481140+00:00
2026-03-19 00:03:44.254481140+00:00,104,cancelled,bid,2202.5,0.08018512782191345,2026-03-19 00:03:39.288588304+00:00,106.409,2026-03-19 00:03:39.038588304+00:00,cancelled,refresh_reprice,2026-03-19 00:03:44.004481140+00:00,2026-03-19 00:03:44.254481140+00:00
2026-03-19 00:03:44.359960694+00:00,105,placed,bid,2203.1,0.08018512782191345,2026-03-19 00:03:44.609960694+00:00,146.995,2026-03-19 00:03:44.359960694+00:00,pending_new,,,
2026-03-19 00:03:47.271770225+00:00,105,cancel_requested,bid,2203.1,0.08018512782191345,2026-03-19 00:03:44.609960694+00:00,146.995,2026-03-19 00:03:44.359960694+00:00,pending_cancel,refresh_reprice,2026-03-19 00:03:47.271770225+00:00,2026-03-19 00:03:47.521770225+00:00
2026-03-19 00:03:47.521770225+00:00,105,cancelled,bid,2203.1,0.08018512782191345,2026-03-19 00:03:44.609960694+00:00,146.995,2026-03-19 00:03:44.359960694+00:00,cancelled,refresh_reprice,2026-03-19 00:03:47.271770225+00:00,2026-03-19 00:03:47.521770225+00:00
2026-03-19 00:03:47.526808660+00:00,106,placed,bid,2203.4,0.08018512782191345,2026-03-19 00:03:47.776808660+00:00,165.276,2026-03-19 00:03:47.526808660+00:00,pending_new,,,
2026-03-19 00:03:57.526808660+00:00,106,cancel_requested,bid,2203.4,0.08018512782191345,2026-03-19 00:03:47.776808660+00:00,165.276,2026-03-19 00:03:47.526808660+00:00,pending_cancel,quote_age_expired,2026-03-19 00:03:57.526808660+00:00,2026-03-19 00:03:57.776808660+00:00
2026-03-19 00:03:57.776808660+00:00,106,cancelled,bid,2203.4,0.08018512782191345,2026-03-19 00:03:47.776808660+00:00,165.276,2026-03-19 00:03:47.526808660+00:00,cancelled,quote_age_expired,2026-03-19 00:03:57.526808660+00:00,2026-03-19 00:03:57.776808660+00:00
2026-03-19 00:03:57.794032955+00:00,107,placed,bid,2203.5,0.08070588528679294,2026-03-19 00:03:58.044032955+00:00,163.565,2026-03-19 00:03:57.794032955+00:00,pending_new,,,
2026-03-19 00:03:59.422394544+00:00,107,cancel_requested,bid,2203.5,0.08070588528679294,2026-03-19 00:03:58.044032955+00:00,163.565,2026-03-19 00:03:57.794032955+00:00,pending_cancel,refresh_reprice,2026-03-19 00:03:59.422394544+00:00,2026-03-19 00:03:59.672394544+00:00
2026-03-19 00:03:59.672394544+00:00,107,cancelled,bid,2203.5,0.08070588528679294,2026-03-19 00:03:58.044032955+00:00,163.565,2026-03-19 00:03:57.794032955+00:00,cancelled,refresh_reprice,2026-03-19 00:03:59.422394544+00:00,2026-03-19 00:03:59.672394544+00:00
2026-03-19 00:03:59.724881522+00:00,108,placed,bid,2203.9,0.08070588528679294,2026-03-19 00:03:59.974881522+00:00,203.55300000000003,2026-03-19 00:03:59.724881522+00:00,pending_new,,,
2026-03-19 00:04:02.893856848+00:00,108,cancel_requested,bid,2203.9,0.08070588528679294,2026-03-19 00:03:59.974881522+00:00,203.55300000000003,2026-03-19 00:03:59.724881522+00:00,pending_cancel,pressure_stop_bid,2026-03-19 00:04:02.893856848+00:00,2026-03-19 00:04:03.143856848+00:00
2026-03-19 00:04:02.893856848+00:00,109,placed,ask,2204.6,0.11929411471320708,2026-03-19 00:04:03.143856848+00:00,90.91399999999999,2026-03-19 00:04:02.893856848+00:00,pending_new,,,
2026-03-19 00:04:03.143856848+00:00,108,cancelled,bid,2203.9,0.08070588528679294,2026-03-19 00:03:59.974881522+00:00,203.55300000000003,2026-03-19 00:03:59.724881522+00:00,cancelled,pressure_stop_bid,2026-03-19 00:04:02.893856848+00:00,2026-03-19 00:04:03.143856848+00:00
2026-03-19 00:04:03.147318080+00:00,110,placed,bid,2203.9,0.08070588528679294,2026-03-19 00:04:03.397318080+00:00,87.015,2026-03-19 00:04:03.147318080+00:00,pending_new,,,
2026-03-19 00:04:03.243074759+00:00,109,cancel_requested,ask,2204.6,0.11929411471320708,2026-03-19 00:04:03.143856848+00:00,90.91399999999999,2026-03-19 00:04:02.893856848+00:00,pending_cancel,expected_edge_ask,2026-03-19 00:04:03.243074759+00:00,2026-03-19 00:04:03.493074759+00:00
2026-03-19 00:04:03.493074759+00:00,109,cancelled,ask,2204.6,0.11929411471320708,2026-03-19 00:04:03.143856848+00:00,90.91399999999999,2026-03-19 00:04:02.893856848+00:00,cancelled,expected_edge_ask,2026-03-19 00:04:03.243074759+00:00,2026-03-19 00:04:03.493074759+00:00
2026-03-19 00:04:04.578334234+00:00,110,cancel_requested,bid,2203.9,0.08070588528679294,2026-03-19 00:04:03.397318080+00:00,87.015,2026-03-19 00:04:03.147318080+00:00,pending_cancel,pressure_stop_bid,2026-03-19 00:04:04.578334234+00:00,2026-03-19 00:04:04.828334234+00:00
2026-03-19 00:04:04.578334234+00:00,111,placed,ask,2204.6,0.11929411471320708,2026-03-19 00:04:04.828334234+00:00,145.435,2026-03-19 00:04:04.578334234+00:00,pending_new,,,
2026-03-19 00:04:04.731618137+00:00,111,cancel_requested,ask,2204.6,0.11929411471320708,2026-03-19 00:04:04.828334234+00:00,145.435,2026-03-19 00:04:04.578334234+00:00,pending_cancel,expected_edge_ask,2026-03-19 00:04:04.731618137+00:00,2026-03-19 00:04:04.981618137+00:00
2026-03-19 00:04:04.828334234+00:00,110,cancelled,bid,2203.9,0.08070588528679294,2026-03-19 00:04:03.397318080+00:00,87.015,2026-03-19 00:04:03.147318080+00:00,cancelled,pressure_stop_bid,2026-03-19 00:04:04.578334234+00:00,2026-03-19 00:04:04.828334234+00:00
2026-03-19 00:04:04.832254988+00:00,112,placed,bid,2203.6,0.08070588528679294,2026-03-19 00:04:05.082254988+00:00,33.995999999999995,2026-03-19 00:04:04.832254988+00:00,pending_new,,,
2026-03-19 00:04:04.981618137+00:00,111,cancelled,ask,2204.6,0.11929411471320708,2026-03-19 00:04:04.828334234+00:00,145.435,2026-03-19 00:04:04.578334234+00:00,cancelled,expected_edge_ask,2026-03-19 00:04:04.731618137+00:00,2026-03-19 00:04:04.981618137+00:00
2026-03-19 00:04:14.832254988+00:00,112,cancel_requested,bid,2203.6,0.08070588528679294,2026-03-19 00:04:05.082254988+00:00,33.995999999999995,2026-03-19 00:04:04.832254988+00:00,pending_cancel,quote_age_expired,2026-03-19 00:04:14.832254988+00:00,2026-03-19 00:04:15.082254988+00:00
2026-03-19 00:04:15.082254988+00:00,112,cancelled,bid,2203.6,0.08070588528679294,2026-03-19 00:04:05.082254988+00:00,33.995999999999995,2026-03-19 00:04:04.832254988+00:00,cancelled,quote_age_expired,2026-03-19 00:04:14.832254988+00:00,2026-03-19 00:04:15.082254988+00:00
2026-03-19 00:04:15.142619076+00:00,113,placed,bid,2203.6,0.0812696279085614,2026-03-19 00:04:15.392619076+00:00,114.90700000000001,2026-03-19 00:04:15.142619076+00:00,pending_new,,,
2026-03-19 00:04:22.236035951+00:00,113,cancel_requested,bid,2203.6,0.0812696279085614,2026-03-19 00:04:15.392619076+00:00,114.90700000000001,2026-03-19 00:04:15.142619076+00:00,pending_cancel,refresh_reprice,2026-03-19 00:04:22.236035951+00:00,2026-03-19 00:04:22.486035951+00:00
2026-03-19 00:04:22.236035951+00:00,114,placed,ask,2204.4,0.11873037209143861,2026-03-19 00:04:22.486035951+00:00,131.264,2026-03-19 00:04:22.236035951+00:00,pending_new,,,
2026-03-19 00:04:22.486035951+00:00,113,cancelled,bid,2203.6,0.0812696279085614,2026-03-19 00:04:15.392619076+00:00,114.90700000000001,2026-03-19 00:04:15.142619076+00:00,cancelled,refresh_reprice,2026-03-19 00:04:22.236035951+00:00,2026-03-19 00:04:22.486035951+00:00
2026-03-19 00:04:22.536148555+00:00,115,placed,bid,2203.3,0.0812696279085614,2026-03-19 00:04:22.786148555+00:00,225.83300000000003,2026-03-19 00:04:22.536148555+00:00,pending_new,,,
2026-03-19 00:04:25.067123433+00:00,114,cancel_requested,ask,2204.4,0.11873037209143861,2026-03-19 00:04:22.486035951+00:00,131.264,2026-03-19 00:04:22.236035951+00:00,pending_cancel,expected_edge_ask,2026-03-19 00:04:25.067123433+00:00,2026-03-19 00:04:25.317123433+00:00
2026-03-19 00:04:25.067123433+00:00,115,cancel_requested,bid,2203.3,0.0812696279085614,2026-03-19 00:04:22.786148555+00:00,225.83300000000003,2026-03-19 00:04:22.536148555+00:00,pending_cancel,refresh_reprice,2026-03-19 00:04:25.067123433+00:00,2026-03-19 00:04:25.317123433+00:00
2026-03-19 00:04:25.317123433+00:00,115,cancelled,bid,2203.3,0.0812696279085614,2026-03-19 00:04:22.786148555+00:00,225.83300000000003,2026-03-19 00:04:22.536148555+00:00,cancelled,refresh_reprice,2026-03-19 00:04:25.067123433+00:00,2026-03-19 00:04:25.317123433+00:00
2026-03-19 00:04:25.317123433+00:00,114,cancelled,ask,2204.4,0.11873037209143861,2026-03-19 00:04:22.486035951+00:00,131.264,2026-03-19 00:04:22.236035951+00:00,cancelled,expected_edge_ask,2026-03-19 00:04:25.067123433+00:00,2026-03-19 00:04:25.317123433+00:00
2026-03-19 00:04:25.347040334+00:00,116,placed,bid,2203.6,0.0812696279085614,2026-03-19 00:04:25.597040334+00:00,117.784,2026-03-19 00:04:25.347040334+00:00,pending_new,,,
2026-03-19 00:04:30.365486196+00:00,116,resized,bid,2203.6,0.08118315319800394,2026-03-19 00:04:25.597040334+00:00,117.784,,,preserve_queue_priority,,
2026-03-19 00:04:35.115766684+00:00,116,cancel_requested,bid,2203.6,0.08118315319800394,2026-03-19 00:04:25.597040334+00:00,117.784,2026-03-19 00:04:25.347040334+00:00,pending_cancel,refresh_reprice,2026-03-19 00:04:35.115766684+00:00,2026-03-19 00:04:35.365766684+00:00
2026-03-19 00:04:35.115766684+00:00,117,placed,ask,2205.2,0.11881684680199607,2026-03-19 00:04:35.365766684+00:00,50.961999999999996,2026-03-19 00:04:35.115766684+00:00,pending_new,,,
2026-03-19 00:04:35.268997738+00:00,117,cancel_requested,ask,2205.2,0.11881684680199607,2026-03-19 00:04:35.365766684+00:00,50.961999999999996,2026-03-19 00:04:35.115766684+00:00,pending_cancel,refresh_reprice,2026-03-19 00:04:35.268997738+00:00,2026-03-19 00:04:35.518997738+00:00
2026-03-19 00:04:35.365766684+00:00,116,cancelled,bid,2203.6,0.08118315319800394,2026-03-19 00:04:25.597040334+00:00,117.784,2026-03-19 00:04:25.347040334+00:00,cancelled,refresh_reprice,2026-03-19 00:04:35.115766684+00:00,2026-03-19 00:04:35.365766684+00:00
2026-03-19 00:04:35.371030647+00:00,118,placed,bid,2204.2,0.08118315319800394,2026-03-19 00:04:35.621030647+00:00,189.36100000000002,2026-03-19 00:04:35.371030647+00:00,pending_new,,,
2026-03-19 00:04:35.518997738+00:00,117,cancelled,ask,2205.2,0.11881684680199607,2026-03-19 00:04:35.365766684+00:00,50.961999999999996,2026-03-19 00:04:35.115766684+00:00,cancelled,refresh_reprice,2026-03-19 00:04:35.268997738+00:00,2026-03-19 00:04:35.518997738+00:00
2026-03-19 00:04:35.522175612+00:00,119,placed,ask,2205.9,0.11881684680199607,2026-03-19 00:04:35.772175612+00:00,136.929,2026-03-19 00:04:35.522175612+00:00,pending_new,,,
2026-03-19 00:04:35.603339915+00:00,119,cancel_requested,ask,2205.9,0.11881684680199607,2026-03-19 00:04:35.772175612+00:00,136.929,2026-03-19 00:04:35.522175612+00:00,pending_cancel,pressure_stop_ask,2026-03-19 00:04:35.603339915+00:00,2026-03-19 00:04:35.853339915+00:00
2026-03-19 00:04:35.853339915+00:00,119,cancelled,ask,2205.9,0.11881684680199607,2026-03-19 00:04:35.772175612+00:00,136.929,2026-03-19 00:04:35.522175612+00:00,cancelled,pressure_stop_ask,2026-03-19 00:04:35.603339915+00:00,2026-03-19 00:04:35.853339915+00:00
2026-03-19 00:04:40.242562321+00:00,118,cancel_requested,bid,2204.2,0.08118315319800394,2026-03-19 00:04:35.621030647+00:00,189.36100000000002,2026-03-19 00:04:35.371030647+00:00,pending_cancel,refresh_reprice,2026-03-19 00:04:40.242562321+00:00,2026-03-19 00:04:40.492562321+00:00
2026-03-19 00:04:40.242562321+00:00,120,placed,ask,2205.5,0.11881684680199607,2026-03-19 00:04:40.492562321+00:00,165.648,2026-03-19 00:04:40.242562321+00:00,pending_new,,,
2026-03-19 00:04:40.492562321+00:00,118,cancelled,bid,2204.2,0.08118315319800394,2026-03-19 00:04:35.621030647+00:00,189.36100000000002,2026-03-19 00:04:35.371030647+00:00,cancelled,refresh_reprice,2026-03-19 00:04:40.242562321+00:00,2026-03-19 00:04:40.492562321+00:00
2026-03-19 00:04:40.572437657+00:00,121,placed,bid,2204.7,0.08118315319800394,2026-03-19 00:04:40.822437657+00:00,112.13699999999999,2026-03-19 00:04:40.572437657+00:00,pending_new,,,
2026-03-19 00:04:40.679101178+00:00,120,cancel_requested,ask,2205.5,0.11881684680199607,2026-03-19 00:04:40.492562321+00:00,165.648,2026-03-19 00:04:40.242562321+00:00,pending_cancel,pressure_stop_ask,2026-03-19 00:04:40.679101178+00:00,2026-03-19 00:04:40.929101178+00:00
2026-03-19 00:04:40.929101178+00:00,120,cancelled,ask,2205.5,0.11881684680199607,2026-03-19 00:04:40.492562321+00:00,165.648,2026-03-19 00:04:40.242562321+00:00,cancelled,pressure_stop_ask,2026-03-19 00:04:40.679101178+00:00,2026-03-19 00:04:40.929101178+00:00
2026-03-19 00:04:41.806764932+00:00,121,cancel_requested,bid,2204.7,0.08118315319800394,2026-03-19 00:04:40.822437657+00:00,112.13699999999999,2026-03-19 00:04:40.572437657+00:00,pending_cancel,refresh_reprice,2026-03-19 00:04:41.806764932+00:00,2026-03-19 00:04:42.056764932+00:00
2026-03-19 00:04:42.056764932+00:00,121,cancelled,bid,2204.7,0.08118315319800394,2026-03-19 00:04:40.822437657+00:00,112.13699999999999,2026-03-19 00:04:40.572437657+00:00,cancelled,refresh_reprice,2026-03-19 00:04:41.806764932+00:00,2026-03-19 00:04:42.056764932+00:00
2026-03-19 00:04:42.112556918+00:00,122,placed,bid,2204.8,0.08118315319800394,2026-03-19 00:04:42.362556918+00:00,184.385,2026-03-19 00:04:42.112556918+00:00,pending_new,,,
2026-03-19 00:04:43.487927180+00:00,122,cancel_requested,bid,2204.8,0.08118315319800394,2026-03-19 00:04:42.362556918+00:00,184.385,2026-03-19 00:04:42.112556918+00:00,pending_cancel,refresh_reprice,2026-03-19 00:04:43.487927180+00:00,2026-03-19 00:04:43.737927180+00:00
2026-03-19 00:04:43.737927180+00:00,122,cancelled,bid,2204.8,0.08118315319800394,2026-03-19 00:04:42.362556918+00:00,184.385,2026-03-19 00:04:42.112556918+00:00,cancelled,refresh_reprice,2026-03-19 00:04:43.487927180+00:00,2026-03-19 00:04:43.737927180+00:00
2026-03-19 00:04:43.796771425+00:00,123,placed,bid,2205.2,0.08118315319800394,2026-03-19 00:04:44.046771425+00:00,228.59500000000003,2026-03-19 00:04:43.796771425+00:00,pending_new,,,
2026-03-19 00:04:43.950636278+00:00,123,cancel_requested,bid,2205.2,0.08118315319800394,2026-03-19 00:04:44.046771425+00:00,228.59500000000003,2026-03-19 00:04:43.796771425+00:00,pending_cancel,refresh_reprice,2026-03-19 00:04:43.950636278+00:00,2026-03-19 00:04:44.200636278+00:00
2026-03-19 00:04:43.993950286+00:00,124,placed,ask,2207.3,0.11881684680199607,2026-03-19 00:04:44.243950286+00:00,114.55900000000001,2026-03-19 00:04:43.993950286+00:00,pending_new,,,
2026-03-19 00:04:44.052676535+00:00,124,cancel_requested,ask,2207.3,0.11881684680199607,2026-03-19 00:04:44.243950286+00:00,114.55900000000001,2026-03-19 00:04:43.993950286+00:00,pending_cancel,refresh_reprice,2026-03-19 00:04:44.052676535+00:00,2026-03-19 00:04:44.302676535+00:00
2026-03-19 00:04:44.200636278+00:00,123,cancelled,bid,2205.2,0.08118315319800394,2026-03-19 00:04:44.046771425+00:00,228.59500000000003,2026-03-19 00:04:43.796771425+00:00,cancelled,refresh_reprice,2026-03-19 00:04:43.950636278+00:00,2026-03-19 00:04:44.200636278+00:00
2026-03-19 00:04:44.302676535+00:00,124,cancelled,ask,2207.3,0.11881684680199607,2026-03-19 00:04:44.243950286+00:00,114.55900000000001,2026-03-19 00:04:43.993950286+00:00,cancelled,refresh_reprice,2026-03-19 00:04:44.052676535+00:00,2026-03-19 00:04:44.302676535+00:00
2026-03-19 00:04:44.316971542+00:00,125,placed,ask,2206.9,0.11881684680199607,2026-03-19 00:04:44.566971542+00:00,72.834,2026-03-19 00:04:44.316971542+00:00,pending_new,,,
2026-03-19 00:04:46.450484569+00:00,125,cancel_requested,ask,2206.9,0.11881684680199607,2026-03-19 00:04:44.566971542+00:00,72.834,2026-03-19 00:04:44.316971542+00:00,pending_cancel,pressure_stop_ask,2026-03-19 00:04:46.450484569+00:00,2026-03-19 00:04:46.700484569+00:00
2026-03-19 00:04:46.450484569+00:00,126,placed,bid,2206.1,0.08118315319800394,2026-03-19 00:04:46.700484569+00:00,157.35999999999999,2026-03-19 00:04:46.450484569+00:00,pending_new,,,
2026-03-19 00:04:46.501720213+00:00,126,cancel_requested,bid,2206.1,0.08118315319800394,2026-03-19 00:04:46.700484569+00:00,157.35999999999999,2026-03-19 00:04:46.450484569+00:00,pending_cancel,refresh_reprice,2026-03-19 00:04:46.501720213+00:00,2026-03-19 00:04:46.751720213+00:00
2026-03-19 00:04:46.700484569+00:00,125,cancelled,ask,2206.9,0.11881684680199607,2026-03-19 00:04:44.566971542+00:00,72.834,2026-03-19 00:04:44.316971542+00:00,cancelled,pressure_stop_ask,2026-03-19 00:04:46.450484569+00:00,2026-03-19 00:04:46.700484569+00:00
2026-03-19 00:04:46.751720213+00:00,126,cancelled,bid,2206.1,0.08118315319800394,2026-03-19 00:04:46.700484569+00:00,157.35999999999999,2026-03-19 00:04:46.450484569+00:00,cancelled,refresh_reprice,2026-03-19 00:04:46.501720213+00:00,2026-03-19 00:04:46.751720213+00:00
2026-03-19 00:04:46.796303748+00:00,127,placed,bid,2205.8,0.08118315319800394,2026-03-19 00:04:47.046303748+00:00,215.177,2026-03-19 00:04:46.796303748+00:00,pending_new,,,
2026-03-19 00:04:47.318271522+00:00,127,cancel_requested,bid,2205.8,0.08118315319800394,2026-03-19 00:04:47.046303748+00:00,215.177,2026-03-19 00:04:46.796303748+00:00,pending_cancel,refresh_reprice,2026-03-19 00:04:47.318271522+00:00,2026-03-19 00:04:47.568271522+00:00
2026-03-19 00:04:47.568271522+00:00,127,cancelled,bid,2205.8,0.08118315319800394,2026-03-19 00:04:47.046303748+00:00,215.177,2026-03-19 00:04:46.796303748+00:00,cancelled,refresh_reprice,2026-03-19 00:04:47.318271522+00:00,2026-03-19 00:04:47.568271522+00:00
2026-03-19 00:04:47.571956101+00:00,128,placed,bid,2206.3,0.08118315319800394,2026-03-19 00:04:47.821956101+00:00,168.555,2026-03-19 00:04:47.571956101+00:00,pending_new,,,
2026-03-19 00:04:49.975278560+00:00,128,cancel_requested,bid,2206.3,0.08118315319800394,2026-03-19 00:04:47.821956101+00:00,168.555,2026-03-19 00:04:47.571956101+00:00,pending_cancel,refresh_reprice,2026-03-19 00:04:49.975278560+00:00,2026-03-19 00:04:50.225278560+00:00
2026-03-19 00:04:50.026239693+00:00,129,placed,ask,2208.9,0.11672879022682484,2026-03-19 00:04:50.276239693+00:00,55.28499999999999,2026-03-19 00:04:50.026239693+00:00,pending_new,,,
2026-03-19 00:04:50.225278560+00:00,128,cancelled,bid,2206.3,0.08118315319800394,2026-03-19 00:04:47.821956101+00:00,168.555,2026-03-19 00:04:47.571956101+00:00,cancelled,refresh_reprice,2026-03-19 00:04:49.975278560+00:00,2026-03-19 00:04:50.225278560+00:00
2026-03-19 00:04:51.403782785+00:00,129,cancel_requested,ask,2208.9,0.11672879022682484,2026-03-19 00:04:50.276239693+00:00,55.28499999999999,2026-03-19 00:04:50.026239693+00:00,pending_cancel,refresh_reprice,2026-03-19 00:04:51.403782785+00:00,2026-03-19 00:04:51.653782785+00:00
2026-03-19 00:04:51.556638943+00:00,130,placed,bid,2206.4,0.08327120977317518,2026-03-19 00:04:51.806638943+00:00,137.00799999999998,2026-03-19 00:04:51.556638943+00:00,pending_new,,,
2026-03-19 00:04:51.607267824+00:00,130,cancel_requested,bid,2206.4,0.08327120977317518,2026-03-19 00:04:51.806638943+00:00,137.00799999999998,2026-03-19 00:04:51.556638943+00:00,pending_cancel,pressure_stop_bid,2026-03-19 00:04:51.607267824+00:00,2026-03-19 00:04:51.857267824+00:00
2026-03-19 00:04:51.653782785+00:00,129,cancelled,ask,2208.9,0.11672879022682484,2026-03-19 00:04:50.276239693+00:00,55.28499999999999,2026-03-19 00:04:50.026239693+00:00,cancelled,refresh_reprice,2026-03-19 00:04:51.403782785+00:00,2026-03-19 00:04:51.653782785+00:00
2026-03-19 00:04:51.657367663+00:00,131,placed,ask,2208.4,0.11672879022682484,2026-03-19 00:04:51.907367663+00:00,261.87000000000006,2026-03-19 00:04:51.657367663+00:00,pending_new,,,
2026-03-19 00:04:51.857267824+00:00,130,cancelled,bid,2206.4,0.08327120977317518,2026-03-19 00:04:51.806638943+00:00,137.00799999999998,2026-03-19 00:04:51.556638943+00:00,cancelled,pressure_stop_bid,2026-03-19 00:04:51.607267824+00:00,2026-03-19 00:04:51.857267824+00:00
2026-03-19 00:04:53.341650438+00:00,131,cancel_requested,ask,2208.4,0.11672879022682484,2026-03-19 00:04:51.907367663+00:00,261.87000000000006,2026-03-19 00:04:51.657367663+00:00,pending_cancel,refresh_reprice,2026-03-19 00:04:53.341650438+00:00,2026-03-19 00:04:53.591650438+00:00
2026-03-19 00:04:53.591650438+00:00,131,cancelled,ask,2208.4,0.11672879022682484,2026-03-19 00:04:51.907367663+00:00,261.87000000000006,2026-03-19 00:04:51.657367663+00:00,cancelled,refresh_reprice,2026-03-19 00:04:53.341650438+00:00,2026-03-19 00:04:53.591650438+00:00
2026-03-19 00:04:53.596333811+00:00,132,placed,bid,2205.8,0.08327120977317518,2026-03-19 00:04:53.846333811+00:00,173.239,2026-03-19 00:04:53.596333811+00:00,pending_new,,,
2026-03-19 00:04:53.596333811+00:00,133,placed,ask,2207.8,0.11672879022682484,2026-03-19 00:04:53.846333811+00:00,249.462,2026-03-19 00:04:53.596333811+00:00,pending_new,,,
2026-03-19 00:04:53.646683691+00:00,132,cancel_requested,bid,2205.8,0.08327120977317518,2026-03-19 00:04:53.846333811+00:00,173.239,2026-03-19 00:04:53.596333811+00:00,pending_cancel,pressure_stop_bid,2026-03-19 00:04:53.646683691+00:00,2026-03-19 00:04:53.896683691+00:00
2026-03-19 00:04:53.896683691+00:00,132,cancelled,bid,2205.8,0.08327120977317518,2026-03-19 00:04:53.846333811+00:00,173.239,2026-03-19 00:04:53.596333811+00:00,cancelled,pressure_stop_bid,2026-03-19 00:04:53.646683691+00:00,2026-03-19 00:04:53.896683691+00:00
2026-03-19 00:04:54.969286752+00:00,133,cancel_requested,ask,2207.8,0.11672879022682484,2026-03-19 00:04:53.846333811+00:00,249.462,2026-03-19 00:04:53.596333811+00:00,pending_cancel,refresh_reprice,2026-03-19 00:04:54.969286752+00:00,2026-03-19 00:04:55.219286752+00:00
2026-03-19 00:04:55.219286752+00:00,133,cancelled,ask,2207.8,0.11672879022682484,2026-03-19 00:04:53.846333811+00:00,249.462,2026-03-19 00:04:53.596333811+00:00,cancelled,refresh_reprice,2026-03-19 00:04:54.969286752+00:00,2026-03-19 00:04:55.219286752+00:00
2026-03-19 00:04:55.223058342+00:00,134,placed,ask,2207.6,0.11672879022682484,2026-03-19 00:04:55.473058342+00:00,253.45600000000002,2026-03-19 00:04:55.223058342+00:00,pending_new,,,
2026-03-19 00:04:55.839786929+00:00,134,cancel_requested,ask,2207.6,0.11672879022682484,2026-03-19 00:04:55.473058342+00:00,253.45600000000002,2026-03-19 00:04:55.223058342+00:00,pending_cancel,refresh_reprice,2026-03-19 00:04:55.839786929+00:00,2026-03-19 00:04:56.089786929+00:00
2026-03-19 00:04:56.089786929+00:00,134,cancelled,ask,2207.6,0.11672879022682484,2026-03-19 00:04:55.473058342+00:00,253.45600000000002,2026-03-19 00:04:55.223058342+00:00,cancelled,refresh_reprice,2026-03-19 00:04:55.839786929+00:00,2026-03-19 00:04:56.089786929+00:00
2026-03-19 00:04:56.130863749+00:00,135,placed,ask,2207.2,0.11672879022682484,2026-03-19 00:04:56.380863749+00:00,243.42399999999998,2026-03-19 00:04:56.130863749+00:00,pending_new,,,
2026-03-19 00:04:56.453687894+00:00,135,cancel_requested,ask,2207.2,0.11672879022682484,2026-03-19 00:04:56.380863749+00:00,243.42399999999998,2026-03-19 00:04:56.130863749+00:00,pending_cancel,pressure_stop_ask,2026-03-19 00:04:56.453687894+00:00,2026-03-19 00:04:56.703687894+00:00
2026-03-19 00:04:56.453687894+00:00,136,placed,bid,2205.1,0.08327120977317518,2026-03-19 00:04:56.703687894+00:00,174.55399999999997,2026-03-19 00:04:56.453687894+00:00,pending_new,,,
2026-03-19 00:04:56.501931054+00:00,136,cancel_requested,bid,2205.1,0.08327120977317518,2026-03-19 00:04:56.703687894+00:00,174.55399999999997,2026-03-19 00:04:56.453687894+00:00,pending_cancel,pressure_stop_bid,2026-03-19 00:04:56.501931054+00:00,2026-03-19 00:04:56.751931054+00:00
2026-03-19 00:04:56.703687894+00:00,135,cancelled,ask,2207.2,0.11672879022682484,2026-03-19 00:04:56.380863749+00:00,243.42399999999998,2026-03-19 00:04:56.130863749+00:00,cancelled,pressure_stop_ask,2026-03-19 00:04:56.453687894+00:00,2026-03-19 00:04:56.703687894+00:00
2026-03-19 00:04:56.706949391+00:00,137,placed,ask,2206.9,0.11672879022682484,2026-03-19 00:04:56.956949391+00:00,220.663,2026-03-19 00:04:56.706949391+00:00,pending_new,,,
2026-03-19 00:04:56.751931054+00:00,136,cancelled,bid,2205.1,0.08327120977317518,2026-03-19 00:04:56.703687894+00:00,174.55399999999997,2026-03-19 00:04:56.453687894+00:00,cancelled,pressure_stop_bid,2026-03-19 00:04:56.501931054+00:00,2026-03-19 00:04:56.751931054+00:00
2026-03-19 00:04:57.064179653+00:00,137,cancel_requested,ask,2206.9,0.11672879022682484,2026-03-19 00:04:56.956949391+00:00,220.663,2026-03-19 00:04:56.706949391+00:00,pending_cancel,refresh_reprice,2026-03-19 00:04:57.064179653+00:00,2026-03-19 00:04:57.314179653+00:00
2026-03-19 00:04:57.314179653+00:00,137,cancelled,ask,2206.9,0.11672879022682484,2026-03-19 00:04:56.956949391+00:00,220.663,2026-03-19 00:04:56.706949391+00:00,cancelled,refresh_reprice,2026-03-19 00:04:57.064179653+00:00,2026-03-19 00:04:57.314179653+00:00
2026-03-19 00:04:57.363976972+00:00,138,placed,ask,2206.7,0.11672879022682484,2026-03-19 00:04:57.613976972+00:00,269.549,2026-03-19 00:04:57.363976972+00:00,pending_new,,,
2026-03-19 00:04:59.922095248+00:00,138,cancel_requested,ask,2206.7,0.11672879022682484,2026-03-19 00:04:57.613976972+00:00,269.549,2026-03-19 00:04:57.363976972+00:00,pending_cancel,pressure_stop_ask,2026-03-19 00:04:59.922095248+00:00,2026-03-19 00:05:00.172095248+00:00
2026-03-19 00:04:59.922095248+00:00,139,placed,bid,2204.7,0.08327120977317518,2026-03-19 00:05:00.172095248+00:00,244.237,2026-03-19 00:04:59.922095248+00:00,pending_new,,,
2026-03-19 00:05:00.164713707+00:00,139,cancel_requested,bid,2204.7,0.08327120977317518,2026-03-19 00:05:00.172095248+00:00,244.237,2026-03-19 00:04:59.922095248+00:00,pending_cancel,refresh_reprice,2026-03-19 00:05:00.164713707+00:00,2026-03-19 00:05:00.414713707+00:00
2026-03-19 00:05:00.172095248+00:00,138,cancelled,ask,2206.7,0.11672879022682484,2026-03-19 00:04:57.613976972+00:00,269.549,2026-03-19 00:04:57.363976972+00:00,cancelled,pressure_stop_ask,2026-03-19 00:04:59.922095248+00:00,2026-03-19 00:05:00.172095248+00:00
2026-03-19 00:05:00.414713707+00:00,139,cancelled,bid,2204.7,0.08327120977317518,2026-03-19 00:05:00.172095248+00:00,244.237,2026-03-19 00:04:59.922095248+00:00,cancelled,refresh_reprice,2026-03-19 00:05:00.164713707+00:00,2026-03-19 00:05:00.414713707+00:00
2026-03-19 00:05:00.486428748+00:00,140,placed,bid,2205.3,0.08327120977317518,2026-03-19 00:05:00.736428748+00:00,168.231,2026-03-19 00:05:00.486428748+00:00,pending_new,,,
2026-03-19 00:05:01.942906455+00:00,140,cancel_requested,bid,2205.3,0.08327120977317518,2026-03-19 00:05:00.736428748+00:00,168.231,2026-03-19 00:05:00.486428748+00:00,pending_cancel,pressure_stop_bid,2026-03-19 00:05:01.942906455+00:00,2026-03-19 00:05:02.192906455+00:00
2026-03-19 00:05:01.942906455+00:00,141,placed,ask,2206.4,0.11672879022682484,2026-03-19 00:05:02.192906455+00:00,99.17500000000001,2026-03-19 00:05:01.942906455+00:00,pending_new,,,
2026-03-19 00:05:02.192906455+00:00,140,cancelled,bid,2205.3,0.08327120977317518,2026-03-19 00:05:00.736428748+00:00,168.231,2026-03-19 00:05:00.486428748+00:00,cancelled,pressure_stop_bid,2026-03-19 00:05:01.942906455+00:00,2026-03-19 00:05:02.192906455+00:00
2026-03-19 00:05:02.217534641+00:00,142,placed,bid,2205.4,0.08327120977317518,2026-03-19 00:05:02.467534641+00:00,173.46099999999998,2026-03-19 00:05:02.217534641+00:00,pending_new,,,
2026-03-19 00:05:02.476904936+00:00,141,cancel_requested,ask,2206.4,0.11672879022682484,2026-03-19 00:05:02.192906455+00:00,99.17500000000001,2026-03-19 00:05:01.942906455+00:00,pending_cancel,pressure_stop_ask,2026-03-19 00:05:02.476904936+00:00,2026-03-19 00:05:02.726904936+00:00
2026-03-19 00:05:02.726904936+00:00,141,cancelled,ask,2206.4,0.11672879022682484,2026-03-19 00:05:02.192906455+00:00,99.17500000000001,2026-03-19 00:05:01.942906455+00:00,cancelled,pressure_stop_ask,2026-03-19 00:05:02.476904936+00:00,2026-03-19 00:05:02.726904936+00:00
2026-03-19 00:05:02.782167472+00:00,142,cancel_requested,bid,2205.4,0.08327120977317518,2026-03-19 00:05:02.467534641+00:00,173.46099999999998,2026-03-19 00:05:02.217534641+00:00,pending_cancel,refresh_reprice,2026-03-19 00:05:02.782167472+00:00,2026-03-19 00:05:03.032167472+00:00
2026-03-19 00:05:03.032167472+00:00,142,cancelled,bid,2205.4,0.08327120977317518,2026-03-19 00:05:02.467534641+00:00,173.46099999999998,2026-03-19 00:05:02.217534641+00:00,cancelled,refresh_reprice,2026-03-19 00:05:02.782167472+00:00,2026-03-19 00:05:03.032167472+00:00
2026-03-19 00:05:03.038863375+00:00,143,placed,bid,2205.6,0.08327120977317518,2026-03-19 00:05:03.288863375+00:00,240.663,2026-03-19 00:05:03.038863375+00:00,pending_new,,,
2026-03-19 00:05:04.635111341+00:00,143,cancel_requested,bid,2205.6,0.08327120977317518,2026-03-19 00:05:03.288863375+00:00,240.663,2026-03-19 00:05:03.038863375+00:00,pending_cancel,refresh_reprice,2026-03-19 00:05:04.635111341+00:00,2026-03-19 00:05:04.885111341+00:00
2026-03-19 00:05:04.885111341+00:00,143,cancelled,bid,2205.6,0.08327120977317518,2026-03-19 00:05:03.288863375+00:00,240.663,2026-03-19 00:05:03.038863375+00:00,cancelled,refresh_reprice,2026-03-19 00:05:04.635111341+00:00,2026-03-19 00:05:04.885111341+00:00
2026-03-19 00:05:04.925205118+00:00,144,placed,bid,2206.2,0.08327120977317518,2026-03-19 00:05:05.175205118+00:00,163.947,2026-03-19 00:05:04.925205118+00:00,pending_new,,,
2026-03-19 00:05:11.959724024+00:00,144,cancel_requested,bid,2206.2,0.08327120977317518,2026-03-19 00:05:05.175205118+00:00,163.947,2026-03-19 00:05:04.925205118+00:00,pending_cancel,refresh_reprice,2026-03-19 00:05:11.959724024+00:00,2026-03-19 00:05:12.209724024+00:00
2026-03-19 00:05:12.209724024+00:00,144,cancelled,bid,2206.2,0.08327120977317518,2026-03-19 00:05:05.175205118+00:00,163.947,2026-03-19 00:05:04.925205118+00:00,cancelled,refresh_reprice,2026-03-19 00:05:11.959724024+00:00,2026-03-19 00:05:12.209724024+00:00
2026-03-19 00:05:12.268486015+00:00,145,placed,bid,2207.0,0.08280946143616393,2026-03-19 00:05:12.518486015+00:00,223.71499999999997,2026-03-19 00:05:12.268486015+00:00,pending_new,,,
2026-03-19 00:05:12.629735807+00:00,145,cancel_requested,bid,2207.0,0.08280946143616393,2026-03-19 00:05:12.518486015+00:00,223.71499999999997,2026-03-19 00:05:12.268486015+00:00,pending_cancel,refresh_reprice,2026-03-19 00:05:12.629735807+00:00,2026-03-19 00:05:12.879735807+00:00
2026-03-19 00:05:12.879735807+00:00,145,cancelled,bid,2207.0,0.08280946143616393,2026-03-19 00:05:12.518486015+00:00,223.71499999999997,2026-03-19 00:05:12.268486015+00:00,cancelled,refresh_reprice,2026-03-19 00:05:12.629735807+00:00,2026-03-19 00:05:12.879735807+00:00
2026-03-19 00:05:12.942962588+00:00,146,placed,bid,2207.0,0.08280946143616393,2026-03-19 00:05:13.192962588+00:00,226.22699999999998,2026-03-19 00:05:12.942962588+00:00,pending_new,,,
2026-03-19 00:05:13.015362779+00:00,146,cancel_requested,bid,2207.0,0.08280946143616393,2026-03-19 00:05:13.192962588+00:00,226.22699999999998,2026-03-19 00:05:12.942962588+00:00,pending_cancel,refresh_reprice,2026-03-19 00:05:13.015362779+00:00,2026-03-19 00:05:13.265362779+00:00
2026-03-19 00:05:13.265362779+00:00,146,cancelled,bid,2207.0,0.08280946143616393,2026-03-19 00:05:13.192962588+00:00,226.22699999999998,2026-03-19 00:05:12.942962588+00:00,cancelled,refresh_reprice,2026-03-19 00:05:13.015362779+00:00,2026-03-19 00:05:13.265362779+00:00
2026-03-19 00:05:13.347199986+00:00,147,placed,bid,2206.3,0.08280946143616393,2026-03-19 00:05:13.597199986+00:00,329.006,2026-03-19 00:05:13.347199986+00:00,pending_new,,,
2026-03-19 00:05:14.838072532+00:00,147,cancel_requested,bid,2206.3,0.08280946143616393,2026-03-19 00:05:13.597199986+00:00,329.006,2026-03-19 00:05:13.347199986+00:00,pending_cancel,refresh_reprice,2026-03-19 00:05:14.838072532+00:00,2026-03-19 00:05:15.088072532+00:00
2026-03-19 00:05:15.088072532+00:00,147,cancelled,bid,2206.3,0.08280946143616393,2026-03-19 00:05:13.597199986+00:00,329.006,2026-03-19 00:05:13.347199986+00:00,cancelled,refresh_reprice,2026-03-19 00:05:14.838072532+00:00,2026-03-19 00:05:15.088072532+00:00
2026-03-19 00:05:15.173930187+00:00,148,placed,bid,2207.0,0.08280946143616393,2026-03-19 00:05:15.423930187+00:00,188.731,2026-03-19 00:05:15.173930187+00:00,pending_new,,,
2026-03-19 00:05:16.810099732+00:00,148,cancel_requested,bid,2207.0,0.08280946143616393,2026-03-19 00:05:15.423930187+00:00,188.731,2026-03-19 00:05:15.173930187+00:00,pending_cancel,pressure_stop_bid,2026-03-19 00:05:16.810099732+00:00,2026-03-19 00:05:17.060099732+00:00
2026-03-19 00:05:16.810099732+00:00,149,placed,ask,2208.1,0.11719053856383609,2026-03-19 00:05:17.060099732+00:00,201.28300000000002,2026-03-19 00:05:16.810099732+00:00,pending_new,,,
2026-03-19 00:05:17.060099732+00:00,148,cancelled,bid,2207.0,0.08280946143616393,2026-03-19 00:05:15.423930187+00:00,188.731,2026-03-19 00:05:15.173930187+00:00,cancelled,pressure_stop_bid,2026-03-19 00:05:16.810099732+00:00,2026-03-19 00:05:17.060099732+00:00
2026-03-19 00:05:18.236119423+00:00,149,cancel_requested,ask,2208.1,0.11719053856383609,2026-03-19 00:05:17.060099732+00:00,201.28300000000002,2026-03-19 00:05:16.810099732+00:00,pending_cancel,refresh_reprice,2026-03-19 00:05:18.236119423+00:00,2026-03-19 00:05:18.486119423+00:00
2026-03-19 00:05:18.486119423+00:00,149,cancelled,ask,2208.1,0.11719053856383609,2026-03-19 00:05:17.060099732+00:00,201.28300000000002,2026-03-19 00:05:16.810099732+00:00,cancelled,refresh_reprice,2026-03-19 00:05:18.236119423+00:00,2026-03-19 00:05:18.486119423+00:00
2026-03-19 00:05:18.505479173+00:00,150,placed,ask,2208.0,0.11719053856383609,2026-03-19 00:05:18.755479173+00:00,238.713,2026-03-19 00:05:18.505479173+00:00,pending_new,,,
2026-03-19 00:05:18.635904089+00:00,150,cancel_requested,ask,2208.0,0.11719053856383609,2026-03-19 00:05:18.755479173+00:00,238.713,2026-03-19 00:05:18.505479173+00:00,pending_cancel,refresh_reprice,2026-03-19 00:05:18.635904089+00:00,2026-03-19 00:05:18.885904089+00:00
2026-03-19 00:05:18.752300120+00:00,151,placed,bid,2206.9,0.08280946143616393,2026-03-19 00:05:19.002300120+00:00,169.67600000000002,2026-03-19 00:05:18.752300120+00:00,pending_new,,,
2026-03-19 00:05:18.885904089+00:00,150,cancelled,ask,2208.0,0.11719053856383609,2026-03-19 00:05:18.755479173+00:00,238.713,2026-03-19 00:05:18.505479173+00:00,cancelled,refresh_reprice,2026-03-19 00:05:18.635904089+00:00,2026-03-19 00:05:18.885904089+00:00
2026-03-19 00:05:18.902367336+00:00,152,placed,ask,2208.0,0.11719053856383609,2026-03-19 00:05:19.152367336+00:00,106.54799999999999,2026-03-19 00:05:18.902367336+00:00,pending_new,,,
2026-03-19 00:05:19.010490728+00:00,151,cancel_requested,bid,2206.9,0.08280946143616393,2026-03-19 00:05:19.002300120+00:00,169.67600000000002,2026-03-19 00:05:18.752300120+00:00,pending_cancel,pressure_stop_bid,2026-03-19 00:05:19.010490728+00:00,2026-03-19 00:05:19.260490728+00:00
2026-03-19 00:05:19.260490728+00:00,151,cancelled,bid,2206.9,0.08280946143616393,2026-03-19 00:05:19.002300120+00:00,169.67600000000002,2026-03-19 00:05:18.752300120+00:00,cancelled,pressure_stop_bid,2026-03-19 00:05:19.010490728+00:00,2026-03-19 00:05:19.260490728+00:00
2026-03-19 00:05:19.263022051+00:00,153,placed,bid,2206.8,0.08280946143616393,2026-03-19 00:05:19.513022051+00:00,151.577,2026-03-19 00:05:19.263022051+00:00,pending_new,,,
2026-03-19 00:05:21.358616151+00:00,153,cancel_requested,bid,2206.8,0.08280946143616393,2026-03-19 00:05:19.513022051+00:00,151.577,2026-03-19 00:05:19.263022051+00:00,pending_cancel,pressure_stop_bid,2026-03-19 00:05:21.358616151+00:00,2026-03-19 00:05:21.608616151+00:00
2026-03-19 00:05:21.460439176+00:00,152,cancel_requested,ask,2208.0,0.11719053856383609,2026-03-19 00:05:19.152367336+00:00,106.54799999999999,2026-03-19 00:05:18.902367336+00:00,pending_cancel,pressure_stop_ask,2026-03-19 00:05:21.460439176+00:00,2026-03-19 00:05:21.710439176+00:00
2026-03-19 00:05:21.608616151+00:00,153,cancelled,bid,2206.8,0.08280946143616393,2026-03-19 00:05:19.513022051+00:00,149.28400000000002,2026-03-19 00:05:19.263022051+00:00,cancelled,pressure_stop_bid,2026-03-19 00:05:21.358616151+00:00,2026-03-19 00:05:21.608616151+00:00
2026-03-19 00:05:21.613624455+00:00,154,placed,bid,2205.2,0.08280946143616393,2026-03-19 00:05:21.863624455+00:00,219.04500000000004,2026-03-19 00:05:21.613624455+00:00,pending_new,,,
2026-03-19 00:05:21.710439176+00:00,152,cancelled,ask,2208.0,0.11719053856383609,2026-03-19 00:05:19.152367336+00:00,106.54799999999999,2026-03-19 00:05:18.902367336+00:00,cancelled,pressure_stop_ask,2026-03-19 00:05:21.460439176+00:00,2026-03-19 00:05:21.710439176+00:00
2026-03-19 00:05:21.764151852+00:00,155,placed,ask,2207.6,0.11719053856383609,2026-03-19 00:05:22.014151852+00:00,216.29199999999997,2026-03-19 00:05:21.764151852+00:00,pending_new,,,
2026-03-19 00:05:23.342786050+00:00,154,cancel_requested,bid,2205.2,0.08280946143616393,2026-03-19 00:05:21.863624455+00:00,219.04500000000004,2026-03-19 00:05:21.613624455+00:00,pending_cancel,pressure_stop_bid,2026-03-19 00:05:23.342786050+00:00,2026-03-19 00:05:23.592786050+00:00
2026-03-19 00:05:23.592786050+00:00,154,cancelled,bid,2205.2,0.08280946143616393,2026-03-19 00:05:21.863624455+00:00,219.04500000000004,2026-03-19 00:05:21.613624455+00:00,cancelled,pressure_stop_bid,2026-03-19 00:05:23.342786050+00:00,2026-03-19 00:05:23.592786050+00:00
2026-03-19 00:05:23.807752793+00:00,155,cancel_requested,ask,2207.6,0.11719053856383609,2026-03-19 00:05:22.014151852+00:00,216.29199999999997,2026-03-19 00:05:21.764151852+00:00,pending_cancel,refresh_reprice,2026-03-19 00:05:23.807752793+00:00,2026-03-19 00:05:24.057752793+00:00
2026-03-19 00:05:23.858645836+00:00,156,placed,bid,2204.2,0.08280946143616393,2026-03-19 00:05:24.108645836+00:00,113.34100000000001,2026-03-19 00:05:23.858645836+00:00,pending_new,,,
2026-03-19 00:05:23.957616038+00:00,156,cancel_requested,bid,2204.2,0.08280946143616393,2026-03-19 00:05:24.108645836+00:00,113.34100000000001,2026-03-19 00:05:23.858645836+00:00,pending_cancel,refresh_reprice,2026-03-19 00:05:23.957616038+00:00,2026-03-19 00:05:24.207616038+00:00
2026-03-19 00:05:24.057752793+00:00,155,cancelled,ask,2207.6,0.11719053856383609,2026-03-19 00:05:22.014151852+00:00,216.29199999999997,2026-03-19 00:05:21.764151852+00:00,cancelled,refresh_reprice,2026-03-19 00:05:23.807752793+00:00,2026-03-19 00:05:24.057752793+00:00
2026-03-19 00:05:24.062548897+00:00,157,placed,ask,2206.2,0.11719053856383609,2026-03-19 00:05:24.312548897+00:00,197.65300000000002,2026-03-19 00:05:24.062548897+00:00,pending_new,,,
2026-03-19 00:05:24.207616038+00:00,156,cancelled,bid,2204.2,0.08280946143616393,2026-03-19 00:05:24.108645836+00:00,113.34100000000001,2026-03-19 00:05:23.858645836+00:00,cancelled,refresh_reprice,2026-03-19 00:05:23.957616038+00:00,2026-03-19 00:05:24.207616038+00:00
2026-03-19 00:05:24.215621366+00:00,158,placed,bid,2203.3,0.08280946143616393,2026-03-19 00:05:24.465621366+00:00,233.65999999999997,2026-03-19 00:05:24.215621366+00:00,pending_new,,,
2026-03-19 00:05:24.519036561+00:00,157,cancel_requested,ask,2206.2,0.11719053856383609,2026-03-19 00:05:24.312548897+00:00,197.65300000000002,2026-03-19 00:05:24.062548897+00:00,pending_cancel,pressure_stop_ask,2026-03-19 00:05:24.519036561+00:00,2026-03-19 00:05:24.769036561+00:00
2026-03-19 00:05:24.769036561+00:00,157,cancelled,ask,2206.2,0.11719053856383609,2026-03-19 00:05:24.312548897+00:00,197.65300000000002,2026-03-19 00:05:24.062548897+00:00,cancelled,pressure_stop_ask,2026-03-19 00:05:24.519036561+00:00,2026-03-19 00:05:24.769036561+00:00
2026-03-19 00:05:27.638445865+00:00,158,cancel_requested,bid,2203.3,0.08280946143616393,2026-03-19 00:05:24.465621366+00:00,233.65999999999997,2026-03-19 00:05:24.215621366+00:00,pending_cancel,refresh_reprice,2026-03-19 00:05:27.638445865+00:00,2026-03-19 00:05:27.888445865+00:00
2026-03-19 00:05:27.888445865+00:00,158,cancelled,bid,2203.3,0.08280946143616393,2026-03-19 00:05:24.465621366+00:00,233.65999999999997,2026-03-19 00:05:24.215621366+00:00,cancelled,refresh_reprice,2026-03-19 00:05:27.638445865+00:00,2026-03-19 00:05:27.888445865+00:00
2026-03-19 00:05:27.935340+00:00,159,placed,bid,2204.1,0.08280946143616393,2026-03-19 00:05:28.185340+00:00,221.43800000000002,2026-03-19 00:05:27.935340+00:00,pending_new,,,
2026-03-19 00:05:28.851246622+00:00,159,cancel_requested,bid,2204.1,0.08280946143616393,2026-03-19 00:05:28.185340+00:00,221.43800000000002,2026-03-19 00:05:27.935340+00:00,pending_cancel,refresh_reprice,2026-03-19 00:05:28.851246622+00:00,2026-03-19 00:05:29.101246622+00:00
2026-03-19 00:05:29.101246622+00:00,159,cancelled,bid,2204.1,0.08280946143616393,2026-03-19 00:05:28.185340+00:00,221.43800000000002,2026-03-19 00:05:27.935340+00:00,cancelled,refresh_reprice,2026-03-19 00:05:28.851246622+00:00,2026-03-19 00:05:29.101246622+00:00
2026-03-19 00:05:29.160094603+00:00,160,placed,bid,2204.1,0.08105517549889246,2026-03-19 00:05:29.410094603+00:00,228.429,2026-03-19 00:05:29.160094603+00:00,pending_new,,,
2026-03-19 00:05:29.207998212+00:00,160,cancel_requested,bid,2204.1,0.08105517549889246,2026-03-19 00:05:29.410094603+00:00,228.429,2026-03-19 00:05:29.160094603+00:00,pending_cancel,refresh_reprice,2026-03-19 00:05:29.207998212+00:00,2026-03-19 00:05:29.457998212+00:00
2026-03-19 00:05:29.457998212+00:00,160,cancelled,bid,2204.1,0.08105517549889246,2026-03-19 00:05:29.410094603+00:00,228.429,2026-03-19 00:05:29.160094603+00:00,cancelled,refresh_reprice,2026-03-19 00:05:29.207998212+00:00,2026-03-19 00:05:29.457998212+00:00
2026-03-19 00:05:29.472263008+00:00,161,placed,bid,2204.1,0.08105517549889246,2026-03-19 00:05:29.722263008+00:00,225.429,2026-03-19 00:05:29.472263008+00:00,pending_new,,,
2026-03-19 00:05:31.939253122+00:00,161,cancel_requested,bid,2204.1,0.08105517549889246,2026-03-19 00:05:29.722263008+00:00,225.429,2026-03-19 00:05:29.472263008+00:00,pending_cancel,refresh_reprice,2026-03-19 00:05:31.939253122+00:00,2026-03-19 00:05:32.189253122+00:00
2026-03-19 00:05:32.189253122+00:00,161,cancelled,bid,2204.1,0.08105517549889246,2026-03-19 00:05:29.722263008+00:00,225.429,2026-03-19 00:05:29.472263008+00:00,cancelled,refresh_reprice,2026-03-19 00:05:31.939253122+00:00,2026-03-19 00:05:32.189253122+00:00
2026-03-19 00:05:32.235577246+00:00,162,placed,bid,2203.3,0.08105517549889246,2026-03-19 00:05:32.485577246+00:00,321.248,2026-03-19 00:05:32.235577246+00:00,pending_new,,,
2026-03-19 00:05:32.452357505+00:00,162,cancel_requested,bid,2203.3,0.08105517549889246,2026-03-19 00:05:32.485577246+00:00,321.248,2026-03-19 00:05:32.235577246+00:00,pending_cancel,refresh_reprice,2026-03-19 00:05:32.452357505+00:00,2026-03-19 00:05:32.702357505+00:00
2026-03-19 00:05:32.702357505+00:00,162,cancelled,bid,2203.3,0.08105517549889246,2026-03-19 00:05:32.485577246+00:00,321.248,2026-03-19 00:05:32.235577246+00:00,cancelled,refresh_reprice,2026-03-19 00:05:32.452357505+00:00,2026-03-19 00:05:32.702357505+00:00
2026-03-19 00:05:32.782394052+00:00,163,placed,bid,2204.1,0.08105517549889246,2026-03-19 00:05:33.032394052+00:00,223.983,2026-03-19 00:05:32.782394052+00:00,pending_new,,,
2026-03-19 00:05:34.605151263+00:00,163,cancel_requested,bid,2204.1,0.08105517549889246,2026-03-19 00:05:33.032394052+00:00,223.983,2026-03-19 00:05:32.782394052+00:00,pending_cancel,pressure_stop_bid,2026-03-19 00:05:34.605151263+00:00,2026-03-19 00:05:34.855151263+00:00
2026-03-19 00:05:34.605151263+00:00,164,placed,ask,2205.3,0.11894482450110755,2026-03-19 00:05:34.855151263+00:00,199.49699999999999,2026-03-19 00:05:34.605151263+00:00,pending_new,,,
2026-03-19 00:05:34.855151263+00:00,163,cancelled,bid,2204.1,0.08105517549889246,2026-03-19 00:05:33.032394052+00:00,223.983,2026-03-19 00:05:32.782394052+00:00,cancelled,pressure_stop_bid,2026-03-19 00:05:34.605151263+00:00,2026-03-19 00:05:34.855151263+00:00
2026-03-19 00:05:37.994208635+00:00,165,placed,bid,2203.7,0.08105517549889246,2026-03-19 00:05:38.244208635+00:00,152.474,2026-03-19 00:05:37.994208635+00:00,pending_new,,,
2026-03-19 00:05:37.994208635+00:00,164,cancel_requested,ask,2205.3,0.11894482450110755,2026-03-19 00:05:34.855151263+00:00,199.49699999999999,2026-03-19 00:05:34.605151263+00:00,pending_cancel,refresh_reprice,2026-03-19 00:05:37.994208635+00:00,2026-03-19 00:05:38.244208635+00:00
2026-03-19 00:05:38.042709237+00:00,165,cancel_requested,bid,2203.7,0.08105517549889246,2026-03-19 00:05:38.244208635+00:00,152.474,2026-03-19 00:05:37.994208635+00:00,pending_cancel,pressure_stop_bid,2026-03-19 00:05:38.042709237+00:00,2026-03-19 00:05:38.292709237+00:00
2026-03-19 00:05:38.292709237+00:00,165,cancelled,bid,2203.7,0.08105517549889246,2026-03-19 00:05:38.244208635+00:00,152.474,2026-03-19 00:05:37.994208635+00:00,cancelled,pressure_stop_bid,2026-03-19 00:05:38.042709237+00:00,2026-03-19 00:05:38.292709237+00:00
2026-03-19 00:05:38.244208635+00:00,164,cancelled,ask,2205.3,0.11894482450110755,2026-03-19 00:05:34.855151263+00:00,199.49699999999999,2026-03-19 00:05:34.605151263+00:00,cancelled,refresh_reprice,2026-03-19 00:05:37.994208635+00:00,2026-03-19 00:05:38.244208635+00:00
2026-03-19 00:05:38.299762590+00:00,166,placed,bid,2203.5,0.08105517549889246,2026-03-19 00:05:38.549762590+00:00,136.13400000000001,2026-03-19 00:05:38.299762590+00:00,pending_new,,,
2026-03-19 00:05:38.299762590+00:00,167,placed,ask,2204.8,0.11894482450110755,2026-03-19 00:05:38.549762590+00:00,234.596,2026-03-19 00:05:38.299762590+00:00,pending_new,,,
2026-03-19 00:05:39.003292182+00:00,166,cancel_requested,bid,2203.5,0.08105517549889246,2026-03-19 00:05:38.549762590+00:00,136.13400000000001,2026-03-19 00:05:38.299762590+00:00,pending_cancel,pressure_stop_bid,2026-03-19 00:05:39.003292182+00:00,2026-03-19 00:05:39.253292182+00:00
2026-03-19 00:05:39.253292182+00:00,166,cancelled,bid,2203.5,0.08105517549889246,2026-03-19 00:05:38.549762590+00:00,136.13400000000001,2026-03-19 00:05:38.299762590+00:00,cancelled,pressure_stop_bid,2026-03-19 00:05:39.003292182+00:00,2026-03-19 00:05:39.253292182+00:00
2026-03-19 00:05:39.260717248+00:00,168,placed,bid,2203.5,0.08105517549889246,2026-03-19 00:05:39.510717248+00:00,168.43099999999998,2026-03-19 00:05:39.260717248+00:00,pending_new,,,
2026-03-19 00:05:40.047772591+00:00,168,cancel_requested,bid,2203.5,0.08105517549889246,2026-03-19 00:05:39.510717248+00:00,168.43099999999998,2026-03-19 00:05:39.260717248+00:00,pending_cancel,pressure_stop_bid,2026-03-19 00:05:40.047772591+00:00,2026-03-19 00:05:40.297772591+00:00
2026-03-19 00:05:40.297772591+00:00,168,cancelled,bid,2203.5,0.08105517549889246,2026-03-19 00:05:39.510717248+00:00,168.43099999999998,2026-03-19 00:05:39.260717248+00:00,cancelled,pressure_stop_bid,2026-03-19 00:05:40.047772591+00:00,2026-03-19 00:05:40.297772591+00:00
2026-03-19 00:05:40.957390093+00:00,167,cancel_requested,ask,2204.8,0.11894482450110755,2026-03-19 00:05:38.549762590+00:00,234.596,2026-03-19 00:05:38.299762590+00:00,pending_cancel,pressure_stop_ask,2026-03-19 00:05:40.957390093+00:00,2026-03-19 00:05:41.207390093+00:00
2026-03-19 00:05:40.957390093+00:00,169,placed,bid,2203.6,0.08105517549889246,2026-03-19 00:05:41.207390093+00:00,194.23199999999997,2026-03-19 00:05:40.957390093+00:00,pending_new,,,
2026-03-19 00:05:41.060286853+00:00,169,cancel_requested,bid,2203.6,0.08105517549889246,2026-03-19 00:05:41.207390093+00:00,194.23199999999997,2026-03-19 00:05:40.957390093+00:00,pending_cancel,refresh_reprice,2026-03-19 00:05:41.060286853+00:00,2026-03-19 00:05:41.310286853+00:00
2026-03-19 00:05:41.207390093+00:00,167,cancelled,ask,2204.8,0.11894482450110755,2026-03-19 00:05:38.549762590+00:00,234.596,2026-03-19 00:05:38.299762590+00:00,cancelled,pressure_stop_ask,2026-03-19 00:05:40.957390093+00:00,2026-03-19 00:05:41.207390093+00:00
2026-03-19 00:05:41.264061963+00:00,170,placed,ask,2205.2,0.11894482450110755,2026-03-19 00:05:41.514061963+00:00,136.525,2026-03-19 00:05:41.264061963+00:00,pending_new,,,
2026-03-19 00:05:41.310286853+00:00,169,cancelled,bid,2203.6,0.08105517549889246,2026-03-19 00:05:41.207390093+00:00,194.23199999999997,2026-03-19 00:05:40.957390093+00:00,cancelled,refresh_reprice,2026-03-19 00:05:41.060286853+00:00,2026-03-19 00:05:41.310286853+00:00
2026-03-19 00:05:41.335348309+00:00,171,placed,bid,2204.0,0.08105517549889246,2026-03-19 00:05:41.585348309+00:00,219.631,2026-03-19 00:05:41.335348309+00:00,pending_new,,,
2026-03-19 00:05:43.403898913+00:00,171,cancel_requested,bid,2204.0,0.08105517549889246,2026-03-19 00:05:41.585348309+00:00,219.631,2026-03-19 00:05:41.335348309+00:00,pending_cancel,pressure_stop_bid,2026-03-19 00:05:43.403898913+00:00,2026-03-19 00:05:43.653898913+00:00
2026-03-19 00:05:43.653898913+00:00,171,cancelled,bid,2204.0,0.08105517549889246,2026-03-19 00:05:41.585348309+00:00,219.631,2026-03-19 00:05:41.335348309+00:00,cancelled,pressure_stop_bid,2026-03-19 00:05:43.403898913+00:00,2026-03-19 00:05:43.653898913+00:00
2026-03-19 00:05:44.067430781+00:00,170,cancel_requested,ask,2205.2,0.11894482450110755,2026-03-19 00:05:41.514061963+00:00,136.525,2026-03-19 00:05:41.264061963+00:00,pending_cancel,pressure_stop_ask,2026-03-19 00:05:44.067430781+00:00,2026-03-19 00:05:44.317430781+00:00
2026-03-19 00:05:44.067430781+00:00,172,placed,bid,2204.0,0.08105517549889246,2026-03-19 00:05:44.317430781+00:00,239.60500000000002,2026-03-19 00:05:44.067430781+00:00,pending_new,,,
2026-03-19 00:05:44.317430781+00:00,170,cancelled,ask,2205.2,0.11894482450110755,2026-03-19 00:05:41.514061963+00:00,136.525,2026-03-19 00:05:41.264061963+00:00,cancelled,pressure_stop_ask,2026-03-19 00:05:44.067430781+00:00,2026-03-19 00:05:44.317430781+00:00
2026-03-19 00:05:47.388766315+00:00,172,cancel_requested,bid,2204.0,0.08105517549889246,2026-03-19 00:05:44.317430781+00:00,239.60500000000002,2026-03-19 00:05:44.067430781+00:00,pending_cancel,refresh_reprice,2026-03-19 00:05:47.388766315+00:00,2026-03-19 00:05:47.638766315+00:00
2026-03-19 00:05:47.638766315+00:00,172,cancelled,bid,2204.0,0.08105517549889246,2026-03-19 00:05:44.317430781+00:00,239.60500000000002,2026-03-19 00:05:44.067430781+00:00,cancelled,refresh_reprice,2026-03-19 00:05:47.388766315+00:00,2026-03-19 00:05:47.638766315+00:00
2026-03-19 00:05:47.687659569+00:00,173,placed,bid,2204.7,0.08105517549889246,2026-03-19 00:05:47.937659569+00:00,174.333,2026-03-19 00:05:47.687659569+00:00,pending_new,,,
2026-03-19 00:05:52.696840797+00:00,173,resized,bid,2204.7,0.08060337130697706,2026-03-19 00:05:47.937659569+00:00,174.333,,,preserve_queue_priority,,
2026-03-19 00:05:52.696840797+00:00,174,placed,ask,2205.9,0.11939662869302295,2026-03-19 00:05:52.946840797+00:00,171.348,2026-03-19 00:05:52.696840797+00:00,pending_new,,,
2026-03-19 00:05:53.208398543+00:00,173,cancel_requested,bid,2204.7,0.08060337130697706,2026-03-19 00:05:47.937659569+00:00,174.333,2026-03-19 00:05:47.687659569+00:00,pending_cancel,pressure_stop_bid,2026-03-19 00:05:53.208398543+00:00,2026-03-19 00:05:53.458398543+00:00
2026-03-19 00:05:53.458398543+00:00,173,cancelled,bid,2204.7,0.08060337130697706,2026-03-19 00:05:47.937659569+00:00,174.333,2026-03-19 00:05:47.687659569+00:00,cancelled,pressure_stop_bid,2026-03-19 00:05:53.208398543+00:00,2026-03-19 00:05:53.458398543+00:00
2026-03-19 00:05:53.512645083+00:00,175,placed,bid,2204.8,0.08060337130697706,2026-03-19 00:05:53.762645083+00:00,128.755,2026-03-19 00:05:53.512645083+00:00,pending_new,,,
2026-03-19 00:05:55.137485884+00:00,174,cancel_requested,ask,2205.9,0.11939662869302295,2026-03-19 00:05:52.946840797+00:00,171.348,2026-03-19 00:05:52.696840797+00:00,pending_cancel,pressure_stop_ask,2026-03-19 00:05:55.137485884+00:00,2026-03-19 00:05:55.387485884+00:00
2026-03-19 00:05:55.387485884+00:00,174,cancelled,ask,2205.9,0.11939662869302295,2026-03-19 00:05:52.946840797+00:00,171.348,2026-03-19 00:05:52.696840797+00:00,cancelled,pressure_stop_ask,2026-03-19 00:05:55.137485884+00:00,2026-03-19 00:05:55.387485884+00:00
2026-03-19 00:06:01.886209007+00:00,175,cancel_requested,bid,2204.8,0.08060337130697706,2026-03-19 00:05:53.762645083+00:00,128.755,2026-03-19 00:05:53.512645083+00:00,pending_cancel,pressure_stop_bid,2026-03-19 00:06:01.886209007+00:00,2026-03-19 00:06:02.136209007+00:00
2026-03-19 00:06:01.886209007+00:00,176,placed,ask,2205.9,0.11939662869302295,2026-03-19 00:06:02.136209007+00:00,132.386,2026-03-19 00:06:01.886209007+00:00,pending_new,,,
2026-03-19 00:06:02.136209007+00:00,175,cancelled,bid,2204.8,0.08060337130697706,2026-03-19 00:05:53.762645083+00:00,128.755,2026-03-19 00:05:53.512645083+00:00,cancelled,pressure_stop_bid,2026-03-19 00:06:01.886209007+00:00,2026-03-19 00:06:02.136209007+00:00
2026-03-19 00:06:02.136601611+00:00,177,placed,bid,2204.8,0.08060337130697706,2026-03-19 00:06:02.386601611+00:00,221.427,2026-03-19 00:06:02.136601611+00:00,pending_new,,,
2026-03-19 00:06:02.342839033+00:00,177,cancel_requested,bid,2204.8,0.08060337130697706,2026-03-19 00:06:02.386601611+00:00,221.427,2026-03-19 00:06:02.136601611+00:00,pending_cancel,pressure_stop_bid,2026-03-19 00:06:02.342839033+00:00,2026-03-19 00:06:02.592839033+00:00
2026-03-19 00:06:02.592839033+00:00,177,cancelled,bid,2204.8,0.08060337130697706,2026-03-19 00:06:02.386601611+00:00,221.427,2026-03-19 00:06:02.136601611+00:00,cancelled,pressure_stop_bid,2026-03-19 00:06:02.342839033+00:00,2026-03-19 00:06:02.592839033+00:00
2026-03-19 00:06:06.278525018+00:00,178,placed,bid,2204.7,0.08060337130697706,2026-03-19 00:06:06.528525018+00:00,146.34600000000003,2026-03-19 00:06:06.278525018+00:00,pending_new,,,
2026-03-19 00:06:06.278525018+00:00,176,cancel_requested,ask,2205.9,0.11939662869302295,2026-03-19 00:06:02.136209007+00:00,132.386,2026-03-19 00:06:01.886209007+00:00,pending_cancel,refresh_reprice,2026-03-19 00:06:06.278525018+00:00,2026-03-19 00:06:06.528525018+00:00
2026-03-19 00:06:06.528525018+00:00,176,cancelled,ask,2205.9,0.11939662869302295,2026-03-19 00:06:02.136209007+00:00,132.386,2026-03-19 00:06:01.886209007+00:00,cancelled,refresh_reprice,2026-03-19 00:06:06.278525018+00:00,2026-03-19 00:06:06.528525018+00:00
2026-03-19 00:06:06.535438111+00:00,179,placed,ask,2205.7,0.11939662869302295,2026-03-19 00:06:06.785438111+00:00,134.67200000000003,2026-03-19 00:06:06.535438111+00:00,pending_new,,,
2026-03-19 00:06:06.687230764+00:00,178,cancel_requested,bid,2204.7,0.08060337130697706,2026-03-19 00:06:06.528525018+00:00,146.34600000000003,2026-03-19 00:06:06.278525018+00:00,pending_cancel,pressure_stop_bid,2026-03-19 00:06:06.687230764+00:00,2026-03-19 00:06:06.937230764+00:00
2026-03-19 00:06:06.937230764+00:00,178,cancelled,bid,2204.7,0.08060337130697706,2026-03-19 00:06:06.528525018+00:00,146.34600000000003,2026-03-19 00:06:06.278525018+00:00,cancelled,pressure_stop_bid,2026-03-19 00:06:06.687230764+00:00,2026-03-19 00:06:06.937230764+00:00
2026-03-19 00:06:10.261595587+00:00,179,cancel_requested,ask,2205.7,0.11939662869302295,2026-03-19 00:06:06.785438111+00:00,134.67200000000003,2026-03-19 00:06:06.535438111+00:00,pending_cancel,refresh_reprice,2026-03-19 00:06:10.261595587+00:00,2026-03-19 00:06:10.511595587+00:00
2026-03-19 00:06:10.362669758+00:00,180,placed,bid,2203.1,0.08057773564733012,2026-03-19 00:06:10.612669758+00:00,76.188,2026-03-19 00:06:10.362669758+00:00,pending_new,,,
2026-03-19 00:06:10.414265444+00:00,180,cancel_requested,bid,2203.1,0.08057773564733012,2026-03-19 00:06:10.612669758+00:00,76.188,2026-03-19 00:06:10.362669758+00:00,pending_cancel,pressure_stop_bid,2026-03-19 00:06:10.414265444+00:00,2026-03-19 00:06:10.664265444+00:00
2026-03-19 00:06:10.511595587+00:00,179,cancelled,ask,2205.7,0.11939662869302295,2026-03-19 00:06:06.785438111+00:00,134.67200000000003,2026-03-19 00:06:06.535438111+00:00,cancelled,refresh_reprice,2026-03-19 00:06:10.261595587+00:00,2026-03-19 00:06:10.511595587+00:00
2026-03-19 00:06:10.516647642+00:00,181,placed,ask,2203.7,0.1194222643526699,2026-03-19 00:06:10.766647642+00:00,110.44000000000001,2026-03-19 00:06:10.516647642+00:00,pending_new,,,
2026-03-19 00:06:10.567627914+00:00,181,cancel_requested,ask,2203.7,0.1194222643526699,2026-03-19 00:06:10.766647642+00:00,110.44000000000001,2026-03-19 00:06:10.516647642+00:00,pending_cancel,refresh_reprice,2026-03-19 00:06:10.567627914+00:00,2026-03-19 00:06:10.817627914+00:00
2026-03-19 00:06:10.664265444+00:00,180,cancelled,bid,2203.1,0.08057773564733012,2026-03-19 00:06:10.612669758+00:00,76.188,2026-03-19 00:06:10.362669758+00:00,cancelled,pressure_stop_bid,2026-03-19 00:06:10.414265444+00:00,2026-03-19 00:06:10.664265444+00:00
2026-03-19 00:06:10.667147239+00:00,182,placed,bid,2202.1,0.08057773564733012,2026-03-19 00:06:10.917147239+00:00,117.858,2026-03-19 00:06:10.667147239+00:00,pending_new,,,
2026-03-19 00:06:10.817627914+00:00,181,cancelled,ask,2203.7,0.1194222643526699,2026-03-19 00:06:10.766647642+00:00,110.44000000000001,2026-03-19 00:06:10.516647642+00:00,cancelled,refresh_reprice,2026-03-19 00:06:10.567627914+00:00,2026-03-19 00:06:10.817627914+00:00
2026-03-19 00:06:10.820091127+00:00,183,placed,ask,2203.3,0.1194222643526699,2026-03-19 00:06:11.070091127+00:00,116.41900000000001,2026-03-19 00:06:10.820091127+00:00,pending_new,,,
2026-03-19 00:06:10.924686105+00:00,182,cancel_requested,bid,2202.1,0.08057773564733012,2026-03-19 00:06:10.917147239+00:00,117.858,2026-03-19 00:06:10.667147239+00:00,pending_cancel,refresh_reprice,2026-03-19 00:06:10.924686105+00:00,2026-03-19 00:06:11.174686105+00:00
2026-03-19 00:06:10.924686105+00:00,183,cancel_requested,ask,2203.3,0.1194222643526699,2026-03-19 00:06:11.070091127+00:00,116.41900000000001,2026-03-19 00:06:10.820091127+00:00,pending_cancel,refresh_reprice,2026-03-19 00:06:10.924686105+00:00,2026-03-19 00:06:11.174686105+00:00
2026-03-19 00:06:11.174686105+00:00,182,cancelled,bid,2202.1,0.08057773564733012,2026-03-19 00:06:10.917147239+00:00,117.858,2026-03-19 00:06:10.667147239+00:00,cancelled,refresh_reprice,2026-03-19 00:06:10.924686105+00:00,2026-03-19 00:06:11.174686105+00:00
2026-03-19 00:06:11.174686105+00:00,183,cancelled,ask,2203.3,0.1194222643526699,2026-03-19 00:06:11.070091127+00:00,116.41900000000001,2026-03-19 00:06:10.820091127+00:00,cancelled,refresh_reprice,2026-03-19 00:06:10.924686105+00:00,2026-03-19 00:06:11.174686105+00:00
2026-03-19 00:06:11.230960814+00:00,184,placed,bid,2201.9,0.08057773564733012,2026-03-19 00:06:11.480960814+00:00,152.93,2026-03-19 00:06:11.230960814+00:00,pending_new,,,
2026-03-19 00:06:11.230960814+00:00,185,placed,ask,2203.1,0.1194222643526699,2026-03-19 00:06:11.480960814+00:00,164.338,2026-03-19 00:06:11.230960814+00:00,pending_new,,,
2026-03-19 00:06:15.821347586+00:00,185,cancel_requested,ask,2203.1,0.1194222643526699,2026-03-19 00:06:11.480960814+00:00,164.338,2026-03-19 00:06:11.230960814+00:00,pending_cancel,pressure_stop_ask,2026-03-19 00:06:15.821347586+00:00,2026-03-19 00:06:16.071347586+00:00
2026-03-19 00:06:16.071347586+00:00,185,cancelled,ask,2203.1,0.1194222643526699,2026-03-19 00:06:11.480960814+00:00,164.338,2026-03-19 00:06:11.230960814+00:00,cancelled,pressure_stop_ask,2026-03-19 00:06:15.821347586+00:00,2026-03-19 00:06:16.071347586+00:00
2026-03-19 00:06:17.959978102+00:00,184,cancel_requested,bid,2201.9,0.08057773564733012,2026-03-19 00:06:11.480960814+00:00,152.93,2026-03-19 00:06:11.230960814+00:00,pending_cancel,pressure_stop_bid,2026-03-19 00:06:17.959978102+00:00,2026-03-19 00:06:18.209978102+00:00
2026-03-19 00:06:17.959978102+00:00,186,placed,ask,2203.0,0.1194222643526699,2026-03-19 00:06:18.209978102+00:00,120.127,2026-03-19 00:06:17.959978102+00:00,pending_new,,,
2026-03-19 00:06:18.209978102+00:00,184,cancelled,bid,2201.9,0.08057773564733012,2026-03-19 00:06:11.480960814+00:00,152.93,2026-03-19 00:06:11.230960814+00:00,cancelled,pressure_stop_bid,2026-03-19 00:06:17.959978102+00:00,2026-03-19 00:06:18.209978102+00:00
2026-03-19 00:06:22.101576923+00:00,186,cancel_requested,ask,2203.0,0.1194222643526699,2026-03-19 00:06:18.209978102+00:00,120.127,2026-03-19 00:06:17.959978102+00:00,pending_cancel,pressure_stop_ask,2026-03-19 00:06:22.101576923+00:00,2026-03-19 00:06:22.351576923+00:00
2026-03-19 00:06:22.101576923+00:00,187,placed,bid,2202.0,0.08057773564733012,2026-03-19 00:06:22.351576923+00:00,183.161,2026-03-19 00:06:22.101576923+00:00,pending_new,,,
2026-03-19 00:06:22.351576923+00:00,186,cancelled,ask,2203.0,0.1194222643526699,2026-03-19 00:06:18.209978102+00:00,120.127,2026-03-19 00:06:17.959978102+00:00,cancelled,pressure_stop_ask,2026-03-19 00:06:22.101576923+00:00,2026-03-19 00:06:22.351576923+00:00
2026-03-19 00:06:22.407629221+00:00,187,cancel_requested,bid,2202.0,0.08057773564733012,2026-03-19 00:06:22.351576923+00:00,183.161,2026-03-19 00:06:22.101576923+00:00,pending_cancel,refresh_reprice,2026-03-19 00:06:22.407629221+00:00,2026-03-19 00:06:22.657629221+00:00
2026-03-19 00:06:22.657629221+00:00,187,cancelled,bid,2202.0,0.08057773564733012,2026-03-19 00:06:22.351576923+00:00,183.161,2026-03-19 00:06:22.101576923+00:00,cancelled,refresh_reprice,2026-03-19 00:06:22.407629221+00:00,2026-03-19 00:06:22.657629221+00:00
2026-03-19 00:06:22.660382875+00:00,188,placed,bid,2202.4,0.08057773564733012,2026-03-19 00:06:22.910382875+00:00,187.424,2026-03-19 00:06:22.660382875+00:00,pending_new,,,
2026-03-19 00:06:22.660382875+00:00,189,placed,ask,2203.5,0.1194222643526699,2026-03-19 00:06:22.910382875+00:00,62.159000000000006,2026-03-19 00:06:22.660382875+00:00,pending_new,,,
2026-03-19 00:06:23.457691104+00:00,189,cancel_requested,ask,2203.5,0.1194222643526699,2026-03-19 00:06:22.910382875+00:00,62.159000000000006,2026-03-19 00:06:22.660382875+00:00,pending_cancel,pressure_stop_ask,2026-03-19 00:06:23.457691104+00:00,2026-03-19 00:06:23.707691104+00:00
2026-03-19 00:06:23.707691104+00:00,189,cancelled,ask,2203.5,0.1194222643526699,2026-03-19 00:06:22.910382875+00:00,62.159000000000006,2026-03-19 00:06:22.660382875+00:00,cancelled,pressure_stop_ask,2026-03-19 00:06:23.457691104+00:00,2026-03-19 00:06:23.707691104+00:00
2026-03-19 00:06:32.660382875+00:00,188,cancel_requested,bid,2202.4,0.08057773564733012,2026-03-19 00:06:22.910382875+00:00,187.424,2026-03-19 00:06:22.660382875+00:00,pending_cancel,quote_age_expired,2026-03-19 00:06:32.660382875+00:00,2026-03-19 00:06:32.910382875+00:00
2026-03-19 00:06:32.910382875+00:00,188,cancelled,bid,2202.4,0.08057773564733012,2026-03-19 00:06:22.910382875+00:00,187.424,2026-03-19 00:06:22.660382875+00:00,cancelled,quote_age_expired,2026-03-19 00:06:32.660382875+00:00,2026-03-19 00:06:32.910382875+00:00
2026-03-19 00:06:32.977488346+00:00,190,placed,bid,2202.5,0.0799997931377341,2026-03-19 00:06:33.227488346+00:00,203.543,2026-03-19 00:06:32.977488346+00:00,pending_new,,,
2026-03-19 00:06:36.596700889+00:00,191,placed,ask,2203.7,0.12000020686226592,2026-03-19 00:06:36.846700889+00:00,151.326,2026-03-19 00:06:36.596700889+00:00,pending_new,,,
2026-03-19 00:06:36.645722653+00:00,191,cancel_requested,ask,2203.7,0.12000020686226592,2026-03-19 00:06:36.846700889+00:00,151.326,2026-03-19 00:06:36.596700889+00:00,pending_cancel,pressure_stop_ask,2026-03-19 00:06:36.645722653+00:00,2026-03-19 00:06:36.895722653+00:00
2026-03-19 00:06:36.895722653+00:00,191,cancelled,ask,2203.7,0.12000020686226592,2026-03-19 00:06:36.846700889+00:00,151.326,2026-03-19 00:06:36.596700889+00:00,cancelled,pressure_stop_ask,2026-03-19 00:06:36.645722653+00:00,2026-03-19 00:06:36.895722653+00:00
2026-03-19 00:06:41.600617698+00:00,190,cancel_requested,bid,2202.5,0.0799997931377341,2026-03-19 00:06:33.227488346+00:00,203.543,2026-03-19 00:06:32.977488346+00:00,pending_cancel,pressure_stop_bid,2026-03-19 00:06:41.600617698+00:00,2026-03-19 00:06:41.850617698+00:00
2026-03-19 00:06:41.600617698+00:00,192,placed,ask,2203.5,0.12000020686226592,2026-03-19 00:06:41.850617698+00:00,143.957,2026-03-19 00:06:41.600617698+00:00,pending_new,,,
2026-03-19 00:06:41.850617698+00:00,190,cancelled,bid,2202.5,0.0799997931377341,2026-03-19 00:06:33.227488346+00:00,203.543,2026-03-19 00:06:32.977488346+00:00,cancelled,pressure_stop_bid,2026-03-19 00:06:41.600617698+00:00,2026-03-19 00:06:41.850617698+00:00
2026-03-19 00:06:41.902910261+00:00,193,placed,bid,2202.5,0.0799997931377341,2026-03-19 00:06:42.152910261+00:00,140.841,2026-03-19 00:06:41.902910261+00:00,pending_new,,,
2026-03-19 00:06:42.557544674+00:00,193,cancel_requested,bid,2202.5,0.0799997931377341,2026-03-19 00:06:42.152910261+00:00,140.841,2026-03-19 00:06:41.902910261+00:00,pending_cancel,pressure_stop_bid,2026-03-19 00:06:42.557544674+00:00,2026-03-19 00:06:42.807544674+00:00
2026-03-19 00:06:42.807544674+00:00,193,cancelled,bid,2202.5,0.0799997931377341,2026-03-19 00:06:42.152910261+00:00,140.841,2026-03-19 00:06:41.902910261+00:00,cancelled,pressure_stop_bid,2026-03-19 00:06:42.557544674+00:00,2026-03-19 00:06:42.807544674+00:00
2026-03-19 00:06:42.871602530+00:00,192,cancel_requested,ask,2203.5,0.12000020686226592,2026-03-19 00:06:41.850617698+00:00,143.957,2026-03-19 00:06:41.600617698+00:00,pending_cancel,refresh_reprice,2026-03-19 00:06:42.871602530+00:00,2026-03-19 00:06:43.121602530+00:00
2026-03-19 00:06:43.121602530+00:00,192,cancelled,ask,2203.5,0.12000020686226592,2026-03-19 00:06:41.850617698+00:00,143.957,2026-03-19 00:06:41.600617698+00:00,cancelled,refresh_reprice,2026-03-19 00:06:42.871602530+00:00,2026-03-19 00:06:43.121602530+00:00
2026-03-19 00:06:43.179315128+00:00,194,placed,ask,2203.2,0.12000020686226592,2026-03-19 00:06:43.429315128+00:00,115.085,2026-03-19 00:06:43.179315128+00:00,pending_new,,,
2026-03-19 00:06:48.032988852+00:00,194,cancel_requested,ask,2203.2,0.12000020686226592,2026-03-19 00:06:43.429315128+00:00,115.085,2026-03-19 00:06:43.179315128+00:00,pending_cancel,refresh_reprice,2026-03-19 00:06:48.032988852+00:00,2026-03-19 00:06:48.282988852+00:00
2026-03-19 00:06:48.282988852+00:00,194,cancelled,ask,2203.2,0.12000020686226592,2026-03-19 00:06:43.429315128+00:00,115.085,2026-03-19 00:06:43.179315128+00:00,cancelled,refresh_reprice,2026-03-19 00:06:48.032988852+00:00,2026-03-19 00:06:48.282988852+00:00
2026-03-19 00:06:48.284534303+00:00,195,placed,bid,2201.9,0.0799997931377341,2026-03-19 00:06:48.534534303+00:00,130.724,2026-03-19 00:06:48.284534303+00:00,pending_new,,,
2026-03-19 00:06:48.284534303+00:00,196,placed,ask,2202.8,0.12000020686226592,2026-03-19 00:06:48.534534303+00:00,158.863,2026-03-19 00:06:48.284534303+00:00,pending_new,,,
2026-03-19 00:06:49.362636322+00:00,196,cancel_requested,ask,2202.8,0.12000020686226592,2026-03-19 00:06:48.534534303+00:00,158.863,2026-03-19 00:06:48.284534303+00:00,pending_cancel,pressure_stop_ask,2026-03-19 00:06:49.362636322+00:00,2026-03-19 00:06:49.612636322+00:00
2026-03-19 00:06:49.362636322+00:00,195,resized,bid,2201.9,0.07988698167631197,2026-03-19 00:06:48.534534303+00:00,130.724,,,preserve_queue_priority,,
2026-03-19 00:06:49.612636322+00:00,196,cancelled,ask,2202.8,0.12000020686226592,2026-03-19 00:06:48.534534303+00:00,158.863,2026-03-19 00:06:48.284534303+00:00,cancelled,pressure_stop_ask,2026-03-19 00:06:49.362636322+00:00,2026-03-19 00:06:49.612636322+00:00
2026-03-19 00:06:58.284534303+00:00,195,cancel_requested,bid,2201.9,0.07988698167631197,2026-03-19 00:06:48.534534303+00:00,130.724,2026-03-19 00:06:48.284534303+00:00,pending_cancel,quote_age_expired,2026-03-19 00:06:58.284534303+00:00,2026-03-19 00:06:58.534534303+00:00
2026-03-19 00:06:58.534534303+00:00,195,cancelled,bid,2201.9,0.07988698167631197,2026-03-19 00:06:48.534534303+00:00,130.724,2026-03-19 00:06:48.284534303+00:00,cancelled,quote_age_expired,2026-03-19 00:06:58.284534303+00:00,2026-03-19 00:06:58.534534303+00:00
2026-03-19 00:06:58.838086459+00:00,197,placed,bid,2201.9,0.07988698167631197,2026-03-19 00:06:59.088086459+00:00,193.688,2026-03-19 00:06:58.838086459+00:00,pending_new,,,
2026-03-19 00:06:59.572367469+00:00,197,cancel_requested,bid,2201.9,0.07988698167631197,2026-03-19 00:06:59.088086459+00:00,193.688,2026-03-19 00:06:58.838086459+00:00,pending_cancel,refresh_reprice,2026-03-19 00:06:59.572367469+00:00,2026-03-19 00:06:59.822367469+00:00
2026-03-19 00:06:59.822367469+00:00,197,cancelled,bid,2201.9,0.07988698167631197,2026-03-19 00:06:59.088086459+00:00,193.688,2026-03-19 00:06:58.838086459+00:00,cancelled,refresh_reprice,2026-03-19 00:06:59.572367469+00:00,2026-03-19 00:06:59.822367469+00:00
2026-03-19 00:06:59.826994239+00:00,198,placed,bid,2202.5,0.07988698167631197,2026-03-19 00:07:00.076994239+00:00,166.75900000000001,2026-03-19 00:06:59.826994239+00:00,pending_new,,,
2026-03-19 00:07:07.435927290+00:00,199,placed,ask,2203.6,0.12011301832368804,2026-03-19 00:07:07.685927290+00:00,162.869,2026-03-19 00:07:07.435927290+00:00,pending_new,,,
2026-03-19 00:07:07.635749837+00:00,199,cancel_requested,ask,2203.6,0.12011301832368804,2026-03-19 00:07:07.685927290+00:00,162.869,2026-03-19 00:07:07.435927290+00:00,pending_cancel,pressure_stop_ask,2026-03-19 00:07:07.635749837+00:00,2026-03-19 00:07:07.885749837+00:00
2026-03-19 00:07:07.885749837+00:00,199,cancelled,ask,2203.6,0.12011301832368804,2026-03-19 00:07:07.685927290+00:00,162.869,2026-03-19 00:07:07.435927290+00:00,cancelled,pressure_stop_ask,2026-03-19 00:07:07.635749837+00:00,2026-03-19 00:07:07.885749837+00:00
2026-03-19 00:07:09.826994239+00:00,198,cancel_requested,bid,2202.5,0.07988698167631197,2026-03-19 00:07:00.076994239+00:00,166.75900000000001,2026-03-19 00:06:59.826994239+00:00,pending_cancel,quote_age_expired,2026-03-19 00:07:09.826994239+00:00,2026-03-19 00:07:10.076994239+00:00
2026-03-19 00:07:10.076994239+00:00,198,cancelled,bid,2202.5,0.07988698167631197,2026-03-19 00:07:00.076994239+00:00,166.75900000000001,2026-03-19 00:06:59.826994239+00:00,cancelled,quote_age_expired,2026-03-19 00:07:09.826994239+00:00,2026-03-19 00:07:10.076994239+00:00
2026-03-19 00:07:10.087254454+00:00,200,placed,bid,2202.5,0.0802265186521577,2026-03-19 00:07:10.337254454+00:00,167.137,2026-03-19 00:07:10.087254454+00:00,pending_new,,,
2026-03-19 00:07:11.260455436+00:00,200,cancel_requested,bid,2202.5,0.0802265186521577,2026-03-19 00:07:10.337254454+00:00,167.137,2026-03-19 00:07:10.087254454+00:00,pending_cancel,refresh_reprice,2026-03-19 00:07:11.260455436+00:00,2026-03-19 00:07:11.510455436+00:00
2026-03-19 00:07:11.510455436+00:00,200,cancelled,bid,2202.5,0.0802265186521577,2026-03-19 00:07:10.337254454+00:00,167.137,2026-03-19 00:07:10.087254454+00:00,cancelled,refresh_reprice,2026-03-19 00:07:11.260455436+00:00,2026-03-19 00:07:11.510455436+00:00
2026-03-19 00:07:11.511908249+00:00,201,placed,bid,2202.9,0.0802265186521577,2026-03-19 00:07:11.761908249+00:00,136.08800000000002,2026-03-19 00:07:11.511908249+00:00,pending_new,,,
2026-03-19 00:07:20.349492859+00:00,201,cancel_requested,bid,2202.9,0.0802265186521577,2026-03-19 00:07:11.761908249+00:00,136.08800000000002,2026-03-19 00:07:11.511908249+00:00,pending_cancel,refresh_reprice,2026-03-19 00:07:20.349492859+00:00,2026-03-19 00:07:20.599492859+00:00
2026-03-19 00:07:20.599492859+00:00,201,cancelled,bid,2202.9,0.0802265186521577,2026-03-19 00:07:11.761908249+00:00,136.08800000000002,2026-03-19 00:07:11.511908249+00:00,cancelled,refresh_reprice,2026-03-19 00:07:20.349492859+00:00,2026-03-19 00:07:20.599492859+00:00
2026-03-19 00:07:20.636725532+00:00,202,placed,bid,2203.5,0.0802265186521577,2026-03-19 00:07:20.886725532+00:00,122.921,2026-03-19 00:07:20.636725532+00:00,pending_new,,,
2026-03-19 00:07:26.010775859+00:00,202,cancel_requested,bid,2203.5,0.0802265186521577,2026-03-19 00:07:20.886725532+00:00,122.921,2026-03-19 00:07:20.636725532+00:00,pending_cancel,refresh_reprice,2026-03-19 00:07:26.010775859+00:00,2026-03-19 00:07:26.260775859+00:00
2026-03-19 00:07:26.260775859+00:00,202,cancelled,bid,2203.5,0.0802265186521577,2026-03-19 00:07:20.886725532+00:00,122.921,2026-03-19 00:07:20.636725532+00:00,cancelled,refresh_reprice,2026-03-19 00:07:26.010775859+00:00,2026-03-19 00:07:26.260775859+00:00
2026-03-19 00:07:26.268900549+00:00,203,placed,ask,2204.3,0.11977348134784233,2026-03-19 00:07:26.518900549+00:00,184.466,2026-03-19 00:07:26.268900549+00:00,pending_new,,,
2026-03-19 00:07:26.623086600+00:00,203,cancel_requested,ask,2204.3,0.11977348134784233,2026-03-19 00:07:26.518900549+00:00,184.466,2026-03-19 00:07:26.268900549+00:00,pending_cancel,expected_edge_ask,2026-03-19 00:07:26.623086600+00:00,2026-03-19 00:07:26.873086600+00:00
2026-03-19 00:07:26.623086600+00:00,204,placed,bid,2203.6,0.0802265186521577,2026-03-19 00:07:26.873086600+00:00,52.596000000000004,2026-03-19 00:07:26.623086600+00:00,pending_new,,,
2026-03-19 00:07:26.873086600+00:00,203,cancelled,ask,2204.3,0.11977348134784233,2026-03-19 00:07:26.518900549+00:00,184.466,2026-03-19 00:07:26.268900549+00:00,cancelled,expected_edge_ask,2026-03-19 00:07:26.623086600+00:00,2026-03-19 00:07:26.873086600+00:00
2026-03-19 00:07:28.157249876+00:00,204,cancel_requested,bid,2203.6,0.0802265186521577,2026-03-19 00:07:26.873086600+00:00,52.596000000000004,2026-03-19 00:07:26.623086600+00:00,pending_cancel,refresh_reprice,2026-03-19 00:07:28.157249876+00:00,2026-03-19 00:07:28.407249876+00:00
2026-03-19 00:07:28.407249876+00:00,204,cancelled,bid,2203.6,0.0802265186521577,2026-03-19 00:07:26.873086600+00:00,52.596000000000004,2026-03-19 00:07:26.623086600+00:00,cancelled,refresh_reprice,2026-03-19 00:07:28.157249876+00:00,2026-03-19 00:07:28.407249876+00:00
2026-03-19 00:07:28.462985864+00:00,205,placed,bid,2203.8,0.0802265186521577,2026-03-19 00:07:28.712985864+00:00,98.452,2026-03-19 00:07:28.462985864+00:00,pending_new,,,
2026-03-19 00:07:37.697209550+00:00,205,cancel_requested,bid,2203.8,0.0802265186521577,2026-03-19 00:07:28.712985864+00:00,98.452,2026-03-19 00:07:28.462985864+00:00,pending_cancel,refresh_reprice,2026-03-19 00:07:37.697209550+00:00,2026-03-19 00:07:37.947209550+00:00
2026-03-19 00:07:37.947209550+00:00,205,cancelled,bid,2203.8,0.0802265186521577,2026-03-19 00:07:28.712985864+00:00,98.452,2026-03-19 00:07:28.462985864+00:00,cancelled,refresh_reprice,2026-03-19 00:07:37.697209550+00:00,2026-03-19 00:07:37.947209550+00:00
2026-03-19 00:07:37.961223808+00:00,206,placed,bid,2204.3,0.0805325533321628,2026-03-19 00:07:38.211223808+00:00,162.559,2026-03-19 00:07:37.961223808+00:00,pending_new,,,
2026-03-19 00:07:38.668158601+00:00,206,cancel_requested,bid,2204.3,0.0805325533321628,2026-03-19 00:07:38.211223808+00:00,162.559,2026-03-19 00:07:37.961223808+00:00,pending_cancel,refresh_reprice,2026-03-19 00:07:38.668158601+00:00,2026-03-19 00:07:38.918158601+00:00
2026-03-19 00:07:38.918158601+00:00,206,cancelled,bid,2204.3,0.0805325533321628,2026-03-19 00:07:38.211223808+00:00,162.559,2026-03-19 00:07:37.961223808+00:00,cancelled,refresh_reprice,2026-03-19 00:07:38.668158601+00:00,2026-03-19 00:07:38.918158601+00:00
2026-03-19 00:07:38.923084937+00:00,207,placed,bid,2205.1,0.0805325533321628,2026-03-19 00:07:39.173084937+00:00,108.83600000000001,2026-03-19 00:07:38.923084937+00:00,pending_new,,,
2026-03-19 00:07:39.892699132+00:00,207,cancel_requested,bid,2205.1,0.0805325533321628,2026-03-19 00:07:39.173084937+00:00,108.83600000000001,2026-03-19 00:07:38.923084937+00:00,pending_cancel,refresh_reprice,2026-03-19 00:07:39.892699132+00:00,2026-03-19 00:07:40.142699132+00:00
2026-03-19 00:07:40.042890739+00:00,208,placed,ask,2206.2,0.11946744666783721,2026-03-19 00:07:40.292890739+00:00,67.156,2026-03-19 00:07:40.042890739+00:00,pending_new,,,
2026-03-19 00:07:40.094689796+00:00,208,cancel_requested,ask,2206.2,0.11946744666783721,2026-03-19 00:07:40.292890739+00:00,67.156,2026-03-19 00:07:40.042890739+00:00,pending_cancel,pressure_stop_ask,2026-03-19 00:07:40.094689796+00:00,2026-03-19 00:07:40.344689796+00:00
2026-03-19 00:07:40.142699132+00:00,207,cancelled,bid,2205.1,0.0805325533321628,2026-03-19 00:07:39.173084937+00:00,108.83600000000001,2026-03-19 00:07:38.923084937+00:00,cancelled,refresh_reprice,2026-03-19 00:07:39.892699132+00:00,2026-03-19 00:07:40.142699132+00:00
2026-03-19 00:07:40.204596749+00:00,209,placed,bid,2205.4,0.0805325533321628,2026-03-19 00:07:40.454596749+00:00,145.35999999999999,2026-03-19 00:07:40.204596749+00:00,pending_new,,,
2026-03-19 00:07:40.344689796+00:00,208,cancelled,ask,2206.2,0.11946744666783721,2026-03-19 00:07:40.292890739+00:00,67.156,2026-03-19 00:07:40.042890739+00:00,cancelled,pressure_stop_ask,2026-03-19 00:07:40.094689796+00:00,2026-03-19 00:07:40.344689796+00:00
2026-03-19 00:07:42.037570003+00:00,209,cancel_requested,bid,2205.4,0.0805325533321628,2026-03-19 00:07:40.454596749+00:00,145.35999999999999,2026-03-19 00:07:40.204596749+00:00,pending_cancel,refresh_reprice,2026-03-19 00:07:42.037570003+00:00,2026-03-19 00:07:42.287570003+00:00
2026-03-19 00:07:42.139406247+00:00,210,placed,ask,2206.8,0.11946744666783721,2026-03-19 00:07:42.389406247+00:00,28.175,2026-03-19 00:07:42.139406247+00:00,pending_new,,,
2026-03-19 00:07:42.185777530+00:00,210,cancel_requested,ask,2206.8,0.11946744666783721,2026-03-19 00:07:42.389406247+00:00,28.175,2026-03-19 00:07:42.139406247+00:00,pending_cancel,pressure_stop_ask,2026-03-19 00:07:42.185777530+00:00,2026-03-19 00:07:42.435777530+00:00
2026-03-19 00:07:42.287570003+00:00,209,cancelled,bid,2205.4,0.0805325533321628,2026-03-19 00:07:40.454596749+00:00,145.35999999999999,2026-03-19 00:07:40.204596749+00:00,cancelled,refresh_reprice,2026-03-19 00:07:42.037570003+00:00,2026-03-19 00:07:42.287570003+00:00
2026-03-19 00:07:42.291167792+00:00,211,placed,bid,2206.0,0.0805325533321628,2026-03-19 00:07:42.541167792+00:00,166.476,2026-03-19 00:07:42.291167792+00:00,pending_new,,,
2026-03-19 00:07:42.435777530+00:00,210,cancelled,ask,2206.8,0.11946744666783721,2026-03-19 00:07:42.389406247+00:00,28.175,2026-03-19 00:07:42.139406247+00:00,cancelled,pressure_stop_ask,2026-03-19 00:07:42.185777530+00:00,2026-03-19 00:07:42.435777530+00:00
2026-03-19 00:07:46.832495683+00:00,211,cancel_requested,bid,2206.0,0.0805325533321628,2026-03-19 00:07:42.541167792+00:00,166.476,2026-03-19 00:07:42.291167792+00:00,pending_cancel,pressure_stop_bid,2026-03-19 00:07:46.832495683+00:00,2026-03-19 00:07:47.082495683+00:00
2026-03-19 00:07:46.832495683+00:00,212,placed,ask,2206.9,0.11946744666783721,2026-03-19 00:07:47.082495683+00:00,123.769,2026-03-19 00:07:46.832495683+00:00,pending_new,,,
2026-03-19 00:07:46.935585805+00:00,212,cancel_requested,ask,2206.9,0.11946744666783721,2026-03-19 00:07:47.082495683+00:00,123.769,2026-03-19 00:07:46.832495683+00:00,pending_cancel,refresh_reprice,2026-03-19 00:07:46.935585805+00:00,2026-03-19 00:07:47.185585805+00:00
2026-03-19 00:07:47.082495683+00:00,211,cancelled,bid,2206.0,0.0805325533321628,2026-03-19 00:07:42.541167792+00:00,166.476,2026-03-19 00:07:42.291167792+00:00,cancelled,pressure_stop_bid,2026-03-19 00:07:46.832495683+00:00,2026-03-19 00:07:47.082495683+00:00
2026-03-19 00:07:47.185585805+00:00,212,cancelled,ask,2206.9,0.11946744666783721,2026-03-19 00:07:47.082495683+00:00,123.769,2026-03-19 00:07:46.832495683+00:00,cancelled,refresh_reprice,2026-03-19 00:07:46.935585805+00:00,2026-03-19 00:07:47.185585805+00:00
2026-03-19 00:07:47.240811731+00:00,213,placed,bid,2205.7,0.0805325533321628,2026-03-19 00:07:47.490811731+00:00,109.061,2026-03-19 00:07:47.240811731+00:00,pending_new,,,
2026-03-19 00:07:47.240811731+00:00,214,placed,ask,2206.5,0.11946744666783721,2026-03-19 00:07:47.490811731+00:00,88.839,2026-03-19 00:07:47.240811731+00:00,pending_new,,,
2026-03-19 00:07:47.793597059+00:00,214,cancel_requested,ask,2206.5,0.11946744666783721,2026-03-19 00:07:47.490811731+00:00,88.839,2026-03-19 00:07:47.240811731+00:00,pending_cancel,pressure_stop_ask,2026-03-19 00:07:47.793597059+00:00,2026-03-19 00:07:48.043597059+00:00
2026-03-19 00:07:48.043597059+00:00,214,cancelled,ask,2206.5,0.11946744666783721,2026-03-19 00:07:47.490811731+00:00,88.839,2026-03-19 00:07:47.240811731+00:00,cancelled,pressure_stop_ask,2026-03-19 00:07:47.793597059+00:00,2026-03-19 00:07:48.043597059+00:00
2026-03-19 00:07:53.107286693+00:00,215,placed,ask,2206.4,0.11870688666497933,2026-03-19 00:07:53.357286693+00:00,89.504,2026-03-19 00:07:53.107286693+00:00,pending_new,,,
2026-03-19 00:07:53.183547581+00:00,213,cancel_requested,bid,2205.7,0.0805325533321628,2026-03-19 00:07:47.490811731+00:00,109.061,2026-03-19 00:07:47.240811731+00:00,pending_cancel,pressure_stop_bid,2026-03-19 00:07:53.183547581+00:00,2026-03-19 00:07:53.433547581+00:00
2026-03-19 00:07:53.433547581+00:00,213,cancelled,bid,2205.7,0.0805325533321628,2026-03-19 00:07:47.490811731+00:00,109.061,2026-03-19 00:07:47.240811731+00:00,cancelled,pressure_stop_bid,2026-03-19 00:07:53.183547581+00:00,2026-03-19 00:07:53.433547581+00:00
2026-03-19 00:07:53.726517555+00:00,215,cancel_requested,ask,2206.4,0.11870688666497933,2026-03-19 00:07:53.357286693+00:00,89.504,2026-03-19 00:07:53.107286693+00:00,pending_cancel,pressure_stop_ask,2026-03-19 00:07:53.726517555+00:00,2026-03-19 00:07:53.976517555+00:00
2026-03-19 00:07:53.726517555+00:00,216,placed,bid,2205.7,0.08129311333502066,2026-03-19 00:07:53.976517555+00:00,110.453,2026-03-19 00:07:53.726517555+00:00,pending_new,,,
2026-03-19 00:07:53.976517555+00:00,215,cancelled,ask,2206.4,0.11870688666497933,2026-03-19 00:07:53.357286693+00:00,89.504,2026-03-19 00:07:53.107286693+00:00,cancelled,pressure_stop_ask,2026-03-19 00:07:53.726517555+00:00,2026-03-19 00:07:53.976517555+00:00
2026-03-19 00:07:54.014729623+00:00,217,placed,ask,2206.5,0.11870688666497933,2026-03-19 00:07:54.264729623+00:00,62.847,2026-03-19 00:07:54.014729623+00:00,pending_new,,,
2026-03-19 00:07:54.185901876+00:00,217,cancel_requested,ask,2206.5,0.11870688666497933,2026-03-19 00:07:54.264729623+00:00,62.847,2026-03-19 00:07:54.014729623+00:00,pending_cancel,expected_edge_ask,2026-03-19 00:07:54.185901876+00:00,2026-03-19 00:07:54.435901876+00:00
2026-03-19 00:07:54.389606968+00:00,216,cancel_requested,bid,2205.7,0.08129311333502066,2026-03-19 00:07:53.976517555+00:00,110.453,2026-03-19 00:07:53.726517555+00:00,pending_cancel,refresh_reprice,2026-03-19 00:07:54.389606968+00:00,2026-03-19 00:07:54.639606968+00:00
2026-03-19 00:07:54.435901876+00:00,217,cancelled,ask,2206.5,0.11870688666497933,2026-03-19 00:07:54.264729623+00:00,62.847,2026-03-19 00:07:54.014729623+00:00,cancelled,expected_edge_ask,2026-03-19 00:07:54.185901876+00:00,2026-03-19 00:07:54.435901876+00:00
2026-03-19 00:07:54.440863693+00:00,218,placed,ask,2206.2,0.11870688666497933,2026-03-19 00:07:54.690863693+00:00,54.900999999999996,2026-03-19 00:07:54.440863693+00:00,pending_new,,,
2026-03-19 00:07:54.639606968+00:00,216,cancelled,bid,2205.7,0.08129311333502066,2026-03-19 00:07:53.976517555+00:00,110.453,2026-03-19 00:07:53.726517555+00:00,cancelled,refresh_reprice,2026-03-19 00:07:54.389606968+00:00,2026-03-19 00:07:54.639606968+00:00
2026-03-19 00:07:54.642912697+00:00,219,placed,bid,2205.3,0.08129311333502066,2026-03-19 00:07:54.892912697+00:00,138.21699999999998,2026-03-19 00:07:54.642912697+00:00,pending_new,,,
2026-03-19 00:07:54.898363115+00:00,218,cancel_requested,ask,2206.2,0.11870688666497933,2026-03-19 00:07:54.690863693+00:00,54.900999999999996,2026-03-19 00:07:54.440863693+00:00,pending_cancel,pressure_stop_ask,2026-03-19 00:07:54.898363115+00:00,2026-03-19 00:07:55.148363115+00:00
2026-03-19 00:07:55.148363115+00:00,218,cancelled,ask,2206.2,0.11870688666497933,2026-03-19 00:07:54.690863693+00:00,54.900999999999996,2026-03-19 00:07:54.440863693+00:00,cancelled,pressure_stop_ask,2026-03-19 00:07:54.898363115+00:00,2026-03-19 00:07:55.148363115+00:00
2026-03-19 00:07:58.827843118+00:00,219,cancel_requested,bid,2205.3,0.08129311333502066,2026-03-19 00:07:54.892912697+00:00,138.21699999999998,2026-03-19 00:07:54.642912697+00:00,pending_cancel,refresh_reprice,2026-03-19 00:07:58.827843118+00:00,2026-03-19 00:07:59.077843118+00:00
2026-03-19 00:07:59.077843118+00:00,219,cancelled,bid,2205.3,0.08129311333502066,2026-03-19 00:07:54.892912697+00:00,138.21699999999998,2026-03-19 00:07:54.642912697+00:00,cancelled,refresh_reprice,2026-03-19 00:07:58.827843118+00:00,2026-03-19 00:07:59.077843118+00:00
2026-03-19 00:07:59.087317905+00:00,220,placed,bid,2205.7,0.08129311333502066,2026-03-19 00:07:59.337317905+00:00,199.737,2026-03-19 00:07:59.087317905+00:00,pending_new,,,
2026-03-19 00:08:09.087317905+00:00,220,cancel_requested,bid,2205.7,0.08129311333502066,2026-03-19 00:07:59.337317905+00:00,199.737,2026-03-19 00:07:59.087317905+00:00,pending_cancel,quote_age_expired,2026-03-19 00:08:09.087317905+00:00,2026-03-19 00:08:09.337317905+00:00
2026-03-19 00:08:09.337317905+00:00,220,cancelled,bid,2205.7,0.08129311333502066,2026-03-19 00:07:59.337317905+00:00,199.737,2026-03-19 00:07:59.087317905+00:00,cancelled,quote_age_expired,2026-03-19 00:08:09.087317905+00:00,2026-03-19 00:08:09.337317905+00:00
2026-03-19 00:08:09.347100489+00:00,221,placed,bid,2205.7,0.08129311333502066,2026-03-19 00:08:09.597100489+00:00,118.817,2026-03-19 00:08:09.347100489+00:00,pending_new,,,
2026-03-19 00:08:11.283012943+00:00,221,cancel_requested,bid,2205.7,0.08129311333502066,2026-03-19 00:08:09.597100489+00:00,118.817,2026-03-19 00:08:09.347100489+00:00,pending_cancel,pressure_stop_bid,2026-03-19 00:08:11.283012943+00:00,2026-03-19 00:08:11.533012943+00:00
2026-03-19 00:08:11.283012943+00:00,222,placed,ask,2206.4,0.11837314451311785,2026-03-19 00:08:11.533012943+00:00,93.938,2026-03-19 00:08:11.283012943+00:00,pending_new,,,
2026-03-19 00:08:11.385726733+00:00,222,cancel_requested,ask,2206.4,0.11837314451311785,2026-03-19 00:08:11.533012943+00:00,93.938,2026-03-19 00:08:11.283012943+00:00,pending_cancel,refresh_reprice,2026-03-19 00:08:11.385726733+00:00,2026-03-19 00:08:11.635726733+00:00
2026-03-19 00:08:11.533012943+00:00,221,cancelled,bid,2205.7,0.08129311333502066,2026-03-19 00:08:09.597100489+00:00,118.817,2026-03-19 00:08:09.347100489+00:00,cancelled,pressure_stop_bid,2026-03-19 00:08:11.283012943+00:00,2026-03-19 00:08:11.533012943+00:00
2026-03-19 00:08:11.635726733+00:00,222,cancelled,ask,2206.4,0.11837314451311785,2026-03-19 00:08:11.533012943+00:00,93.938,2026-03-19 00:08:11.283012943+00:00,cancelled,refresh_reprice,2026-03-19 00:08:11.385726733+00:00,2026-03-19 00:08:11.635726733+00:00
2026-03-19 00:08:11.638631190+00:00,223,placed,bid,2205.5,0.08162685548688216,2026-03-19 00:08:11.888631190+00:00,75.319,2026-03-19 00:08:11.638631190+00:00,pending_new,,,
2026-03-19 00:08:11.638631190+00:00,224,placed,ask,2206.2,0.11837314451311785,2026-03-19 00:08:11.888631190+00:00,118.636,2026-03-19 00:08:11.638631190+00:00,pending_new,,,
2026-03-19 00:08:11.995242791+00:00,224,cancel_requested,ask,2206.2,0.11837314451311785,2026-03-19 00:08:11.888631190+00:00,118.636,2026-03-19 00:08:11.638631190+00:00,pending_cancel,expected_edge_ask,2026-03-19 00:08:11.995242791+00:00,2026-03-19 00:08:12.245242791+00:00
2026-03-19 00:08:12.245242791+00:00,224,cancelled,ask,2206.2,0.11837314451311785,2026-03-19 00:08:11.888631190+00:00,118.636,2026-03-19 00:08:11.638631190+00:00,cancelled,expected_edge_ask,2026-03-19 00:08:11.995242791+00:00,2026-03-19 00:08:12.245242791+00:00
2026-03-19 00:08:21.638631190+00:00,223,cancel_requested,bid,2205.5,0.08162685548688216,2026-03-19 00:08:11.888631190+00:00,75.319,2026-03-19 00:08:11.638631190+00:00,pending_cancel,quote_age_expired,2026-03-19 00:08:21.638631190+00:00,2026-03-19 00:08:21.888631190+00:00
2026-03-19 00:08:21.888631190+00:00,223,cancelled,bid,2205.5,0.08162685548688216,2026-03-19 00:08:11.888631190+00:00,75.319,2026-03-19 00:08:11.638631190+00:00,cancelled,quote_age_expired,2026-03-19 00:08:21.638631190+00:00,2026-03-19 00:08:21.888631190+00:00
2026-03-19 00:08:21.911293824+00:00,225,placed,bid,2205.5,0.08162685548688216,2026-03-19 00:08:22.161293824+00:00,156.538,2026-03-19 00:08:21.911293824+00:00,pending_new,,,
2026-03-19 00:08:23.847375825+00:00,225,cancel_requested,bid,2205.5,0.08162685548688216,2026-03-19 00:08:22.161293824+00:00,156.538,2026-03-19 00:08:21.911293824+00:00,pending_cancel,pressure_stop_bid,2026-03-19 00:08:23.847375825+00:00,2026-03-19 00:08:24.097375825+00:00
2026-03-19 00:08:23.847375825+00:00,226,placed,ask,2206.2,0.11837314451311785,2026-03-19 00:08:24.097375825+00:00,119.3,2026-03-19 00:08:23.847375825+00:00,pending_new,,,
2026-03-19 00:08:24.097375825+00:00,225,cancelled,bid,2205.5,0.08162685548688216,2026-03-19 00:08:22.161293824+00:00,156.538,2026-03-19 00:08:21.911293824+00:00,cancelled,pressure_stop_bid,2026-03-19 00:08:23.847375825+00:00,2026-03-19 00:08:24.097375825+00:00
2026-03-19 00:08:25.838673297+00:00,226,cancel_requested,ask,2206.2,0.11837314451311785,2026-03-19 00:08:24.097375825+00:00,119.3,2026-03-19 00:08:23.847375825+00:00,pending_cancel,expected_edge_ask,2026-03-19 00:08:25.838673297+00:00,2026-03-19 00:08:26.088673297+00:00
2026-03-19 00:08:25.838673297+00:00,227,placed,bid,2205.1,0.08162685548688216,2026-03-19 00:08:26.088673297+00:00,107.76,2026-03-19 00:08:25.838673297+00:00,pending_new,,,
2026-03-19 00:08:26.041405935+00:00,227,cancel_requested,bid,2205.1,0.08162685548688216,2026-03-19 00:08:26.088673297+00:00,107.76,2026-03-19 00:08:25.838673297+00:00,pending_cancel,pressure_stop_bid,2026-03-19 00:08:26.041405935+00:00,2026-03-19 00:08:26.291405935+00:00
2026-03-19 00:08:26.088673297+00:00,226,cancelled,ask,2206.2,0.11837314451311785,2026-03-19 00:08:24.097375825+00:00,119.3,2026-03-19 00:08:23.847375825+00:00,cancelled,expected_edge_ask,2026-03-19 00:08:25.838673297+00:00,2026-03-19 00:08:26.088673297+00:00
2026-03-19 00:08:26.139996006+00:00,228,placed,ask,2205.8,0.11837314451311785,2026-03-19 00:08:26.389996006+00:00,148.506,2026-03-19 00:08:26.139996006+00:00,pending_new,,,
2026-03-19 00:08:26.291405935+00:00,227,cancelled,bid,2205.1,0.08162685548688216,2026-03-19 00:08:26.088673297+00:00,107.76,2026-03-19 00:08:25.838673297+00:00,cancelled,pressure_stop_bid,2026-03-19 00:08:26.041405935+00:00,2026-03-19 00:08:26.291405935+00:00
2026-03-19 00:08:32.471801458+00:00,229,placed,bid,2204.8,0.08138916034759813,2026-03-19 00:08:32.721801458+00:00,87.80799999999999,2026-03-19 00:08:32.471801458+00:00,pending_new,,,
2026-03-19 00:08:32.471801458+00:00,228,cancel_requested,ask,2205.8,0.11837314451311785,2026-03-19 00:08:26.389996006+00:00,148.506,2026-03-19 00:08:26.139996006+00:00,pending_cancel,refresh_reprice,2026-03-19 00:08:32.471801458+00:00,2026-03-19 00:08:32.721801458+00:00
2026-03-19 00:08:32.721801458+00:00,228,cancelled,ask,2205.8,0.11837314451311785,2026-03-19 00:08:26.389996006+00:00,148.506,2026-03-19 00:08:26.139996006+00:00,cancelled,refresh_reprice,2026-03-19 00:08:32.471801458+00:00,2026-03-19 00:08:32.721801458+00:00
2026-03-19 00:08:42.471801458+00:00,229,cancel_requested,bid,2204.8,0.08138916034759813,2026-03-19 00:08:32.721801458+00:00,87.80799999999999,2026-03-19 00:08:32.471801458+00:00,pending_cancel,quote_age_expired,2026-03-19 00:08:42.471801458+00:00,2026-03-19 00:08:42.721801458+00:00
2026-03-19 00:08:42.721801458+00:00,229,cancelled,bid,2204.8,0.08138916034759813,2026-03-19 00:08:32.721801458+00:00,87.80799999999999,2026-03-19 00:08:32.471801458+00:00,cancelled,quote_age_expired,2026-03-19 00:08:42.471801458+00:00,2026-03-19 00:08:42.721801458+00:00
2026-03-19 00:08:42.768782179+00:00,230,placed,bid,2205.0,0.08138916034759813,2026-03-19 00:08:43.018782179+00:00,110.622,2026-03-19 00:08:42.768782179+00:00,pending_new,,,
2026-03-19 00:08:44.819444701+00:00,230,cancel_requested,bid,2205.0,0.08138916034759813,2026-03-19 00:08:43.018782179+00:00,110.622,2026-03-19 00:08:42.768782179+00:00,pending_cancel,refresh_reprice,2026-03-19 00:08:44.819444701+00:00,2026-03-19 00:08:45.069444701+00:00
2026-03-19 00:08:45.069444701+00:00,230,cancelled,bid,2205.0,0.08138916034759813,2026-03-19 00:08:43.018782179+00:00,110.622,2026-03-19 00:08:42.768782179+00:00,cancelled,refresh_reprice,2026-03-19 00:08:44.819444701+00:00,2026-03-19 00:08:45.069444701+00:00
2026-03-19 00:08:45.120619079+00:00,231,placed,bid,2205.4,0.08138916034759813,2026-03-19 00:08:45.370619079+00:00,122.73100000000001,2026-03-19 00:08:45.120619079+00:00,pending_new,,,
2026-03-19 00:08:48.342873781+00:00,231,cancel_requested,bid,2205.4,0.08138916034759813,2026-03-19 00:08:45.370619079+00:00,122.73100000000001,2026-03-19 00:08:45.120619079+00:00,pending_cancel,pressure_stop_bid,2026-03-19 00:08:48.342873781+00:00,2026-03-19 00:08:48.592873781+00:00
2026-03-19 00:08:48.592873781+00:00,231,cancelled,bid,2205.4,0.08138916034759813,2026-03-19 00:08:45.370619079+00:00,122.73100000000001,2026-03-19 00:08:45.120619079+00:00,cancelled,pressure_stop_bid,2026-03-19 00:08:48.342873781+00:00,2026-03-19 00:08:48.592873781+00:00
2026-03-19 00:08:58.658358264+00:00,232,placed,bid,2204.6,0.08162697300543847,2026-03-19 00:08:58.908358264+00:00,94.28200000000001,2026-03-19 00:08:58.658358264+00:00,pending_new,,,
2026-03-19 00:08:58.764617799+00:00,232,cancel_requested,bid,2204.6,0.08162697300543847,2026-03-19 00:08:58.908358264+00:00,94.28200000000001,2026-03-19 00:08:58.658358264+00:00,pending_cancel,pressure_stop_bid,2026-03-19 00:08:58.764617799+00:00,2026-03-19 00:08:59.014617799+00:00
2026-03-19 00:08:59.014617799+00:00,232,cancelled,bid,2204.6,0.08162697300543847,2026-03-19 00:08:58.908358264+00:00,94.28200000000001,2026-03-19 00:08:58.658358264+00:00,cancelled,pressure_stop_bid,2026-03-19 00:08:58.764617799+00:00,2026-03-19 00:08:59.014617799+00:00
2026-03-19 00:09:04.055695769+00:00,233,placed,bid,2204.3,0.08162697300543847,2026-03-19 00:09:04.305695769+00:00,151.99800000000002,2026-03-19 00:09:04.055695769+00:00,pending_new,,,
2026-03-19 00:09:04.680983357+00:00,233,cancel_requested,bid,2204.3,0.08162697300543847,2026-03-19 00:09:04.305695769+00:00,151.99800000000002,2026-03-19 00:09:04.055695769+00:00,pending_cancel,pressure_stop_bid,2026-03-19 00:09:04.680983357+00:00,2026-03-19 00:09:04.930983357+00:00
2026-03-19 00:09:04.680983357+00:00,234,placed,ask,2204.7,0.11837302699456154,2026-03-19 00:09:04.930983357+00:00,65.066,2026-03-19 00:09:04.680983357+00:00,pending_new,,,
2026-03-19 00:09:04.732594204+00:00,234,cancel_requested,ask,2204.7,0.11837302699456154,2026-03-19 00:09:04.930983357+00:00,65.066,2026-03-19 00:09:04.680983357+00:00,pending_cancel,expected_edge_ask,2026-03-19 00:09:04.732594204+00:00,2026-03-19 00:09:04.982594204+00:00
2026-03-19 00:09:04.930983357+00:00,233,cancelled,bid,2204.3,0.08162697300543847,2026-03-19 00:09:04.305695769+00:00,151.99800000000002,2026-03-19 00:09:04.055695769+00:00,cancelled,pressure_stop_bid,2026-03-19 00:09:04.680983357+00:00,2026-03-19 00:09:04.930983357+00:00
2026-03-19 00:09:04.982594204+00:00,234,cancelled,ask,2204.7,0.11837302699456154,2026-03-19 00:09:04.930983357+00:00,65.066,2026-03-19 00:09:04.680983357+00:00,cancelled,expected_edge_ask,2026-03-19 00:09:04.732594204+00:00,2026-03-19 00:09:04.982594204+00:00
2026-03-19 00:09:10+00:00,235,placed,ask,2204.1,0.11867909726163149,2026-03-19 00:09:10.250000+00:00,42.563,2026-03-19 00:09:10+00:00,pending_new,,,
2026-03-19 00:09:13.768772755+00:00,235,cancel_requested,ask,2204.1,0.11867909726163149,2026-03-19 00:09:10.250000+00:00,42.563,2026-03-19 00:09:10+00:00,pending_cancel,refresh_reprice,2026-03-19 00:09:13.768772755+00:00,2026-03-19 00:09:14.018772755+00:00
2026-03-19 00:09:14.018772755+00:00,235,cancelled,ask,2204.1,0.11867909726163149,2026-03-19 00:09:10.250000+00:00,42.563,2026-03-19 00:09:10+00:00,cancelled,refresh_reprice,2026-03-19 00:09:13.768772755+00:00,2026-03-19 00:09:14.018772755+00:00
2026-03-19 00:09:14.018939039+00:00,236,placed,ask,2203.5,0.11867909726163149,2026-03-19 00:09:14.268939039+00:00,101.34500000000001,2026-03-19 00:09:14.018939039+00:00,pending_new,,,
2026-03-19 00:09:14.737368264+00:00,236,cancel_requested,ask,2203.5,0.11867909726163149,2026-03-19 00:09:14.268939039+00:00,101.34500000000001,2026-03-19 00:09:14.018939039+00:00,pending_cancel,expected_edge_ask,2026-03-19 00:09:14.737368264+00:00,2026-03-19 00:09:14.987368264+00:00
2026-03-19 00:09:14.737368264+00:00,237,placed,bid,2202.9,0.08132090273836853,2026-03-19 00:09:14.987368264+00:00,65.465,2026-03-19 00:09:14.737368264+00:00,pending_new,,,
2026-03-19 00:09:14.987368264+00:00,236,cancelled,ask,2203.5,0.11867909726163149,2026-03-19 00:09:14.268939039+00:00,101.34500000000001,2026-03-19 00:09:14.018939039+00:00,cancelled,expected_edge_ask,2026-03-19 00:09:14.737368264+00:00,2026-03-19 00:09:14.987368264+00:00
2026-03-19 00:09:15.497448409+00:00,238,placed,ask,2203.7,0.11867909726163149,2026-03-19 00:09:15.747448409+00:00,67.412,2026-03-19 00:09:15.497448409+00:00,pending_new,,,
2026-03-19 00:09:15.647009113+00:00,238,cancel_requested,ask,2203.7,0.11867909726163149,2026-03-19 00:09:15.747448409+00:00,67.412,2026-03-19 00:09:15.497448409+00:00,pending_cancel,pressure_stop_ask,2026-03-19 00:09:15.647009113+00:00,2026-03-19 00:09:15.897009113+00:00
2026-03-19 00:09:15.897009113+00:00,238,cancelled,ask,2203.7,0.11867909726163149,2026-03-19 00:09:15.747448409+00:00,67.412,2026-03-19 00:09:15.497448409+00:00,cancelled,pressure_stop_ask,2026-03-19 00:09:15.647009113+00:00,2026-03-19 00:09:15.897009113+00:00
2026-03-19 00:09:16.572436795+00:00,237,cancel_requested,bid,2202.9,0.08132090273836853,2026-03-19 00:09:14.987368264+00:00,65.465,2026-03-19 00:09:14.737368264+00:00,pending_cancel,pressure_stop_bid,2026-03-19 00:09:16.572436795+00:00,2026-03-19 00:09:16.822436795+00:00
2026-03-19 00:09:16.572436795+00:00,239,placed,ask,2203.6,0.11867909726163149,2026-03-19 00:09:16.822436795+00:00,144.97299999999998,2026-03-19 00:09:16.572436795+00:00,pending_new,,,
2026-03-19 00:09:16.822436795+00:00,237,cancelled,bid,2202.9,0.08132090273836853,2026-03-19 00:09:14.987368264+00:00,65.465,2026-03-19 00:09:14.737368264+00:00,cancelled,pressure_stop_bid,2026-03-19 00:09:16.572436795+00:00,2026-03-19 00:09:16.822436795+00:00
2026-03-19 00:09:17.237488287+00:00,239,cancel_requested,ask,2203.6,0.11867909726163149,2026-03-19 00:09:16.822436795+00:00,144.97299999999998,2026-03-19 00:09:16.572436795+00:00,pending_cancel,refresh_reprice,2026-03-19 00:09:17.237488287+00:00,2026-03-19 00:09:17.487488287+00:00
2026-03-19 00:09:17.487488287+00:00,239,cancelled,ask,2203.6,0.11867909726163149,2026-03-19 00:09:16.822436795+00:00,144.97299999999998,2026-03-19 00:09:16.572436795+00:00,cancelled,refresh_reprice,2026-03-19 00:09:17.237488287+00:00,2026-03-19 00:09:17.487488287+00:00
2026-03-19 00:09:17.536184142+00:00,240,placed,bid,2202.6,0.08132090273836853,2026-03-19 00:09:17.786184142+00:00,150.71,2026-03-19 00:09:17.536184142+00:00,pending_new,,,
2026-03-19 00:09:22.580818917+00:00,241,placed,ask,2203.3,0.11867909726163149,2026-03-19 00:09:22.830818917+00:00,67.978,2026-03-19 00:09:22.580818917+00:00,pending_new,,,
2026-03-19 00:09:22.947553770+00:00,241,cancel_requested,ask,2203.3,0.11867909726163149,2026-03-19 00:09:22.830818917+00:00,67.978,2026-03-19 00:09:22.580818917+00:00,pending_cancel,expected_edge_ask,2026-03-19 00:09:22.947553770+00:00,2026-03-19 00:09:23.197553770+00:00
2026-03-19 00:09:23.197553770+00:00,241,cancelled,ask,2203.3,0.11867909726163149,2026-03-19 00:09:22.830818917+00:00,67.978,2026-03-19 00:09:22.580818917+00:00,cancelled,expected_edge_ask,2026-03-19 00:09:22.947553770+00:00,2026-03-19 00:09:23.197553770+00:00
2026-03-19 00:09:24.944532437+00:00,240,cancel_requested,bid,2202.6,0.08132090273836853,2026-03-19 00:09:17.786184142+00:00,150.71,2026-03-19 00:09:17.536184142+00:00,pending_cancel,pressure_stop_bid,2026-03-19 00:09:24.944532437+00:00,2026-03-19 00:09:25.194532437+00:00
2026-03-19 00:09:24.944532437+00:00,242,placed,ask,2203.3,0.11867909726163149,2026-03-19 00:09:25.194532437+00:00,84.16999999999999,2026-03-19 00:09:24.944532437+00:00,pending_new,,,
2026-03-19 00:09:25.194532437+00:00,240,cancelled,bid,2202.6,0.08132090273836853,2026-03-19 00:09:17.786184142+00:00,150.71,2026-03-19 00:09:17.536184142+00:00,cancelled,pressure_stop_bid,2026-03-19 00:09:24.944532437+00:00,2026-03-19 00:09:25.194532437+00:00
2026-03-19 00:09:25.506883332+00:00,242,cancel_requested,ask,2203.3,0.11867909726163149,2026-03-19 00:09:25.194532437+00:00,84.16999999999999,2026-03-19 00:09:24.944532437+00:00,pending_cancel,expected_edge_ask,2026-03-19 00:09:25.506883332+00:00,2026-03-19 00:09:25.756883332+00:00
2026-03-19 00:09:25.506883332+00:00,243,placed,bid,2202.3,0.08132090273836853,2026-03-19 00:09:25.756883332+00:00,94.009,2026-03-19 00:09:25.506883332+00:00,pending_new,,,
2026-03-19 00:09:25.608179094+00:00,243,cancel_requested,bid,2202.3,0.08132090273836853,2026-03-19 00:09:25.756883332+00:00,94.009,2026-03-19 00:09:25.506883332+00:00,pending_cancel,pressure_stop_bid,2026-03-19 00:09:25.608179094+00:00,2026-03-19 00:09:25.858179094+00:00
2026-03-19 00:09:25.756883332+00:00,242,cancelled,ask,2203.3,0.11867909726163149,2026-03-19 00:09:25.194532437+00:00,84.16999999999999,2026-03-19 00:09:24.944532437+00:00,cancelled,expected_edge_ask,2026-03-19 00:09:25.506883332+00:00,2026-03-19 00:09:25.756883332+00:00
2026-03-19 00:09:25.759395964+00:00,244,placed,ask,2202.9,0.11867909726163149,2026-03-19 00:09:26.009395964+00:00,47.391000000000005,2026-03-19 00:09:25.759395964+00:00,pending_new,,,
2026-03-19 00:09:25.858179094+00:00,243,cancelled,bid,2202.3,0.08132090273836853,2026-03-19 00:09:25.756883332+00:00,94.009,2026-03-19 00:09:25.506883332+00:00,cancelled,pressure_stop_bid,2026-03-19 00:09:25.608179094+00:00,2026-03-19 00:09:25.858179094+00:00
2026-03-19 00:09:27.038825858+00:00,244,cancel_requested,ask,2202.9,0.11867909726163149,2026-03-19 00:09:26.009395964+00:00,47.391000000000005,2026-03-19 00:09:25.759395964+00:00,pending_cancel,pressure_stop_ask,2026-03-19 00:09:27.038825858+00:00,2026-03-19 00:09:27.288825858+00:00
2026-03-19 00:09:27.038825858+00:00,245,placed,bid,2202.3,0.08132090273836853,2026-03-19 00:09:27.288825858+00:00,176.554,2026-03-19 00:09:27.038825858+00:00,pending_new,,,
2026-03-19 00:09:27.288825858+00:00,244,cancelled,ask,2202.9,0.11867909726163149,2026-03-19 00:09:26.009395964+00:00,47.391000000000005,2026-03-19 00:09:25.759395964+00:00,cancelled,pressure_stop_ask,2026-03-19 00:09:27.038825858+00:00,2026-03-19 00:09:27.288825858+00:00
2026-03-19 00:09:27.289336951+00:00,246,placed,ask,2203.2,0.11867909726163149,2026-03-19 00:09:27.539336951+00:00,58.165,2026-03-19 00:09:27.289336951+00:00,pending_new,,,
2026-03-19 00:09:27.804521310+00:00,246,cancel_requested,ask,2203.2,0.11867909726163149,2026-03-19 00:09:27.539336951+00:00,58.165,2026-03-19 00:09:27.289336951+00:00,pending_cancel,pressure_stop_ask,2026-03-19 00:09:27.804521310+00:00,2026-03-19 00:09:28.054521310+00:00
2026-03-19 00:09:27.956356623+00:00,245,cancel_requested,bid,2202.3,0.08132090273836853,2026-03-19 00:09:27.288825858+00:00,176.554,2026-03-19 00:09:27.038825858+00:00,pending_cancel,pressure_stop_bid,2026-03-19 00:09:27.956356623+00:00,2026-03-19 00:09:28.206356623+00:00
2026-03-19 00:09:28.054521310+00:00,246,cancelled,ask,2203.2,0.11867909726163149,2026-03-19 00:09:27.539336951+00:00,58.165,2026-03-19 00:09:27.289336951+00:00,cancelled,pressure_stop_ask,2026-03-19 00:09:27.804521310+00:00,2026-03-19 00:09:28.054521310+00:00
2026-03-19 00:09:28.103193542+00:00,247,placed,ask,2203.1,0.11867909726163149,2026-03-19 00:09:28.353193542+00:00,121.798,2026-03-19 00:09:28.103193542+00:00,pending_new,,,
2026-03-19 00:09:28.206356623+00:00,245,cancelled,bid,2202.3,0.08132090273836853,2026-03-19 00:09:27.288825858+00:00,176.554,2026-03-19 00:09:27.038825858+00:00,cancelled,pressure_stop_bid,2026-03-19 00:09:27.956356623+00:00,2026-03-19 00:09:28.206356623+00:00
2026-03-19 00:09:28.235117694+00:00,248,placed,bid,2202.4,0.08132090273836853,2026-03-19 00:09:28.485117694+00:00,111.314,2026-03-19 00:09:28.235117694+00:00,pending_new,,,
2026-03-19 00:09:28.314606666+00:00,248,cancel_requested,bid,2202.4,0.08132090273836853,2026-03-19 00:09:28.485117694+00:00,111.314,2026-03-19 00:09:28.235117694+00:00,pending_cancel,pressure_stop_bid,2026-03-19 00:09:28.314606666+00:00,2026-03-19 00:09:28.564606666+00:00
2026-03-19 00:09:28.564606666+00:00,248,cancelled,bid,2202.4,0.08132090273836853,2026-03-19 00:09:28.485117694+00:00,111.314,2026-03-19 00:09:28.235117694+00:00,cancelled,pressure_stop_bid,2026-03-19 00:09:28.314606666+00:00,2026-03-19 00:09:28.564606666+00:00
2026-03-19 00:09:33.721329863+00:00,247,cancel_requested,ask,2203.1,0.11867909726163149,2026-03-19 00:09:28.353193542+00:00,121.798,2026-03-19 00:09:28.103193542+00:00,pending_cancel,pressure_stop_ask,2026-03-19 00:09:33.721329863+00:00,2026-03-19 00:09:33.971329863+00:00
2026-03-19 00:09:33.721329863+00:00,249,placed,bid,2202.2,0.0807333790311616,2026-03-19 00:09:33.971329863+00:00,188.16699999999997,2026-03-19 00:09:33.721329863+00:00,pending_new,,,
2026-03-19 00:09:33.971329863+00:00,247,cancelled,ask,2203.1,0.11867909726163149,2026-03-19 00:09:28.353193542+00:00,121.798,2026-03-19 00:09:28.103193542+00:00,cancelled,pressure_stop_ask,2026-03-19 00:09:33.721329863+00:00,2026-03-19 00:09:33.971329863+00:00
2026-03-19 00:09:39.035955314+00:00,250,placed,ask,2202.9,0.1192666209688384,2026-03-19 00:09:39.285955314+00:00,126.417,2026-03-19 00:09:39.035955314+00:00,pending_new,,,
2026-03-19 00:09:39.540776116+00:00,250,cancel_requested,ask,2202.9,0.1192666209688384,2026-03-19 00:09:39.285955314+00:00,126.417,2026-03-19 00:09:39.035955314+00:00,pending_cancel,expected_edge_ask,2026-03-19 00:09:39.540776116+00:00,2026-03-19 00:09:39.790776116+00:00
2026-03-19 00:09:39.790776116+00:00,250,cancelled,ask,2202.9,0.1192666209688384,2026-03-19 00:09:39.285955314+00:00,126.417,2026-03-19 00:09:39.035955314+00:00,cancelled,expected_edge_ask,2026-03-19 00:09:39.540776116+00:00,2026-03-19 00:09:39.790776116+00:00
2026-03-19 00:09:39.840746534+00:00,251,placed,ask,2202.8,0.1192666209688384,2026-03-19 00:09:40.090746534+00:00,88.13600000000001,2026-03-19 00:09:39.840746534+00:00,pending_new,,,
2026-03-19 00:09:41.167313941+00:00,249,cancel_requested,bid,2202.2,0.0807333790311616,2026-03-19 00:09:33.971329863+00:00,188.16699999999997,2026-03-19 00:09:33.721329863+00:00,pending_cancel,pressure_stop_bid,2026-03-19 00:09:41.167313941+00:00,2026-03-19 00:09:41.417313941+00:00
2026-03-19 00:09:41.417313941+00:00,249,cancelled,bid,2202.2,0.0807333790311616,2026-03-19 00:09:33.971329863+00:00,188.16699999999997,2026-03-19 00:09:33.721329863+00:00,cancelled,pressure_stop_bid,2026-03-19 00:09:41.167313941+00:00,2026-03-19 00:09:41.417313941+00:00
2026-03-19 00:09:47.448887468+00:00,251,cancel_requested,ask,2202.8,0.1192666209688384,2026-03-19 00:09:40.090746534+00:00,88.13600000000001,2026-03-19 00:09:39.840746534+00:00,pending_cancel,expected_edge_ask,2026-03-19 00:09:47.448887468+00:00,2026-03-19 00:09:47.698887468+00:00
2026-03-19 00:09:47.448887468+00:00,252,placed,bid,2202.0,0.0807333790311616,2026-03-19 00:09:47.698887468+00:00,75.041,2026-03-19 00:09:47.448887468+00:00,pending_new,,,
2026-03-19 00:09:47.698887468+00:00,251,cancelled,ask,2202.8,0.1192666209688384,2026-03-19 00:09:40.090746534+00:00,88.13600000000001,2026-03-19 00:09:39.840746534+00:00,cancelled,expected_edge_ask,2026-03-19 00:09:47.448887468+00:00,2026-03-19 00:09:47.698887468+00:00
2026-03-19 00:09:47.702360024+00:00,253,placed,ask,2202.6,0.1192666209688384,2026-03-19 00:09:47.952360024+00:00,151.482,2026-03-19 00:09:47.702360024+00:00,pending_new,,,
2026-03-19 00:09:49.285565153+00:00,252,cancel_requested,bid,2202.0,0.0807333790311616,2026-03-19 00:09:47.698887468+00:00,75.041,2026-03-19 00:09:47.448887468+00:00,pending_cancel,pressure_stop_bid,2026-03-19 00:09:49.285565153+00:00,2026-03-19 00:09:49.535565153+00:00
2026-03-19 00:09:49.335871912+00:00,253,cancel_requested,ask,2202.6,0.1192666209688384,2026-03-19 00:09:47.952360024+00:00,151.482,2026-03-19 00:09:47.702360024+00:00,pending_cancel,expected_edge_ask,2026-03-19 00:09:49.335871912+00:00,2026-03-19 00:09:49.585871912+00:00
2026-03-19 00:09:49.535565153+00:00,252,cancelled,bid,2202.0,0.0807333790311616,2026-03-19 00:09:47.698887468+00:00,75.041,2026-03-19 00:09:47.448887468+00:00,cancelled,pressure_stop_bid,2026-03-19 00:09:49.285565153+00:00,2026-03-19 00:09:49.535565153+00:00
2026-03-19 00:09:49.536642737+00:00,254,placed,bid,2201.8,0.0807333790311616,2026-03-19 00:09:49.786642737+00:00,62.797999999999995,2026-03-19 00:09:49.536642737+00:00,pending_new,,,
2026-03-19 00:09:49.585871912+00:00,253,cancelled,ask,2202.6,0.1192666209688384,2026-03-19 00:09:47.952360024+00:00,151.482,2026-03-19 00:09:47.702360024+00:00,cancelled,expected_edge_ask,2026-03-19 00:09:49.335871912+00:00,2026-03-19 00:09:49.585871912+00:00
2026-03-19 00:09:49.638513652+00:00,255,placed,ask,2202.5,0.1192666209688384,2026-03-19 00:09:49.888513652+00:00,131.95,2026-03-19 00:09:49.638513652+00:00,pending_new,,,
2026-03-19 00:09:50.035763153+00:00,255,cancel_requested,ask,2202.5,0.1192666209688384,2026-03-19 00:09:49.888513652+00:00,131.95,2026-03-19 00:09:49.638513652+00:00,pending_cancel,expected_edge_ask,2026-03-19 00:09:50.035763153+00:00,2026-03-19 00:09:50.285763153+00:00
2026-03-19 00:09:50.035763153+00:00,254,resized,bid,2201.8,0.08058099892562785,2026-03-19 00:09:49.786642737+00:00,62.797999999999995,,,preserve_queue_priority,,
2026-03-19 00:09:50.285763153+00:00,255,cancelled,ask,2202.5,0.1192666209688384,2026-03-19 00:09:49.888513652+00:00,131.95,2026-03-19 00:09:49.638513652+00:00,cancelled,expected_edge_ask,2026-03-19 00:09:50.035763153+00:00,2026-03-19 00:09:50.285763153+00:00
2026-03-19 00:09:52.395706009+00:00,254,cancel_requested,bid,2201.8,0.08058099892562785,2026-03-19 00:09:49.786642737+00:00,62.797999999999995,2026-03-19 00:09:49.536642737+00:00,pending_cancel,pressure_stop_bid,2026-03-19 00:09:52.395706009+00:00,2026-03-19 00:09:52.645706009+00:00
2026-03-19 00:09:52.395706009+00:00,256,placed,ask,2202.5,0.11941900107437216,2026-03-19 00:09:52.645706009+00:00,78.836,2026-03-19 00:09:52.395706009+00:00,pending_new,,,
2026-03-19 00:09:52.645706009+00:00,254,cancelled,bid,2201.8,0.08058099892562785,2026-03-19 00:09:49.786642737+00:00,62.797999999999995,2026-03-19 00:09:49.536642737+00:00,cancelled,pressure_stop_bid,2026-03-19 00:09:52.395706009+00:00,2026-03-19 00:09:52.645706009+00:00
2026-03-19 00:09:52.854407446+00:00,256,cancel_requested,ask,2202.5,0.11941900107437216,2026-03-19 00:09:52.645706009+00:00,78.836,2026-03-19 00:09:52.395706009+00:00,pending_cancel,refresh_reprice,2026-03-19 00:09:52.854407446+00:00,2026-03-19 00:09:53.104407446+00:00
2026-03-19 00:09:53.104407446+00:00,256,cancelled,ask,2202.5,0.11941900107437216,2026-03-19 00:09:52.645706009+00:00,78.836,2026-03-19 00:09:52.395706009+00:00,cancelled,refresh_reprice,2026-03-19 00:09:52.854407446+00:00,2026-03-19 00:09:53.104407446+00:00
2026-03-19 00:09:53.106767665+00:00,257,placed,bid,2200.9,0.08058099892562785,2026-03-19 00:09:53.356767665+00:00,175.76,2026-03-19 00:09:53.106767665+00:00,pending_new,,,
2026-03-19 00:09:53.106767665+00:00,258,placed,ask,2202.2,0.11941900107437216,2026-03-19 00:09:53.356767665+00:00,160.56799999999998,2026-03-19 00:09:53.106767665+00:00,pending_new,,,
2026-03-19 00:09:53.358074249+00:00,258,cancel_requested,ask,2202.2,0.11941900107437216,2026-03-19 00:09:53.356767665+00:00,160.56799999999998,2026-03-19 00:09:53.106767665+00:00,pending_cancel,pressure_stop_ask,2026-03-19 00:09:53.358074249+00:00,2026-03-19 00:09:53.608074249+00:00
2026-03-19 00:09:53.608074249+00:00,258,cancelled,ask,2202.2,0.11941900107437216,2026-03-19 00:09:53.356767665+00:00,160.56799999999998,2026-03-19 00:09:53.106767665+00:00,cancelled,pressure_stop_ask,2026-03-19 00:09:53.358074249+00:00,2026-03-19 00:09:53.608074249+00:00
2026-03-19 00:09:53.823210036+00:00,257,cancel_requested,bid,2200.9,0.08058099892562785,2026-03-19 00:09:53.356767665+00:00,175.76,2026-03-19 00:09:53.106767665+00:00,pending_cancel,pressure_stop_bid,2026-03-19 00:09:53.823210036+00:00,2026-03-19 00:09:54.073210036+00:00
2026-03-19 00:09:53.823210036+00:00,259,placed,ask,2202.2,0.11941900107437216,2026-03-19 00:09:54.073210036+00:00,164.332,2026-03-19 00:09:53.823210036+00:00,pending_new,,,
2026-03-19 00:09:54.073210036+00:00,257,cancelled,bid,2200.9,0.08058099892562785,2026-03-19 00:09:53.356767665+00:00,175.76,2026-03-19 00:09:53.106767665+00:00,cancelled,pressure_stop_bid,2026-03-19 00:09:53.823210036+00:00,2026-03-19 00:09:54.073210036+00:00
2026-03-19 00:09:56.885620904+00:00,260,placed,bid,2200.7,0.08058099892562785,2026-03-19 00:09:57.135620904+00:00,206.625,2026-03-19 00:09:56.885620904+00:00,pending_new,,,
2026-03-19 00:09:58.667451984+00:00,259,cancel_requested,ask,2202.2,0.11941900107437216,2026-03-19 00:09:54.073210036+00:00,164.332,2026-03-19 00:09:53.823210036+00:00,pending_cancel,expected_edge_ask,2026-03-19 00:09:58.667451984+00:00,2026-03-19 00:09:58.917451984+00:00
2026-03-19 00:09:58.667451984+00:00,260,cancel_requested,bid,2200.7,0.08058099892562785,2026-03-19 00:09:57.135620904+00:00,206.625,2026-03-19 00:09:56.885620904+00:00,pending_cancel,refresh_reprice,2026-03-19 00:09:58.667451984+00:00,2026-03-19 00:09:58.917451984+00:00
2026-03-19 00:09:58.917451984+00:00,260,cancelled,bid,2200.7,0.08058099892562785,2026-03-19 00:09:57.135620904+00:00,206.625,2026-03-19 00:09:56.885620904+00:00,cancelled,refresh_reprice,2026-03-19 00:09:58.667451984+00:00,2026-03-19 00:09:58.917451984+00:00
2026-03-19 00:09:58.917451984+00:00,259,cancelled,ask,2202.2,0.11941900107437216,2026-03-19 00:09:54.073210036+00:00,164.332,2026-03-19 00:09:53.823210036+00:00,cancelled,expected_edge_ask,2026-03-19 00:09:58.667451984+00:00,2026-03-19 00:09:58.917451984+00:00
2026-03-19 00:09:58.935549154+00:00,261,placed,bid,2201.1,0.08058099892562785,2026-03-19 00:09:59.185549154+00:00,192.095,2026-03-19 00:09:58.935549154+00:00,pending_new,,,
2026-03-19 00:10:08.674617986+00:00,262,placed,ask,2201.6,0.11941900107437216,2026-03-19 00:10:08.924617986+00:00,114.356,2026-03-19 00:10:08.674617986+00:00,pending_new,,,
2026-03-19 00:10:08.721506168+00:00,261,cancel_requested,bid,2201.1,0.08058099892562785,2026-03-19 00:09:59.185549154+00:00,192.095,2026-03-19 00:09:58.935549154+00:00,pending_cancel,pressure_stop_bid,2026-03-19 00:10:08.721506168+00:00,2026-03-19 00:10:08.971506168+00:00
2026-03-19 00:10:08.971506168+00:00,261,cancelled,bid,2201.1,0.08058099892562785,2026-03-19 00:09:59.185549154+00:00,192.095,2026-03-19 00:09:58.935549154+00:00,cancelled,pressure_stop_bid,2026-03-19 00:10:08.721506168+00:00,2026-03-19 00:10:08.971506168+00:00
2026-03-19 00:10:08.980375299+00:00,262,cancel_requested,ask,2201.6,0.11941900107437216,2026-03-19 00:10:08.924617986+00:00,114.356,2026-03-19 00:10:08.674617986+00:00,pending_cancel,refresh_reprice,2026-03-19 00:10:08.980375299+00:00,2026-03-19 00:10:09.230375299+00:00
2026-03-19 00:10:09.031649951+00:00,263,placed,bid,2200.3,0.08058099892562785,2026-03-19 00:10:09.281649951+00:00,96.285,2026-03-19 00:10:09.031649951+00:00,pending_new,,,
2026-03-19 00:10:09.129872496+00:00,263,cancel_requested,bid,2200.3,0.08058099892562785,2026-03-19 00:10:09.281649951+00:00,96.285,2026-03-19 00:10:09.031649951+00:00,pending_cancel,pressure_stop_bid,2026-03-19 00:10:09.129872496+00:00,2026-03-19 00:10:09.379872496+00:00
2026-03-19 00:10:09.230375299+00:00,262,cancelled,ask,2201.6,0.11941900107437216,2026-03-19 00:10:08.924617986+00:00,114.356,2026-03-19 00:10:08.674617986+00:00,cancelled,refresh_reprice,2026-03-19 00:10:08.980375299+00:00,2026-03-19 00:10:09.230375299+00:00
2026-03-19 00:10:09.235566335+00:00,264,placed,ask,2201.0,0.11941900107437216,2026-03-19 00:10:09.485566335+00:00,54.092000000000006,2026-03-19 00:10:09.235566335+00:00,pending_new,,,
2026-03-19 00:10:09.379872496+00:00,263,cancelled,bid,2200.3,0.08058099892562785,2026-03-19 00:10:09.281649951+00:00,96.285,2026-03-19 00:10:09.031649951+00:00,cancelled,pressure_stop_bid,2026-03-19 00:10:09.129872496+00:00,2026-03-19 00:10:09.379872496+00:00
2026-03-19 00:10:09.745977585+00:00,265,placed,bid,2199.9,0.08058099892562785,2026-03-19 00:10:09.995977585+00:00,127.279,2026-03-19 00:10:09.745977585+00:00,pending_new,,,
2026-03-19 00:10:09.745977585+00:00,264,cancel_requested,ask,2201.0,0.11941900107437216,2026-03-19 00:10:09.485566335+00:00,54.092000000000006,2026-03-19 00:10:09.235566335+00:00,pending_cancel,refresh_reprice,2026-03-19 00:10:09.745977585+00:00,2026-03-19 00:10:09.995977585+00:00
2026-03-19 00:10:09.995977585+00:00,264,cancelled,ask,2201.0,0.11941900107437216,2026-03-19 00:10:09.485566335+00:00,54.092000000000006,2026-03-19 00:10:09.235566335+00:00,cancelled,refresh_reprice,2026-03-19 00:10:09.745977585+00:00,2026-03-19 00:10:09.995977585+00:00
2026-03-19 00:10:09.997254443+00:00,266,placed,ask,2200.5,0.11941900107437216,2026-03-19 00:10:10.247254443+00:00,41.135999999999996,2026-03-19 00:10:09.997254443+00:00,pending_new,,,
2026-03-19 00:10:10.175939332+00:00,265,cancel_requested,bid,2199.9,0.08058099892562785,2026-03-19 00:10:09.995977585+00:00,127.279,2026-03-19 00:10:09.745977585+00:00,pending_cancel,pressure_stop_bid,2026-03-19 00:10:10.175939332+00:00,2026-03-19 00:10:10.425939332+00:00
2026-03-19 00:10:10.425939332+00:00,265,cancelled,bid,2199.9,0.08058099892562785,2026-03-19 00:10:09.995977585+00:00,127.279,2026-03-19 00:10:09.745977585+00:00,cancelled,pressure_stop_bid,2026-03-19 00:10:10.175939332+00:00,2026-03-19 00:10:10.425939332+00:00
2026-03-19 00:10:10.614063205+00:00,266,cancel_requested,ask,2200.5,0.11941900107437216,2026-03-19 00:10:10.247254443+00:00,41.135999999999996,2026-03-19 00:10:09.997254443+00:00,pending_cancel,expected_edge_ask,2026-03-19 00:10:10.614063205+00:00,2026-03-19 00:10:10.864063205+00:00
2026-03-19 00:10:10.614063205+00:00,267,placed,bid,2199.8,0.08046682390916511,2026-03-19 00:10:10.864063205+00:00,120.51500000000001,2026-03-19 00:10:10.614063205+00:00,pending_new,,,
2026-03-19 00:10:10.864063205+00:00,266,cancelled,ask,2200.5,0.11941900107437216,2026-03-19 00:10:10.247254443+00:00,41.135999999999996,2026-03-19 00:10:09.997254443+00:00,cancelled,expected_edge_ask,2026-03-19 00:10:10.614063205+00:00,2026-03-19 00:10:10.864063205+00:00
2026-03-19 00:10:17.799165653+00:00,267,cancel_requested,bid,2199.8,0.08046682390916511,2026-03-19 00:10:10.864063205+00:00,120.51500000000001,2026-03-19 00:10:10.614063205+00:00,pending_cancel,refresh_reprice,2026-03-19 00:10:17.799165653+00:00,2026-03-19 00:10:18.049165653+00:00
2026-03-19 00:10:18.049165653+00:00,267,cancelled,bid,2199.8,0.08046682390916511,2026-03-19 00:10:10.864063205+00:00,120.51500000000001,2026-03-19 00:10:10.614063205+00:00,cancelled,refresh_reprice,2026-03-19 00:10:17.799165653+00:00,2026-03-19 00:10:18.049165653+00:00
2026-03-19 00:10:18.100852748+00:00,268,placed,bid,2200.2,0.08046682390916511,2026-03-19 00:10:18.350852748+00:00,138.482,2026-03-19 00:10:18.100852748+00:00,pending_new,,,
2026-03-19 00:10:18.523622283+00:00,268,cancel_requested,bid,2200.2,0.08046682390916511,2026-03-19 00:10:18.350852748+00:00,138.482,2026-03-19 00:10:18.100852748+00:00,pending_cancel,refresh_reprice,2026-03-19 00:10:18.523622283+00:00,2026-03-19 00:10:18.773622283+00:00
2026-03-19 00:10:18.773622283+00:00,268,cancelled,bid,2200.2,0.08046682390916511,2026-03-19 00:10:18.350852748+00:00,138.482,2026-03-19 00:10:18.100852748+00:00,cancelled,refresh_reprice,2026-03-19 00:10:18.523622283+00:00,2026-03-19 00:10:18.773622283+00:00
2026-03-19 00:10:18.776743659+00:00,269,placed,bid,2200.4,0.08046682390916511,2026-03-19 00:10:19.026743659+00:00,115.20800000000001,2026-03-19 00:10:18.776743659+00:00,pending_new,,,
2026-03-19 00:10:21.843615172+00:00,269,cancel_requested,bid,2200.4,0.08046682390916511,2026-03-19 00:10:19.026743659+00:00,115.20800000000001,2026-03-19 00:10:18.776743659+00:00,pending_cancel,refresh_reprice,2026-03-19 00:10:21.843615172+00:00,2026-03-19 00:10:22.093615172+00:00
2026-03-19 00:10:22.093615172+00:00,269,cancelled,bid,2200.4,0.08046682390916511,2026-03-19 00:10:19.026743659+00:00,115.20800000000001,2026-03-19 00:10:18.776743659+00:00,cancelled,refresh_reprice,2026-03-19 00:10:21.843615172+00:00,2026-03-19 00:10:22.093615172+00:00
2026-03-19 00:10:27.141177942+00:00,270,placed,bid,2198.1,0.08046682390916511,2026-03-19 00:10:27.391177942+00:00,166.124,2026-03-19 00:10:27.141177942+00:00,pending_new,,,
2026-03-19 00:10:27.250075610+00:00,270,cancel_requested,bid,2198.1,0.08046682390916511,2026-03-19 00:10:27.391177942+00:00,166.124,2026-03-19 00:10:27.141177942+00:00,pending_cancel,pressure_stop_bid,2026-03-19 00:10:27.250075610+00:00,2026-03-19 00:10:27.500075610+00:00
2026-03-19 00:10:27.250075610+00:00,271,placed,ask,2199.5,0.1195331760908349,2026-03-19 00:10:27.500075610+00:00,154.122,2026-03-19 00:10:27.250075610+00:00,pending_new,,,
2026-03-19 00:10:27.500075610+00:00,270,cancelled,bid,2198.1,0.08046682390916511,2026-03-19 00:10:27.391177942+00:00,166.124,2026-03-19 00:10:27.141177942+00:00,cancelled,pressure_stop_bid,2026-03-19 00:10:27.250075610+00:00,2026-03-19 00:10:27.500075610+00:00
2026-03-19 00:10:30.110551893+00:00,271,cancel_requested,ask,2199.5,0.1195331760908349,2026-03-19 00:10:27.500075610+00:00,154.122,2026-03-19 00:10:27.250075610+00:00,pending_cancel,expected_edge_ask,2026-03-19 00:10:30.110551893+00:00,2026-03-19 00:10:30.360551893+00:00
2026-03-19 00:10:30.110551893+00:00,272,placed,bid,2198.6,0.08010494628671637,2026-03-19 00:10:30.360551893+00:00,63.385,2026-03-19 00:10:30.110551893+00:00,pending_new,,,
2026-03-19 00:10:30.360551893+00:00,271,cancelled,ask,2199.5,0.1195331760908349,2026-03-19 00:10:27.500075610+00:00,154.122,2026-03-19 00:10:27.250075610+00:00,cancelled,expected_edge_ask,2026-03-19 00:10:30.110551893+00:00,2026-03-19 00:10:30.360551893+00:00
2026-03-19 00:10:30.361644729+00:00,273,placed,ask,2199.3,0.11989505371328364,2026-03-19 00:10:30.611644729+00:00,59.358000000000004,2026-03-19 00:10:30.361644729+00:00,pending_new,,,
2026-03-19 00:10:31.184563197+00:00,273,cancel_requested,ask,2199.3,0.11989505371328364,2026-03-19 00:10:30.611644729+00:00,59.358000000000004,2026-03-19 00:10:30.361644729+00:00,pending_cancel,pressure_stop_ask,2026-03-19 00:10:31.184563197+00:00,2026-03-19 00:10:31.434563197+00:00
2026-03-19 00:10:31.235508010+00:00,272,cancel_requested,bid,2198.6,0.08010494628671637,2026-03-19 00:10:30.360551893+00:00,63.385,2026-03-19 00:10:30.110551893+00:00,pending_cancel,pressure_stop_bid,2026-03-19 00:10:31.235508010+00:00,2026-03-19 00:10:31.485508010+00:00
2026-03-19 00:10:31.434563197+00:00,273,cancelled,ask,2199.3,0.11989505371328364,2026-03-19 00:10:30.611644729+00:00,59.358000000000004,2026-03-19 00:10:30.361644729+00:00,cancelled,pressure_stop_ask,2026-03-19 00:10:31.184563197+00:00,2026-03-19 00:10:31.434563197+00:00
2026-03-19 00:10:31.439609282+00:00,274,placed,ask,2198.1,0.11989505371328364,2026-03-19 00:10:31.689609282+00:00,59.713,2026-03-19 00:10:31.439609282+00:00,pending_new,,,
2026-03-19 00:10:31.485508010+00:00,272,cancelled,bid,2198.6,0.08010494628671637,2026-03-19 00:10:30.360551893+00:00,63.02799999999999,2026-03-19 00:10:30.110551893+00:00,cancelled,pressure_stop_bid,2026-03-19 00:10:31.235508010+00:00,2026-03-19 00:10:31.485508010+00:00
2026-03-19 00:10:31.490684185+00:00,274,cancel_requested,ask,2198.1,0.11989505371328364,2026-03-19 00:10:31.689609282+00:00,59.713,2026-03-19 00:10:31.439609282+00:00,pending_cancel,pressure_stop_ask,2026-03-19 00:10:31.490684185+00:00,2026-03-19 00:10:31.740684185+00:00
2026-03-19 00:10:31.490684185+00:00,275,placed,bid,2196.3,0.08010494628671637,2026-03-19 00:10:31.740684185+00:00,98.495,2026-03-19 00:10:31.490684185+00:00,pending_new,,,
2026-03-19 00:10:31.740684185+00:00,274,cancelled,ask,2198.1,0.11989505371328364,2026-03-19 00:10:31.689609282+00:00,59.713,2026-03-19 00:10:31.439609282+00:00,cancelled,pressure_stop_ask,2026-03-19 00:10:31.490684185+00:00,2026-03-19 00:10:31.740684185+00:00
2026-03-19 00:10:34.435701523+00:00,275,cancel_requested,bid,2196.3,0.08010494628671637,2026-03-19 00:10:31.740684185+00:00,98.495,2026-03-19 00:10:31.490684185+00:00,pending_cancel,refresh_reprice,2026-03-19 00:10:34.435701523+00:00,2026-03-19 00:10:34.685701523+00:00
2026-03-19 00:10:34.685701523+00:00,275,cancelled,bid,2196.3,0.08010494628671637,2026-03-19 00:10:31.740684185+00:00,98.495,2026-03-19 00:10:31.490684185+00:00,cancelled,refresh_reprice,2026-03-19 00:10:34.435701523+00:00,2026-03-19 00:10:34.685701523+00:00
2026-03-19 00:10:34.706280249+00:00,276,placed,bid,2197.1,0.08010494628671637,2026-03-19 00:10:34.956280249+00:00,127.268,2026-03-19 00:10:34.706280249+00:00,pending_new,,,
2026-03-19 00:10:37.412163646+00:00,276,cancel_requested,bid,2197.1,0.08010494628671637,2026-03-19 00:10:34.956280249+00:00,127.268,2026-03-19 00:10:34.706280249+00:00,pending_cancel,pressure_stop_bid,2026-03-19 00:10:37.412163646+00:00,2026-03-19 00:10:37.662163646+00:00
2026-03-19 00:10:37.412163646+00:00,277,placed,ask,2198.0,0.11989505371328364,2026-03-19 00:10:37.662163646+00:00,108.658,2026-03-19 00:10:37.412163646+00:00,pending_new,,,
2026-03-19 00:10:37.662163646+00:00,276,cancelled,bid,2197.1,0.08010494628671637,2026-03-19 00:10:34.956280249+00:00,127.268,2026-03-19 00:10:34.706280249+00:00,cancelled,pressure_stop_bid,2026-03-19 00:10:37.412163646+00:00,2026-03-19 00:10:37.662163646+00:00
2026-03-19 00:10:41.648744738+00:00,278,placed,bid,2196.1,0.08010494628671637,2026-03-19 00:10:41.898744738+00:00,148.80100000000002,2026-03-19 00:10:41.648744738+00:00,pending_new,,,
2026-03-19 00:10:41.682229661+00:00,278,cancel_requested,bid,2196.1,0.08010494628671637,2026-03-19 00:10:41.898744738+00:00,148.80100000000002,2026-03-19 00:10:41.648744738+00:00,pending_cancel,pressure_stop_bid,2026-03-19 00:10:41.682229661+00:00,2026-03-19 00:10:41.932229661+00:00
2026-03-19 00:10:41.932229661+00:00,278,cancelled,bid,2196.1,0.08010494628671637,2026-03-19 00:10:41.898744738+00:00,148.80100000000002,2026-03-19 00:10:41.648744738+00:00,cancelled,pressure_stop_bid,2026-03-19 00:10:41.682229661+00:00,2026-03-19 00:10:41.932229661+00:00
2026-03-19 00:10:43.332907128+00:00,279,placed,bid,2195.8,0.08010494628671637,2026-03-19 00:10:43.582907128+00:00,138.44899999999998,2026-03-19 00:10:43.332907128+00:00,pending_new,,,
2026-03-19 00:10:43.380210334+00:00,279,cancel_requested,bid,2195.8,0.08010494628671637,2026-03-19 00:10:43.582907128+00:00,138.44899999999998,2026-03-19 00:10:43.332907128+00:00,pending_cancel,pressure_stop_bid,2026-03-19 00:10:43.380210334+00:00,2026-03-19 00:10:43.630210334+00:00
2026-03-19 00:10:43.630210334+00:00,279,cancelled,bid,2195.8,0.08010494628671637,2026-03-19 00:10:43.582907128+00:00,138.44899999999998,2026-03-19 00:10:43.332907128+00:00,cancelled,pressure_stop_bid,2026-03-19 00:10:43.380210334+00:00,2026-03-19 00:10:43.630210334+00:00
2026-03-19 00:10:47.412163646+00:00,277,cancel_requested,ask,2198.0,0.11989505371328364,2026-03-19 00:10:37.662163646+00:00,108.658,2026-03-19 00:10:37.412163646+00:00,pending_cancel,quote_age_expired,2026-03-19 00:10:47.412163646+00:00,2026-03-19 00:10:47.662163646+00:00
2026-03-19 00:10:47.662163646+00:00,277,cancelled,ask,2198.0,0.11989505371328364,2026-03-19 00:10:37.662163646+00:00,108.658,2026-03-19 00:10:37.412163646+00:00,cancelled,quote_age_expired,2026-03-19 00:10:47.412163646+00:00,2026-03-19 00:10:47.662163646+00:00
2026-03-19 00:10:47.672314189+00:00,280,placed,ask,2197.8,0.11989505371328364,2026-03-19 00:10:47.922314189+00:00,258.49,2026-03-19 00:10:47.672314189+00:00,pending_new,,,
2026-03-19 00:10:48.439374460+00:00,280,cancel_requested,ask,2197.8,0.11989505371328364,2026-03-19 00:10:47.922314189+00:00,258.49,2026-03-19 00:10:47.672314189+00:00,pending_cancel,refresh_reprice,2026-03-19 00:10:48.439374460+00:00,2026-03-19 00:10:48.689374460+00:00
2026-03-19 00:10:48.689374460+00:00,280,cancelled,ask,2197.8,0.11989505371328364,2026-03-19 00:10:47.922314189+00:00,258.49,2026-03-19 00:10:47.672314189+00:00,cancelled,refresh_reprice,2026-03-19 00:10:48.439374460+00:00,2026-03-19 00:10:48.689374460+00:00
2026-03-19 00:10:58.767858247+00:00,281,placed,bid,2195.0,0.08017264871355143,2026-03-19 00:10:59.017858247+00:00,140.72,2026-03-19 00:10:58.767858247+00:00,pending_new,,,
2026-03-19 00:10:58.767858247+00:00,282,placed,ask,2196.3,0.1198273512864486,2026-03-19 00:10:59.017858247+00:00,213.14600000000002,2026-03-19 00:10:58.767858247+00:00,pending_new,,,
2026-03-19 00:11:00.586417325+00:00,282,cancel_requested,ask,2196.3,0.1198273512864486,2026-03-19 00:10:59.017858247+00:00,213.14600000000002,2026-03-19 00:10:58.767858247+00:00,pending_cancel,pressure_stop_ask,2026-03-19 00:11:00.586417325+00:00,2026-03-19 00:11:00.836417325+00:00
2026-03-19 00:11:00.836417325+00:00,282,cancelled,ask,2196.3,0.1198273512864486,2026-03-19 00:10:59.017858247+00:00,213.14600000000002,2026-03-19 00:10:58.767858247+00:00,cancelled,pressure_stop_ask,2026-03-19 00:11:00.586417325+00:00,2026-03-19 00:11:00.836417325+00:00
2026-03-19 00:11:01.599634989+00:00,281,cancel_requested,bid,2195.0,0.08017264871355143,2026-03-19 00:10:59.017858247+00:00,140.72,2026-03-19 00:10:58.767858247+00:00,pending_cancel,refresh_reprice,2026-03-19 00:11:01.599634989+00:00,2026-03-19 00:11:01.849634989+00:00
2026-03-19 00:11:01.708412695+00:00,283,placed,ask,2197.3,0.1198273512864486,2026-03-19 00:11:01.958412695+00:00,193.102,2026-03-19 00:11:01.708412695+00:00,pending_new,,,
2026-03-19 00:11:01.849634989+00:00,281,cancelled,bid,2195.0,0.08017264871355143,2026-03-19 00:10:59.017858247+00:00,140.72,2026-03-19 00:10:58.767858247+00:00,cancelled,refresh_reprice,2026-03-19 00:11:01.599634989+00:00,2026-03-19 00:11:01.849634989+00:00
2026-03-19 00:11:01.912566607+00:00,284,placed,bid,2194.9,0.08017264871355143,2026-03-19 00:11:02.162566607+00:00,228.998,2026-03-19 00:11:01.912566607+00:00,pending_new,,,
2026-03-19 00:11:03.032114105+00:00,284,cancel_requested,bid,2194.9,0.08017264871355143,2026-03-19 00:11:02.162566607+00:00,228.998,2026-03-19 00:11:01.912566607+00:00,pending_cancel,pressure_stop_bid,2026-03-19 00:11:03.032114105+00:00,2026-03-19 00:11:03.282114105+00:00
2026-03-19 00:11:03.032114105+00:00,283,cancel_requested,ask,2197.3,0.1198273512864486,2026-03-19 00:11:01.958412695+00:00,193.102,2026-03-19 00:11:01.708412695+00:00,pending_cancel,refresh_reprice,2026-03-19 00:11:03.032114105+00:00,2026-03-19 00:11:03.282114105+00:00
2026-03-19 00:11:03.282114105+00:00,284,cancelled,bid,2194.9,0.08017264871355143,2026-03-19 00:11:02.162566607+00:00,228.998,2026-03-19 00:11:01.912566607+00:00,cancelled,pressure_stop_bid,2026-03-19 00:11:03.032114105+00:00,2026-03-19 00:11:03.282114105+00:00
2026-03-19 00:11:03.282114105+00:00,283,cancelled,ask,2197.3,0.1198273512864486,2026-03-19 00:11:01.958412695+00:00,193.102,2026-03-19 00:11:01.708412695+00:00,cancelled,refresh_reprice,2026-03-19 00:11:03.032114105+00:00,2026-03-19 00:11:03.282114105+00:00
2026-03-19 00:11:03.309400601+00:00,285,placed,ask,2197.1,0.1198273512864486,2026-03-19 00:11:03.559400601+00:00,249.014,2026-03-19 00:11:03.309400601+00:00,pending_new,,,
2026-03-19 00:11:03.898079927+00:00,285,cancel_requested,ask,2197.1,0.1198273512864486,2026-03-19 00:11:03.559400601+00:00,249.014,2026-03-19 00:11:03.309400601+00:00,pending_cancel,refresh_reprice,2026-03-19 00:11:03.898079927+00:00,2026-03-19 00:11:04.148079927+00:00
2026-03-19 00:11:04.148079927+00:00,285,cancelled,ask,2197.1,0.1198273512864486,2026-03-19 00:11:03.559400601+00:00,249.014,2026-03-19 00:11:03.309400601+00:00,cancelled,refresh_reprice,2026-03-19 00:11:03.898079927+00:00,2026-03-19 00:11:04.148079927+00:00
2026-03-19 00:11:04.157026739+00:00,286,placed,ask,2196.6,0.1198273512864486,2026-03-19 00:11:04.407026739+00:00,284.64199999999994,2026-03-19 00:11:04.157026739+00:00,pending_new,,,
2026-03-19 00:11:06.710636702+00:00,286,cancel_requested,ask,2196.6,0.1198273512864486,2026-03-19 00:11:04.407026739+00:00,284.64199999999994,2026-03-19 00:11:04.157026739+00:00,pending_cancel,refresh_reprice,2026-03-19 00:11:06.710636702+00:00,2026-03-19 00:11:06.960636702+00:00
2026-03-19 00:11:06.960636702+00:00,286,cancelled,ask,2196.6,0.1198273512864486,2026-03-19 00:11:04.407026739+00:00,284.64199999999994,2026-03-19 00:11:04.157026739+00:00,cancelled,refresh_reprice,2026-03-19 00:11:06.710636702+00:00,2026-03-19 00:11:06.960636702+00:00
2026-03-19 00:11:06.964359180+00:00,287,placed,ask,2196.3,0.1198273512864486,2026-03-19 00:11:07.214359180+00:00,289.707,2026-03-19 00:11:06.964359180+00:00,pending_new,,,
2026-03-19 00:11:07.066144874+00:00,287,cancel_requested,ask,2196.3,0.1198273512864486,2026-03-19 00:11:07.214359180+00:00,289.707,2026-03-19 00:11:06.964359180+00:00,pending_cancel,refresh_reprice,2026-03-19 00:11:07.066144874+00:00,2026-03-19 00:11:07.316144874+00:00
2026-03-19 00:11:07.316144874+00:00,287,cancelled,ask,2196.3,0.1198273512864486,2026-03-19 00:11:07.214359180+00:00,289.707,2026-03-19 00:11:06.964359180+00:00,cancelled,refresh_reprice,2026-03-19 00:11:07.066144874+00:00,2026-03-19 00:11:07.316144874+00:00
2026-03-19 00:11:07.340172435+00:00,288,placed,ask,2196.1,0.1198273512864486,2026-03-19 00:11:07.590172435+00:00,255.659,2026-03-19 00:11:07.340172435+00:00,pending_new,,,
2026-03-19 00:11:08.394240785+00:00,288,cancel_requested,ask,2196.1,0.1198273512864486,2026-03-19 00:11:07.590172435+00:00,255.659,2026-03-19 00:11:07.340172435+00:00,pending_cancel,pressure_stop_ask,2026-03-19 00:11:08.394240785+00:00,2026-03-19 00:11:08.644240785+00:00
2026-03-19 00:11:08.394240785+00:00,289,placed,bid,2193.8,0.08017264871355143,2026-03-19 00:11:08.644240785+00:00,179.672,2026-03-19 00:11:08.394240785+00:00,pending_new,,,
2026-03-19 00:11:08.644240785+00:00,288,cancelled,ask,2196.1,0.1198273512864486,2026-03-19 00:11:07.590172435+00:00,255.659,2026-03-19 00:11:07.340172435+00:00,cancelled,pressure_stop_ask,2026-03-19 00:11:08.394240785+00:00,2026-03-19 00:11:08.644240785+00:00
2026-03-19 00:11:08.648592956+00:00,290,placed,ask,2196.3,0.1198273512864486,2026-03-19 00:11:08.898592956+00:00,199.07299999999998,2026-03-19 00:11:08.648592956+00:00,pending_new,,,
2026-03-19 00:11:09.037634341+00:00,289,cancel_requested,bid,2193.8,0.08017264871355143,2026-03-19 00:11:08.644240785+00:00,179.672,2026-03-19 00:11:08.394240785+00:00,pending_cancel,refresh_reprice,2026-03-19 00:11:09.037634341+00:00,2026-03-19 00:11:09.287634341+00:00
2026-03-19 00:11:09.037634341+00:00,290,cancel_requested,ask,2196.3,0.1198273512864486,2026-03-19 00:11:08.898592956+00:00,199.07299999999998,2026-03-19 00:11:08.648592956+00:00,pending_cancel,refresh_reprice,2026-03-19 00:11:09.037634341+00:00,2026-03-19 00:11:09.287634341+00:00
2026-03-19 00:11:09.287634341+00:00,289,cancelled,bid,2193.8,0.08017264871355143,2026-03-19 00:11:08.644240785+00:00,179.672,2026-03-19 00:11:08.394240785+00:00,cancelled,refresh_reprice,2026-03-19 00:11:09.037634341+00:00,2026-03-19 00:11:09.287634341+00:00
2026-03-19 00:11:09.287634341+00:00,290,cancelled,ask,2196.3,0.1198273512864486,2026-03-19 00:11:08.898592956+00:00,199.07299999999998,2026-03-19 00:11:08.648592956+00:00,cancelled,refresh_reprice,2026-03-19 00:11:09.037634341+00:00,2026-03-19 00:11:09.287634341+00:00
2026-03-19 00:11:09.343140046+00:00,291,placed,bid,2194.7,0.08017264871355143,2026-03-19 00:11:09.593140046+00:00,151.09400000000002,2026-03-19 00:11:09.343140046+00:00,pending_new,,,
2026-03-19 00:11:09.343140046+00:00,292,placed,ask,2196.0,0.1198273512864486,2026-03-19 00:11:09.593140046+00:00,181.516,2026-03-19 00:11:09.343140046+00:00,pending_new,,,
2026-03-19 00:11:10.790271249+00:00,292,cancel_requested,ask,2196.0,0.1198273512864486,2026-03-19 00:11:09.593140046+00:00,181.516,2026-03-19 00:11:09.343140046+00:00,pending_cancel,pressure_stop_ask,2026-03-19 00:11:10.790271249+00:00,2026-03-19 00:11:11.040271249+00:00
2026-03-19 00:11:11.040271249+00:00,292,cancelled,ask,2196.0,0.1198273512864486,2026-03-19 00:11:09.593140046+00:00,181.516,2026-03-19 00:11:09.343140046+00:00,cancelled,pressure_stop_ask,2026-03-19 00:11:10.790271249+00:00,2026-03-19 00:11:11.040271249+00:00
2026-03-19 00:11:11.047561643+00:00,293,placed,ask,2196.0,0.11961136770654524,2026-03-19 00:11:11.297561643+00:00,142.296,2026-03-19 00:11:11.047561643+00:00,pending_new,,,
2026-03-19 00:11:13.546973219+00:00,293,cancel_requested,ask,2196.0,0.11961136770654524,2026-03-19 00:11:11.297561643+00:00,142.296,2026-03-19 00:11:11.047561643+00:00,pending_cancel,pressure_stop_ask,2026-03-19 00:11:13.546973219+00:00,2026-03-19 00:11:13.796973219+00:00
2026-03-19 00:11:13.796973219+00:00,293,cancelled,ask,2196.0,0.11961136770654524,2026-03-19 00:11:11.297561643+00:00,142.296,2026-03-19 00:11:11.047561643+00:00,cancelled,pressure_stop_ask,2026-03-19 00:11:13.546973219+00:00,2026-03-19 00:11:13.796973219+00:00
2026-03-19 00:11:15.235391817+00:00,291,cancel_requested,bid,2194.7,0.08017264871355143,2026-03-19 00:11:09.593140046+00:00,151.09400000000002,2026-03-19 00:11:09.343140046+00:00,pending_cancel,pressure_stop_bid,2026-03-19 00:11:15.235391817+00:00,2026-03-19 00:11:15.485391817+00:00
2026-03-19 00:11:15.235391817+00:00,294,placed,ask,2195.9,0.11961136770654524,2026-03-19 00:11:15.485391817+00:00,210.10799999999998,2026-03-19 00:11:15.235391817+00:00,pending_new,,,
2026-03-19 00:11:15.284551111+00:00,294,cancel_requested,ask,2195.9,0.11961136770654524,2026-03-19 00:11:15.485391817+00:00,210.10799999999998,2026-03-19 00:11:15.235391817+00:00,pending_cancel,refresh_reprice,2026-03-19 00:11:15.284551111+00:00,2026-03-19 00:11:15.534551111+00:00
2026-03-19 00:11:15.485391817+00:00,291,cancelled,bid,2194.7,0.08017264871355143,2026-03-19 00:11:09.593140046+00:00,151.09400000000002,2026-03-19 00:11:09.343140046+00:00,cancelled,pressure_stop_bid,2026-03-19 00:11:15.235391817+00:00,2026-03-19 00:11:15.485391817+00:00
2026-03-19 00:11:15.534551111+00:00,294,cancelled,ask,2195.9,0.11961136770654524,2026-03-19 00:11:15.485391817+00:00,210.10799999999998,2026-03-19 00:11:15.235391817+00:00,cancelled,refresh_reprice,2026-03-19 00:11:15.284551111+00:00,2026-03-19 00:11:15.534551111+00:00
2026-03-19 00:11:15.544241165+00:00,295,placed,ask,2195.7,0.11961136770654524,2026-03-19 00:11:15.794241165+00:00,230.58499999999998,2026-03-19 00:11:15.544241165+00:00,pending_new,,,
2026-03-19 00:11:16.051394457+00:00,296,placed,bid,2193.1,0.08038863229345478,2026-03-19 00:11:16.301394457+00:00,233.253,2026-03-19 00:11:16.051394457+00:00,pending_new,,,
2026-03-19 00:11:19.010483727+00:00,296,cancel_requested,bid,2193.1,0.08038863229345478,2026-03-19 00:11:16.301394457+00:00,233.253,2026-03-19 00:11:16.051394457+00:00,pending_cancel,pressure_stop_bid,2026-03-19 00:11:19.010483727+00:00,2026-03-19 00:11:19.260483727+00:00
2026-03-19 00:11:19.061628450+00:00,295,cancel_requested,ask,2195.7,0.11961136770654524,2026-03-19 00:11:15.794241165+00:00,230.58499999999998,2026-03-19 00:11:15.544241165+00:00,pending_cancel,refresh_reprice,2026-03-19 00:11:19.061628450+00:00,2026-03-19 00:11:19.311628450+00:00
2026-03-19 00:11:19.260483727+00:00,296,cancelled,bid,2193.1,0.08038863229345478,2026-03-19 00:11:16.301394457+00:00,233.253,2026-03-19 00:11:16.051394457+00:00,cancelled,pressure_stop_bid,2026-03-19 00:11:19.010483727+00:00,2026-03-19 00:11:19.260483727+00:00
2026-03-19 00:11:19.311628450+00:00,295,cancelled,ask,2195.7,0.11961136770654524,2026-03-19 00:11:15.794241165+00:00,230.58499999999998,2026-03-19 00:11:15.544241165+00:00,cancelled,refresh_reprice,2026-03-19 00:11:19.061628450+00:00,2026-03-19 00:11:19.311628450+00:00
2026-03-19 00:11:19.375183850+00:00,297,placed,ask,2195.3,0.11961136770654524,2026-03-19 00:11:19.625183850+00:00,276.444,2026-03-19 00:11:19.375183850+00:00,pending_new,,,
2026-03-19 00:11:22.987270457+00:00,297,cancel_requested,ask,2195.3,0.11961136770654524,2026-03-19 00:11:19.625183850+00:00,276.444,2026-03-19 00:11:19.375183850+00:00,pending_cancel,refresh_reprice,2026-03-19 00:11:22.987270457+00:00,2026-03-19 00:11:23.237270457+00:00
2026-03-19 00:11:23.041696475+00:00,298,placed,bid,2192.4,0.08038863229345478,2026-03-19 00:11:23.291696475+00:00,193.598,2026-03-19 00:11:23.041696475+00:00,pending_new,,,
2026-03-19 00:11:23.237270457+00:00,297,cancelled,ask,2195.3,0.11961136770654524,2026-03-19 00:11:19.625183850+00:00,276.444,2026-03-19 00:11:19.375183850+00:00,cancelled,refresh_reprice,2026-03-19 00:11:22.987270457+00:00,2026-03-19 00:11:23.237270457+00:00
2026-03-19 00:11:23.297304221+00:00,299,placed,ask,2195.1,0.11961136770654524,2026-03-19 00:11:23.547304221+00:00,278.007,2026-03-19 00:11:23.297304221+00:00,pending_new,,,
2026-03-19 00:11:23.997821844+00:00,299,cancel_requested,ask,2195.1,0.11961136770654524,2026-03-19 00:11:23.547304221+00:00,278.007,2026-03-19 00:11:23.297304221+00:00,pending_cancel,pressure_stop_ask,2026-03-19 00:11:23.997821844+00:00,2026-03-19 00:11:24.247821844+00:00
2026-03-19 00:11:23.997821844+00:00,298,cancel_requested,bid,2192.4,0.08038863229345478,2026-03-19 00:11:23.291696475+00:00,193.598,2026-03-19 00:11:23.041696475+00:00,pending_cancel,refresh_reprice,2026-03-19 00:11:23.997821844+00:00,2026-03-19 00:11:24.247821844+00:00
2026-03-19 00:11:24.247821844+00:00,298,cancelled,bid,2192.4,0.08038863229345478,2026-03-19 00:11:23.291696475+00:00,193.598,2026-03-19 00:11:23.041696475+00:00,cancelled,refresh_reprice,2026-03-19 00:11:23.997821844+00:00,2026-03-19 00:11:24.247821844+00:00
2026-03-19 00:11:24.247821844+00:00,299,cancelled,ask,2195.1,0.11961136770654524,2026-03-19 00:11:23.547304221+00:00,278.007,2026-03-19 00:11:23.297304221+00:00,cancelled,pressure_stop_ask,2026-03-19 00:11:23.997821844+00:00,2026-03-19 00:11:24.247821844+00:00
2026-03-19 00:11:24.263191523+00:00,300,placed,bid,2193.5,0.08038863229345478,2026-03-19 00:11:24.513191523+00:00,179.385,2026-03-19 00:11:24.263191523+00:00,pending_new,,,
2026-03-19 00:11:24.263191523+00:00,301,placed,ask,2194.8,0.11961136770654524,2026-03-19 00:11:24.513191523+00:00,192.534,2026-03-19 00:11:24.263191523+00:00,pending_new,,,
2026-03-19 00:11:24.572801025+00:00,300,cancel_requested,bid,2193.5,0.08038863229345478,2026-03-19 00:11:24.513191523+00:00,179.385,2026-03-19 00:11:24.263191523+00:00,pending_cancel,pressure_stop_bid,2026-03-19 00:11:24.572801025+00:00,2026-03-19 00:11:24.822801025+00:00
2026-03-19 00:11:24.822801025+00:00,300,cancelled,bid,2193.5,0.08038863229345478,2026-03-19 00:11:24.513191523+00:00,179.385,2026-03-19 00:11:24.263191523+00:00,cancelled,pressure_stop_bid,2026-03-19 00:11:24.572801025+00:00,2026-03-19 00:11:24.822801025+00:00
2026-03-19 00:11:24.881788583+00:00,302,placed,bid,2193.3,0.08038863229345478,2026-03-19 00:11:25.131788583+00:00,144.257,2026-03-19 00:11:24.881788583+00:00,pending_new,,,
2026-03-19 00:11:24.979239648+00:00,301,cancel_requested,ask,2194.8,0.11961136770654524,2026-03-19 00:11:24.513191523+00:00,192.534,2026-03-19 00:11:24.263191523+00:00,pending_cancel,pressure_stop_ask,2026-03-19 00:11:24.979239648+00:00,2026-03-19 00:11:25.229239648+00:00
2026-03-19 00:11:25.229239648+00:00,301,cancelled,ask,2194.8,0.11961136770654524,2026-03-19 00:11:24.513191523+00:00,192.534,2026-03-19 00:11:24.263191523+00:00,cancelled,pressure_stop_ask,2026-03-19 00:11:24.979239648+00:00,2026-03-19 00:11:25.229239648+00:00
2026-03-19 00:11:25.235611376+00:00,303,placed,ask,2194.8,0.11961136770654524,2026-03-19 00:11:25.485611376+00:00,163.533,2026-03-19 00:11:25.235611376+00:00,pending_new,,,
2026-03-19 00:11:25.592461934+00:00,303,cancel_requested,ask,2194.8,0.11961136770654524,2026-03-19 00:11:25.485611376+00:00,163.533,2026-03-19 00:11:25.235611376+00:00,pending_cancel,pressure_stop_ask,2026-03-19 00:11:25.592461934+00:00,2026-03-19 00:11:25.842461934+00:00
2026-03-19 00:11:25.698649098+00:00,302,cancel_requested,bid,2193.3,0.08038863229345478,2026-03-19 00:11:25.131788583+00:00,144.257,2026-03-19 00:11:24.881788583+00:00,pending_cancel,refresh_reprice,2026-03-19 00:11:25.698649098+00:00,2026-03-19 00:11:25.948649098+00:00
2026-03-19 00:11:25.842461934+00:00,303,cancelled,ask,2194.8,0.11961136770654524,2026-03-19 00:11:25.485611376+00:00,163.533,2026-03-19 00:11:25.235611376+00:00,cancelled,pressure_stop_ask,2026-03-19 00:11:25.592461934+00:00,2026-03-19 00:11:25.842461934+00:00
2026-03-19 00:11:25.948649098+00:00,302,cancelled,bid,2193.3,0.08038863229345478,2026-03-19 00:11:25.131788583+00:00,144.257,2026-03-19 00:11:24.881788583+00:00,cancelled,refresh_reprice,2026-03-19 00:11:25.698649098+00:00,2026-03-19 00:11:25.948649098+00:00
2026-03-19 00:11:26.000112372+00:00,304,placed,bid,2193.9,0.08038863229345478,2026-03-19 00:11:26.250112372+00:00,183.414,2026-03-19 00:11:26.000112372+00:00,pending_new,,,
2026-03-19 00:11:26.463069793+00:00,304,cancel_requested,bid,2193.9,0.08038863229345478,2026-03-19 00:11:26.250112372+00:00,183.414,2026-03-19 00:11:26.000112372+00:00,pending_cancel,pressure_stop_bid,2026-03-19 00:11:26.463069793+00:00,2026-03-19 00:11:26.713069793+00:00
2026-03-19 00:11:26.463069793+00:00,305,placed,ask,2195.1,0.11961136770654524,2026-03-19 00:11:26.713069793+00:00,215.09499999999997,2026-03-19 00:11:26.463069793+00:00,pending_new,,,
2026-03-19 00:11:26.713069793+00:00,304,cancelled,bid,2193.9,0.08038863229345478,2026-03-19 00:11:26.250112372+00:00,183.414,2026-03-19 00:11:26.000112372+00:00,cancelled,pressure_stop_bid,2026-03-19 00:11:26.463069793+00:00,2026-03-19 00:11:26.713069793+00:00
2026-03-19 00:11:27.076699810+00:00,305,cancel_requested,ask,2195.1,0.11961136770654524,2026-03-19 00:11:26.713069793+00:00,215.09499999999997,2026-03-19 00:11:26.463069793+00:00,pending_cancel,pressure_stop_ask,2026-03-19 00:11:27.076699810+00:00,2026-03-19 00:11:27.326699810+00:00
2026-03-19 00:11:27.076699810+00:00,306,placed,bid,2193.9,0.08038863229345478,2026-03-19 00:11:27.326699810+00:00,146.45100000000002,2026-03-19 00:11:27.076699810+00:00,pending_new,,,
2026-03-19 00:11:27.326699810+00:00,305,cancelled,ask,2195.1,0.11961136770654524,2026-03-19 00:11:26.713069793+00:00,215.09499999999997,2026-03-19 00:11:26.463069793+00:00,cancelled,pressure_stop_ask,2026-03-19 00:11:27.076699810+00:00,2026-03-19 00:11:27.326699810+00:00
2026-03-19 00:11:28.045469566+00:00,306,cancel_requested,bid,2193.9,0.08038863229345478,2026-03-19 00:11:27.326699810+00:00,146.45100000000002,2026-03-19 00:11:27.076699810+00:00,pending_cancel,refresh_reprice,2026-03-19 00:11:28.045469566+00:00,2026-03-19 00:11:28.295469566+00:00
2026-03-19 00:11:28.045469566+00:00,307,placed,ask,2195.6,0.11961136770654524,2026-03-19 00:11:28.295469566+00:00,77.767,2026-03-19 00:11:28.045469566+00:00,pending_new,,,
2026-03-19 00:11:28.295469566+00:00,306,cancelled,bid,2193.9,0.08038863229345478,2026-03-19 00:11:27.326699810+00:00,146.45100000000002,2026-03-19 00:11:27.076699810+00:00,cancelled,refresh_reprice,2026-03-19 00:11:28.045469566+00:00,2026-03-19 00:11:28.295469566+00:00
2026-03-19 00:11:28.298155588+00:00,308,placed,bid,2194.3,0.08038863229345478,2026-03-19 00:11:28.548155588+00:00,177.47299999999998,2026-03-19 00:11:28.298155588+00:00,pending_new,,,
2026-03-19 00:11:29.116379539+00:00,307,cancel_requested,ask,2195.6,0.11961136770654524,2026-03-19 00:11:28.295469566+00:00,77.767,2026-03-19 00:11:28.045469566+00:00,pending_cancel,pressure_stop_ask,2026-03-19 00:11:29.116379539+00:00,2026-03-19 00:11:29.366379539+00:00
2026-03-19 00:11:29.216429395+00:00,308,cancel_requested,bid,2194.3,0.08038863229345478,2026-03-19 00:11:28.548155588+00:00,177.47299999999998,2026-03-19 00:11:28.298155588+00:00,pending_cancel,refresh_reprice,2026-03-19 00:11:29.216429395+00:00,2026-03-19 00:11:29.466429395+00:00
2026-03-19 00:11:29.366379539+00:00,307,cancelled,ask,2195.6,0.11961136770654524,2026-03-19 00:11:28.295469566+00:00,77.767,2026-03-19 00:11:28.045469566+00:00,cancelled,pressure_stop_ask,2026-03-19 00:11:29.116379539+00:00,2026-03-19 00:11:29.366379539+00:00
2026-03-19 00:11:29.370961069+00:00,309,placed,ask,2195.9,0.11961136770654524,2026-03-19 00:11:29.620961069+00:00,203.683,2026-03-19 00:11:29.370961069+00:00,pending_new,,,
2026-03-19 00:11:29.419724102+00:00,309,cancel_requested,ask,2195.9,0.11961136770654524,2026-03-19 00:11:29.620961069+00:00,203.683,2026-03-19 00:11:29.370961069+00:00,pending_cancel,pressure_stop_ask,2026-03-19 00:11:29.419724102+00:00,2026-03-19 00:11:29.669724102+00:00
2026-03-19 00:11:29.466429395+00:00,308,cancelled,bid,2194.3,0.08038863229345478,2026-03-19 00:11:28.548155588+00:00,177.47299999999998,2026-03-19 00:11:28.298155588+00:00,cancelled,refresh_reprice,2026-03-19 00:11:29.216429395+00:00,2026-03-19 00:11:29.466429395+00:00
2026-03-19 00:11:29.474498852+00:00,310,placed,bid,2194.6,0.08038863229345478,2026-03-19 00:11:29.724498852+00:00,168.02100000000002,2026-03-19 00:11:29.474498852+00:00,pending_new,,,
2026-03-19 00:11:29.669724102+00:00,309,cancelled,ask,2195.9,0.11961136770654524,2026-03-19 00:11:29.620961069+00:00,203.683,2026-03-19 00:11:29.370961069+00:00,cancelled,pressure_stop_ask,2026-03-19 00:11:29.419724102+00:00,2026-03-19 00:11:29.669724102+00:00
2026-03-19 00:11:29.717417669+00:00,311,placed,ask,2195.9,0.11961136770654524,2026-03-19 00:11:29.967417669+00:00,181.334,2026-03-19 00:11:29.717417669+00:00,pending_new,,,
2026-03-19 00:11:30.465569280+00:00,311,cancel_requested,ask,2195.9,0.11961136770654524,2026-03-19 00:11:29.967417669+00:00,181.334,2026-03-19 00:11:29.717417669+00:00,pending_cancel,pressure_stop_ask,2026-03-19 00:11:30.465569280+00:00,2026-03-19 00:11:30.715569280+00:00
2026-03-19 00:11:30.715569280+00:00,311,cancelled,ask,2195.9,0.11961136770654524,2026-03-19 00:11:29.967417669+00:00,181.334,2026-03-19 00:11:29.717417669+00:00,cancelled,pressure_stop_ask,2026-03-19 00:11:30.465569280+00:00,2026-03-19 00:11:30.715569280+00:00
2026-03-19 00:11:31.822624006+00:00,310,cancel_requested,bid,2194.6,0.08038863229345478,2026-03-19 00:11:29.724498852+00:00,168.02100000000002,2026-03-19 00:11:29.474498852+00:00,pending_cancel,refresh_reprice,2026-03-19 00:11:31.822624006+00:00,2026-03-19 00:11:32.072624006+00:00
2026-03-19 00:11:31.822624006+00:00,312,placed,ask,2196.1,0.11941940662540614,2026-03-19 00:11:32.072624006+00:00,91.747,2026-03-19 00:11:31.822624006+00:00,pending_new,,,
2026-03-19 00:11:32.072624006+00:00,310,cancelled,bid,2194.6,0.08038863229345478,2026-03-19 00:11:29.724498852+00:00,168.02100000000002,2026-03-19 00:11:29.474498852+00:00,cancelled,refresh_reprice,2026-03-19 00:11:31.822624006+00:00,2026-03-19 00:11:32.072624006+00:00
2026-03-19 00:11:32.124163611+00:00,313,placed,bid,2194.9,0.08058059337459389,2026-03-19 00:11:32.374163611+00:00,122.966,2026-03-19 00:11:32.124163611+00:00,pending_new,,,
2026-03-19 00:11:33.099043855+00:00,312,cancel_requested,ask,2196.1,0.11941940662540614,2026-03-19 00:11:32.072624006+00:00,91.747,2026-03-19 00:11:31.822624006+00:00,pending_cancel,pressure_stop_ask,2026-03-19 00:11:33.099043855+00:00,2026-03-19 00:11:33.349043855+00:00
2026-03-19 00:11:33.349043855+00:00,312,cancelled,ask,2196.1,0.11941940662540614,2026-03-19 00:11:32.072624006+00:00,91.747,2026-03-19 00:11:31.822624006+00:00,cancelled,pressure_stop_ask,2026-03-19 00:11:33.099043855+00:00,2026-03-19 00:11:33.349043855+00:00
2026-03-19 00:11:33.352336660+00:00,314,placed,ask,2196.1,0.11941940662540614,2026-03-19 00:11:33.602336660+00:00,171.835,2026-03-19 00:11:33.352336660+00:00,pending_new,,,
2026-03-19 00:11:33.705061688+00:00,314,cancel_requested,ask,2196.1,0.11941940662540614,2026-03-19 00:11:33.602336660+00:00,171.835,2026-03-19 00:11:33.352336660+00:00,pending_cancel,pressure_stop_ask,2026-03-19 00:11:33.705061688+00:00,2026-03-19 00:11:33.955061688+00:00
2026-03-19 00:11:33.955061688+00:00,314,cancelled,ask,2196.1,0.11941940662540614,2026-03-19 00:11:33.602336660+00:00,171.835,2026-03-19 00:11:33.352336660+00:00,cancelled,pressure_stop_ask,2026-03-19 00:11:33.705061688+00:00,2026-03-19 00:11:33.955061688+00:00
2026-03-19 00:11:34.013073503+00:00,315,placed,ask,2196.1,0.11941940662540614,2026-03-19 00:11:34.263073503+00:00,191.64899999999997,2026-03-19 00:11:34.013073503+00:00,pending_new,,,
2026-03-19 00:11:34.708828305+00:00,315,cancel_requested,ask,2196.1,0.11941940662540614,2026-03-19 00:11:34.263073503+00:00,191.64899999999997,2026-03-19 00:11:34.013073503+00:00,pending_cancel,pressure_stop_ask,2026-03-19 00:11:34.708828305+00:00,2026-03-19 00:11:34.958828305+00:00
2026-03-19 00:11:34.958828305+00:00,315,cancelled,ask,2196.1,0.11941940662540614,2026-03-19 00:11:34.263073503+00:00,191.64899999999997,2026-03-19 00:11:34.013073503+00:00,cancelled,pressure_stop_ask,2026-03-19 00:11:34.708828305+00:00,2026-03-19 00:11:34.958828305+00:00
2026-03-19 00:11:35.394052998+00:00,316,placed,ask,2196.2,0.11941940662540614,2026-03-19 00:11:35.644052998+00:00,92.81299999999999,2026-03-19 00:11:35.394052998+00:00,pending_new,,,
2026-03-19 00:11:35.435723958+00:00,316,cancel_requested,ask,2196.2,0.11941940662540614,2026-03-19 00:11:35.644052998+00:00,92.81299999999999,2026-03-19 00:11:35.394052998+00:00,pending_cancel,pressure_stop_ask,2026-03-19 00:11:35.435723958+00:00,2026-03-19 00:11:35.685723958+00:00
2026-03-19 00:11:35.685723958+00:00,316,cancelled,ask,2196.2,0.11941940662540614,2026-03-19 00:11:35.644052998+00:00,92.81299999999999,2026-03-19 00:11:35.394052998+00:00,cancelled,pressure_stop_ask,2026-03-19 00:11:35.435723958+00:00,2026-03-19 00:11:35.685723958+00:00
2026-03-19 00:11:35.799053324+00:00,313,cancel_requested,bid,2194.9,0.08058059337459389,2026-03-19 00:11:32.374163611+00:00,122.966,2026-03-19 00:11:32.124163611+00:00,pending_cancel,refresh_reprice,2026-03-19 00:11:35.799053324+00:00,2026-03-19 00:11:36.049053324+00:00
2026-03-19 00:11:35.799053324+00:00,317,placed,ask,2196.5,0.11941940662540614,2026-03-19 00:11:36.049053324+00:00,131.976,2026-03-19 00:11:35.799053324+00:00,pending_new,,,
2026-03-19 00:11:36.049053324+00:00,313,cancelled,bid,2194.9,0.08058059337459389,2026-03-19 00:11:32.374163611+00:00,122.966,2026-03-19 00:11:32.124163611+00:00,cancelled,refresh_reprice,2026-03-19 00:11:35.799053324+00:00,2026-03-19 00:11:36.049053324+00:00
2026-03-19 00:11:36.135123996+00:00,318,placed,bid,2195.4,0.08058059337459389,2026-03-19 00:11:36.385123996+00:00,116.35300000000001,2026-03-19 00:11:36.135123996+00:00,pending_new,,,
2026-03-19 00:11:36.466320327+00:00,317,cancel_requested,ask,2196.5,0.11941940662540614,2026-03-19 00:11:36.049053324+00:00,131.976,2026-03-19 00:11:35.799053324+00:00,pending_cancel,pressure_stop_ask,2026-03-19 00:11:36.466320327+00:00,2026-03-19 00:11:36.716320327+00:00
2026-03-19 00:11:36.517689701+00:00,318,cancel_requested,bid,2195.4,0.08058059337459389,2026-03-19 00:11:36.385123996+00:00,116.35300000000001,2026-03-19 00:11:36.135123996+00:00,pending_cancel,refresh_reprice,2026-03-19 00:11:36.517689701+00:00,2026-03-19 00:11:36.767689701+00:00
2026-03-19 00:11:36.716320327+00:00,317,cancelled,ask,2196.5,0.11941940662540614,2026-03-19 00:11:36.049053324+00:00,115.529,2026-03-19 00:11:35.799053324+00:00,cancelled,pressure_stop_ask,2026-03-19 00:11:36.466320327+00:00,2026-03-19 00:11:36.716320327+00:00
2026-03-19 00:11:36.717816353+00:00,319,placed,ask,2197.0,0.11941940662540614,2026-03-19 00:11:36.967816353+00:00,159.807,2026-03-19 00:11:36.717816353+00:00,pending_new,,,
2026-03-19 00:11:36.767689701+00:00,318,cancelled,bid,2195.4,0.08058059337459389,2026-03-19 00:11:36.385123996+00:00,116.35300000000001,2026-03-19 00:11:36.135123996+00:00,cancelled,refresh_reprice,2026-03-19 00:11:36.517689701+00:00,2026-03-19 00:11:36.767689701+00:00
2026-03-19 00:11:36.772242321+00:00,320,placed,bid,2195.8,0.08058059337459389,2026-03-19 00:11:37.022242321+00:00,169.775,2026-03-19 00:11:36.772242321+00:00,pending_new,,,
2026-03-19 00:11:38.194952508+00:00,319,cancel_requested,ask,2197.0,0.11941940662540614,2026-03-19 00:11:36.967816353+00:00,159.807,2026-03-19 00:11:36.717816353+00:00,pending_cancel,pressure_stop_ask,2026-03-19 00:11:38.194952508+00:00,2026-03-19 00:11:38.444952508+00:00
2026-03-19 00:11:38.444952508+00:00,319,cancelled,ask,2197.0,0.11941940662540614,2026-03-19 00:11:36.967816353+00:00,159.807,2026-03-19 00:11:36.717816353+00:00,cancelled,pressure_stop_ask,2026-03-19 00:11:38.194952508+00:00,2026-03-19 00:11:38.444952508+00:00
2026-03-19 00:11:41.620193343+00:00,321,placed,ask,2197.2,0.11941940662540614,2026-03-19 00:11:41.870193343+00:00,202.614,2026-03-19 00:11:41.620193343+00:00,pending_new,,,
2026-03-19 00:11:41.720505040+00:00,321,cancel_requested,ask,2197.2,0.11941940662540614,2026-03-19 00:11:41.870193343+00:00,202.614,2026-03-19 00:11:41.620193343+00:00,pending_cancel,pressure_stop_ask,2026-03-19 00:11:41.720505040+00:00,2026-03-19 00:11:41.970505040+00:00
2026-03-19 00:11:41.720505040+00:00,320,cancel_requested,bid,2195.8,0.08058059337459389,2026-03-19 00:11:37.022242321+00:00,169.775,2026-03-19 00:11:36.772242321+00:00,pending_cancel,refresh_reprice,2026-03-19 00:11:41.720505040+00:00,2026-03-19 00:11:41.970505040+00:00
2026-03-19 00:11:41.970505040+00:00,320,cancelled,bid,2195.8,0.08058059337459389,2026-03-19 00:11:37.022242321+00:00,169.775,2026-03-19 00:11:36.772242321+00:00,cancelled,refresh_reprice,2026-03-19 00:11:41.720505040+00:00,2026-03-19 00:11:41.970505040+00:00
2026-03-19 00:11:41.970505040+00:00,321,cancelled,ask,2197.2,0.11941940662540614,2026-03-19 00:11:41.870193343+00:00,202.614,2026-03-19 00:11:41.620193343+00:00,cancelled,pressure_stop_ask,2026-03-19 00:11:41.720505040+00:00,2026-03-19 00:11:41.970505040+00:00
2026-03-19 00:11:41.979039568+00:00,322,placed,bid,2196.1,0.08058059337459389,2026-03-19 00:11:42.229039568+00:00,158.26000000000002,2026-03-19 00:11:41.979039568+00:00,pending_new,,,
2026-03-19 00:11:44.632910637+00:00,322,cancel_requested,bid,2196.1,0.08058059337459389,2026-03-19 00:11:42.229039568+00:00,158.26000000000002,2026-03-19 00:11:41.979039568+00:00,pending_cancel,pressure_stop_bid,2026-03-19 00:11:44.632910637+00:00,2026-03-19 00:11:44.882910637+00:00
2026-03-19 00:11:44.632910637+00:00,323,placed,ask,2197.0,0.11941940662540614,2026-03-19 00:11:44.882910637+00:00,110.348,2026-03-19 00:11:44.632910637+00:00,pending_new,,,
2026-03-19 00:11:44.882910637+00:00,322,cancelled,bid,2196.1,0.08058059337459389,2026-03-19 00:11:42.229039568+00:00,158.26000000000002,2026-03-19 00:11:41.979039568+00:00,cancelled,pressure_stop_bid,2026-03-19 00:11:44.632910637+00:00,2026-03-19 00:11:44.882910637+00:00
2026-03-19 00:11:44.937834811+00:00,324,placed,bid,2195.6,0.08058059337459389,2026-03-19 00:11:45.187834811+00:00,152.628,2026-03-19 00:11:44.937834811+00:00,pending_new,,,
2026-03-19 00:11:45.193759861+00:00,323,cancel_requested,ask,2197.0,0.11941940662540614,2026-03-19 00:11:44.882910637+00:00,110.348,2026-03-19 00:11:44.632910637+00:00,pending_cancel,pressure_stop_ask,2026-03-19 00:11:45.193759861+00:00,2026-03-19 00:11:45.443759861+00:00
2026-03-19 00:11:45.193759861+00:00,324,cancel_requested,bid,2195.6,0.08058059337459389,2026-03-19 00:11:45.187834811+00:00,152.628,2026-03-19 00:11:44.937834811+00:00,pending_cancel,refresh_reprice,2026-03-19 00:11:45.193759861+00:00,2026-03-19 00:11:45.443759861+00:00
2026-03-19 00:11:45.443759861+00:00,324,cancelled,bid,2195.6,0.08058059337459389,2026-03-19 00:11:45.187834811+00:00,152.628,2026-03-19 00:11:44.937834811+00:00,cancelled,refresh_reprice,2026-03-19 00:11:45.193759861+00:00,2026-03-19 00:11:45.443759861+00:00
2026-03-19 00:11:45.443759861+00:00,323,cancelled,ask,2197.0,0.11941940662540614,2026-03-19 00:11:44.882910637+00:00,110.348,2026-03-19 00:11:44.632910637+00:00,cancelled,pressure_stop_ask,2026-03-19 00:11:45.193759861+00:00,2026-03-19 00:11:45.443759861+00:00
2026-03-19 00:11:45.454306352+00:00,325,placed,bid,2195.8,0.08058059337459389,2026-03-19 00:11:45.704306352+00:00,158.064,2026-03-19 00:11:45.454306352+00:00,pending_new,,,
2026-03-19 00:11:51+00:00,325,cancel_requested,bid,2195.8,0.08058059337459389,2026-03-19 00:11:45.704306352+00:00,158.064,2026-03-19 00:11:45.454306352+00:00,pending_cancel,refresh_reprice,2026-03-19 00:11:51+00:00,2026-03-19 00:11:51.250000+00:00
2026-03-19 00:11:51.250000+00:00,325,cancelled,bid,2195.8,0.08058059337459389,2026-03-19 00:11:45.704306352+00:00,158.064,2026-03-19 00:11:45.454306352+00:00,cancelled,refresh_reprice,2026-03-19 00:11:51+00:00,2026-03-19 00:11:51.250000+00:00
2026-03-19 00:11:51.314987681+00:00,326,placed,bid,2196.1,0.08150129976647282,2026-03-19 00:11:51.564987681+00:00,168.58700000000002,2026-03-19 00:11:51.314987681+00:00,pending_new,,,
2026-03-19 00:11:53.413366972+00:00,326,cancel_requested,bid,2196.1,0.08150129976647282,2026-03-19 00:11:51.564987681+00:00,168.58700000000002,2026-03-19 00:11:51.314987681+00:00,pending_cancel,refresh_reprice,2026-03-19 00:11:53.413366972+00:00,2026-03-19 00:11:53.663366972+00:00
2026-03-19 00:11:53.413366972+00:00,327,placed,ask,2197.3,0.11849870023352718,2026-03-19 00:11:53.663366972+00:00,127.485,2026-03-19 00:11:53.413366972+00:00,pending_new,,,
2026-03-19 00:11:53.458224357+00:00,327,cancel_requested,ask,2197.3,0.11849870023352718,2026-03-19 00:11:53.663366972+00:00,127.485,2026-03-19 00:11:53.413366972+00:00,pending_cancel,pressure_stop_ask,2026-03-19 00:11:53.458224357+00:00,2026-03-19 00:11:53.708224357+00:00
2026-03-19 00:11:53.663366972+00:00,326,cancelled,bid,2196.1,0.08150129976647282,2026-03-19 00:11:51.564987681+00:00,168.58700000000002,2026-03-19 00:11:51.314987681+00:00,cancelled,refresh_reprice,2026-03-19 00:11:53.413366972+00:00,2026-03-19 00:11:53.663366972+00:00
2026-03-19 00:11:53.670182996+00:00,328,placed,bid,2196.3,0.08150129976647282,2026-03-19 00:11:53.920182996+00:00,155.515,2026-03-19 00:11:53.670182996+00:00,pending_new,,,
2026-03-19 00:11:53.708224357+00:00,327,cancelled,ask,2197.3,0.11849870023352718,2026-03-19 00:11:53.663366972+00:00,127.485,2026-03-19 00:11:53.413366972+00:00,cancelled,pressure_stop_ask,2026-03-19 00:11:53.458224357+00:00,2026-03-19 00:11:53.708224357+00:00
2026-03-19 00:11:55.559160621+00:00,328,cancel_requested,bid,2196.3,0.08150129976647282,2026-03-19 00:11:53.920182996+00:00,155.515,2026-03-19 00:11:53.670182996+00:00,pending_cancel,refresh_reprice,2026-03-19 00:11:55.559160621+00:00,2026-03-19 00:11:55.809160621+00:00
2026-03-19 00:11:55.809160621+00:00,328,cancelled,bid,2196.3,0.08150129976647282,2026-03-19 00:11:53.920182996+00:00,155.515,2026-03-19 00:11:53.670182996+00:00,cancelled,refresh_reprice,2026-03-19 00:11:55.559160621+00:00,2026-03-19 00:11:55.809160621+00:00
2026-03-19 00:11:55.812202098+00:00,329,placed,bid,2196.7,0.08150129976647282,2026-03-19 00:11:56.062202098+00:00,130.808,2026-03-19 00:11:55.812202098+00:00,pending_new,,,
2026-03-19 00:11:55.812202098+00:00,330,placed,ask,2197.7,0.11849870023352718,2026-03-19 00:11:56.062202098+00:00,154.625,2026-03-19 00:11:55.812202098+00:00,pending_new,,,
2026-03-19 00:11:56.271480016+00:00,330,cancel_requested,ask,2197.7,0.11849870023352718,2026-03-19 00:11:56.062202098+00:00,154.625,2026-03-19 00:11:55.812202098+00:00,pending_cancel,pressure_stop_ask,2026-03-19 00:11:56.271480016+00:00,2026-03-19 00:11:56.521480016+00:00
2026-03-19 00:11:56.521480016+00:00,330,cancelled,ask,2197.7,0.11849870023352718,2026-03-19 00:11:56.062202098+00:00,154.625,2026-03-19 00:11:55.812202098+00:00,cancelled,pressure_stop_ask,2026-03-19 00:11:56.271480016+00:00,2026-03-19 00:11:56.521480016+00:00
2026-03-19 00:11:56.551922468+00:00,331,placed,ask,2197.7,0.11849870023352718,2026-03-19 00:11:56.801922468+00:00,154.642,2026-03-19 00:11:56.551922468+00:00,pending_new,,,
2026-03-19 00:11:56.936918768+00:00,331,cancel_requested,ask,2197.7,0.11849870023352718,2026-03-19 00:11:56.801922468+00:00,154.642,2026-03-19 00:11:56.551922468+00:00,pending_cancel,pressure_stop_ask,2026-03-19 00:11:56.936918768+00:00,2026-03-19 00:11:57.186918768+00:00
2026-03-19 00:11:57.186918768+00:00,331,cancelled,ask,2197.7,0.11849870023352718,2026-03-19 00:11:56.801922468+00:00,154.642,2026-03-19 00:11:56.551922468+00:00,cancelled,pressure_stop_ask,2026-03-19 00:11:56.936918768+00:00,2026-03-19 00:11:57.186918768+00:00
2026-03-19 00:11:57.448453937+00:00,329,cancel_requested,bid,2196.7,0.08150129976647282,2026-03-19 00:11:56.062202098+00:00,130.808,2026-03-19 00:11:55.812202098+00:00,pending_cancel,refresh_reprice,2026-03-19 00:11:57.448453937+00:00,2026-03-19 00:11:57.698453937+00:00
2026-03-19 00:11:57.448453937+00:00,332,placed,ask,2198.0,0.11849870023352718,2026-03-19 00:11:57.698453937+00:00,170.251,2026-03-19 00:11:57.448453937+00:00,pending_new,,,
2026-03-19 00:11:57.698453937+00:00,329,cancelled,bid,2196.7,0.08150129976647282,2026-03-19 00:11:56.062202098+00:00,130.808,2026-03-19 00:11:55.812202098+00:00,cancelled,refresh_reprice,2026-03-19 00:11:57.448453937+00:00,2026-03-19 00:11:57.698453937+00:00
2026-03-19 00:11:57.857665267+00:00,333,placed,bid,2197.1,0.08150129976647282,2026-03-19 00:11:58.107665267+00:00,135.52700000000002,2026-03-19 00:11:57.857665267+00:00,pending_new,,,
2026-03-19 00:11:58.110895005+00:00,333,cancel_requested,bid,2197.1,0.08150129976647282,2026-03-19 00:11:58.107665267+00:00,135.52700000000002,2026-03-19 00:11:57.857665267+00:00,pending_cancel,pressure_stop_bid,2026-03-19 00:11:58.110895005+00:00,2026-03-19 00:11:58.360895005+00:00
2026-03-19 00:11:58.360895005+00:00,333,cancelled,bid,2197.1,0.08150129976647282,2026-03-19 00:11:58.107665267+00:00,135.52700000000002,2026-03-19 00:11:57.857665267+00:00,cancelled,pressure_stop_bid,2026-03-19 00:11:58.110895005+00:00,2026-03-19 00:11:58.360895005+00:00
2026-03-19 00:12:00.614878551+00:00,332,cancel_requested,ask,2198.0,0.11849870023352718,2026-03-19 00:11:57.698453937+00:00,170.251,2026-03-19 00:11:57.448453937+00:00,pending_cancel,pressure_stop_ask,2026-03-19 00:12:00.614878551+00:00,2026-03-19 00:12:00.864878551+00:00
2026-03-19 00:12:00.614878551+00:00,334,placed,bid,2197.0,0.08150129976647282,2026-03-19 00:12:00.864878551+00:00,172.928,2026-03-19 00:12:00.614878551+00:00,pending_new,,,
2026-03-19 00:12:00.864878551+00:00,332,cancelled,ask,2198.0,0.11849870023352718,2026-03-19 00:11:57.698453937+00:00,170.251,2026-03-19 00:11:57.448453937+00:00,cancelled,pressure_stop_ask,2026-03-19 00:12:00.614878551+00:00,2026-03-19 00:12:00.864878551+00:00
2026-03-19 00:12:00.869759182+00:00,334,cancel_requested,bid,2197.0,0.08150129976647282,2026-03-19 00:12:00.864878551+00:00,172.928,2026-03-19 00:12:00.614878551+00:00,pending_cancel,refresh_reprice,2026-03-19 00:12:00.869759182+00:00,2026-03-19 00:12:01.119759182+00:00
2026-03-19 00:12:00.869759182+00:00,335,placed,ask,2198.4,0.11849870023352718,2026-03-19 00:12:01.119759182+00:00,101.038,2026-03-19 00:12:00.869759182+00:00,pending_new,,,
2026-03-19 00:12:00.920930785+00:00,335,cancel_requested,ask,2198.4,0.11849870023352718,2026-03-19 00:12:01.119759182+00:00,101.038,2026-03-19 00:12:00.869759182+00:00,pending_cancel,pressure_stop_ask,2026-03-19 00:12:00.920930785+00:00,2026-03-19 00:12:01.170930785+00:00
2026-03-19 00:12:01.119759182+00:00,334,cancelled,bid,2197.0,0.08150129976647282,2026-03-19 00:12:00.864878551+00:00,172.928,2026-03-19 00:12:00.614878551+00:00,cancelled,refresh_reprice,2026-03-19 00:12:00.869759182+00:00,2026-03-19 00:12:01.119759182+00:00
2026-03-19 00:12:01.125140085+00:00,336,placed,bid,2197.4,0.08150129976647282,2026-03-19 00:12:01.375140085+00:00,159.117,2026-03-19 00:12:01.125140085+00:00,pending_new,,,
2026-03-19 00:12:01.170930785+00:00,335,cancelled,ask,2198.4,0.11849870023352718,2026-03-19 00:12:01.119759182+00:00,101.038,2026-03-19 00:12:00.869759182+00:00,cancelled,pressure_stop_ask,2026-03-19 00:12:00.920930785+00:00,2026-03-19 00:12:01.170930785+00:00
2026-03-19 00:12:02.096438029+00:00,336,cancel_requested,bid,2197.4,0.08150129976647282,2026-03-19 00:12:01.375140085+00:00,159.117,2026-03-19 00:12:01.125140085+00:00,pending_cancel,refresh_reprice,2026-03-19 00:12:02.096438029+00:00,2026-03-19 00:12:02.346438029+00:00
2026-03-19 00:12:02.096438029+00:00,337,placed,ask,2198.8,0.11849870023352718,2026-03-19 00:12:02.346438029+00:00,160.87099999999998,2026-03-19 00:12:02.096438029+00:00,pending_new,,,
2026-03-19 00:12:02.147122239+00:00,337,cancel_requested,ask,2198.8,0.11849870023352718,2026-03-19 00:12:02.346438029+00:00,160.87099999999998,2026-03-19 00:12:02.096438029+00:00,pending_cancel,pressure_stop_ask,2026-03-19 00:12:02.147122239+00:00,2026-03-19 00:12:02.397122239+00:00
2026-03-19 00:12:02.346438029+00:00,336,cancelled,bid,2197.4,0.08150129976647282,2026-03-19 00:12:01.375140085+00:00,159.117,2026-03-19 00:12:01.125140085+00:00,cancelled,refresh_reprice,2026-03-19 00:12:02.096438029+00:00,2026-03-19 00:12:02.346438029+00:00
2026-03-19 00:12:02.397122239+00:00,337,cancelled,ask,2198.8,0.11849870023352718,2026-03-19 00:12:02.346438029+00:00,160.87099999999998,2026-03-19 00:12:02.096438029+00:00,cancelled,pressure_stop_ask,2026-03-19 00:12:02.147122239+00:00,2026-03-19 00:12:02.397122239+00:00
2026-03-19 00:12:02.397486260+00:00,338,placed,bid,2197.8,0.08150129976647282,2026-03-19 00:12:02.647486260+00:00,153.069,2026-03-19 00:12:02.397486260+00:00,pending_new,,,
2026-03-19 00:12:03.983423961+00:00,339,placed,ask,2198.9,0.11849870023352718,2026-03-19 00:12:04.233423961+00:00,154.959,2026-03-19 00:12:03.983423961+00:00,pending_new,,,
2026-03-19 00:12:04.995744102+00:00,339,cancel_requested,ask,2198.9,0.11849870023352718,2026-03-19 00:12:04.233423961+00:00,154.959,2026-03-19 00:12:03.983423961+00:00,pending_cancel,pressure_stop_ask,2026-03-19 00:12:04.995744102+00:00,2026-03-19 00:12:05.245744102+00:00
2026-03-19 00:12:05.245744102+00:00,339,cancelled,ask,2198.9,0.11849870023352718,2026-03-19 00:12:04.233423961+00:00,154.959,2026-03-19 00:12:03.983423961+00:00,cancelled,pressure_stop_ask,2026-03-19 00:12:04.995744102+00:00,2026-03-19 00:12:05.245744102+00:00
2026-03-19 00:12:06.639215567+00:00,338,cancel_requested,bid,2197.8,0.08150129976647282,2026-03-19 00:12:02.647486260+00:00,153.069,2026-03-19 00:12:02.397486260+00:00,pending_cancel,refresh_reprice,2026-03-19 00:12:06.639215567+00:00,2026-03-19 00:12:06.889215567+00:00
2026-03-19 00:12:06.639215567+00:00,340,placed,ask,2199.2,0.11849870023352718,2026-03-19 00:12:06.889215567+00:00,136.892,2026-03-19 00:12:06.639215567+00:00,pending_new,,,
2026-03-19 00:12:06.689996758+00:00,340,cancel_requested,ask,2199.2,0.11849870023352718,2026-03-19 00:12:06.889215567+00:00,136.892,2026-03-19 00:12:06.639215567+00:00,pending_cancel,pressure_stop_ask,2026-03-19 00:12:06.689996758+00:00,2026-03-19 00:12:06.939996758+00:00
2026-03-19 00:12:06.889215567+00:00,338,cancelled,bid,2197.8,0.08150129976647282,2026-03-19 00:12:02.647486260+00:00,153.069,2026-03-19 00:12:02.397486260+00:00,cancelled,refresh_reprice,2026-03-19 00:12:06.639215567+00:00,2026-03-19 00:12:06.889215567+00:00
2026-03-19 00:12:06.894632630+00:00,341,placed,bid,2198.3,0.08150129976647282,2026-03-19 00:12:07.144632630+00:00,125.499,2026-03-19 00:12:06.894632630+00:00,pending_new,,,
2026-03-19 00:12:06.939996758+00:00,340,cancelled,ask,2199.2,0.11849870023352718,2026-03-19 00:12:06.889215567+00:00,136.892,2026-03-19 00:12:06.639215567+00:00,cancelled,pressure_stop_ask,2026-03-19 00:12:06.689996758+00:00,2026-03-19 00:12:06.939996758+00:00
2026-03-19 00:12:07.149077358+00:00,342,placed,ask,2199.4,0.11849870023352718,2026-03-19 00:12:07.399077358+00:00,84.69399999999999,2026-03-19 00:12:07.149077358+00:00,pending_new,,,
2026-03-19 00:12:07.669010976+00:00,342,cancel_requested,ask,2199.4,0.11849870023352718,2026-03-19 00:12:07.399077358+00:00,84.69399999999999,2026-03-19 00:12:07.149077358+00:00,pending_cancel,pressure_stop_ask,2026-03-19 00:12:07.669010976+00:00,2026-03-19 00:12:07.919010976+00:00
2026-03-19 00:12:07.919010976+00:00,342,cancelled,ask,2199.4,0.11849870023352718,2026-03-19 00:12:07.399077358+00:00,84.69399999999999,2026-03-19 00:12:07.149077358+00:00,cancelled,pressure_stop_ask,2026-03-19 00:12:07.669010976+00:00,2026-03-19 00:12:07.919010976+00:00
2026-03-19 00:12:09.190633276+00:00,341,cancel_requested,bid,2198.3,0.08150129976647282,2026-03-19 00:12:07.144632630+00:00,125.499,2026-03-19 00:12:06.894632630+00:00,pending_cancel,refresh_reprice,2026-03-19 00:12:09.190633276+00:00,2026-03-19 00:12:09.440633276+00:00
2026-03-19 00:12:09.190633276+00:00,343,placed,ask,2199.7,0.11849870023352718,2026-03-19 00:12:09.440633276+00:00,99.32900000000001,2026-03-19 00:12:09.190633276+00:00,pending_new,,,
2026-03-19 00:12:09.240477773+00:00,343,cancel_requested,ask,2199.7,0.11849870023352718,2026-03-19 00:12:09.440633276+00:00,99.32900000000001,2026-03-19 00:12:09.190633276+00:00,pending_cancel,pressure_stop_ask,2026-03-19 00:12:09.240477773+00:00,2026-03-19 00:12:09.490477773+00:00
2026-03-19 00:12:09.440633276+00:00,341,cancelled,bid,2198.3,0.08150129976647282,2026-03-19 00:12:07.144632630+00:00,125.499,2026-03-19 00:12:06.894632630+00:00,cancelled,refresh_reprice,2026-03-19 00:12:09.190633276+00:00,2026-03-19 00:12:09.440633276+00:00
2026-03-19 00:12:09.446530391+00:00,344,placed,bid,2198.8,0.08150129976647282,2026-03-19 00:12:09.696530391+00:00,148.21099999999998,2026-03-19 00:12:09.446530391+00:00,pending_new,,,
2026-03-19 00:12:09.490477773+00:00,343,cancelled,ask,2199.7,0.11849870023352718,2026-03-19 00:12:09.440633276+00:00,99.32900000000001,2026-03-19 00:12:09.190633276+00:00,cancelled,pressure_stop_ask,2026-03-19 00:12:09.240477773+00:00,2026-03-19 00:12:09.490477773+00:00
2026-03-19 00:12:13.322325772+00:00,344,cancel_requested,bid,2198.8,0.08150129976647282,2026-03-19 00:12:09.696530391+00:00,148.21099999999998,2026-03-19 00:12:09.446530391+00:00,pending_cancel,pressure_stop_bid,2026-03-19 00:12:13.322325772+00:00,2026-03-19 00:12:13.572325772+00:00
2026-03-19 00:12:13.322325772+00:00,345,placed,ask,2199.7,0.11726164687278116,2026-03-19 00:12:13.572325772+00:00,210.94299999999998,2026-03-19 00:12:13.322325772+00:00,pending_new,,,
2026-03-19 00:12:13.572325772+00:00,344,cancelled,bid,2198.8,0.08150129976647282,2026-03-19 00:12:09.696530391+00:00,148.21099999999998,2026-03-19 00:12:09.446530391+00:00,cancelled,pressure_stop_bid,2026-03-19 00:12:13.322325772+00:00,2026-03-19 00:12:13.572325772+00:00
2026-03-19 00:12:16.388661241+00:00,345,cancel_requested,ask,2199.7,0.11726164687278116,2026-03-19 00:12:13.572325772+00:00,210.94299999999998,2026-03-19 00:12:13.322325772+00:00,pending_cancel,refresh_reprice,2026-03-19 00:12:16.388661241+00:00,2026-03-19 00:12:16.638661241+00:00
2026-03-19 00:12:16.638661241+00:00,345,cancelled,ask,2199.7,0.11726164687278116,2026-03-19 00:12:13.572325772+00:00,210.94299999999998,2026-03-19 00:12:13.322325772+00:00,cancelled,refresh_reprice,2026-03-19 00:12:16.388661241+00:00,2026-03-19 00:12:16.638661241+00:00
2026-03-19 00:12:16.643463356+00:00,346,placed,ask,2199.1,0.11726164687278116,2026-03-19 00:12:16.893463356+00:00,147.26,2026-03-19 00:12:16.643463356+00:00,pending_new,,,
2026-03-19 00:12:17.969659077+00:00,346,cancel_requested,ask,2199.1,0.11726164687278116,2026-03-19 00:12:16.893463356+00:00,147.26,2026-03-19 00:12:16.643463356+00:00,pending_cancel,pressure_stop_ask,2026-03-19 00:12:17.969659077+00:00,2026-03-19 00:12:18.219659077+00:00
2026-03-19 00:12:17.969659077+00:00,347,placed,bid,2198.2,0.08273835312721886,2026-03-19 00:12:18.219659077+00:00,146.26399999999998,2026-03-19 00:12:17.969659077+00:00,pending_new,,,
2026-03-19 00:12:18.219659077+00:00,346,cancelled,ask,2199.1,0.11726164687278116,2026-03-19 00:12:16.893463356+00:00,147.26,2026-03-19 00:12:16.643463356+00:00,cancelled,pressure_stop_ask,2026-03-19 00:12:17.969659077+00:00,2026-03-19 00:12:18.219659077+00:00
2026-03-19 00:12:23.351880547+00:00,348,placed,ask,2199.2,0.11726164687278116,2026-03-19 00:12:23.601880547+00:00,152.202,2026-03-19 00:12:23.351880547+00:00,pending_new,,,
2026-03-19 00:12:25.058677197+00:00,347,cancel_requested,bid,2198.2,0.08273835312721886,2026-03-19 00:12:18.219659077+00:00,146.26399999999998,2026-03-19 00:12:17.969659077+00:00,pending_cancel,pressure_stop_bid,2026-03-19 00:12:25.058677197+00:00,2026-03-19 00:12:25.308677197+00:00
2026-03-19 00:12:25.308677197+00:00,347,cancelled,bid,2198.2,0.08273835312721886,2026-03-19 00:12:18.219659077+00:00,146.26399999999998,2026-03-19 00:12:17.969659077+00:00,cancelled,pressure_stop_bid,2026-03-19 00:12:25.058677197+00:00,2026-03-19 00:12:25.308677197+00:00
2026-03-19 00:12:30.722843686+00:00,348,cancel_requested,ask,2199.2,0.11726164687278116,2026-03-19 00:12:23.601880547+00:00,152.202,2026-03-19 00:12:23.351880547+00:00,pending_cancel,pressure_stop_ask,2026-03-19 00:12:30.722843686+00:00,2026-03-19 00:12:30.972843686+00:00
2026-03-19 00:12:30.722843686+00:00,349,placed,bid,2198.3,0.08273835312721886,2026-03-19 00:12:30.972843686+00:00,185.987,2026-03-19 00:12:30.722843686+00:00,pending_new,,,
2026-03-19 00:12:30.972843686+00:00,348,cancelled,ask,2199.2,0.11726164687278116,2026-03-19 00:12:23.601880547+00:00,152.202,2026-03-19 00:12:23.351880547+00:00,cancelled,pressure_stop_ask,2026-03-19 00:12:30.722843686+00:00,2026-03-19 00:12:30.972843686+00:00
2026-03-19 00:12:34.502396007+00:00,349,cancel_requested,bid,2198.3,0.08273835312721886,2026-03-19 00:12:30.972843686+00:00,185.987,2026-03-19 00:12:30.722843686+00:00,pending_cancel,pressure_stop_bid,2026-03-19 00:12:34.502396007+00:00,2026-03-19 00:12:34.752396007+00:00
2026-03-19 00:12:34.502396007+00:00,350,placed,ask,2199.2,0.11696214982664813,2026-03-19 00:12:34.752396007+00:00,154.737,2026-03-19 00:12:34.502396007+00:00,pending_new,,,
2026-03-19 00:12:34.752396007+00:00,349,cancelled,bid,2198.3,0.08273835312721886,2026-03-19 00:12:30.972843686+00:00,185.987,2026-03-19 00:12:30.722843686+00:00,cancelled,pressure_stop_bid,2026-03-19 00:12:34.502396007+00:00,2026-03-19 00:12:34.752396007+00:00
2026-03-19 00:12:40.372003934+00:00,350,cancel_requested,ask,2199.2,0.11696214982664813,2026-03-19 00:12:34.752396007+00:00,154.737,2026-03-19 00:12:34.502396007+00:00,pending_cancel,refresh_reprice,2026-03-19 00:12:40.372003934+00:00,2026-03-19 00:12:40.622003934+00:00
2026-03-19 00:12:40.622003934+00:00,350,cancelled,ask,2199.2,0.11696214982664813,2026-03-19 00:12:34.752396007+00:00,154.737,2026-03-19 00:12:34.502396007+00:00,cancelled,refresh_reprice,2026-03-19 00:12:40.372003934+00:00,2026-03-19 00:12:40.622003934+00:00
2026-03-19 00:12:40.679203328+00:00,351,placed,ask,2198.7,0.11696214982664813,2026-03-19 00:12:40.929203328+00:00,107.68700000000001,2026-03-19 00:12:40.679203328+00:00,pending_new,,,
2026-03-19 00:12:45.714355743+00:00,352,placed,bid,2198.0,0.08303785017335187,2026-03-19 00:12:45.964355743+00:00,103.054,2026-03-19 00:12:45.714355743+00:00,pending_new,,,
2026-03-19 00:12:46.038396604+00:00,351,cancel_requested,ask,2198.7,0.11696214982664813,2026-03-19 00:12:40.929203328+00:00,107.68700000000001,2026-03-19 00:12:40.679203328+00:00,pending_cancel,pressure_stop_ask,2026-03-19 00:12:46.038396604+00:00,2026-03-19 00:12:46.288396604+00:00
2026-03-19 00:12:46.288396604+00:00,351,cancelled,ask,2198.7,0.11696214982664813,2026-03-19 00:12:40.929203328+00:00,107.68700000000001,2026-03-19 00:12:40.679203328+00:00,cancelled,pressure_stop_ask,2026-03-19 00:12:46.038396604+00:00,2026-03-19 00:12:46.288396604+00:00
2026-03-19 00:12:47.318640682+00:00,352,cancel_requested,bid,2198.0,0.08303785017335187,2026-03-19 00:12:45.964355743+00:00,103.054,2026-03-19 00:12:45.714355743+00:00,pending_cancel,pressure_stop_bid,2026-03-19 00:12:47.318640682+00:00,2026-03-19 00:12:47.568640682+00:00
2026-03-19 00:12:47.318640682+00:00,353,placed,ask,2198.7,0.11696214982664813,2026-03-19 00:12:47.568640682+00:00,157.65800000000002,2026-03-19 00:12:47.318640682+00:00,pending_new,,,
2026-03-19 00:12:47.568640682+00:00,352,cancelled,bid,2198.0,0.08303785017335187,2026-03-19 00:12:45.964355743+00:00,103.054,2026-03-19 00:12:45.714355743+00:00,cancelled,pressure_stop_bid,2026-03-19 00:12:47.318640682+00:00,2026-03-19 00:12:47.568640682+00:00
2026-03-19 00:12:48.339691948+00:00,353,cancel_requested,ask,2198.7,0.11696214982664813,2026-03-19 00:12:47.568640682+00:00,157.65800000000002,2026-03-19 00:12:47.318640682+00:00,pending_cancel,refresh_reprice,2026-03-19 00:12:48.339691948+00:00,2026-03-19 00:12:48.589691948+00:00
2026-03-19 00:12:48.589691948+00:00,353,cancelled,ask,2198.7,0.11696214982664813,2026-03-19 00:12:47.568640682+00:00,157.65800000000002,2026-03-19 00:12:47.318640682+00:00,cancelled,refresh_reprice,2026-03-19 00:12:48.339691948+00:00,2026-03-19 00:12:48.589691948+00:00
2026-03-19 00:12:48.629567531+00:00,354,placed,ask,2198.1,0.11696214982664813,2026-03-19 00:12:48.879567531+00:00,114.94200000000001,2026-03-19 00:12:48.629567531+00:00,pending_new,,,
2026-03-19 00:12:51.043682614+00:00,354,resized,ask,2198.1,0.11661906247916308,2026-03-19 00:12:48.879567531+00:00,114.94200000000001,,,preserve_queue_priority,,
2026-03-19 00:12:51.349382984+00:00,354,cancel_requested,ask,2198.1,0.11661906247916308,2026-03-19 00:12:48.879567531+00:00,114.94200000000001,2026-03-19 00:12:48.629567531+00:00,pending_cancel,refresh_reprice,2026-03-19 00:12:51.349382984+00:00,2026-03-19 00:12:51.599382984+00:00
2026-03-19 00:12:51.599382984+00:00,354,cancelled,ask,2198.1,0.11661906247916308,2026-03-19 00:12:48.879567531+00:00,114.94200000000001,2026-03-19 00:12:48.629567531+00:00,cancelled,refresh_reprice,2026-03-19 00:12:51.349382984+00:00,2026-03-19 00:12:51.599382984+00:00
2026-03-19 00:12:51.622209746+00:00,355,placed,ask,2197.7,0.11661906247916308,2026-03-19 00:12:51.872209746+00:00,109.629,2026-03-19 00:12:51.622209746+00:00,pending_new,,,
2026-03-19 00:12:56.300596991+00:00,355,cancel_requested,ask,2197.7,0.11661906247916308,2026-03-19 00:12:51.872209746+00:00,109.629,2026-03-19 00:12:51.622209746+00:00,pending_cancel,pressure_stop_ask,2026-03-19 00:12:56.300596991+00:00,2026-03-19 00:12:56.550596991+00:00
2026-03-19 00:12:56.300596991+00:00,356,placed,bid,2197.1,0.08338093752083692,2026-03-19 00:12:56.550596991+00:00,154.69,2026-03-19 00:12:56.300596991+00:00,pending_new,,,
2026-03-19 00:12:56.550596991+00:00,355,cancelled,ask,2197.7,0.11661906247916308,2026-03-19 00:12:51.872209746+00:00,109.629,2026-03-19 00:12:51.622209746+00:00,cancelled,pressure_stop_ask,2026-03-19 00:12:56.300596991+00:00,2026-03-19 00:12:56.550596991+00:00
2026-03-19 00:12:59.369901454+00:00,356,cancel_requested,bid,2197.1,0.08338093752083692,2026-03-19 00:12:56.550596991+00:00,154.69,2026-03-19 00:12:56.300596991+00:00,pending_cancel,refresh_reprice,2026-03-19 00:12:59.369901454+00:00,2026-03-19 00:12:59.619901454+00:00
2026-03-19 00:12:59.369901454+00:00,357,placed,ask,2198.2,0.11661906247916308,2026-03-19 00:12:59.619901454+00:00,76.65,2026-03-19 00:12:59.369901454+00:00,pending_new,,,
2026-03-19 00:12:59.619901454+00:00,356,cancelled,bid,2197.1,0.08338093752083692,2026-03-19 00:12:56.550596991+00:00,154.69,2026-03-19 00:12:56.300596991+00:00,cancelled,refresh_reprice,2026-03-19 00:12:59.369901454+00:00,2026-03-19 00:12:59.619901454+00:00
2026-03-19 00:12:59.667354318+00:00,358,placed,bid,2197.5,0.08338093752083692,2026-03-19 00:12:59.917354318+00:00,111.4,2026-03-19 00:12:59.667354318+00:00,pending_new,,,
2026-03-19 00:13:00.025399937+00:00,357,cancel_requested,ask,2198.2,0.11661906247916308,2026-03-19 00:12:59.619901454+00:00,76.65,2026-03-19 00:12:59.369901454+00:00,pending_cancel,expected_edge_ask,2026-03-19 00:13:00.025399937+00:00,2026-03-19 00:13:00.275399937+00:00
2026-03-19 00:13:00.135648479+00:00,358,cancel_requested,bid,2197.5,0.08338093752083692,2026-03-19 00:12:59.917354318+00:00,111.4,2026-03-19 00:12:59.667354318+00:00,pending_cancel,pressure_stop_bid,2026-03-19 00:13:00.135648479+00:00,2026-03-19 00:13:00.385648479+00:00
2026-03-19 00:13:00.275399937+00:00,357,cancelled,ask,2198.2,0.11661906247916308,2026-03-19 00:12:59.619901454+00:00,76.65,2026-03-19 00:12:59.369901454+00:00,cancelled,expected_edge_ask,2026-03-19 00:13:00.025399937+00:00,2026-03-19 00:13:00.275399937+00:00
2026-03-19 00:13:00.337654858+00:00,359,placed,ask,2197.9,0.11661906247916308,2026-03-19 00:13:00.587654858+00:00,152.992,2026-03-19 00:13:00.337654858+00:00,pending_new,,,
2026-03-19 00:13:00.385648479+00:00,358,cancelled,bid,2197.5,0.08338093752083692,2026-03-19 00:12:59.917354318+00:00,111.4,2026-03-19 00:12:59.667354318+00:00,cancelled,pressure_stop_bid,2026-03-19 00:13:00.135648479+00:00,2026-03-19 00:13:00.385648479+00:00
2026-03-19 00:13:00.867717969+00:00,359,cancel_requested,ask,2197.9,0.11661906247916308,2026-03-19 00:13:00.587654858+00:00,152.992,2026-03-19 00:13:00.337654858+00:00,pending_cancel,pressure_stop_ask,2026-03-19 00:13:00.867717969+00:00,2026-03-19 00:13:01.117717969+00:00
2026-03-19 00:13:00.867717969+00:00,360,placed,bid,2197.2,0.08338093752083692,2026-03-19 00:13:01.117717969+00:00,181.989,2026-03-19 00:13:00.867717969+00:00,pending_new,,,
2026-03-19 00:13:01.117717969+00:00,359,cancelled,ask,2197.9,0.11661906247916308,2026-03-19 00:13:00.587654858+00:00,152.992,2026-03-19 00:13:00.337654858+00:00,cancelled,pressure_stop_ask,2026-03-19 00:13:00.867717969+00:00,2026-03-19 00:13:01.117717969+00:00
2026-03-19 00:13:01.204616281+00:00,360,cancel_requested,bid,2197.2,0.08338093752083692,2026-03-19 00:13:01.117717969+00:00,181.989,2026-03-19 00:13:00.867717969+00:00,pending_cancel,refresh_reprice,2026-03-19 00:13:01.204616281+00:00,2026-03-19 00:13:01.454616281+00:00
2026-03-19 00:13:01.204616281+00:00,361,placed,ask,2198.2,0.11661906247916308,2026-03-19 00:13:01.454616281+00:00,61.204,2026-03-19 00:13:01.204616281+00:00,pending_new,,,
2026-03-19 00:13:01.454616281+00:00,360,cancelled,bid,2197.2,0.08338093752083692,2026-03-19 00:13:01.117717969+00:00,181.989,2026-03-19 00:13:00.867717969+00:00,cancelled,refresh_reprice,2026-03-19 00:13:01.204616281+00:00,2026-03-19 00:13:01.454616281+00:00
2026-03-19 00:13:01.512631623+00:00,361,cancel_requested,ask,2198.2,0.11661906247916308,2026-03-19 00:13:01.454616281+00:00,61.204,2026-03-19 00:13:01.204616281+00:00,pending_cancel,pressure_stop_ask,2026-03-19 00:13:01.512631623+00:00,2026-03-19 00:13:01.762631623+00:00
2026-03-19 00:13:01.512631623+00:00,362,placed,bid,2197.4,0.08338093752083692,2026-03-19 00:13:01.762631623+00:00,140.09199999999998,2026-03-19 00:13:01.512631623+00:00,pending_new,,,
2026-03-19 00:13:01.762631623+00:00,361,cancelled,ask,2198.2,0.11661906247916308,2026-03-19 00:13:01.454616281+00:00,61.204,2026-03-19 00:13:01.204616281+00:00,cancelled,pressure_stop_ask,2026-03-19 00:13:01.512631623+00:00,2026-03-19 00:13:01.762631623+00:00
2026-03-19 00:13:05.392755824+00:00,362,cancel_requested,bid,2197.4,0.08338093752083692,2026-03-19 00:13:01.762631623+00:00,140.09199999999998,2026-03-19 00:13:01.512631623+00:00,pending_cancel,refresh_reprice,2026-03-19 00:13:05.392755824+00:00,2026-03-19 00:13:05.642755824+00:00
2026-03-19 00:13:05.392755824+00:00,363,placed,ask,2198.6,0.11661906247916308,2026-03-19 00:13:05.642755824+00:00,27.283,2026-03-19 00:13:05.392755824+00:00,pending_new,,,
2026-03-19 00:13:05.642755824+00:00,362,cancelled,bid,2197.4,0.08338093752083692,2026-03-19 00:13:01.762631623+00:00,140.09199999999998,2026-03-19 00:13:01.512631623+00:00,cancelled,refresh_reprice,2026-03-19 00:13:05.392755824+00:00,2026-03-19 00:13:05.642755824+00:00
2026-03-19 00:13:05.645444117+00:00,364,placed,bid,2197.8,0.08338093752083692,2026-03-19 00:13:05.895444117+00:00,108.157,2026-03-19 00:13:05.645444117+00:00,pending_new,,,
2026-03-19 00:13:10.447601030+00:00,363,cancel_requested,ask,2198.6,0.11661906247916308,2026-03-19 00:13:05.642755824+00:00,27.283,2026-03-19 00:13:05.392755824+00:00,pending_cancel,expected_edge_ask,2026-03-19 00:13:10.447601030+00:00,2026-03-19 00:13:10.697601030+00:00
2026-03-19 00:13:10.697601030+00:00,363,cancelled,ask,2198.6,0.11661906247916308,2026-03-19 00:13:05.642755824+00:00,27.283,2026-03-19 00:13:05.392755824+00:00,cancelled,expected_edge_ask,2026-03-19 00:13:10.447601030+00:00,2026-03-19 00:13:10.697601030+00:00
2026-03-19 00:13:11.260609078+00:00,364,cancel_requested,bid,2197.8,0.08338093752083692,2026-03-19 00:13:05.895444117+00:00,108.157,2026-03-19 00:13:05.645444117+00:00,pending_cancel,refresh_reprice,2026-03-19 00:13:11.260609078+00:00,2026-03-19 00:13:11.510609078+00:00
2026-03-19 00:13:11.260609078+00:00,365,placed,ask,2199.0,0.1161422532715976,2026-03-19 00:13:11.510609078+00:00,113.656,2026-03-19 00:13:11.260609078+00:00,pending_new,,,
2026-03-19 00:13:11.351785914+00:00,365,cancel_requested,ask,2199.0,0.1161422532715976,2026-03-19 00:13:11.510609078+00:00,113.656,2026-03-19 00:13:11.260609078+00:00,pending_cancel,expected_edge_ask,2026-03-19 00:13:11.351785914+00:00,2026-03-19 00:13:11.601785914+00:00
2026-03-19 00:13:11.510609078+00:00,364,cancelled,bid,2197.8,0.08338093752083692,2026-03-19 00:13:05.895444117+00:00,108.157,2026-03-19 00:13:05.645444117+00:00,cancelled,refresh_reprice,2026-03-19 00:13:11.260609078+00:00,2026-03-19 00:13:11.510609078+00:00
2026-03-19 00:13:11.535986163+00:00,366,placed,bid,2198.3,0.08385774672840242,2026-03-19 00:13:11.785986163+00:00,132.76,2026-03-19 00:13:11.535986163+00:00,pending_new,,,
2026-03-19 00:13:11.601785914+00:00,365,cancelled,ask,2199.0,0.1161422532715976,2026-03-19 00:13:11.510609078+00:00,113.656,2026-03-19 00:13:11.260609078+00:00,cancelled,expected_edge_ask,2026-03-19 00:13:11.351785914+00:00,2026-03-19 00:13:11.601785914+00:00
2026-03-19 00:13:18.406495621+00:00,367,placed,ask,2199.2,0.1161422532715976,2026-03-19 00:13:18.656495621+00:00,145.046,2026-03-19 00:13:18.406495621+00:00,pending_new,,,
2026-03-19 00:13:18.497327185+00:00,367,cancel_requested,ask,2199.2,0.1161422532715976,2026-03-19 00:13:18.656495621+00:00,145.046,2026-03-19 00:13:18.406495621+00:00,pending_cancel,expected_edge_ask,2026-03-19 00:13:18.497327185+00:00,2026-03-19 00:13:18.747327185+00:00
2026-03-19 00:13:18.747327185+00:00,367,cancelled,ask,2199.2,0.1161422532715976,2026-03-19 00:13:18.656495621+00:00,145.046,2026-03-19 00:13:18.406495621+00:00,cancelled,expected_edge_ask,2026-03-19 00:13:18.497327185+00:00,2026-03-19 00:13:18.747327185+00:00
2026-03-19 00:13:21.009687625+00:00,366,cancel_requested,bid,2198.3,0.08385774672840242,2026-03-19 00:13:11.785986163+00:00,132.76,2026-03-19 00:13:11.535986163+00:00,pending_cancel,pressure_stop_bid,2026-03-19 00:13:21.009687625+00:00,2026-03-19 00:13:21.259687625+00:00
2026-03-19 00:13:21.009687625+00:00,368,placed,ask,2199.1,0.1161422532715976,2026-03-19 00:13:21.259687625+00:00,128.368,2026-03-19 00:13:21.009687625+00:00,pending_new,,,
2026-03-19 00:13:21.259687625+00:00,366,cancelled,bid,2198.3,0.08385774672840242,2026-03-19 00:13:11.785986163+00:00,132.76,2026-03-19 00:13:11.535986163+00:00,cancelled,pressure_stop_bid,2026-03-19 00:13:21.009687625+00:00,2026-03-19 00:13:21.259687625+00:00
2026-03-19 00:13:25.782675874+00:00,368,cancel_requested,ask,2199.1,0.1161422532715976,2026-03-19 00:13:21.259687625+00:00,128.368,2026-03-19 00:13:21.009687625+00:00,pending_cancel,expected_edge_ask,2026-03-19 00:13:25.782675874+00:00,2026-03-19 00:13:26.032675874+00:00
2026-03-19 00:13:25.782675874+00:00,369,placed,bid,2198.2,0.08385774672840242,2026-03-19 00:13:26.032675874+00:00,150.192,2026-03-19 00:13:25.782675874+00:00,pending_new,,,
2026-03-19 00:13:26.032675874+00:00,368,cancelled,ask,2199.1,0.1161422532715976,2026-03-19 00:13:21.259687625+00:00,128.368,2026-03-19 00:13:21.009687625+00:00,cancelled,expected_edge_ask,2026-03-19 00:13:25.782675874+00:00,2026-03-19 00:13:26.032675874+00:00
2026-03-19 00:13:26.035190417+00:00,370,placed,ask,2198.9,0.1161422532715976,2026-03-19 00:13:26.285190417+00:00,75.85499999999999,2026-03-19 00:13:26.035190417+00:00,pending_new,,,
2026-03-19 00:13:27.692162288+00:00,370,cancel_requested,ask,2198.9,0.1161422532715976,2026-03-19 00:13:26.285190417+00:00,75.85499999999999,2026-03-19 00:13:26.035190417+00:00,pending_cancel,pressure_stop_ask,2026-03-19 00:13:27.692162288+00:00,2026-03-19 00:13:27.942162288+00:00
2026-03-19 00:13:27.942162288+00:00,370,cancelled,ask,2198.9,0.1161422532715976,2026-03-19 00:13:26.285190417+00:00,75.85499999999999,2026-03-19 00:13:26.035190417+00:00,cancelled,pressure_stop_ask,2026-03-19 00:13:27.692162288+00:00,2026-03-19 00:13:27.942162288+00:00
2026-03-19 00:13:27.967414264+00:00,371,placed,ask,2199.0,0.1161422532715976,2026-03-19 00:13:28.217414264+00:00,111.575,2026-03-19 00:13:27.967414264+00:00,pending_new,,,
2026-03-19 00:13:30.704807645+00:00,371,cancel_requested,ask,2199.0,0.1161422532715976,2026-03-19 00:13:28.217414264+00:00,111.575,2026-03-19 00:13:27.967414264+00:00,pending_cancel,pressure_stop_ask,2026-03-19 00:13:30.704807645+00:00,2026-03-19 00:13:30.954807645+00:00
2026-03-19 00:13:30.744184185+00:00,369,cancel_requested,bid,2198.2,0.08385774672840242,2026-03-19 00:13:26.032675874+00:00,150.192,2026-03-19 00:13:25.782675874+00:00,pending_cancel,refresh_reprice,2026-03-19 00:13:30.744184185+00:00,2026-03-19 00:13:30.994184185+00:00
2026-03-19 00:13:30.994184185+00:00,369,cancelled,bid,2198.2,0.08385774672840242,2026-03-19 00:13:26.032675874+00:00,150.192,2026-03-19 00:13:25.782675874+00:00,cancelled,refresh_reprice,2026-03-19 00:13:30.744184185+00:00,2026-03-19 00:13:30.994184185+00:00
2026-03-19 00:13:30.954807645+00:00,371,cancelled,ask,2199.0,0.1161422532715976,2026-03-19 00:13:28.217414264+00:00,111.575,2026-03-19 00:13:27.967414264+00:00,cancelled,pressure_stop_ask,2026-03-19 00:13:30.704807645+00:00,2026-03-19 00:13:30.954807645+00:00
2026-03-19 00:13:31+00:00,372,placed,bid,2198.4,0.08432861599448294,2026-03-19 00:13:31.250000+00:00,158.58599999999998,2026-03-19 00:13:31+00:00,pending_new,,,
2026-03-19 00:13:41+00:00,372,cancel_requested,bid,2198.4,0.08432861599448294,2026-03-19 00:13:31.250000+00:00,158.58599999999998,2026-03-19 00:13:31+00:00,pending_cancel,quote_age_expired,2026-03-19 00:13:41+00:00,2026-03-19 00:13:41.250000+00:00
2026-03-19 00:13:41.250000+00:00,372,cancelled,bid,2198.4,0.08432861599448294,2026-03-19 00:13:31.250000+00:00,158.58599999999998,2026-03-19 00:13:31+00:00,cancelled,quote_age_expired,2026-03-19 00:13:41+00:00,2026-03-19 00:13:41.250000+00:00
2026-03-19 00:13:41.337705357+00:00,373,placed,bid,2198.6,0.08432861599448294,2026-03-19 00:13:41.587705357+00:00,79.796,2026-03-19 00:13:41.337705357+00:00,pending_new,,,
2026-03-19 00:13:45.612713860+00:00,373,cancel_requested,bid,2198.6,0.08432861599448294,2026-03-19 00:13:41.587705357+00:00,79.796,2026-03-19 00:13:41.337705357+00:00,pending_cancel,refresh_reprice,2026-03-19 00:13:45.612713860+00:00,2026-03-19 00:13:45.862713860+00:00
2026-03-19 00:13:45.862713860+00:00,373,cancelled,bid,2198.6,0.08432861599448294,2026-03-19 00:13:41.587705357+00:00,79.796,2026-03-19 00:13:41.337705357+00:00,cancelled,refresh_reprice,2026-03-19 00:13:45.612713860+00:00,2026-03-19 00:13:45.862713860+00:00
2026-03-19 00:13:45.906641969+00:00,374,placed,bid,2198.8,0.08432861599448294,2026-03-19 00:13:46.156641969+00:00,93.895,2026-03-19 00:13:45.906641969+00:00,pending_new,,,
2026-03-19 00:13:45.906641969+00:00,375,placed,ask,2199.5,0.11567138400551707,2026-03-19 00:13:46.156641969+00:00,101.135,2026-03-19 00:13:45.906641969+00:00,pending_new,,,
2026-03-19 00:13:46.163809249+00:00,375,cancel_requested,ask,2199.5,0.11567138400551707,2026-03-19 00:13:46.156641969+00:00,101.135,2026-03-19 00:13:45.906641969+00:00,pending_cancel,pressure_stop_ask,2026-03-19 00:13:46.163809249+00:00,2026-03-19 00:13:46.413809249+00:00
2026-03-19 00:13:46.413809249+00:00,375,cancelled,ask,2199.5,0.11567138400551707,2026-03-19 00:13:46.156641969+00:00,101.135,2026-03-19 00:13:45.906641969+00:00,cancelled,pressure_stop_ask,2026-03-19 00:13:46.163809249+00:00,2026-03-19 00:13:46.413809249+00:00
2026-03-19 00:13:47.602108487+00:00,376,placed,ask,2199.6,0.11567138400551707,2026-03-19 00:13:47.852108487+00:00,67.66,2026-03-19 00:13:47.602108487+00:00,pending_new,,,
2026-03-19 00:13:47.755151864+00:00,376,cancel_requested,ask,2199.6,0.11567138400551707,2026-03-19 00:13:47.852108487+00:00,67.66,2026-03-19 00:13:47.602108487+00:00,pending_cancel,pressure_stop_ask,2026-03-19 00:13:47.755151864+00:00,2026-03-19 00:13:48.005151864+00:00
2026-03-19 00:13:47.755151864+00:00,374,cancel_requested,bid,2198.8,0.08432861599448294,2026-03-19 00:13:46.156641969+00:00,93.895,2026-03-19 00:13:45.906641969+00:00,pending_cancel,refresh_reprice,2026-03-19 00:13:47.755151864+00:00,2026-03-19 00:13:48.005151864+00:00
2026-03-19 00:13:48.005151864+00:00,374,cancelled,bid,2198.8,0.08432861599448294,2026-03-19 00:13:46.156641969+00:00,93.895,2026-03-19 00:13:45.906641969+00:00,cancelled,refresh_reprice,2026-03-19 00:13:47.755151864+00:00,2026-03-19 00:13:48.005151864+00:00
2026-03-19 00:13:48.005151864+00:00,376,cancelled,ask,2199.6,0.11567138400551707,2026-03-19 00:13:47.852108487+00:00,67.66,2026-03-19 00:13:47.602108487+00:00,cancelled,pressure_stop_ask,2026-03-19 00:13:47.755151864+00:00,2026-03-19 00:13:48.005151864+00:00
2026-03-19 00:13:48.059353579+00:00,377,placed,bid,2199.0,0.08432861599448294,2026-03-19 00:13:48.309353579+00:00,131.56300000000002,2026-03-19 00:13:48.059353579+00:00,pending_new,,,
2026-03-19 00:13:48.059353579+00:00,378,placed,ask,2199.8,0.11567138400551707,2026-03-19 00:13:48.309353579+00:00,60.961000000000006,2026-03-19 00:13:48.059353579+00:00,pending_new,,,
2026-03-19 00:13:48.112059139+00:00,377,cancel_requested,bid,2199.0,0.08432861599448294,2026-03-19 00:13:48.309353579+00:00,131.56300000000002,2026-03-19 00:13:48.059353579+00:00,pending_cancel,pressure_stop_bid,2026-03-19 00:13:48.112059139+00:00,2026-03-19 00:13:48.362059139+00:00
2026-03-19 00:13:48.362059139+00:00,377,cancelled,bid,2199.0,0.08432861599448294,2026-03-19 00:13:48.309353579+00:00,131.56300000000002,2026-03-19 00:13:48.059353579+00:00,cancelled,pressure_stop_bid,2026-03-19 00:13:48.112059139+00:00,2026-03-19 00:13:48.362059139+00:00
2026-03-19 00:13:51.000197987+00:00,378,cancel_requested,ask,2199.8,0.11567138400551707,2026-03-19 00:13:48.309353579+00:00,60.961000000000006,2026-03-19 00:13:48.059353579+00:00,pending_cancel,expected_edge_ask,2026-03-19 00:13:51.000197987+00:00,2026-03-19 00:13:51.250197987+00:00
2026-03-19 00:13:51.000197987+00:00,379,placed,bid,2199.1,0.08482867570835367,2026-03-19 00:13:51.250197987+00:00,77.06700000000001,2026-03-19 00:13:51.000197987+00:00,pending_new,,,
2026-03-19 00:13:51.250197987+00:00,378,cancelled,ask,2199.8,0.11567138400551707,2026-03-19 00:13:48.309353579+00:00,60.961000000000006,2026-03-19 00:13:48.059353579+00:00,cancelled,expected_edge_ask,2026-03-19 00:13:51.000197987+00:00,2026-03-19 00:13:51.250197987+00:00
2026-03-19 00:13:55.662270168+00:00,379,cancel_requested,bid,2199.1,0.08482867570835367,2026-03-19 00:13:51.250197987+00:00,77.06700000000001,2026-03-19 00:13:51.000197987+00:00,pending_cancel,pressure_stop_bid,2026-03-19 00:13:55.662270168+00:00,2026-03-19 00:13:55.912270168+00:00
2026-03-19 00:13:55.662270168+00:00,380,placed,ask,2199.7,0.11517132429164634,2026-03-19 00:13:55.912270168+00:00,142.703,2026-03-19 00:13:55.662270168+00:00,pending_new,,,
2026-03-19 00:13:55.912270168+00:00,379,cancelled,bid,2199.1,0.08482867570835367,2026-03-19 00:13:51.250197987+00:00,77.06700000000001,2026-03-19 00:13:51.000197987+00:00,cancelled,pressure_stop_bid,2026-03-19 00:13:55.662270168+00:00,2026-03-19 00:13:55.912270168+00:00
2026-03-19 00:13:57.536928574+00:00,380,cancel_requested,ask,2199.7,0.11517132429164634,2026-03-19 00:13:55.912270168+00:00,142.703,2026-03-19 00:13:55.662270168+00:00,pending_cancel,expected_edge_ask,2026-03-19 00:13:57.536928574+00:00,2026-03-19 00:13:57.786928574+00:00
2026-03-19 00:13:57.536928574+00:00,381,placed,bid,2199.1,0.08482867570835367,2026-03-19 00:13:57.786928574+00:00,73.756,2026-03-19 00:13:57.536928574+00:00,pending_new,,,
2026-03-19 00:13:57.786928574+00:00,380,cancelled,ask,2199.7,0.11517132429164634,2026-03-19 00:13:55.912270168+00:00,142.703,2026-03-19 00:13:55.662270168+00:00,cancelled,expected_edge_ask,2026-03-19 00:13:57.536928574+00:00,2026-03-19 00:13:57.786928574+00:00
2026-03-19 00:13:58.165992540+00:00,381,cancel_requested,bid,2199.1,0.08482867570835367,2026-03-19 00:13:57.786928574+00:00,73.756,2026-03-19 00:13:57.536928574+00:00,pending_cancel,pressure_stop_bid,2026-03-19 00:13:58.165992540+00:00,2026-03-19 00:13:58.415992540+00:00
2026-03-19 00:13:58.165992540+00:00,382,placed,ask,2199.7,0.11517132429164634,2026-03-19 00:13:58.415992540+00:00,139.14,2026-03-19 00:13:58.165992540+00:00,pending_new,,,
2026-03-19 00:13:58.415992540+00:00,381,cancelled,bid,2199.1,0.08482867570835367,2026-03-19 00:13:57.786928574+00:00,73.756,2026-03-19 00:13:57.536928574+00:00,cancelled,pressure_stop_bid,2026-03-19 00:13:58.165992540+00:00,2026-03-19 00:13:58.415992540+00:00
2026-03-19 00:14:03.474595069+00:00,382,cancel_requested,ask,2199.7,0.11517132429164634,2026-03-19 00:13:58.415992540+00:00,139.14,2026-03-19 00:13:58.165992540+00:00,pending_cancel,expected_edge_ask,2026-03-19 00:14:03.474595069+00:00,2026-03-19 00:14:03.724595069+00:00
2026-03-19 00:14:03.724595069+00:00,382,cancelled,ask,2199.7,0.11517132429164634,2026-03-19 00:13:58.415992540+00:00,139.14,2026-03-19 00:13:58.165992540+00:00,cancelled,expected_edge_ask,2026-03-19 00:14:03.474595069+00:00,2026-03-19 00:14:03.724595069+00:00
2026-03-19 00:14:03.776883287+00:00,383,placed,bid,2199.1,0.08482867570835367,2026-03-19 00:14:04.026883287+00:00,66.709,2026-03-19 00:14:03.776883287+00:00,pending_new,,,
2026-03-19 00:14:08.885614383+00:00,383,cancel_requested,bid,2199.1,0.08482867570835367,2026-03-19 00:14:04.026883287+00:00,66.709,2026-03-19 00:14:03.776883287+00:00,pending_cancel,refresh_reprice,2026-03-19 00:14:08.885614383+00:00,2026-03-19 00:14:09.135614383+00:00
2026-03-19 00:14:09.135614383+00:00,383,cancelled,bid,2199.1,0.08482867570835367,2026-03-19 00:14:04.026883287+00:00,66.709,2026-03-19 00:14:03.776883287+00:00,cancelled,refresh_reprice,2026-03-19 00:14:08.885614383+00:00,2026-03-19 00:14:09.135614383+00:00
2026-03-19 00:14:09.136358656+00:00,384,placed,bid,2199.6,0.08482867570835367,2026-03-19 00:14:09.386358656+00:00,45.788000000000004,2026-03-19 00:14:09.136358656+00:00,pending_new,,,
2026-03-19 00:14:11.746659397+00:00,384,cancel_requested,bid,2199.6,0.08482867570835367,2026-03-19 00:14:09.386358656+00:00,45.788000000000004,2026-03-19 00:14:09.136358656+00:00,pending_cancel,expected_edge_bid,2026-03-19 00:14:11.746659397+00:00,2026-03-19 00:14:11.996659397+00:00
2026-03-19 00:14:11.996659397+00:00,384,cancelled,bid,2199.6,0.08482867570835367,2026-03-19 00:14:09.386358656+00:00,45.788000000000004,2026-03-19 00:14:09.136358656+00:00,cancelled,expected_edge_bid,2026-03-19 00:14:11.746659397+00:00,2026-03-19 00:14:11.996659397+00:00
2026-03-19 00:14:17.053539973+00:00,385,placed,bid,2199.8,0.08510335368451756,2026-03-19 00:14:17.303539973+00:00,69.67699999999999,2026-03-19 00:14:17.053539973+00:00,pending_new,,,
2026-03-19 00:14:18.687096952+00:00,385,cancel_requested,bid,2199.8,0.08510335368451756,2026-03-19 00:14:17.303539973+00:00,69.67699999999999,2026-03-19 00:14:17.053539973+00:00,pending_cancel,expected_edge_bid,2026-03-19 00:14:18.687096952+00:00,2026-03-19 00:14:18.937096952+00:00
2026-03-19 00:14:18.937096952+00:00,385,cancelled,bid,2199.8,0.08510335368451756,2026-03-19 00:14:17.303539973+00:00,69.67699999999999,2026-03-19 00:14:17.053539973+00:00,cancelled,expected_edge_bid,2026-03-19 00:14:18.687096952+00:00,2026-03-19 00:14:18.937096952+00:00
2026-03-19 00:14:18.992630217+00:00,386,placed,bid,2200.2,0.08510335368451756,2026-03-19 00:14:19.242630217+00:00,113.368,2026-03-19 00:14:18.992630217+00:00,pending_new,,,
2026-03-19 00:14:21.544551008+00:00,386,cancel_requested,bid,2200.2,0.08510335368451756,2026-03-19 00:14:19.242630217+00:00,113.368,2026-03-19 00:14:18.992630217+00:00,pending_cancel,refresh_reprice,2026-03-19 00:14:21.544551008+00:00,2026-03-19 00:14:21.794551008+00:00
2026-03-19 00:14:21.794551008+00:00,386,cancelled,bid,2200.2,0.08510335368451756,2026-03-19 00:14:19.242630217+00:00,113.368,2026-03-19 00:14:18.992630217+00:00,cancelled,refresh_reprice,2026-03-19 00:14:21.544551008+00:00,2026-03-19 00:14:21.794551008+00:00
2026-03-19 00:14:21.798380610+00:00,387,placed,bid,2200.5,0.08510335368451756,2026-03-19 00:14:22.048380610+00:00,56.394000000000005,2026-03-19 00:14:21.798380610+00:00,pending_new,,,
2026-03-19 00:14:26.036911001+00:00,387,cancel_requested,bid,2200.5,0.08510335368451756,2026-03-19 00:14:22.048380610+00:00,56.394000000000005,2026-03-19 00:14:21.798380610+00:00,pending_cancel,pressure_stop_bid,2026-03-19 00:14:26.036911001+00:00,2026-03-19 00:14:26.286911001+00:00
2026-03-19 00:14:26.036911001+00:00,388,placed,ask,2201.3,0.11489664631548245,2026-03-19 00:14:26.286911001+00:00,172.562,2026-03-19 00:14:26.036911001+00:00,pending_new,,,
2026-03-19 00:14:26.286911001+00:00,387,cancelled,bid,2200.5,0.08510335368451756,2026-03-19 00:14:22.048380610+00:00,56.394000000000005,2026-03-19 00:14:21.798380610+00:00,cancelled,pressure_stop_bid,2026-03-19 00:14:26.036911001+00:00,2026-03-19 00:14:26.286911001+00:00
2026-03-19 00:14:27.311310026+00:00,388,cancel_requested,ask,2201.3,0.11489664631548245,2026-03-19 00:14:26.286911001+00:00,172.562,2026-03-19 00:14:26.036911001+00:00,pending_cancel,pressure_stop_ask,2026-03-19 00:14:27.311310026+00:00,2026-03-19 00:14:27.561310026+00:00
2026-03-19 00:14:27.311310026+00:00,389,placed,bid,2200.7,0.08510335368451756,2026-03-19 00:14:27.561310026+00:00,145.327,2026-03-19 00:14:27.311310026+00:00,pending_new,,,
2026-03-19 00:14:27.561310026+00:00,388,cancelled,ask,2201.3,0.11489664631548245,2026-03-19 00:14:26.286911001+00:00,172.562,2026-03-19 00:14:26.036911001+00:00,cancelled,pressure_stop_ask,2026-03-19 00:14:27.311310026+00:00,2026-03-19 00:14:27.561310026+00:00
2026-03-19 00:14:29.556520183+00:00,389,cancel_requested,bid,2200.7,0.08510335368451756,2026-03-19 00:14:27.561310026+00:00,145.327,2026-03-19 00:14:27.311310026+00:00,pending_cancel,refresh_reprice,2026-03-19 00:14:29.556520183+00:00,2026-03-19 00:14:29.806520183+00:00
2026-03-19 00:14:29.806520183+00:00,389,cancelled,bid,2200.7,0.08510335368451756,2026-03-19 00:14:27.561310026+00:00,145.327,2026-03-19 00:14:27.311310026+00:00,cancelled,refresh_reprice,2026-03-19 00:14:29.556520183+00:00,2026-03-19 00:14:29.806520183+00:00
2026-03-19 00:14:29.824351625+00:00,390,placed,bid,2200.9,0.08510335368451756,2026-03-19 00:14:30.074351625+00:00,152.58,2026-03-19 00:14:29.824351625+00:00,pending_new,,,
2026-03-19 00:14:31.342303832+00:00,390,cancel_requested,bid,2200.9,0.08510335368451756,2026-03-19 00:14:30.074351625+00:00,152.58,2026-03-19 00:14:29.824351625+00:00,pending_cancel,pressure_stop_bid,2026-03-19 00:14:31.342303832+00:00,2026-03-19 00:14:31.592303832+00:00
2026-03-19 00:14:31.342303832+00:00,391,placed,ask,2201.5,0.11489664631548245,2026-03-19 00:14:31.592303832+00:00,108.78299999999999,2026-03-19 00:14:31.342303832+00:00,pending_new,,,
2026-03-19 00:14:31.592303832+00:00,390,cancelled,bid,2200.9,0.08510335368451756,2026-03-19 00:14:30.074351625+00:00,152.58,2026-03-19 00:14:29.824351625+00:00,cancelled,pressure_stop_bid,2026-03-19 00:14:31.342303832+00:00,2026-03-19 00:14:31.592303832+00:00
2026-03-19 00:14:31.598369420+00:00,391,cancel_requested,ask,2201.5,0.11489664631548245,2026-03-19 00:14:31.592303832+00:00,108.78299999999999,2026-03-19 00:14:31.342303832+00:00,pending_cancel,expected_edge_ask,2026-03-19 00:14:31.598369420+00:00,2026-03-19 00:14:31.848369420+00:00
2026-03-19 00:14:31.598369420+00:00,392,placed,bid,2200.8,0.08510335368451756,2026-03-19 00:14:31.848369420+00:00,99.681,2026-03-19 00:14:31.598369420+00:00,pending_new,,,
2026-03-19 00:14:31.848369420+00:00,391,cancelled,ask,2201.5,0.11489664631548245,2026-03-19 00:14:31.592303832+00:00,108.78299999999999,2026-03-19 00:14:31.342303832+00:00,cancelled,expected_edge_ask,2026-03-19 00:14:31.598369420+00:00,2026-03-19 00:14:31.848369420+00:00
2026-03-19 00:14:38.285610108+00:00,392,cancel_requested,bid,2200.8,0.08510335368451756,2026-03-19 00:14:31.848369420+00:00,99.681,2026-03-19 00:14:31.598369420+00:00,pending_cancel,pressure_stop_bid,2026-03-19 00:14:38.285610108+00:00,2026-03-19 00:14:38.535610108+00:00
2026-03-19 00:14:38.285610108+00:00,393,placed,ask,2201.4,0.11435687983459078,2026-03-19 00:14:38.535610108+00:00,156.067,2026-03-19 00:14:38.285610108+00:00,pending_new,,,
2026-03-19 00:14:38.535610108+00:00,392,cancelled,bid,2200.8,0.08510335368451756,2026-03-19 00:14:31.848369420+00:00,99.681,2026-03-19 00:14:31.598369420+00:00,cancelled,pressure_stop_bid,2026-03-19 00:14:38.285610108+00:00,2026-03-19 00:14:38.535610108+00:00
2026-03-19 00:14:41.808180582+00:00,393,cancel_requested,ask,2201.4,0.11435687983459078,2026-03-19 00:14:38.535610108+00:00,156.067,2026-03-19 00:14:38.285610108+00:00,pending_cancel,expected_edge_ask,2026-03-19 00:14:41.808180582+00:00,2026-03-19 00:14:42.058180582+00:00
2026-03-19 00:14:41.808180582+00:00,394,placed,bid,2200.8,0.08564312016540923,2026-03-19 00:14:42.058180582+00:00,120.606,2026-03-19 00:14:41.808180582+00:00,pending_new,,,
2026-03-19 00:14:42.058180582+00:00,393,cancelled,ask,2201.4,0.11435687983459078,2026-03-19 00:14:38.535610108+00:00,156.067,2026-03-19 00:14:38.285610108+00:00,cancelled,expected_edge_ask,2026-03-19 00:14:41.808180582+00:00,2026-03-19 00:14:42.058180582+00:00
2026-03-19 00:14:46.202249471+00:00,394,cancel_requested,bid,2200.8,0.08564312016540923,2026-03-19 00:14:42.058180582+00:00,120.606,2026-03-19 00:14:41.808180582+00:00,pending_cancel,pressure_stop_bid,2026-03-19 00:14:46.202249471+00:00,2026-03-19 00:14:46.452249471+00:00
2026-03-19 00:14:46.202249471+00:00,395,placed,ask,2201.4,0.11435687983459078,2026-03-19 00:14:46.452249471+00:00,133.541,2026-03-19 00:14:46.202249471+00:00,pending_new,,,
2026-03-19 00:14:46.440050463+00:00,395,cancel_requested,ask,2201.4,0.11435687983459078,2026-03-19 00:14:46.452249471+00:00,133.541,2026-03-19 00:14:46.202249471+00:00,pending_cancel,expected_edge_ask,2026-03-19 00:14:46.440050463+00:00,2026-03-19 00:14:46.690050463+00:00
2026-03-19 00:14:46.452249471+00:00,394,cancelled,bid,2200.8,0.08564312016540923,2026-03-19 00:14:42.058180582+00:00,120.606,2026-03-19 00:14:41.808180582+00:00,cancelled,pressure_stop_bid,2026-03-19 00:14:46.202249471+00:00,2026-03-19 00:14:46.452249471+00:00
2026-03-19 00:14:46.544491388+00:00,396,placed,bid,2200.8,0.08564312016540923,2026-03-19 00:14:46.794491388+00:00,57.265,2026-03-19 00:14:46.544491388+00:00,pending_new,,,
2026-03-19 00:14:46.690050463+00:00,395,cancelled,ask,2201.4,0.11435687983459078,2026-03-19 00:14:46.452249471+00:00,133.541,2026-03-19 00:14:46.202249471+00:00,cancelled,expected_edge_ask,2026-03-19 00:14:46.440050463+00:00,2026-03-19 00:14:46.690050463+00:00
2026-03-19 00:14:46.751447599+00:00,397,placed,ask,2201.4,0.11435687983459078,2026-03-19 00:14:47.001447599+00:00,140.52800000000002,2026-03-19 00:14:46.751447599+00:00,pending_new,,,
2026-03-19 00:14:46.952853146+00:00,397,cancel_requested,ask,2201.4,0.11435687983459078,2026-03-19 00:14:47.001447599+00:00,140.52800000000002,2026-03-19 00:14:46.751447599+00:00,pending_cancel,expected_edge_ask,2026-03-19 00:14:46.952853146+00:00,2026-03-19 00:14:47.202853146+00:00
2026-03-19 00:14:47.202853146+00:00,397,cancelled,ask,2201.4,0.11435687983459078,2026-03-19 00:14:47.001447599+00:00,140.52800000000002,2026-03-19 00:14:46.751447599+00:00,cancelled,expected_edge_ask,2026-03-19 00:14:46.952853146+00:00,2026-03-19 00:14:47.202853146+00:00
2026-03-19 00:14:48.041438457+00:00,398,placed,ask,2201.5,0.11435687983459078,2026-03-19 00:14:48.291438457+00:00,74.281,2026-03-19 00:14:48.041438457+00:00,pending_new,,,
2026-03-19 00:14:48.142459456+00:00,398,cancel_requested,ask,2201.5,0.11435687983459078,2026-03-19 00:14:48.291438457+00:00,74.281,2026-03-19 00:14:48.041438457+00:00,pending_cancel,expected_edge_ask,2026-03-19 00:14:48.142459456+00:00,2026-03-19 00:14:48.392459456+00:00
2026-03-19 00:14:48.392459456+00:00,398,cancelled,ask,2201.5,0.11435687983459078,2026-03-19 00:14:48.291438457+00:00,74.281,2026-03-19 00:14:48.041438457+00:00,cancelled,expected_edge_ask,2026-03-19 00:14:48.142459456+00:00,2026-03-19 00:14:48.392459456+00:00
2026-03-19 00:14:50.847759374+00:00,396,cancel_requested,bid,2200.8,0.08564312016540923,2026-03-19 00:14:46.794491388+00:00,57.265,2026-03-19 00:14:46.544491388+00:00,pending_cancel,pressure_stop_bid,2026-03-19 00:14:50.847759374+00:00,2026-03-19 00:14:51.097759374+00:00
2026-03-19 00:14:50.847759374+00:00,399,placed,ask,2201.7,0.11435687983459078,2026-03-19 00:14:51.097759374+00:00,181.324,2026-03-19 00:14:50.847759374+00:00,pending_new,,,
2026-03-19 00:14:51.097759374+00:00,396,cancelled,bid,2200.8,0.08564312016540923,2026-03-19 00:14:46.794491388+00:00,57.265,2026-03-19 00:14:46.544491388+00:00,cancelled,pressure_stop_bid,2026-03-19 00:14:50.847759374+00:00,2026-03-19 00:14:51.097759374+00:00
2026-03-19 00:14:51.359150180+00:00,399,cancel_requested,ask,2201.7,0.11435687983459078,2026-03-19 00:14:51.097759374+00:00,181.324,2026-03-19 00:14:50.847759374+00:00,pending_cancel,expected_edge_ask,2026-03-19 00:14:51.359150180+00:00,2026-03-19 00:14:51.609150180+00:00
2026-03-19 00:14:51.359150180+00:00,400,placed,bid,2200.9,0.08564312016540923,2026-03-19 00:14:51.609150180+00:00,62.008,2026-03-19 00:14:51.359150180+00:00,pending_new,,,
2026-03-19 00:14:51.609150180+00:00,399,cancelled,ask,2201.7,0.11435687983459078,2026-03-19 00:14:51.097759374+00:00,181.324,2026-03-19 00:14:50.847759374+00:00,cancelled,expected_edge_ask,2026-03-19 00:14:51.359150180+00:00,2026-03-19 00:14:51.609150180+00:00
2026-03-19 00:14:51.635125755+00:00,401,placed,ask,2201.5,0.11435687983459078,2026-03-19 00:14:51.885125755+00:00,60.595,2026-03-19 00:14:51.635125755+00:00,pending_new,,,
2026-03-19 00:14:51.962134632+00:00,401,cancel_requested,ask,2201.5,0.11435687983459078,2026-03-19 00:14:51.885125755+00:00,60.595,2026-03-19 00:14:51.635125755+00:00,pending_cancel,expected_edge_ask,2026-03-19 00:14:51.962134632+00:00,2026-03-19 00:14:52.212134632+00:00
2026-03-19 00:14:52.212134632+00:00,401,cancelled,ask,2201.5,0.11435687983459078,2026-03-19 00:14:51.885125755+00:00,60.595,2026-03-19 00:14:51.635125755+00:00,cancelled,expected_edge_ask,2026-03-19 00:14:51.962134632+00:00,2026-03-19 00:14:52.212134632+00:00
2026-03-19 00:14:52.214301710+00:00,402,placed,ask,2201.5,0.11399599609853808,2026-03-19 00:14:52.464301710+00:00,92.864,2026-03-19 00:14:52.214301710+00:00,pending_new,,,
2026-03-19 00:14:53.552284016+00:00,402,cancel_requested,ask,2201.5,0.11399599609853808,2026-03-19 00:14:52.464301710+00:00,92.864,2026-03-19 00:14:52.214301710+00:00,pending_cancel,expected_edge_ask,2026-03-19 00:14:53.552284016+00:00,2026-03-19 00:14:53.802284016+00:00
2026-03-19 00:14:53.802284016+00:00,402,cancelled,ask,2201.5,0.11399599609853808,2026-03-19 00:14:52.464301710+00:00,92.864,2026-03-19 00:14:52.214301710+00:00,cancelled,expected_edge_ask,2026-03-19 00:14:53.552284016+00:00,2026-03-19 00:14:53.802284016+00:00
2026-03-19 00:14:53.804887195+00:00,403,placed,ask,2201.7,0.11399599609853808,2026-03-19 00:14:54.054887195+00:00,115.37700000000001,2026-03-19 00:14:53.804887195+00:00,pending_new,,,
2026-03-19 00:14:53.842767948+00:00,403,cancel_requested,ask,2201.7,0.11399599609853808,2026-03-19 00:14:54.054887195+00:00,115.37700000000001,2026-03-19 00:14:53.804887195+00:00,pending_cancel,pressure_stop_ask,2026-03-19 00:14:53.842767948+00:00,2026-03-19 00:14:54.092767948+00:00
2026-03-19 00:14:54.092767948+00:00,403,cancelled,ask,2201.7,0.11399599609853808,2026-03-19 00:14:54.054887195+00:00,115.37700000000001,2026-03-19 00:14:53.804887195+00:00,cancelled,pressure_stop_ask,2026-03-19 00:14:53.842767948+00:00,2026-03-19 00:14:54.092767948+00:00
2026-03-19 00:15:00.437713251+00:00,400,cancel_requested,bid,2200.9,0.08564312016540923,2026-03-19 00:14:51.609150180+00:00,62.008,2026-03-19 00:14:51.359150180+00:00,pending_cancel,pressure_stop_bid,2026-03-19 00:15:00.437713251+00:00,2026-03-19 00:15:00.687713251+00:00
2026-03-19 00:15:00.437713251+00:00,404,placed,ask,2201.7,0.11399599609853808,2026-03-19 00:15:00.687713251+00:00,146.36,2026-03-19 00:15:00.437713251+00:00,pending_new,,,
2026-03-19 00:15:00.687713251+00:00,400,cancelled,bid,2200.9,0.08564312016540923,2026-03-19 00:14:51.609150180+00:00,62.008,2026-03-19 00:14:51.359150180+00:00,cancelled,pressure_stop_bid,2026-03-19 00:15:00.437713251+00:00,2026-03-19 00:15:00.687713251+00:00
2026-03-19 00:15:00.696399172+00:00,405,placed,bid,2201.1,0.08600400390146191,2026-03-19 00:15:00.946399172+00:00,53.19500000000001,2026-03-19 00:15:00.696399172+00:00,pending_new,,,
2026-03-19 00:15:01.002961940+00:00,404,cancel_requested,ask,2201.7,0.11399599609853808,2026-03-19 00:15:00.687713251+00:00,146.36,2026-03-19 00:15:00.437713251+00:00,pending_cancel,expected_edge_ask,2026-03-19 00:15:01.002961940+00:00,2026-03-19 00:15:01.252961940+00:00
2026-03-19 00:15:01.252961940+00:00,404,cancelled,ask,2201.7,0.11399599609853808,2026-03-19 00:15:00.687713251+00:00,146.36,2026-03-19 00:15:00.437713251+00:00,cancelled,expected_edge_ask,2026-03-19 00:15:01.002961940+00:00,2026-03-19 00:15:01.252961940+00:00
2026-03-19 00:15:02.075525476+00:00,405,cancel_requested,bid,2201.1,0.08600400390146191,2026-03-19 00:15:00.946399172+00:00,53.19500000000001,2026-03-19 00:15:00.696399172+00:00,pending_cancel,pressure_stop_bid,2026-03-19 00:15:02.075525476+00:00,2026-03-19 00:15:02.325525476+00:00
2026-03-19 00:15:02.075525476+00:00,406,placed,ask,2202.4,0.11399599609853808,2026-03-19 00:15:02.325525476+00:00,209.88899999999998,2026-03-19 00:15:02.075525476+00:00,pending_new,,,
2026-03-19 00:15:02.176889636+00:00,406,cancel_requested,ask,2202.4,0.11399599609853808,2026-03-19 00:15:02.325525476+00:00,209.88899999999998,2026-03-19 00:15:02.075525476+00:00,pending_cancel,refresh_reprice,2026-03-19 00:15:02.176889636+00:00,2026-03-19 00:15:02.426889636+00:00
2026-03-19 00:15:02.325525476+00:00,405,cancelled,bid,2201.1,0.08600400390146191,2026-03-19 00:15:00.946399172+00:00,53.19500000000001,2026-03-19 00:15:00.696399172+00:00,cancelled,pressure_stop_bid,2026-03-19 00:15:02.075525476+00:00,2026-03-19 00:15:02.325525476+00:00
2026-03-19 00:15:02.426889636+00:00,406,cancelled,ask,2202.4,0.11399599609853808,2026-03-19 00:15:02.325525476+00:00,209.88899999999998,2026-03-19 00:15:02.075525476+00:00,cancelled,refresh_reprice,2026-03-19 00:15:02.176889636+00:00,2026-03-19 00:15:02.426889636+00:00
2026-03-19 00:15:02.427227538+00:00,407,placed,ask,2201.9,0.11399599609853808,2026-03-19 00:15:02.677227538+00:00,211.593,2026-03-19 00:15:02.427227538+00:00,pending_new,,,
2026-03-19 00:15:03.094126258+00:00,407,cancel_requested,ask,2201.9,0.11399599609853808,2026-03-19 00:15:02.677227538+00:00,211.593,2026-03-19 00:15:02.427227538+00:00,pending_cancel,pressure_stop_ask,2026-03-19 00:15:03.094126258+00:00,2026-03-19 00:15:03.344126258+00:00
2026-03-19 00:15:03.094126258+00:00,408,placed,bid,2200.9,0.08600400390146191,2026-03-19 00:15:03.344126258+00:00,166.805,2026-03-19 00:15:03.094126258+00:00,pending_new,,,
2026-03-19 00:15:03.344126258+00:00,407,cancelled,ask,2201.9,0.11399599609853808,2026-03-19 00:15:02.677227538+00:00,211.593,2026-03-19 00:15:02.427227538+00:00,cancelled,pressure_stop_ask,2026-03-19 00:15:03.094126258+00:00,2026-03-19 00:15:03.344126258+00:00
2026-03-19 00:15:04.007161572+00:00,408,cancel_requested,bid,2200.9,0.08600400390146191,2026-03-19 00:15:03.344126258+00:00,166.805,2026-03-19 00:15:03.094126258+00:00,pending_cancel,pressure_stop_bid,2026-03-19 00:15:04.007161572+00:00,2026-03-19 00:15:04.257161572+00:00
2026-03-19 00:15:04.007161572+00:00,409,placed,ask,2202.1,0.11399599609853808,2026-03-19 00:15:04.257161572+00:00,240.979,2026-03-19 00:15:04.007161572+00:00,pending_new,,,
2026-03-19 00:15:04.257161572+00:00,408,cancelled,bid,2200.9,0.08600400390146191,2026-03-19 00:15:03.344126258+00:00,166.805,2026-03-19 00:15:03.094126258+00:00,cancelled,pressure_stop_bid,2026-03-19 00:15:04.007161572+00:00,2026-03-19 00:15:04.257161572+00:00
2026-03-19 00:15:04.575599076+00:00,409,cancel_requested,ask,2202.1,0.11399599609853808,2026-03-19 00:15:04.257161572+00:00,240.979,2026-03-19 00:15:04.007161572+00:00,pending_cancel,pressure_stop_ask,2026-03-19 00:15:04.575599076+00:00,2026-03-19 00:15:04.825599076+00:00
2026-03-19 00:15:04.575599076+00:00,410,placed,bid,2200.9,0.08600400390146191,2026-03-19 00:15:04.825599076+00:00,197.561,2026-03-19 00:15:04.575599076+00:00,pending_new,,,
2026-03-19 00:15:04.825599076+00:00,409,cancelled,ask,2202.1,0.11399599609853808,2026-03-19 00:15:04.257161572+00:00,240.979,2026-03-19 00:15:04.007161572+00:00,cancelled,pressure_stop_ask,2026-03-19 00:15:04.575599076+00:00,2026-03-19 00:15:04.825599076+00:00
2026-03-19 00:15:04.879735053+00:00,411,placed,ask,2202.3,0.11399599609853808,2026-03-19 00:15:05.129735053+00:00,220.31199999999998,2026-03-19 00:15:04.879735053+00:00,pending_new,,,
2026-03-19 00:15:05.036702684+00:00,411,cancel_requested,ask,2202.3,0.11399599609853808,2026-03-19 00:15:05.129735053+00:00,220.31199999999998,2026-03-19 00:15:04.879735053+00:00,pending_cancel,pressure_stop_ask,2026-03-19 00:15:05.036702684+00:00,2026-03-19 00:15:05.286702684+00:00
2026-03-19 00:15:05.036702684+00:00,410,cancel_requested,bid,2200.9,0.08600400390146191,2026-03-19 00:15:04.825599076+00:00,197.561,2026-03-19 00:15:04.575599076+00:00,pending_cancel,refresh_reprice,2026-03-19 00:15:05.036702684+00:00,2026-03-19 00:15:05.286702684+00:00
2026-03-19 00:15:05.286702684+00:00,410,cancelled,bid,2200.9,0.08600400390146191,2026-03-19 00:15:04.825599076+00:00,197.561,2026-03-19 00:15:04.575599076+00:00,cancelled,refresh_reprice,2026-03-19 00:15:05.036702684+00:00,2026-03-19 00:15:05.286702684+00:00
2026-03-19 00:15:05.286702684+00:00,411,cancelled,ask,2202.3,0.11399599609853808,2026-03-19 00:15:05.129735053+00:00,220.31199999999998,2026-03-19 00:15:04.879735053+00:00,cancelled,pressure_stop_ask,2026-03-19 00:15:05.036702684+00:00,2026-03-19 00:15:05.286702684+00:00
2026-03-19 00:15:05.340156728+00:00,412,placed,bid,2201.2,0.08600400390146191,2026-03-19 00:15:05.590156728+00:00,202.332,2026-03-19 00:15:05.340156728+00:00,pending_new,,,
2026-03-19 00:15:05.597386703+00:00,412,cancel_requested,bid,2201.2,0.08600400390146191,2026-03-19 00:15:05.590156728+00:00,202.332,2026-03-19 00:15:05.340156728+00:00,pending_cancel,pressure_stop_bid,2026-03-19 00:15:05.597386703+00:00,2026-03-19 00:15:05.847386703+00:00
2026-03-19 00:15:05.597386703+00:00,413,placed,ask,2202.4,0.11399599609853808,2026-03-19 00:15:05.847386703+00:00,237.245,2026-03-19 00:15:05.597386703+00:00,pending_new,,,
2026-03-19 00:15:05.847386703+00:00,412,cancelled,bid,2201.2,0.08600400390146191,2026-03-19 00:15:05.590156728+00:00,202.332,2026-03-19 00:15:05.340156728+00:00,cancelled,pressure_stop_bid,2026-03-19 00:15:05.597386703+00:00,2026-03-19 00:15:05.847386703+00:00
2026-03-19 00:15:06.821850606+00:00,413,cancel_requested,ask,2202.4,0.11399599609853808,2026-03-19 00:15:05.847386703+00:00,237.245,2026-03-19 00:15:05.597386703+00:00,pending_cancel,pressure_stop_ask,2026-03-19 00:15:06.821850606+00:00,2026-03-19 00:15:07.071850606+00:00
2026-03-19 00:15:06.821850606+00:00,414,placed,bid,2201.2,0.08600400390146191,2026-03-19 00:15:07.071850606+00:00,215.075,2026-03-19 00:15:06.821850606+00:00,pending_new,,,
2026-03-19 00:15:07.071850606+00:00,413,cancelled,ask,2202.4,0.11399599609853808,2026-03-19 00:15:05.847386703+00:00,237.245,2026-03-19 00:15:05.597386703+00:00,cancelled,pressure_stop_ask,2026-03-19 00:15:06.821850606+00:00,2026-03-19 00:15:07.071850606+00:00
2026-03-19 00:15:08.912187351+00:00,414,cancel_requested,bid,2201.2,0.08600400390146191,2026-03-19 00:15:07.071850606+00:00,215.075,2026-03-19 00:15:06.821850606+00:00,pending_cancel,refresh_reprice,2026-03-19 00:15:08.912187351+00:00,2026-03-19 00:15:09.162187351+00:00
2026-03-19 00:15:09.162187351+00:00,414,cancelled,bid,2201.2,0.08600400390146191,2026-03-19 00:15:07.071850606+00:00,215.075,2026-03-19 00:15:06.821850606+00:00,cancelled,refresh_reprice,2026-03-19 00:15:08.912187351+00:00,2026-03-19 00:15:09.162187351+00:00
2026-03-19 00:15:09.170232460+00:00,415,placed,bid,2201.6,0.08600400390146191,2026-03-19 00:15:09.420232460+00:00,175.736,2026-03-19 00:15:09.170232460+00:00,pending_new,,,
2026-03-19 00:15:12.686223569+00:00,415,cancel_requested,bid,2201.6,0.08600400390146191,2026-03-19 00:15:09.420232460+00:00,175.736,2026-03-19 00:15:09.170232460+00:00,pending_cancel,refresh_reprice,2026-03-19 00:15:12.686223569+00:00,2026-03-19 00:15:12.936223569+00:00
2026-03-19 00:15:12.686223569+00:00,416,placed,ask,2202.0,0.11361991965808296,2026-03-19 00:15:12.936223569+00:00,70.899,2026-03-19 00:15:12.686223569+00:00,pending_new,,,
2026-03-19 00:15:12.838150217+00:00,416,cancel_requested,ask,2202.0,0.11361991965808296,2026-03-19 00:15:12.936223569+00:00,70.899,2026-03-19 00:15:12.686223569+00:00,pending_cancel,expected_edge_ask,2026-03-19 00:15:12.838150217+00:00,2026-03-19 00:15:13.088150217+00:00
2026-03-19 00:15:12.936223569+00:00,415,cancelled,bid,2201.6,0.08600400390146191,2026-03-19 00:15:09.420232460+00:00,175.736,2026-03-19 00:15:09.170232460+00:00,cancelled,refresh_reprice,2026-03-19 00:15:12.686223569+00:00,2026-03-19 00:15:12.936223569+00:00
2026-03-19 00:15:12.940684161+00:00,417,placed,bid,2201.2,0.08638008034191705,2026-03-19 00:15:13.190684161+00:00,48.351000000000006,2026-03-19 00:15:12.940684161+00:00,pending_new,,,
2026-03-19 00:15:13.088150217+00:00,416,cancelled,ask,2202.0,0.11361991965808296,2026-03-19 00:15:12.936223569+00:00,70.899,2026-03-19 00:15:12.686223569+00:00,cancelled,expected_edge_ask,2026-03-19 00:15:12.838150217+00:00,2026-03-19 00:15:13.088150217+00:00
2026-03-19 00:15:13.138165934+00:00,418,placed,ask,2201.9,0.11361991965808296,2026-03-19 00:15:13.388165934+00:00,128.89600000000002,2026-03-19 00:15:13.138165934+00:00,pending_new,,,
2026-03-19 00:15:13.398134801+00:00,418,cancel_requested,ask,2201.9,0.11361991965808296,2026-03-19 00:15:13.388165934+00:00,128.89600000000002,2026-03-19 00:15:13.138165934+00:00,pending_cancel,pressure_stop_ask,2026-03-19 00:15:13.398134801+00:00,2026-03-19 00:15:13.648134801+00:00
2026-03-19 00:15:13.648134801+00:00,418,cancelled,ask,2201.9,0.11361991965808296,2026-03-19 00:15:13.388165934+00:00,128.89600000000002,2026-03-19 00:15:13.138165934+00:00,cancelled,pressure_stop_ask,2026-03-19 00:15:13.398134801+00:00,2026-03-19 00:15:13.648134801+00:00
2026-03-19 00:15:14.317475096+00:00,417,cancel_requested,bid,2201.2,0.08638008034191705,2026-03-19 00:15:13.190684161+00:00,48.351000000000006,2026-03-19 00:15:12.940684161+00:00,pending_cancel,pressure_stop_bid,2026-03-19 00:15:14.317475096+00:00,2026-03-19 00:15:14.567475096+00:00
2026-03-19 00:15:14.317475096+00:00,419,placed,ask,2201.9,0.11361991965808296,2026-03-19 00:15:14.567475096+00:00,136.15699999999998,2026-03-19 00:15:14.317475096+00:00,pending_new,,,
2026-03-19 00:15:14.567475096+00:00,417,cancelled,bid,2201.2,0.08638008034191705,2026-03-19 00:15:13.190684161+00:00,48.351000000000006,2026-03-19 00:15:12.940684161+00:00,cancelled,pressure_stop_bid,2026-03-19 00:15:14.317475096+00:00,2026-03-19 00:15:14.567475096+00:00
2026-03-19 00:15:16.446853473+00:00,419,cancel_requested,ask,2201.9,0.11361991965808296,2026-03-19 00:15:14.567475096+00:00,136.15699999999998,2026-03-19 00:15:14.317475096+00:00,pending_cancel,expected_edge_ask,2026-03-19 00:15:16.446853473+00:00,2026-03-19 00:15:16.696853473+00:00
2026-03-19 00:15:16.446853473+00:00,420,placed,bid,2201.2,0.08638008034191705,2026-03-19 00:15:16.696853473+00:00,66.824,2026-03-19 00:15:16.446853473+00:00,pending_new,,,
2026-03-19 00:15:16.696853473+00:00,419,cancelled,ask,2201.9,0.11361991965808296,2026-03-19 00:15:14.567475096+00:00,136.15699999999998,2026-03-19 00:15:14.317475096+00:00,cancelled,expected_edge_ask,2026-03-19 00:15:16.446853473+00:00,2026-03-19 00:15:16.696853473+00:00
2026-03-19 00:15:17.227493017+00:00,420,cancel_requested,bid,2201.2,0.08638008034191705,2026-03-19 00:15:16.696853473+00:00,66.824,2026-03-19 00:15:16.446853473+00:00,pending_cancel,pressure_stop_bid,2026-03-19 00:15:17.227493017+00:00,2026-03-19 00:15:17.477493017+00:00
2026-03-19 00:15:17.227493017+00:00,421,placed,ask,2201.8,0.11361991965808296,2026-03-19 00:15:17.477493017+00:00,111.477,2026-03-19 00:15:17.227493017+00:00,pending_new,,,
2026-03-19 00:15:17.477493017+00:00,420,cancelled,bid,2201.2,0.08638008034191705,2026-03-19 00:15:16.696853473+00:00,66.824,2026-03-19 00:15:16.446853473+00:00,cancelled,pressure_stop_bid,2026-03-19 00:15:17.227493017+00:00,2026-03-19 00:15:17.477493017+00:00
2026-03-19 00:15:17.637114703+00:00,421,cancel_requested,ask,2201.8,0.11361991965808296,2026-03-19 00:15:17.477493017+00:00,111.477,2026-03-19 00:15:17.227493017+00:00,pending_cancel,expected_edge_ask,2026-03-19 00:15:17.637114703+00:00,2026-03-19 00:15:17.887114703+00:00
2026-03-19 00:15:17.637114703+00:00,422,placed,bid,2201.0,0.08638008034191705,2026-03-19 00:15:17.887114703+00:00,106.441,2026-03-19 00:15:17.637114703+00:00,pending_new,,,
2026-03-19 00:15:17.887114703+00:00,421,cancelled,ask,2201.8,0.11361991965808296,2026-03-19 00:15:17.477493017+00:00,111.477,2026-03-19 00:15:17.227493017+00:00,cancelled,expected_edge_ask,2026-03-19 00:15:17.637114703+00:00,2026-03-19 00:15:17.887114703+00:00
2026-03-19 00:15:20.087452862+00:00,422,cancel_requested,bid,2201.0,0.08638008034191705,2026-03-19 00:15:17.887114703+00:00,106.441,2026-03-19 00:15:17.637114703+00:00,pending_cancel,pressure_stop_bid,2026-03-19 00:15:20.087452862+00:00,2026-03-19 00:15:20.337452862+00:00
2026-03-19 00:15:20.087452862+00:00,423,placed,ask,2201.7,0.11361991965808296,2026-03-19 00:15:20.337452862+00:00,144.334,2026-03-19 00:15:20.087452862+00:00,pending_new,,,
2026-03-19 00:15:20.337452862+00:00,422,cancelled,bid,2201.0,0.08638008034191705,2026-03-19 00:15:17.887114703+00:00,106.441,2026-03-19 00:15:17.637114703+00:00,cancelled,pressure_stop_bid,2026-03-19 00:15:20.087452862+00:00,2026-03-19 00:15:20.337452862+00:00
2026-03-19 00:15:20.342424942+00:00,424,placed,bid,2201.0,0.08638008034191705,2026-03-19 00:15:20.592424942+00:00,137.264,2026-03-19 00:15:20.342424942+00:00,pending_new,,,
2026-03-19 00:15:20.394199518+00:00,423,cancel_requested,ask,2201.7,0.11361991965808296,2026-03-19 00:15:20.337452862+00:00,144.334,2026-03-19 00:15:20.087452862+00:00,pending_cancel,expected_edge_ask,2026-03-19 00:15:20.394199518+00:00,2026-03-19 00:15:20.644199518+00:00
2026-03-19 00:15:20.644199518+00:00,423,cancelled,ask,2201.7,0.11361991965808296,2026-03-19 00:15:20.337452862+00:00,144.334,2026-03-19 00:15:20.087452862+00:00,cancelled,expected_edge_ask,2026-03-19 00:15:20.394199518+00:00,2026-03-19 00:15:20.644199518+00:00
2026-03-19 00:15:30.342424942+00:00,424,cancel_requested,bid,2201.0,0.08638008034191705,2026-03-19 00:15:20.592424942+00:00,137.264,2026-03-19 00:15:20.342424942+00:00,pending_cancel,quote_age_expired,2026-03-19 00:15:30.342424942+00:00,2026-03-19 00:15:30.592424942+00:00
2026-03-19 00:15:30.343088324+00:00,425,placed,ask,2201.8,0.11361991965808296,2026-03-19 00:15:30.593088324+00:00,61.79299999999999,2026-03-19 00:15:30.343088324+00:00,pending_new,,,
2026-03-19 00:15:30.592424942+00:00,424,cancelled,bid,2201.0,0.08638008034191705,2026-03-19 00:15:20.592424942+00:00,137.264,2026-03-19 00:15:20.342424942+00:00,cancelled,quote_age_expired,2026-03-19 00:15:30.342424942+00:00,2026-03-19 00:15:30.592424942+00:00
2026-03-19 00:15:30.596543692+00:00,426,placed,bid,2201.2,0.08638008034191705,2026-03-19 00:15:30.846543692+00:00,121.352,2026-03-19 00:15:30.596543692+00:00,pending_new,,,
2026-03-19 00:15:31.413785671+00:00,426,cancel_requested,bid,2201.2,0.08638008034191705,2026-03-19 00:15:30.846543692+00:00,121.352,2026-03-19 00:15:30.596543692+00:00,pending_cancel,pressure_stop_bid,2026-03-19 00:15:31.413785671+00:00,2026-03-19 00:15:31.663785671+00:00
2026-03-19 00:15:31.567058965+00:00,425,cancel_requested,ask,2201.8,0.11361991965808296,2026-03-19 00:15:30.593088324+00:00,61.79299999999999,2026-03-19 00:15:30.343088324+00:00,pending_cancel,refresh_reprice,2026-03-19 00:15:31.567058965+00:00,2026-03-19 00:15:31.817058965+00:00
2026-03-19 00:15:31.663785671+00:00,426,cancelled,bid,2201.2,0.08638008034191705,2026-03-19 00:15:30.846543692+00:00,121.352,2026-03-19 00:15:30.596543692+00:00,cancelled,pressure_stop_bid,2026-03-19 00:15:31.413785671+00:00,2026-03-19 00:15:31.663785671+00:00
2026-03-19 00:15:31.668168953+00:00,427,placed,bid,2200.8,0.08638008034191705,2026-03-19 00:15:31.918168953+00:00,98.771,2026-03-19 00:15:31.668168953+00:00,pending_new,,,
2026-03-19 00:15:31.692223202+00:00,427,cancel_requested,bid,2200.8,0.08638008034191705,2026-03-19 00:15:31.918168953+00:00,98.771,2026-03-19 00:15:31.668168953+00:00,pending_cancel,pressure_stop_bid,2026-03-19 00:15:31.692223202+00:00,2026-03-19 00:15:31.942223202+00:00
2026-03-19 00:15:31.817058965+00:00,425,cancelled,ask,2201.8,0.11361991965808296,2026-03-19 00:15:30.593088324+00:00,61.79299999999999,2026-03-19 00:15:30.343088324+00:00,cancelled,refresh_reprice,2026-03-19 00:15:31.567058965+00:00,2026-03-19 00:15:31.817058965+00:00
2026-03-19 00:15:31.865233215+00:00,428,placed,ask,2201.5,0.11361991965808296,2026-03-19 00:15:32.115233215+00:00,91.373,2026-03-19 00:15:31.865233215+00:00,pending_new,,,
2026-03-19 00:15:31.942223202+00:00,427,cancelled,bid,2200.8,0.08638008034191705,2026-03-19 00:15:31.918168953+00:00,98.771,2026-03-19 00:15:31.668168953+00:00,cancelled,pressure_stop_bid,2026-03-19 00:15:31.692223202+00:00,2026-03-19 00:15:31.942223202+00:00
2026-03-19 00:15:31.975310313+00:00,429,placed,bid,2200.8,0.08638008034191705,2026-03-19 00:15:32.225310313+00:00,39.28,2026-03-19 00:15:31.975310313+00:00,pending_new,,,
2026-03-19 00:15:32.025387980+00:00,429,cancel_requested,bid,2200.8,0.08638008034191705,2026-03-19 00:15:32.225310313+00:00,39.28,2026-03-19 00:15:31.975310313+00:00,pending_cancel,pressure_stop_bid,2026-03-19 00:15:32.025387980+00:00,2026-03-19 00:15:32.275387980+00:00
2026-03-19 00:15:32.025387980+00:00,428,resized,ask,2201.5,0.1133408349586786,2026-03-19 00:15:32.115233215+00:00,91.373,,,preserve_queue_priority,,
2026-03-19 00:15:32.275387980+00:00,429,cancelled,bid,2200.8,0.08638008034191705,2026-03-19 00:15:32.225310313+00:00,39.28,2026-03-19 00:15:31.975310313+00:00,cancelled,pressure_stop_bid,2026-03-19 00:15:32.025387980+00:00,2026-03-19 00:15:32.275387980+00:00
2026-03-19 00:15:32.293391824+00:00,430,placed,bid,2200.8,0.08665916504132141,2026-03-19 00:15:32.543391824+00:00,61.435,2026-03-19 00:15:32.293391824+00:00,pending_new,,,
2026-03-19 00:15:32.630600661+00:00,428,cancel_requested,ask,2201.5,0.1133408349586786,2026-03-19 00:15:32.115233215+00:00,91.373,2026-03-19 00:15:31.865233215+00:00,pending_cancel,expected_edge_ask,2026-03-19 00:15:32.630600661+00:00,2026-03-19 00:15:32.880600661+00:00
2026-03-19 00:15:32.880600661+00:00,428,cancelled,ask,2201.5,0.1133408349586786,2026-03-19 00:15:32.115233215+00:00,91.373,2026-03-19 00:15:31.865233215+00:00,cancelled,expected_edge_ask,2026-03-19 00:15:32.630600661+00:00,2026-03-19 00:15:32.880600661+00:00
2026-03-19 00:15:39.436178725+00:00,431,placed,ask,2201.6,0.1133408349586786,2026-03-19 00:15:39.686178725+00:00,128.148,2026-03-19 00:15:39.436178725+00:00,pending_new,,,
2026-03-19 00:15:39.733737623+00:00,431,cancel_requested,ask,2201.6,0.1133408349586786,2026-03-19 00:15:39.686178725+00:00,128.148,2026-03-19 00:15:39.436178725+00:00,pending_cancel,expected_edge_ask,2026-03-19 00:15:39.733737623+00:00,2026-03-19 00:15:39.983737623+00:00
2026-03-19 00:15:39.983737623+00:00,431,cancelled,ask,2201.6,0.1133408349586786,2026-03-19 00:15:39.686178725+00:00,128.148,2026-03-19 00:15:39.436178725+00:00,cancelled,expected_edge_ask,2026-03-19 00:15:39.733737623+00:00,2026-03-19 00:15:39.983737623+00:00
2026-03-19 00:15:42.293391824+00:00,430,cancel_requested,bid,2200.8,0.08665916504132141,2026-03-19 00:15:32.543391824+00:00,61.435,2026-03-19 00:15:32.293391824+00:00,pending_cancel,quote_age_expired,2026-03-19 00:15:42.293391824+00:00,2026-03-19 00:15:42.543391824+00:00
2026-03-19 00:15:42.543391824+00:00,430,cancelled,bid,2200.8,0.08665916504132141,2026-03-19 00:15:32.543391824+00:00,61.435,2026-03-19 00:15:32.293391824+00:00,cancelled,quote_age_expired,2026-03-19 00:15:42.293391824+00:00,2026-03-19 00:15:42.543391824+00:00
2026-03-19 00:15:42.736922960+00:00,432,placed,bid,2201.0,0.08665916504132141,2026-03-19 00:15:42.986922960+00:00,124.73100000000001,2026-03-19 00:15:42.736922960+00:00,pending_new,,,
2026-03-19 00:15:47.801179561+00:00,433,placed,ask,2201.7,0.1133408349586786,2026-03-19 00:15:48.051179561+00:00,98.638,2026-03-19 00:15:47.801179561+00:00,pending_new,,,
2026-03-19 00:15:48.102552378+00:00,433,cancel_requested,ask,2201.7,0.1133408349586786,2026-03-19 00:15:48.051179561+00:00,98.638,2026-03-19 00:15:47.801179561+00:00,pending_cancel,expected_edge_ask,2026-03-19 00:15:48.102552378+00:00,2026-03-19 00:15:48.352552378+00:00
2026-03-19 00:15:48.352552378+00:00,433,cancelled,ask,2201.7,0.1133408349586786,2026-03-19 00:15:48.051179561+00:00,98.638,2026-03-19 00:15:47.801179561+00:00,cancelled,expected_edge_ask,2026-03-19 00:15:48.102552378+00:00,2026-03-19 00:15:48.352552378+00:00
2026-03-19 00:15:52.736922960+00:00,432,cancel_requested,bid,2201.0,0.08665916504132141,2026-03-19 00:15:42.986922960+00:00,124.73100000000001,2026-03-19 00:15:42.736922960+00:00,pending_cancel,quote_age_expired,2026-03-19 00:15:52.736922960+00:00,2026-03-19 00:15:52.986922960+00:00
2026-03-19 00:15:52.986922960+00:00,432,cancelled,bid,2201.0,0.08665916504132141,2026-03-19 00:15:42.986922960+00:00,124.73100000000001,2026-03-19 00:15:42.736922960+00:00,cancelled,quote_age_expired,2026-03-19 00:15:52.736922960+00:00,2026-03-19 00:15:52.986922960+00:00
2026-03-19 00:15:53.047214446+00:00,434,placed,bid,2201.1,0.08690375153651281,2026-03-19 00:15:53.297214446+00:00,114.122,2026-03-19 00:15:53.047214446+00:00,pending_new,,,
2026-03-19 00:15:55.049610885+00:00,434,cancel_requested,bid,2201.1,0.08690375153651281,2026-03-19 00:15:53.297214446+00:00,114.122,2026-03-19 00:15:53.047214446+00:00,pending_cancel,refresh_reprice,2026-03-19 00:15:55.049610885+00:00,2026-03-19 00:15:55.299610885+00:00
2026-03-19 00:15:55.299610885+00:00,434,cancelled,bid,2201.1,0.08690375153651281,2026-03-19 00:15:53.297214446+00:00,114.122,2026-03-19 00:15:53.047214446+00:00,cancelled,refresh_reprice,2026-03-19 00:15:55.049610885+00:00,2026-03-19 00:15:55.299610885+00:00
2026-03-19 00:15:55.611263311+00:00,435,placed,bid,2201.3,0.08690375153651281,2026-03-19 00:15:55.861263311+00:00,66.52,2026-03-19 00:15:55.611263311+00:00,pending_new,,,
2026-03-19 00:15:55.815143436+00:00,435,cancel_requested,bid,2201.3,0.08690375153651281,2026-03-19 00:15:55.861263311+00:00,66.52,2026-03-19 00:15:55.611263311+00:00,pending_cancel,pressure_stop_bid,2026-03-19 00:15:55.815143436+00:00,2026-03-19 00:15:56.065143436+00:00
2026-03-19 00:15:55.815143436+00:00,436,placed,ask,2201.9,0.1130962484634872,2026-03-19 00:15:56.065143436+00:00,160.163,2026-03-19 00:15:55.815143436+00:00,pending_new,,,
2026-03-19 00:15:55.861339095+00:00,436,cancel_requested,ask,2201.9,0.1130962484634872,2026-03-19 00:15:56.065143436+00:00,160.163,2026-03-19 00:15:55.815143436+00:00,pending_cancel,refresh_reprice,2026-03-19 00:15:55.861339095+00:00,2026-03-19 00:15:56.111339095+00:00
2026-03-19 00:15:56.065143436+00:00,435,cancelled,bid,2201.3,0.08690375153651281,2026-03-19 00:15:55.861263311+00:00,66.52,2026-03-19 00:15:55.611263311+00:00,cancelled,pressure_stop_bid,2026-03-19 00:15:55.815143436+00:00,2026-03-19 00:15:56.065143436+00:00
2026-03-19 00:15:56.111339095+00:00,436,cancelled,ask,2201.9,0.1130962484634872,2026-03-19 00:15:56.065143436+00:00,160.163,2026-03-19 00:15:55.815143436+00:00,cancelled,refresh_reprice,2026-03-19 00:15:55.861339095+00:00,2026-03-19 00:15:56.111339095+00:00
2026-03-19 00:15:56.162861572+00:00,437,placed,ask,2201.7,0.1130962484634872,2026-03-19 00:15:56.412861572+00:00,183.538,2026-03-19 00:15:56.162861572+00:00,pending_new,,,
2026-03-19 00:16:01.325891761+00:00,437,cancel_requested,ask,2201.7,0.1130962484634872,2026-03-19 00:15:56.412861572+00:00,183.538,2026-03-19 00:15:56.162861572+00:00,pending_cancel,refresh_reprice,2026-03-19 00:16:01.325891761+00:00,2026-03-19 00:16:01.575891761+00:00
2026-03-19 00:16:01.575891761+00:00,437,cancelled,ask,2201.7,0.1130962484634872,2026-03-19 00:15:56.412861572+00:00,183.538,2026-03-19 00:15:56.162861572+00:00,cancelled,refresh_reprice,2026-03-19 00:16:01.325891761+00:00,2026-03-19 00:16:01.575891761+00:00
2026-03-19 00:16:01.632771072+00:00,438,placed,ask,2200.9,0.1130962484634872,2026-03-19 00:16:01.882771072+00:00,111.30099999999999,2026-03-19 00:16:01.632771072+00:00,pending_new,,,
2026-03-19 00:16:01.786692230+00:00,438,cancel_requested,ask,2200.9,0.1130962484634872,2026-03-19 00:16:01.882771072+00:00,111.30099999999999,2026-03-19 00:16:01.632771072+00:00,pending_cancel,refresh_reprice,2026-03-19 00:16:01.786692230+00:00,2026-03-19 00:16:02.036692230+00:00
2026-03-19 00:16:02.036692230+00:00,438,cancelled,ask,2200.9,0.1130962484634872,2026-03-19 00:16:01.882771072+00:00,111.30099999999999,2026-03-19 00:16:01.632771072+00:00,cancelled,refresh_reprice,2026-03-19 00:16:01.786692230+00:00,2026-03-19 00:16:02.036692230+00:00
2026-03-19 00:16:02.037418947+00:00,439,placed,ask,2200.7,0.1130962484634872,2026-03-19 00:16:02.287418947+00:00,104.589,2026-03-19 00:16:02.037418947+00:00,pending_new,,,
2026-03-19 00:16:07.553348213+00:00,439,cancel_requested,ask,2200.7,0.1130962484634872,2026-03-19 00:16:02.287418947+00:00,104.589,2026-03-19 00:16:02.037418947+00:00,pending_cancel,pressure_stop_ask,2026-03-19 00:16:07.553348213+00:00,2026-03-19 00:16:07.803348213+00:00
2026-03-19 00:16:07.553348213+00:00,440,placed,bid,2200.0,0.08690375153651281,2026-03-19 00:16:07.803348213+00:00,112.32,2026-03-19 00:16:07.553348213+00:00,pending_new,,,
2026-03-19 00:16:07.803348213+00:00,439,cancelled,ask,2200.7,0.1130962484634872,2026-03-19 00:16:02.287418947+00:00,104.589,2026-03-19 00:16:02.037418947+00:00,cancelled,pressure_stop_ask,2026-03-19 00:16:07.553348213+00:00,2026-03-19 00:16:07.803348213+00:00
2026-03-19 00:16:07.808591344+00:00,441,placed,ask,2200.6,0.1130962484634872,2026-03-19 00:16:08.058591344+00:00,63.702,2026-03-19 00:16:07.808591344+00:00,pending_new,,,
2026-03-19 00:16:08.970912081+00:00,440,cancel_requested,bid,2200.0,0.08690375153651281,2026-03-19 00:16:07.803348213+00:00,112.32,2026-03-19 00:16:07.553348213+00:00,pending_cancel,pressure_stop_bid,2026-03-19 00:16:08.970912081+00:00,2026-03-19 00:16:09.220912081+00:00
2026-03-19 00:16:09.220912081+00:00,440,cancelled,bid,2200.0,0.08690375153651281,2026-03-19 00:16:07.803348213+00:00,112.32,2026-03-19 00:16:07.553348213+00:00,cancelled,pressure_stop_bid,2026-03-19 00:16:08.970912081+00:00,2026-03-19 00:16:09.220912081+00:00
2026-03-19 00:16:10.818086394+00:00,441,cancel_requested,ask,2200.6,0.1130962484634872,2026-03-19 00:16:08.058591344+00:00,63.702,2026-03-19 00:16:07.808591344+00:00,pending_cancel,expected_edge_ask,2026-03-19 00:16:10.818086394+00:00,2026-03-19 00:16:11.068086394+00:00
2026-03-19 00:16:10.818086394+00:00,442,placed,bid,2199.6,0.08690375153651281,2026-03-19 00:16:11.068086394+00:00,77.956,2026-03-19 00:16:10.818086394+00:00,pending_new,,,
2026-03-19 00:16:11.058646918+00:00,442,cancel_requested,bid,2199.6,0.08690375153651281,2026-03-19 00:16:11.068086394+00:00,77.956,2026-03-19 00:16:10.818086394+00:00,pending_cancel,pressure_stop_bid,2026-03-19 00:16:11.058646918+00:00,2026-03-19 00:16:11.308646918+00:00
2026-03-19 00:16:11.068086394+00:00,441,cancelled,ask,2200.6,0.1130962484634872,2026-03-19 00:16:08.058591344+00:00,63.702,2026-03-19 00:16:07.808591344+00:00,cancelled,expected_edge_ask,2026-03-19 00:16:10.818086394+00:00,2026-03-19 00:16:11.068086394+00:00
2026-03-19 00:16:11.079021400+00:00,443,placed,ask,2200.2,0.1130962484634872,2026-03-19 00:16:11.329021400+00:00,96.972,2026-03-19 00:16:11.079021400+00:00,pending_new,,,
2026-03-19 00:16:11.308646918+00:00,442,cancelled,bid,2199.6,0.08690375153651281,2026-03-19 00:16:11.068086394+00:00,77.956,2026-03-19 00:16:10.818086394+00:00,cancelled,pressure_stop_bid,2026-03-19 00:16:11.058646918+00:00,2026-03-19 00:16:11.308646918+00:00
2026-03-19 00:16:16.274827726+00:00,443,cancel_requested,ask,2200.2,0.1130962484634872,2026-03-19 00:16:11.329021400+00:00,96.972,2026-03-19 00:16:11.079021400+00:00,pending_cancel,expected_edge_ask,2026-03-19 00:16:16.274827726+00:00,2026-03-19 00:16:16.524827726+00:00
2026-03-19 00:16:16.274827726+00:00,444,placed,bid,2199.5,0.08657804591027174,2026-03-19 00:16:16.524827726+00:00,97.321,2026-03-19 00:16:16.274827726+00:00,pending_new,,,
2026-03-19 00:16:16.524827726+00:00,443,cancelled,ask,2200.2,0.1130962484634872,2026-03-19 00:16:11.329021400+00:00,96.972,2026-03-19 00:16:11.079021400+00:00,cancelled,expected_edge_ask,2026-03-19 00:16:16.274827726+00:00,2026-03-19 00:16:16.524827726+00:00
2026-03-19 00:16:16.535378451+00:00,445,placed,ask,2200.1,0.11342195408972827,2026-03-19 00:16:16.785378451+00:00,109.83,2026-03-19 00:16:16.535378451+00:00,pending_new,,,
2026-03-19 00:16:19.558391434+00:00,444,cancel_requested,bid,2199.5,0.08657804591027174,2026-03-19 00:16:16.524827726+00:00,97.321,2026-03-19 00:16:16.274827726+00:00,pending_cancel,pressure_stop_bid,2026-03-19 00:16:19.558391434+00:00,2026-03-19 00:16:19.808391434+00:00
2026-03-19 00:16:19.808391434+00:00,444,cancelled,bid,2199.5,0.08657804591027174,2026-03-19 00:16:16.524827726+00:00,97.321,2026-03-19 00:16:16.274827726+00:00,cancelled,pressure_stop_bid,2026-03-19 00:16:19.558391434+00:00,2026-03-19 00:16:19.808391434+00:00
2026-03-19 00:16:19.848717007+00:00,446,placed,bid,2199.5,0.08657804591027174,2026-03-19 00:16:20.098717007+00:00,55.287000000000006,2026-03-19 00:16:19.848717007+00:00,pending_new,,,
2026-03-19 00:16:19.972886845+00:00,446,cancel_requested,bid,2199.5,0.08657804591027174,2026-03-19 00:16:20.098717007+00:00,55.287000000000006,2026-03-19 00:16:19.848717007+00:00,pending_cancel,pressure_stop_bid,2026-03-19 00:16:19.972886845+00:00,2026-03-19 00:16:20.222886845+00:00
2026-03-19 00:16:20.222886845+00:00,446,cancelled,bid,2199.5,0.08657804591027174,2026-03-19 00:16:20.098717007+00:00,55.287000000000006,2026-03-19 00:16:19.848717007+00:00,cancelled,pressure_stop_bid,2026-03-19 00:16:19.972886845+00:00,2026-03-19 00:16:20.222886845+00:00
2026-03-19 00:16:21.538499477+00:00,445,cancel_requested,ask,2200.1,0.11342195408972827,2026-03-19 00:16:16.785378451+00:00,109.83,2026-03-19 00:16:16.535378451+00:00,pending_cancel,expected_edge_ask,2026-03-19 00:16:21.538499477+00:00,2026-03-19 00:16:21.788499477+00:00
2026-03-19 00:16:21.538499477+00:00,447,placed,bid,2199.4,0.08657804591027174,2026-03-19 00:16:21.788499477+00:00,135.631,2026-03-19 00:16:21.538499477+00:00,pending_new,,,
2026-03-19 00:16:21.788499477+00:00,445,cancelled,ask,2200.1,0.11342195408972827,2026-03-19 00:16:16.785378451+00:00,109.83,2026-03-19 00:16:16.535378451+00:00,cancelled,expected_edge_ask,2026-03-19 00:16:21.538499477+00:00,2026-03-19 00:16:21.788499477+00:00
2026-03-19 00:16:23.282179211+00:00,447,cancel_requested,bid,2199.4,0.08657804591027174,2026-03-19 00:16:21.788499477+00:00,135.631,2026-03-19 00:16:21.538499477+00:00,pending_cancel,pressure_stop_bid,2026-03-19 00:16:23.282179211+00:00,2026-03-19 00:16:23.532179211+00:00
2026-03-19 00:16:23.282179211+00:00,448,placed,ask,2200.0,0.11342195408972827,2026-03-19 00:16:23.532179211+00:00,141.571,2026-03-19 00:16:23.282179211+00:00,pending_new,,,
2026-03-19 00:16:23.532179211+00:00,447,cancelled,bid,2199.4,0.08657804591027174,2026-03-19 00:16:21.788499477+00:00,135.631,2026-03-19 00:16:21.538499477+00:00,cancelled,pressure_stop_bid,2026-03-19 00:16:23.282179211+00:00,2026-03-19 00:16:23.532179211+00:00
2026-03-19 00:16:23.987552528+00:00,448,cancel_requested,ask,2200.0,0.11342195408972827,2026-03-19 00:16:23.532179211+00:00,141.571,2026-03-19 00:16:23.282179211+00:00,pending_cancel,expected_edge_ask,2026-03-19 00:16:23.987552528+00:00,2026-03-19 00:16:24.237552528+00:00
2026-03-19 00:16:23.987552528+00:00,449,placed,bid,2199.5,0.08657804591027174,2026-03-19 00:16:24.237552528+00:00,35.712999999999994,2026-03-19 00:16:23.987552528+00:00,pending_new,,,
2026-03-19 00:16:24.237552528+00:00,448,cancelled,ask,2200.0,0.11342195408972827,2026-03-19 00:16:23.532179211+00:00,141.571,2026-03-19 00:16:23.282179211+00:00,cancelled,expected_edge_ask,2026-03-19 00:16:23.987552528+00:00,2026-03-19 00:16:24.237552528+00:00
2026-03-19 00:16:27.510188185+00:00,449,cancel_requested,bid,2199.5,0.08657804591027174,2026-03-19 00:16:24.237552528+00:00,35.712999999999994,2026-03-19 00:16:23.987552528+00:00,pending_cancel,expected_edge_bid,2026-03-19 00:16:27.510188185+00:00,2026-03-19 00:16:27.760188185+00:00
2026-03-19 00:16:27.760188185+00:00,449,cancelled,bid,2199.5,0.08657804591027174,2026-03-19 00:16:24.237552528+00:00,35.712999999999994,2026-03-19 00:16:23.987552528+00:00,cancelled,expected_edge_bid,2026-03-19 00:16:27.510188185+00:00,2026-03-19 00:16:27.760188185+00:00
2026-03-19 00:16:27.763198698+00:00,450,placed,bid,2199.5,0.08657804591027174,2026-03-19 00:16:28.013198698+00:00,108.518,2026-03-19 00:16:27.763198698+00:00,pending_new,,,
2026-03-19 00:16:29.143917492+00:00,450,cancel_requested,bid,2199.5,0.08657804591027174,2026-03-19 00:16:28.013198698+00:00,108.518,2026-03-19 00:16:27.763198698+00:00,pending_cancel,expected_edge_bid,2026-03-19 00:16:29.143917492+00:00,2026-03-19 00:16:29.393917492+00:00
2026-03-19 00:16:29.393917492+00:00,450,cancelled,bid,2199.5,0.08657804591027174,2026-03-19 00:16:28.013198698+00:00,108.518,2026-03-19 00:16:27.763198698+00:00,cancelled,expected_edge_bid,2026-03-19 00:16:29.143917492+00:00,2026-03-19 00:16:29.393917492+00:00
2026-03-19 00:16:39.654828573+00:00,451,placed,bid,2199.5,0.08689651459077048,2026-03-19 00:16:39.904828573+00:00,112.48400000000001,2026-03-19 00:16:39.654828573+00:00,pending_new,,,
2026-03-19 00:16:46.505936072+00:00,451,cancel_requested,bid,2199.5,0.08689651459077048,2026-03-19 00:16:39.904828573+00:00,112.48400000000001,2026-03-19 00:16:39.654828573+00:00,pending_cancel,refresh_reprice,2026-03-19 00:16:46.505936072+00:00,2026-03-19 00:16:46.755936072+00:00
2026-03-19 00:16:46.608145786+00:00,452,placed,ask,2200.5,0.11310348540922953,2026-03-19 00:16:46.858145786+00:00,43.653999999999996,2026-03-19 00:16:46.608145786+00:00,pending_new,,,
2026-03-19 00:16:46.642033770+00:00,452,cancel_requested,ask,2200.5,0.11310348540922953,2026-03-19 00:16:46.858145786+00:00,43.653999999999996,2026-03-19 00:16:46.608145786+00:00,pending_cancel,expected_edge_ask,2026-03-19 00:16:46.642033770+00:00,2026-03-19 00:16:46.892033770+00:00
2026-03-19 00:16:46.755936072+00:00,451,cancelled,bid,2199.5,0.08689651459077048,2026-03-19 00:16:39.904828573+00:00,112.48400000000001,2026-03-19 00:16:39.654828573+00:00,cancelled,refresh_reprice,2026-03-19 00:16:46.505936072+00:00,2026-03-19 00:16:46.755936072+00:00
2026-03-19 00:16:46.800554339+00:00,453,placed,bid,2199.9,0.08689651459077048,2026-03-19 00:16:47.050554339+00:00,103.009,2026-03-19 00:16:46.800554339+00:00,pending_new,,,
2026-03-19 00:16:46.892033770+00:00,452,cancelled,ask,2200.5,0.11310348540922953,2026-03-19 00:16:46.858145786+00:00,43.653999999999996,2026-03-19 00:16:46.608145786+00:00,cancelled,expected_edge_ask,2026-03-19 00:16:46.642033770+00:00,2026-03-19 00:16:46.892033770+00:00
2026-03-19 00:16:48.392637087+00:00,453,cancel_requested,bid,2199.9,0.08689651459077048,2026-03-19 00:16:47.050554339+00:00,103.009,2026-03-19 00:16:46.800554339+00:00,pending_cancel,pressure_stop_bid,2026-03-19 00:16:48.392637087+00:00,2026-03-19 00:16:48.642637087+00:00
2026-03-19 00:16:48.392637087+00:00,454,placed,ask,2200.5,0.11310348540922953,2026-03-19 00:16:48.642637087+00:00,101.01899999999999,2026-03-19 00:16:48.392637087+00:00,pending_new,,,
2026-03-19 00:16:48.642637087+00:00,453,cancelled,bid,2199.9,0.08689651459077048,2026-03-19 00:16:47.050554339+00:00,103.009,2026-03-19 00:16:46.800554339+00:00,cancelled,pressure_stop_bid,2026-03-19 00:16:48.392637087+00:00,2026-03-19 00:16:48.642637087+00:00
2026-03-19 00:16:48.649048121+00:00,455,placed,bid,2199.7,0.08689651459077048,2026-03-19 00:16:48.899048121+00:00,48.604,2026-03-19 00:16:48.649048121+00:00,pending_new,,,
2026-03-19 00:16:48.849696581+00:00,455,cancel_requested,bid,2199.7,0.08689651459077048,2026-03-19 00:16:48.899048121+00:00,48.604,2026-03-19 00:16:48.649048121+00:00,pending_cancel,pressure_stop_bid,2026-03-19 00:16:48.849696581+00:00,2026-03-19 00:16:49.099696581+00:00
2026-03-19 00:16:48.849696581+00:00,454,cancel_requested,ask,2200.5,0.11310348540922953,2026-03-19 00:16:48.642637087+00:00,101.01899999999999,2026-03-19 00:16:48.392637087+00:00,pending_cancel,refresh_reprice,2026-03-19 00:16:48.849696581+00:00,2026-03-19 00:16:49.099696581+00:00
2026-03-19 00:16:49.099696581+00:00,455,cancelled,bid,2199.7,0.08689651459077048,2026-03-19 00:16:48.899048121+00:00,48.604,2026-03-19 00:16:48.649048121+00:00,cancelled,pressure_stop_bid,2026-03-19 00:16:48.849696581+00:00,2026-03-19 00:16:49.099696581+00:00
2026-03-19 00:16:49.099696581+00:00,454,cancelled,ask,2200.5,0.11310348540922953,2026-03-19 00:16:48.642637087+00:00,101.01899999999999,2026-03-19 00:16:48.392637087+00:00,cancelled,refresh_reprice,2026-03-19 00:16:48.849696581+00:00,2026-03-19 00:16:49.099696581+00:00
2026-03-19 00:16:49.105375142+00:00,456,placed,bid,2199.5,0.08689651459077048,2026-03-19 00:16:49.355375142+00:00,20.839,2026-03-19 00:16:49.105375142+00:00,pending_new,,,
2026-03-19 00:16:49.105375142+00:00,457,placed,ask,2200.1,0.11310348540922953,2026-03-19 00:16:49.355375142+00:00,91.89599999999999,2026-03-19 00:16:49.105375142+00:00,pending_new,,,
2026-03-19 00:16:49.413978523+00:00,456,cancel_requested,bid,2199.5,0.08689651459077048,2026-03-19 00:16:49.355375142+00:00,20.839,2026-03-19 00:16:49.105375142+00:00,pending_cancel,pressure_stop_bid,2026-03-19 00:16:49.413978523+00:00,2026-03-19 00:16:49.663978523+00:00
2026-03-19 00:16:49.663978523+00:00,456,cancelled,bid,2199.5,0.08689651459077048,2026-03-19 00:16:49.355375142+00:00,20.839,2026-03-19 00:16:49.105375142+00:00,cancelled,pressure_stop_bid,2026-03-19 00:16:49.413978523+00:00,2026-03-19 00:16:49.663978523+00:00
2026-03-19 00:16:50.027858559+00:00,458,placed,bid,2199.3,0.08689651459077048,2026-03-19 00:16:50.277858559+00:00,49.18,2026-03-19 00:16:50.027858559+00:00,pending_new,,,
2026-03-19 00:16:50.230411548+00:00,457,cancel_requested,ask,2200.1,0.11310348540922953,2026-03-19 00:16:49.355375142+00:00,91.89599999999999,2026-03-19 00:16:49.105375142+00:00,pending_cancel,expected_edge_ask,2026-03-19 00:16:50.230411548+00:00,2026-03-19 00:16:50.480411548+00:00
2026-03-19 00:16:50.480411548+00:00,457,cancelled,ask,2200.1,0.11310348540922953,2026-03-19 00:16:49.355375142+00:00,91.89599999999999,2026-03-19 00:16:49.105375142+00:00,cancelled,expected_edge_ask,2026-03-19 00:16:50.230411548+00:00,2026-03-19 00:16:50.480411548+00:00
2026-03-19 00:16:59.164695563+00:00,458,cancel_requested,bid,2199.3,0.08689651459077048,2026-03-19 00:16:50.277858559+00:00,49.18,2026-03-19 00:16:50.027858559+00:00,pending_cancel,refresh_reprice,2026-03-19 00:16:59.164695563+00:00,2026-03-19 00:16:59.414695563+00:00
2026-03-19 00:16:59.414695563+00:00,458,cancelled,bid,2199.3,0.08689651459077048,2026-03-19 00:16:50.277858559+00:00,49.18,2026-03-19 00:16:50.027858559+00:00,cancelled,refresh_reprice,2026-03-19 00:16:59.164695563+00:00,2026-03-19 00:16:59.414695563+00:00
2026-03-19 00:16:59.458900198+00:00,459,placed,bid,2199.6,0.08738513560272648,2026-03-19 00:16:59.708900198+00:00,182.082,2026-03-19 00:16:59.458900198+00:00,pending_new,,,
2026-03-19 00:17:00.583802264+00:00,459,cancel_requested,bid,2199.6,0.08738513560272648,2026-03-19 00:16:59.708900198+00:00,182.082,2026-03-19 00:16:59.458900198+00:00,pending_cancel,refresh_reprice,2026-03-19 00:17:00.583802264+00:00,2026-03-19 00:17:00.833802264+00:00
2026-03-19 00:17:00.833802264+00:00,459,cancelled,bid,2199.6,0.08738513560272648,2026-03-19 00:16:59.708900198+00:00,182.082,2026-03-19 00:16:59.458900198+00:00,cancelled,refresh_reprice,2026-03-19 00:17:00.583802264+00:00,2026-03-19 00:17:00.833802264+00:00
2026-03-19 00:17:00.843254602+00:00,460,placed,bid,2200.0,0.08738513560272648,2026-03-19 00:17:01.093254602+00:00,202.73000000000002,2026-03-19 00:17:00.843254602+00:00,pending_new,,,
2026-03-19 00:17:01.310035551+00:00,460,cancel_requested,bid,2200.0,0.08738513560272648,2026-03-19 00:17:01.093254602+00:00,202.73000000000002,2026-03-19 00:17:00.843254602+00:00,pending_cancel,pressure_stop_bid,2026-03-19 00:17:01.310035551+00:00,2026-03-19 00:17:01.560035551+00:00
2026-03-19 00:17:01.310035551+00:00,461,placed,ask,2201.1,0.11261486439727353,2026-03-19 00:17:01.560035551+00:00,194.20300000000003,2026-03-19 00:17:01.310035551+00:00,pending_new,,,
2026-03-19 00:17:01.560035551+00:00,460,cancelled,bid,2200.0,0.08738513560272648,2026-03-19 00:17:01.093254602+00:00,202.73000000000002,2026-03-19 00:17:00.843254602+00:00,cancelled,pressure_stop_bid,2026-03-19 00:17:01.310035551+00:00,2026-03-19 00:17:01.560035551+00:00
2026-03-19 00:17:01.814761942+00:00,462,placed,bid,2200.2,0.08738513560272648,2026-03-19 00:17:02.064761942+00:00,35.616,2026-03-19 00:17:01.814761942+00:00,pending_new,,,
2026-03-19 00:17:01.814761942+00:00,461,cancel_requested,ask,2201.1,0.11261486439727353,2026-03-19 00:17:01.560035551+00:00,194.20300000000003,2026-03-19 00:17:01.310035551+00:00,pending_cancel,refresh_reprice,2026-03-19 00:17:01.814761942+00:00,2026-03-19 00:17:02.064761942+00:00
2026-03-19 00:17:02.064761942+00:00,461,cancelled,ask,2201.1,0.11261486439727353,2026-03-19 00:17:01.560035551+00:00,194.20300000000003,2026-03-19 00:17:01.310035551+00:00,cancelled,refresh_reprice,2026-03-19 00:17:01.814761942+00:00,2026-03-19 00:17:02.064761942+00:00
2026-03-19 00:17:02.064888027+00:00,463,placed,ask,2200.8,0.11261486439727353,2026-03-19 00:17:02.314888027+00:00,155.817,2026-03-19 00:17:02.064888027+00:00,pending_new,,,
2026-03-19 00:17:03.453491281+00:00,462,cancel_requested,bid,2200.2,0.08738513560272648,2026-03-19 00:17:02.064761942+00:00,35.616,2026-03-19 00:17:01.814761942+00:00,pending_cancel,pressure_stop_bid,2026-03-19 00:17:03.453491281+00:00,2026-03-19 00:17:03.703491281+00:00
2026-03-19 00:17:03.703491281+00:00,462,cancelled,bid,2200.2,0.08738513560272648,2026-03-19 00:17:02.064761942+00:00,35.616,2026-03-19 00:17:01.814761942+00:00,cancelled,pressure_stop_bid,2026-03-19 00:17:03.453491281+00:00,2026-03-19 00:17:03.703491281+00:00
2026-03-19 00:17:03.947277022+00:00,463,cancel_requested,ask,2200.8,0.11261486439727353,2026-03-19 00:17:02.314888027+00:00,155.817,2026-03-19 00:17:02.064888027+00:00,pending_cancel,refresh_reprice,2026-03-19 00:17:03.947277022+00:00,2026-03-19 00:17:04.197277022+00:00
2026-03-19 00:17:04.197277022+00:00,463,cancelled,ask,2200.8,0.11261486439727353,2026-03-19 00:17:02.314888027+00:00,155.817,2026-03-19 00:17:02.064888027+00:00,cancelled,refresh_reprice,2026-03-19 00:17:03.947277022+00:00,2026-03-19 00:17:04.197277022+00:00
2026-03-19 00:17:04.253695782+00:00,464,placed,ask,2200.5,0.11261486439727353,2026-03-19 00:17:04.503695782+00:00,235.60199999999998,2026-03-19 00:17:04.253695782+00:00,pending_new,,,
2026-03-19 00:17:05.803067696+00:00,464,cancel_requested,ask,2200.5,0.11261486439727353,2026-03-19 00:17:04.503695782+00:00,235.60199999999998,2026-03-19 00:17:04.253695782+00:00,pending_cancel,pressure_stop_ask,2026-03-19 00:17:05.803067696+00:00,2026-03-19 00:17:06.053067696+00:00
2026-03-19 00:17:05.803067696+00:00,465,placed,bid,2199.5,0.08738513560272648,2026-03-19 00:17:06.053067696+00:00,176.627,2026-03-19 00:17:05.803067696+00:00,pending_new,,,
2026-03-19 00:17:06.053067696+00:00,464,cancelled,ask,2200.5,0.11261486439727353,2026-03-19 00:17:04.503695782+00:00,235.60199999999998,2026-03-19 00:17:04.253695782+00:00,cancelled,pressure_stop_ask,2026-03-19 00:17:05.803067696+00:00,2026-03-19 00:17:06.053067696+00:00
2026-03-19 00:17:06.067986388+00:00,466,placed,ask,2200.7,0.11261486439727353,2026-03-19 00:17:06.317986388+00:00,182.067,2026-03-19 00:17:06.067986388+00:00,pending_new,,,
2026-03-19 00:17:06.976707244+00:00,465,cancel_requested,bid,2199.5,0.08738513560272648,2026-03-19 00:17:06.053067696+00:00,176.627,2026-03-19 00:17:05.803067696+00:00,pending_cancel,refresh_reprice,2026-03-19 00:17:06.976707244+00:00,2026-03-19 00:17:07.226707244+00:00
2026-03-19 00:17:06.976707244+00:00,466,cancel_requested,ask,2200.7,0.11261486439727353,2026-03-19 00:17:06.317986388+00:00,182.067,2026-03-19 00:17:06.067986388+00:00,pending_cancel,refresh_reprice,2026-03-19 00:17:06.976707244+00:00,2026-03-19 00:17:07.226707244+00:00
2026-03-19 00:17:07.226707244+00:00,465,cancelled,bid,2199.5,0.08738513560272648,2026-03-19 00:17:06.053067696+00:00,176.627,2026-03-19 00:17:05.803067696+00:00,cancelled,refresh_reprice,2026-03-19 00:17:06.976707244+00:00,2026-03-19 00:17:07.226707244+00:00
2026-03-19 00:17:07.226707244+00:00,466,cancelled,ask,2200.7,0.11261486439727353,2026-03-19 00:17:06.317986388+00:00,182.067,2026-03-19 00:17:06.067986388+00:00,cancelled,refresh_reprice,2026-03-19 00:17:06.976707244+00:00,2026-03-19 00:17:07.226707244+00:00
2026-03-19 00:17:07.269556074+00:00,467,placed,bid,2199.8,0.08738513560272648,2026-03-19 00:17:07.519556074+00:00,108.887,2026-03-19 00:17:07.269556074+00:00,pending_new,,,
2026-03-19 00:17:07.269556074+00:00,468,placed,ask,2200.4,0.11261486439727353,2026-03-19 00:17:07.519556074+00:00,72.839,2026-03-19 00:17:07.269556074+00:00,pending_new,,,
2026-03-19 00:17:07.845862234+00:00,467,cancel_requested,bid,2199.8,0.08738513560272648,2026-03-19 00:17:07.519556074+00:00,108.887,2026-03-19 00:17:07.269556074+00:00,pending_cancel,pressure_stop_bid,2026-03-19 00:17:07.845862234+00:00,2026-03-19 00:17:08.095862234+00:00
2026-03-19 00:17:08.095862234+00:00,467,cancelled,bid,2199.8,0.08738513560272648,2026-03-19 00:17:07.519556074+00:00,108.887,2026-03-19 00:17:07.269556074+00:00,cancelled,pressure_stop_bid,2026-03-19 00:17:07.845862234+00:00,2026-03-19 00:17:08.095862234+00:00
2026-03-19 00:17:08.814272168+00:00,468,cancel_requested,ask,2200.4,0.11261486439727353,2026-03-19 00:17:07.519556074+00:00,72.839,2026-03-19 00:17:07.269556074+00:00,pending_cancel,refresh_reprice,2026-03-19 00:17:08.814272168+00:00,2026-03-19 00:17:09.064272168+00:00
2026-03-19 00:17:09.064272168+00:00,468,cancelled,ask,2200.4,0.11261486439727353,2026-03-19 00:17:07.519556074+00:00,72.839,2026-03-19 00:17:07.269556074+00:00,cancelled,refresh_reprice,2026-03-19 00:17:08.814272168+00:00,2026-03-19 00:17:09.064272168+00:00
2026-03-19 00:17:09.068426234+00:00,469,placed,bid,2198.9,0.08738513560272648,2026-03-19 00:17:09.318426234+00:00,202.497,2026-03-19 00:17:09.068426234+00:00,pending_new,,,
2026-03-19 00:17:09.068426234+00:00,470,placed,ask,2200.2,0.11261486439727353,2026-03-19 00:17:09.318426234+00:00,237.385,2026-03-19 00:17:09.068426234+00:00,pending_new,,,
2026-03-19 00:17:11.153438916+00:00,470,cancel_requested,ask,2200.2,0.11261486439727353,2026-03-19 00:17:09.318426234+00:00,237.385,2026-03-19 00:17:09.068426234+00:00,pending_cancel,pressure_stop_ask,2026-03-19 00:17:11.153438916+00:00,2026-03-19 00:17:11.403438916+00:00
2026-03-19 00:17:11.313606474+00:00,469,cancel_requested,bid,2198.9,0.08738513560272648,2026-03-19 00:17:09.318426234+00:00,202.497,2026-03-19 00:17:09.068426234+00:00,pending_cancel,refresh_reprice,2026-03-19 00:17:11.313606474+00:00,2026-03-19 00:17:11.563606474+00:00
2026-03-19 00:17:11.403438916+00:00,470,cancelled,ask,2200.2,0.11261486439727353,2026-03-19 00:17:09.318426234+00:00,237.385,2026-03-19 00:17:09.068426234+00:00,cancelled,pressure_stop_ask,2026-03-19 00:17:11.153438916+00:00,2026-03-19 00:17:11.403438916+00:00
2026-03-19 00:17:11.563606474+00:00,469,cancelled,bid,2198.9,0.08738513560272648,2026-03-19 00:17:09.318426234+00:00,202.497,2026-03-19 00:17:09.068426234+00:00,cancelled,refresh_reprice,2026-03-19 00:17:11.313606474+00:00,2026-03-19 00:17:11.563606474+00:00
2026-03-19 00:17:11.611274847+00:00,471,placed,bid,2199.2,0.08738513560272648,2026-03-19 00:17:11.861274847+00:00,191.93300000000002,2026-03-19 00:17:11.611274847+00:00,pending_new,,,
2026-03-19 00:17:12.477810538+00:00,471,cancel_requested,bid,2199.2,0.08738513560272648,2026-03-19 00:17:11.861274847+00:00,191.93300000000002,2026-03-19 00:17:11.611274847+00:00,pending_cancel,refresh_reprice,2026-03-19 00:17:12.477810538+00:00,2026-03-19 00:17:12.727810538+00:00
2026-03-19 00:17:12.727810538+00:00,471,cancelled,bid,2199.2,0.08738513560272648,2026-03-19 00:17:11.861274847+00:00,191.93300000000002,2026-03-19 00:17:11.611274847+00:00,cancelled,refresh_reprice,2026-03-19 00:17:12.477810538+00:00,2026-03-19 00:17:12.727810538+00:00
2026-03-19 00:17:12.797978244+00:00,472,placed,bid,2199.5,0.08770581929996828,2026-03-19 00:17:13.047978244+00:00,224.15899999999996,2026-03-19 00:17:12.797978244+00:00,pending_new,,,
2026-03-19 00:17:21.776700636+00:00,472,cancel_requested,bid,2199.5,0.08770581929996828,2026-03-19 00:17:13.047978244+00:00,224.15899999999996,2026-03-19 00:17:12.797978244+00:00,pending_cancel,pressure_stop_bid,2026-03-19 00:17:21.776700636+00:00,2026-03-19 00:17:22.026700636+00:00
2026-03-19 00:17:21.776700636+00:00,473,placed,ask,2200.1,0.11229418070003175,2026-03-19 00:17:22.026700636+00:00,138.08299999999997,2026-03-19 00:17:21.776700636+00:00,pending_new,,,
2026-03-19 00:17:22.026700636+00:00,472,cancelled,bid,2199.5,0.08770581929996828,2026-03-19 00:17:13.047978244+00:00,224.15899999999996,2026-03-19 00:17:12.797978244+00:00,cancelled,pressure_stop_bid,2026-03-19 00:17:21.776700636+00:00,2026-03-19 00:17:22.026700636+00:00
2026-03-19 00:17:22.032770129+00:00,474,placed,bid,2199.2,0.08770581929996828,2026-03-19 00:17:22.282770129+00:00,138.966,2026-03-19 00:17:22.032770129+00:00,pending_new,,,
2026-03-19 00:17:23.669993006+00:00,474,cancel_requested,bid,2199.2,0.08770581929996828,2026-03-19 00:17:22.282770129+00:00,138.966,2026-03-19 00:17:22.032770129+00:00,pending_cancel,pressure_stop_bid,2026-03-19 00:17:23.669993006+00:00,2026-03-19 00:17:23.919993006+00:00
2026-03-19 00:17:23.919993006+00:00,474,cancelled,bid,2199.2,0.08770581929996828,2026-03-19 00:17:22.282770129+00:00,138.966,2026-03-19 00:17:22.032770129+00:00,cancelled,pressure_stop_bid,2026-03-19 00:17:23.669993006+00:00,2026-03-19 00:17:23.919993006+00:00
2026-03-19 00:17:25.170244577+00:00,473,cancel_requested,ask,2200.1,0.11229418070003175,2026-03-19 00:17:22.026700636+00:00,138.08299999999997,2026-03-19 00:17:21.776700636+00:00,pending_cancel,refresh_reprice,2026-03-19 00:17:25.170244577+00:00,2026-03-19 00:17:25.420244577+00:00
2026-03-19 00:17:25.420244577+00:00,473,cancelled,ask,2200.1,0.11229418070003175,2026-03-19 00:17:22.026700636+00:00,138.08299999999997,2026-03-19 00:17:21.776700636+00:00,cancelled,refresh_reprice,2026-03-19 00:17:25.170244577+00:00,2026-03-19 00:17:25.420244577+00:00
2026-03-19 00:17:25.506257540+00:00,475,placed,ask,2199.8,0.11229418070003175,2026-03-19 00:17:25.756257540+00:00,211.649,2026-03-19 00:17:25.506257540+00:00,pending_new,,,
2026-03-19 00:17:32.854719112+00:00,475,resized,ask,2199.8,0.11198870010963113,2026-03-19 00:17:25.756257540+00:00,211.649,,,preserve_queue_priority,,
2026-03-19 00:17:33.419613966+00:00,476,placed,bid,2197.7,0.08801129989036888,2026-03-19 00:17:33.669613966+00:00,137.511,2026-03-19 00:17:33.419613966+00:00,pending_new,,,
2026-03-19 00:17:33.419613966+00:00,475,cancel_requested,ask,2199.8,0.11198870010963113,2026-03-19 00:17:25.756257540+00:00,211.649,2026-03-19 00:17:25.506257540+00:00,pending_cancel,refresh_reprice,2026-03-19 00:17:33.419613966+00:00,2026-03-19 00:17:33.669613966+00:00
2026-03-19 00:17:33.469534546+00:00,476,cancel_requested,bid,2197.7,0.08801129989036888,2026-03-19 00:17:33.669613966+00:00,137.511,2026-03-19 00:17:33.419613966+00:00,pending_cancel,pressure_stop_bid,2026-03-19 00:17:33.469534546+00:00,2026-03-19 00:17:33.719534546+00:00
2026-03-19 00:17:33.669613966+00:00,475,cancelled,ask,2199.8,0.11198870010963113,2026-03-19 00:17:25.756257540+00:00,211.649,2026-03-19 00:17:25.506257540+00:00,cancelled,refresh_reprice,2026-03-19 00:17:33.419613966+00:00,2026-03-19 00:17:33.669613966+00:00
2026-03-19 00:17:33.713198735+00:00,477,placed,ask,2199.1,0.11198870010963113,2026-03-19 00:17:33.963198735+00:00,216.75,2026-03-19 00:17:33.713198735+00:00,pending_new,,,
2026-03-19 00:17:33.719534546+00:00,476,cancelled,bid,2197.7,0.08801129989036888,2026-03-19 00:17:33.669613966+00:00,137.511,2026-03-19 00:17:33.419613966+00:00,cancelled,pressure_stop_bid,2026-03-19 00:17:33.469534546+00:00,2026-03-19 00:17:33.719534546+00:00
2026-03-19 00:17:38.420623767+00:00,477,cancel_requested,ask,2199.1,0.11198870010963113,2026-03-19 00:17:33.963198735+00:00,216.75,2026-03-19 00:17:33.713198735+00:00,pending_cancel,pressure_stop_ask,2026-03-19 00:17:38.420623767+00:00,2026-03-19 00:17:38.670623767+00:00
2026-03-19 00:17:38.420623767+00:00,478,placed,bid,2197.7,0.08801129989036888,2026-03-19 00:17:38.670623767+00:00,222.73299999999998,2026-03-19 00:17:38.420623767+00:00,pending_new,,,
2026-03-19 00:17:38.670623767+00:00,477,cancelled,ask,2199.1,0.11198870010963113,2026-03-19 00:17:33.963198735+00:00,216.75,2026-03-19 00:17:33.713198735+00:00,cancelled,pressure_stop_ask,2026-03-19 00:17:38.420623767+00:00,2026-03-19 00:17:38.670623767+00:00
2026-03-19 00:17:38.728525311+00:00,479,placed,ask,2199.4,0.11198870010963113,2026-03-19 00:17:38.978525311+00:00,231.73700000000002,2026-03-19 00:17:38.728525311+00:00,pending_new,,,
2026-03-19 00:17:38.923115925+00:00,478,cancel_requested,bid,2197.7,0.08801129989036888,2026-03-19 00:17:38.670623767+00:00,222.73299999999998,2026-03-19 00:17:38.420623767+00:00,pending_cancel,refresh_reprice,2026-03-19 00:17:38.923115925+00:00,2026-03-19 00:17:39.173115925+00:00
2026-03-19 00:17:38.923115925+00:00,479,cancel_requested,ask,2199.4,0.11198870010963113,2026-03-19 00:17:38.978525311+00:00,231.73700000000002,2026-03-19 00:17:38.728525311+00:00,pending_cancel,refresh_reprice,2026-03-19 00:17:38.923115925+00:00,2026-03-19 00:17:39.173115925+00:00
2026-03-19 00:17:39.173115925+00:00,478,cancelled,bid,2197.7,0.08801129989036888,2026-03-19 00:17:38.670623767+00:00,222.73299999999998,2026-03-19 00:17:38.420623767+00:00,cancelled,refresh_reprice,2026-03-19 00:17:38.923115925+00:00,2026-03-19 00:17:39.173115925+00:00
2026-03-19 00:17:39.173115925+00:00,479,cancelled,ask,2199.4,0.11198870010963113,2026-03-19 00:17:38.978525311+00:00,231.73700000000002,2026-03-19 00:17:38.728525311+00:00,cancelled,refresh_reprice,2026-03-19 00:17:38.923115925+00:00,2026-03-19 00:17:39.173115925+00:00
2026-03-19 00:17:39.236425944+00:00,480,placed,bid,2198.2,0.08801129989036888,2026-03-19 00:17:39.486425944+00:00,168.41699999999997,2026-03-19 00:17:39.236425944+00:00,pending_new,,,
2026-03-19 00:17:39.236425944+00:00,481,placed,ask,2199.0,0.11198870010963113,2026-03-19 00:17:39.486425944+00:00,52.004,2026-03-19 00:17:39.236425944+00:00,pending_new,,,
2026-03-19 00:17:39.341582247+00:00,480,cancel_requested,bid,2198.2,0.08801129989036888,2026-03-19 00:17:39.486425944+00:00,168.41699999999997,2026-03-19 00:17:39.236425944+00:00,pending_cancel,pressure_stop_bid,2026-03-19 00:17:39.341582247+00:00,2026-03-19 00:17:39.591582247+00:00
2026-03-19 00:17:39.591582247+00:00,480,cancelled,bid,2198.2,0.08801129989036888,2026-03-19 00:17:39.486425944+00:00,168.41699999999997,2026-03-19 00:17:39.236425944+00:00,cancelled,pressure_stop_bid,2026-03-19 00:17:39.341582247+00:00,2026-03-19 00:17:39.591582247+00:00
2026-03-19 00:17:41.838786692+00:00,482,placed,bid,2198.1,0.08801129989036888,2026-03-19 00:17:42.088786692+00:00,174.08100000000002,2026-03-19 00:17:41.838786692+00:00,pending_new,,,
2026-03-19 00:17:49.236425944+00:00,481,cancel_requested,ask,2199.0,0.11198870010963113,2026-03-19 00:17:39.486425944+00:00,52.004,2026-03-19 00:17:39.236425944+00:00,pending_cancel,quote_age_expired,2026-03-19 00:17:49.236425944+00:00,2026-03-19 00:17:49.486425944+00:00
2026-03-19 00:17:49.486425944+00:00,481,cancelled,ask,2199.0,0.11198870010963113,2026-03-19 00:17:39.486425944+00:00,52.004,2026-03-19 00:17:39.236425944+00:00,cancelled,quote_age_expired,2026-03-19 00:17:49.236425944+00:00,2026-03-19 00:17:49.486425944+00:00
2026-03-19 00:17:49.496963638+00:00,483,placed,ask,2198.9,0.11198870010963113,2026-03-19 00:17:49.746963638+00:00,147.964,2026-03-19 00:17:49.496963638+00:00,pending_new,,,
2026-03-19 00:17:50.683851636+00:00,483,cancel_requested,ask,2198.9,0.11198870010963113,2026-03-19 00:17:49.746963638+00:00,147.964,2026-03-19 00:17:49.496963638+00:00,pending_cancel,pressure_stop_ask,2026-03-19 00:17:50.683851636+00:00,2026-03-19 00:17:50.933851636+00:00
2026-03-19 00:17:50.933851636+00:00,483,cancelled,ask,2198.9,0.11198870010963113,2026-03-19 00:17:49.746963638+00:00,147.964,2026-03-19 00:17:49.496963638+00:00,cancelled,pressure_stop_ask,2026-03-19 00:17:50.683851636+00:00,2026-03-19 00:17:50.933851636+00:00
2026-03-19 00:17:51.398481772+00:00,482,cancel_requested,bid,2198.1,0.08801129989036888,2026-03-19 00:17:42.088786692+00:00,174.08100000000002,2026-03-19 00:17:41.838786692+00:00,pending_cancel,pressure_stop_bid,2026-03-19 00:17:51.398481772+00:00,2026-03-19 00:17:51.648481772+00:00
2026-03-19 00:17:51.398481772+00:00,484,placed,ask,2198.9,0.11198870010963113,2026-03-19 00:17:51.648481772+00:00,95.752,2026-03-19 00:17:51.398481772+00:00,pending_new,,,
2026-03-19 00:17:51.648481772+00:00,482,cancelled,bid,2198.1,0.08801129989036888,2026-03-19 00:17:42.088786692+00:00,174.08100000000002,2026-03-19 00:17:41.838786692+00:00,cancelled,pressure_stop_bid,2026-03-19 00:17:51.398481772+00:00,2026-03-19 00:17:51.648481772+00:00
2026-03-19 00:17:56.602813087+00:00,485,placed,bid,2198.0,0.08801456416938831,2026-03-19 00:17:56.852813087+00:00,135.369,2026-03-19 00:17:56.602813087+00:00,pending_new,,,
2026-03-19 00:17:56.602813087+00:00,484,cancel_requested,ask,2198.9,0.11198870010963113,2026-03-19 00:17:51.648481772+00:00,95.752,2026-03-19 00:17:51.398481772+00:00,pending_cancel,refresh_reprice,2026-03-19 00:17:56.602813087+00:00,2026-03-19 00:17:56.852813087+00:00
2026-03-19 00:17:56.852813087+00:00,484,cancelled,ask,2198.9,0.11198870010963113,2026-03-19 00:17:51.648481772+00:00,95.752,2026-03-19 00:17:51.398481772+00:00,cancelled,refresh_reprice,2026-03-19 00:17:56.602813087+00:00,2026-03-19 00:17:56.852813087+00:00
2026-03-19 00:17:56.868503798+00:00,486,placed,ask,2198.7,0.1119854358306117,2026-03-19 00:17:57.118503798+00:00,134.58100000000002,2026-03-19 00:17:56.868503798+00:00,pending_new,,,
2026-03-19 00:17:57.104593784+00:00,485,cancel_requested,bid,2198.0,0.08801456416938831,2026-03-19 00:17:56.852813087+00:00,135.369,2026-03-19 00:17:56.602813087+00:00,pending_cancel,pressure_stop_bid,2026-03-19 00:17:57.104593784+00:00,2026-03-19 00:17:57.354593784+00:00
2026-03-19 00:17:57.354593784+00:00,485,cancelled,bid,2198.0,0.08801456416938831,2026-03-19 00:17:56.852813087+00:00,135.369,2026-03-19 00:17:56.602813087+00:00,cancelled,pressure_stop_bid,2026-03-19 00:17:57.104593784+00:00,2026-03-19 00:17:57.354593784+00:00
2026-03-19 00:18:00.072306277+00:00,486,cancel_requested,ask,2198.7,0.1119854358306117,2026-03-19 00:17:57.118503798+00:00,134.58100000000002,2026-03-19 00:17:56.868503798+00:00,pending_cancel,expected_edge_ask,2026-03-19 00:18:00.072306277+00:00,2026-03-19 00:18:00.322306277+00:00
2026-03-19 00:18:00.072306277+00:00,487,placed,bid,2198.0,0.08801456416938831,2026-03-19 00:18:00.322306277+00:00,132.718,2026-03-19 00:18:00.072306277+00:00,pending_new,,,
2026-03-19 00:18:00.322306277+00:00,486,cancelled,ask,2198.7,0.1119854358306117,2026-03-19 00:17:57.118503798+00:00,134.58100000000002,2026-03-19 00:17:56.868503798+00:00,cancelled,expected_edge_ask,2026-03-19 00:18:00.072306277+00:00,2026-03-19 00:18:00.322306277+00:00
2026-03-19 00:18:00.485113958+00:00,488,placed,ask,2198.8,0.1119854358306117,2026-03-19 00:18:00.735113958+00:00,108.423,2026-03-19 00:18:00.485113958+00:00,pending_new,,,
2026-03-19 00:18:00.637940085+00:00,488,cancel_requested,ask,2198.8,0.1119854358306117,2026-03-19 00:18:00.735113958+00:00,108.423,2026-03-19 00:18:00.485113958+00:00,pending_cancel,expected_edge_ask,2026-03-19 00:18:00.637940085+00:00,2026-03-19 00:18:00.887940085+00:00
2026-03-19 00:18:00.887940085+00:00,488,cancelled,ask,2198.8,0.1119854358306117,2026-03-19 00:18:00.735113958+00:00,108.423,2026-03-19 00:18:00.485113958+00:00,cancelled,expected_edge_ask,2026-03-19 00:18:00.637940085+00:00,2026-03-19 00:18:00.887940085+00:00
2026-03-19 00:18:05.946525344+00:00,487,cancel_requested,bid,2198.0,0.08801456416938831,2026-03-19 00:18:00.322306277+00:00,132.718,2026-03-19 00:18:00.072306277+00:00,pending_cancel,refresh_reprice,2026-03-19 00:18:05.946525344+00:00,2026-03-19 00:18:06.196525344+00:00
2026-03-19 00:18:05.946525344+00:00,489,placed,ask,2199.1,0.1119854358306117,2026-03-19 00:18:06.196525344+00:00,1.254,2026-03-19 00:18:05.946525344+00:00,pending_new,,,
2026-03-19 00:18:05.995078785+00:00,489,cancel_requested,ask,2199.1,0.1119854358306117,2026-03-19 00:18:06.196525344+00:00,1.254,2026-03-19 00:18:05.946525344+00:00,pending_cancel,pressure_stop_ask,2026-03-19 00:18:05.995078785+00:00,2026-03-19 00:18:06.245078785+00:00
2026-03-19 00:18:06.196525344+00:00,487,cancelled,bid,2198.0,0.08801456416938831,2026-03-19 00:18:00.322306277+00:00,132.718,2026-03-19 00:18:00.072306277+00:00,cancelled,refresh_reprice,2026-03-19 00:18:05.946525344+00:00,2026-03-19 00:18:06.196525344+00:00
2026-03-19 00:18:06.197802549+00:00,490,placed,bid,2198.8,0.08801456416938831,2026-03-19 00:18:06.447802549+00:00,104.668,2026-03-19 00:18:06.197802549+00:00,pending_new,,,
2026-03-19 00:18:06.245078785+00:00,489,cancelled,ask,2199.1,0.1119854358306117,2026-03-19 00:18:06.196525344+00:00,1.254,2026-03-19 00:18:05.946525344+00:00,cancelled,pressure_stop_ask,2026-03-19 00:18:05.995078785+00:00,2026-03-19 00:18:06.245078785+00:00
2026-03-19 00:18:07.121293167+00:00,490,cancel_requested,bid,2198.8,0.08801456416938831,2026-03-19 00:18:06.447802549+00:00,104.668,2026-03-19 00:18:06.197802549+00:00,pending_cancel,pressure_stop_bid,2026-03-19 00:18:07.121293167+00:00,2026-03-19 00:18:07.371293167+00:00
2026-03-19 00:18:07.121293167+00:00,491,placed,ask,2199.4,0.1119854358306117,2026-03-19 00:18:07.371293167+00:00,101.979,2026-03-19 00:18:07.121293167+00:00,pending_new,,,
2026-03-19 00:18:07.371293167+00:00,490,cancelled,bid,2198.8,0.08801456416938831,2026-03-19 00:18:06.447802549+00:00,104.668,2026-03-19 00:18:06.197802549+00:00,cancelled,pressure_stop_bid,2026-03-19 00:18:07.121293167+00:00,2026-03-19 00:18:07.371293167+00:00
2026-03-19 00:18:08.751183354+00:00,491,cancel_requested,ask,2199.4,0.1119854358306117,2026-03-19 00:18:07.371293167+00:00,101.979,2026-03-19 00:18:07.121293167+00:00,pending_cancel,expected_edge_ask,2026-03-19 00:18:08.751183354+00:00,2026-03-19 00:18:09.001183354+00:00
2026-03-19 00:18:08.751183354+00:00,492,placed,bid,2198.6,0.08801456416938831,2026-03-19 00:18:09.001183354+00:00,123.87399999999998,2026-03-19 00:18:08.751183354+00:00,pending_new,,,
2026-03-19 00:18:09.001183354+00:00,491,cancelled,ask,2199.4,0.1119854358306117,2026-03-19 00:18:07.371293167+00:00,101.979,2026-03-19 00:18:07.121293167+00:00,cancelled,expected_edge_ask,2026-03-19 00:18:08.751183354+00:00,2026-03-19 00:18:09.001183354+00:00
2026-03-19 00:18:12.270691879+00:00,492,cancel_requested,bid,2198.6,0.08801456416938831,2026-03-19 00:18:09.001183354+00:00,123.87399999999998,2026-03-19 00:18:08.751183354+00:00,pending_cancel,refresh_reprice,2026-03-19 00:18:12.270691879+00:00,2026-03-19 00:18:12.520691879+00:00
2026-03-19 00:18:12.270691879+00:00,493,placed,ask,2199.6,0.11164613438739507,2026-03-19 00:18:12.520691879+00:00,154.88299999999998,2026-03-19 00:18:12.270691879+00:00,pending_new,,,
2026-03-19 00:18:12.321050739+00:00,493,cancel_requested,ask,2199.6,0.11164613438739507,2026-03-19 00:18:12.520691879+00:00,154.88299999999998,2026-03-19 00:18:12.270691879+00:00,pending_cancel,pressure_stop_ask,2026-03-19 00:18:12.321050739+00:00,2026-03-19 00:18:12.571050739+00:00
2026-03-19 00:18:12.520691879+00:00,492,cancelled,bid,2198.6,0.08801456416938831,2026-03-19 00:18:09.001183354+00:00,123.87399999999998,2026-03-19 00:18:08.751183354+00:00,cancelled,refresh_reprice,2026-03-19 00:18:12.270691879+00:00,2026-03-19 00:18:12.520691879+00:00
2026-03-19 00:18:12.530537922+00:00,494,placed,bid,2199.4,0.08835386561260494,2026-03-19 00:18:12.780537922+00:00,50.586000000000006,2026-03-19 00:18:12.530537922+00:00,pending_new,,,
2026-03-19 00:18:12.571050739+00:00,493,cancelled,ask,2199.6,0.11164613438739507,2026-03-19 00:18:12.520691879+00:00,154.88299999999998,2026-03-19 00:18:12.270691879+00:00,cancelled,pressure_stop_ask,2026-03-19 00:18:12.321050739+00:00,2026-03-19 00:18:12.571050739+00:00
2026-03-19 00:18:12.582434529+00:00,495,placed,ask,2200.1,0.11164613438739507,2026-03-19 00:18:12.832434529+00:00,78.38499999999999,2026-03-19 00:18:12.582434529+00:00,pending_new,,,
2026-03-19 00:18:12.627170593+00:00,495,cancel_requested,ask,2200.1,0.11164613438739507,2026-03-19 00:18:12.832434529+00:00,78.38499999999999,2026-03-19 00:18:12.582434529+00:00,pending_cancel,pressure_stop_ask,2026-03-19 00:18:12.627170593+00:00,2026-03-19 00:18:12.877170593+00:00
2026-03-19 00:18:12.877170593+00:00,495,cancelled,ask,2200.1,0.11164613438739507,2026-03-19 00:18:12.832434529+00:00,78.38499999999999,2026-03-19 00:18:12.582434529+00:00,cancelled,pressure_stop_ask,2026-03-19 00:18:12.627170593+00:00,2026-03-19 00:18:12.877170593+00:00
2026-03-19 00:18:12.887431627+00:00,496,placed,ask,2200.1,0.11164613438739507,2026-03-19 00:18:13.137431627+00:00,87.74799999999999,2026-03-19 00:18:12.887431627+00:00,pending_new,,,
2026-03-19 00:18:13.450992623+00:00,496,cancel_requested,ask,2200.1,0.11164613438739507,2026-03-19 00:18:13.137431627+00:00,87.74799999999999,2026-03-19 00:18:12.887431627+00:00,pending_cancel,pressure_stop_ask,2026-03-19 00:18:13.450992623+00:00,2026-03-19 00:18:13.700992623+00:00
2026-03-19 00:18:13.700992623+00:00,496,cancelled,ask,2200.1,0.11164613438739507,2026-03-19 00:18:13.137431627+00:00,87.74799999999999,2026-03-19 00:18:12.887431627+00:00,cancelled,pressure_stop_ask,2026-03-19 00:18:13.450992623+00:00,2026-03-19 00:18:13.700992623+00:00
2026-03-19 00:18:17.583766929+00:00,497,placed,ask,2200.2,0.11164613438739507,2026-03-19 00:18:17.833766929+00:00,163.674,2026-03-19 00:18:17.583766929+00:00,pending_new,,,
2026-03-19 00:18:18.195018492+00:00,494,cancel_requested,bid,2199.4,0.08835386561260494,2026-03-19 00:18:12.780537922+00:00,50.586000000000006,2026-03-19 00:18:12.530537922+00:00,pending_cancel,pressure_stop_bid,2026-03-19 00:18:18.195018492+00:00,2026-03-19 00:18:18.445018492+00:00
2026-03-19 00:18:18.397908236+00:00,497,cancel_requested,ask,2200.2,0.11164613438739507,2026-03-19 00:18:17.833766929+00:00,163.674,2026-03-19 00:18:17.583766929+00:00,pending_cancel,refresh_reprice,2026-03-19 00:18:18.397908236+00:00,2026-03-19 00:18:18.647908236+00:00
2026-03-19 00:18:18.445018492+00:00,494,cancelled,bid,2199.4,0.08835386561260494,2026-03-19 00:18:12.780537922+00:00,50.586000000000006,2026-03-19 00:18:12.530537922+00:00,cancelled,pressure_stop_bid,2026-03-19 00:18:18.195018492+00:00,2026-03-19 00:18:18.445018492+00:00
2026-03-19 00:18:18.474905357+00:00,498,placed,bid,2199.2,0.08835386561260494,2026-03-19 00:18:18.724905357+00:00,144.768,2026-03-19 00:18:18.474905357+00:00,pending_new,,,
2026-03-19 00:18:18.647908236+00:00,497,cancelled,ask,2200.2,0.11164613438739507,2026-03-19 00:18:17.833766929+00:00,163.674,2026-03-19 00:18:17.583766929+00:00,cancelled,refresh_reprice,2026-03-19 00:18:18.397908236+00:00,2026-03-19 00:18:18.647908236+00:00
2026-03-19 00:18:18.677805251+00:00,499,placed,ask,2199.9,0.11164613438739507,2026-03-19 00:18:18.927805251+00:00,60.178,2026-03-19 00:18:18.677805251+00:00,pending_new,,,
2026-03-19 00:18:18.805963094+00:00,498,cancel_requested,bid,2199.2,0.08835386561260494,2026-03-19 00:18:18.724905357+00:00,144.768,2026-03-19 00:18:18.474905357+00:00,pending_cancel,pressure_stop_bid,2026-03-19 00:18:18.805963094+00:00,2026-03-19 00:18:19.055963094+00:00
2026-03-19 00:18:19.055963094+00:00,498,cancelled,bid,2199.2,0.08835386561260494,2026-03-19 00:18:18.724905357+00:00,144.768,2026-03-19 00:18:18.474905357+00:00,cancelled,pressure_stop_bid,2026-03-19 00:18:18.805963094+00:00,2026-03-19 00:18:19.055963094+00:00
2026-03-19 00:18:20.239508420+00:00,499,cancel_requested,ask,2199.9,0.11164613438739507,2026-03-19 00:18:18.927805251+00:00,60.178,2026-03-19 00:18:18.677805251+00:00,pending_cancel,refresh_reprice,2026-03-19 00:18:20.239508420+00:00,2026-03-19 00:18:20.489508420+00:00
2026-03-19 00:18:20.489508420+00:00,499,cancelled,ask,2199.9,0.11164613438739507,2026-03-19 00:18:18.927805251+00:00,60.178,2026-03-19 00:18:18.677805251+00:00,cancelled,refresh_reprice,2026-03-19 00:18:20.239508420+00:00,2026-03-19 00:18:20.489508420+00:00
2026-03-19 00:18:20.492078020+00:00,500,placed,ask,2199.7,0.11164613438739507,2026-03-19 00:18:20.742078020+00:00,128.608,2026-03-19 00:18:20.492078020+00:00,pending_new,,,
2026-03-19 00:18:30.492078020+00:00,500,cancel_requested,ask,2199.7,0.11164613438739507,2026-03-19 00:18:20.742078020+00:00,128.608,2026-03-19 00:18:20.492078020+00:00,pending_cancel,quote_age_expired,2026-03-19 00:18:30.492078020+00:00,2026-03-19 00:18:30.742078020+00:00
2026-03-19 00:18:30.742078020+00:00,500,cancelled,ask,2199.7,0.11164613438739507,2026-03-19 00:18:20.742078020+00:00,128.608,2026-03-19 00:18:20.492078020+00:00,cancelled,quote_age_expired,2026-03-19 00:18:30.492078020+00:00,2026-03-19 00:18:30.742078020+00:00
2026-03-19 00:18:30.782016278+00:00,501,placed,ask,2199.6,0.11164613438739507,2026-03-19 00:18:31.032016278+00:00,111.55199999999999,2026-03-19 00:18:30.782016278+00:00,pending_new,,,
2026-03-19 00:18:35.816060389+00:00,501,resized,ask,2199.6,0.1115129041775057,2026-03-19 00:18:31.032016278+00:00,111.55199999999999,,,preserve_queue_priority,,
2026-03-19 00:18:36.211199565+00:00,501,cancel_requested,ask,2199.6,0.1115129041775057,2026-03-19 00:18:31.032016278+00:00,111.55199999999999,2026-03-19 00:18:30.782016278+00:00,pending_cancel,expected_edge_ask,2026-03-19 00:18:36.211199565+00:00,2026-03-19 00:18:36.461199565+00:00
2026-03-19 00:18:36.211199565+00:00,502,placed,bid,2199.1,0.08848709582249431,2026-03-19 00:18:36.461199565+00:00,61.054,2026-03-19 00:18:36.211199565+00:00,pending_new,,,
2026-03-19 00:18:36.461199565+00:00,501,cancelled,ask,2199.6,0.1115129041775057,2026-03-19 00:18:31.032016278+00:00,111.55199999999999,2026-03-19 00:18:30.782016278+00:00,cancelled,expected_edge_ask,2026-03-19 00:18:36.211199565+00:00,2026-03-19 00:18:36.461199565+00:00
2026-03-19 00:18:43.978791366+00:00,502,cancel_requested,bid,2199.1,0.08848709582249431,2026-03-19 00:18:36.461199565+00:00,61.054,2026-03-19 00:18:36.211199565+00:00,pending_cancel,refresh_reprice,2026-03-19 00:18:43.978791366+00:00,2026-03-19 00:18:44.228791366+00:00
2026-03-19 00:18:44.228791366+00:00,502,cancelled,bid,2199.1,0.08848709582249431,2026-03-19 00:18:36.461199565+00:00,61.054,2026-03-19 00:18:36.211199565+00:00,cancelled,refresh_reprice,2026-03-19 00:18:43.978791366+00:00,2026-03-19 00:18:44.228791366+00:00
2026-03-19 00:18:44.231786818+00:00,503,placed,bid,2199.4,0.08848709582249431,2026-03-19 00:18:44.481786818+00:00,58.65299999999999,2026-03-19 00:18:44.231786818+00:00,pending_new,,,
2026-03-19 00:18:48.364849413+00:00,503,cancel_requested,bid,2199.4,0.08848709582249431,2026-03-19 00:18:44.481786818+00:00,58.65299999999999,2026-03-19 00:18:44.231786818+00:00,pending_cancel,pressure_stop_bid,2026-03-19 00:18:48.364849413+00:00,2026-03-19 00:18:48.614849413+00:00
2026-03-19 00:18:48.364849413+00:00,504,placed,ask,2199.9,0.1115129041775057,2026-03-19 00:18:48.614849413+00:00,175.765,2026-03-19 00:18:48.364849413+00:00,pending_new,,,
2026-03-19 00:18:48.614849413+00:00,503,cancelled,bid,2199.4,0.08848709582249431,2026-03-19 00:18:44.481786818+00:00,58.65299999999999,2026-03-19 00:18:44.231786818+00:00,cancelled,pressure_stop_bid,2026-03-19 00:18:48.364849413+00:00,2026-03-19 00:18:48.614849413+00:00
2026-03-19 00:18:51.585357093+00:00,504,cancel_requested,ask,2199.9,0.1115129041775057,2026-03-19 00:18:48.614849413+00:00,175.765,2026-03-19 00:18:48.364849413+00:00,pending_cancel,refresh_reprice,2026-03-19 00:18:51.585357093+00:00,2026-03-19 00:18:51.835357093+00:00
2026-03-19 00:18:51.835357093+00:00,504,cancelled,ask,2199.9,0.1115129041775057,2026-03-19 00:18:48.614849413+00:00,175.765,2026-03-19 00:18:48.364849413+00:00,cancelled,refresh_reprice,2026-03-19 00:18:51.585357093+00:00,2026-03-19 00:18:51.835357093+00:00
2026-03-19 00:18:51.837737542+00:00,505,placed,ask,2199.7,0.1115129041775057,2026-03-19 00:18:52.087737542+00:00,140.744,2026-03-19 00:18:51.837737542+00:00,pending_new,,,
2026-03-19 00:18:56.917594638+00:00,505,resized,ask,2199.7,0.11128036678736118,2026-03-19 00:18:52.087737542+00:00,140.744,,,preserve_queue_priority,,
2026-03-19 00:19:01.837737542+00:00,505,cancel_requested,ask,2199.7,0.11128036678736118,2026-03-19 00:18:52.087737542+00:00,140.744,2026-03-19 00:18:51.837737542+00:00,pending_cancel,quote_age_expired,2026-03-19 00:19:01.837737542+00:00,2026-03-19 00:19:02.087737542+00:00
2026-03-19 00:19:01.844978635+00:00,506,placed,bid,2198.9,0.08871963321263883,2026-03-19 00:19:02.094978635+00:00,91.2,2026-03-19 00:19:01.844978635+00:00,pending_new,,,
2026-03-19 00:19:02.087737542+00:00,505,cancelled,ask,2199.7,0.11128036678736118,2026-03-19 00:18:52.087737542+00:00,140.744,2026-03-19 00:18:51.837737542+00:00,cancelled,quote_age_expired,2026-03-19 00:19:01.837737542+00:00,2026-03-19 00:19:02.087737542+00:00
2026-03-19 00:19:02.153761931+00:00,507,placed,ask,2199.5,0.11128036678736118,2026-03-19 00:19:02.403761931+00:00,106.554,2026-03-19 00:19:02.153761931+00:00,pending_new,,,
2026-03-19 00:19:02.868219927+00:00,507,cancel_requested,ask,2199.5,0.11128036678736118,2026-03-19 00:19:02.403761931+00:00,106.554,2026-03-19 00:19:02.153761931+00:00,pending_cancel,expected_edge_ask,2026-03-19 00:19:02.868219927+00:00,2026-03-19 00:19:03.118219927+00:00
2026-03-19 00:19:03.118219927+00:00,507,cancelled,ask,2199.5,0.11128036678736118,2026-03-19 00:19:02.403761931+00:00,106.554,2026-03-19 00:19:02.153761931+00:00,cancelled,expected_edge_ask,2026-03-19 00:19:02.868219927+00:00,2026-03-19 00:19:03.118219927+00:00
2026-03-19 00:19:11.844978635+00:00,506,cancel_requested,bid,2198.9,0.08871963321263883,2026-03-19 00:19:02.094978635+00:00,91.2,2026-03-19 00:19:01.844978635+00:00,pending_cancel,quote_age_expired,2026-03-19 00:19:11.844978635+00:00,2026-03-19 00:19:12.094978635+00:00
2026-03-19 00:19:12.094978635+00:00,506,cancelled,bid,2198.9,0.08871963321263883,2026-03-19 00:19:02.094978635+00:00,91.2,2026-03-19 00:19:01.844978635+00:00,cancelled,quote_age_expired,2026-03-19 00:19:11.844978635+00:00,2026-03-19 00:19:12.094978635+00:00
2026-03-19 00:19:12.137490492+00:00,508,placed,bid,2199.0,0.08871963321263883,2026-03-19 00:19:12.387490492+00:00,76.21900000000001,2026-03-19 00:19:12.137490492+00:00,pending_new,,,
2026-03-19 00:19:13.637390616+00:00,508,cancel_requested,bid,2199.0,0.08871963321263883,2026-03-19 00:19:12.387490492+00:00,76.21900000000001,2026-03-19 00:19:12.137490492+00:00,pending_cancel,expected_edge_bid,2026-03-19 00:19:13.637390616+00:00,2026-03-19 00:19:13.887390616+00:00
2026-03-19 00:19:13.887390616+00:00,508,cancelled,bid,2199.0,0.08871963321263883,2026-03-19 00:19:12.387490492+00:00,76.21900000000001,2026-03-19 00:19:12.137490492+00:00,cancelled,expected_edge_bid,2026-03-19 00:19:13.637390616+00:00,2026-03-19 00:19:13.887390616+00:00
2026-03-19 00:19:13.935390013+00:00,509,placed,ask,2199.4,0.11121380776205435,2026-03-19 00:19:14.185390013+00:00,119.22399999999999,2026-03-19 00:19:13.935390013+00:00,pending_new,,,
2026-03-19 00:19:16.441928825+00:00,509,cancel_requested,ask,2199.4,0.11121380776205435,2026-03-19 00:19:14.185390013+00:00,119.22399999999999,2026-03-19 00:19:13.935390013+00:00,pending_cancel,expected_edge_ask,2026-03-19 00:19:16.441928825+00:00,2026-03-19 00:19:16.691928825+00:00
2026-03-19 00:19:16.441928825+00:00,510,placed,bid,2198.9,0.08878619223794568,2026-03-19 00:19:16.691928825+00:00,56.645,2026-03-19 00:19:16.441928825+00:00,pending_new,,,
2026-03-19 00:19:16.691928825+00:00,509,cancelled,ask,2199.4,0.11121380776205435,2026-03-19 00:19:14.185390013+00:00,119.22399999999999,2026-03-19 00:19:13.935390013+00:00,cancelled,expected_edge_ask,2026-03-19 00:19:16.441928825+00:00,2026-03-19 00:19:16.691928825+00:00
2026-03-19 00:19:20.936771483+00:00,510,cancel_requested,bid,2198.9,0.08878619223794568,2026-03-19 00:19:16.691928825+00:00,56.645,2026-03-19 00:19:16.441928825+00:00,pending_cancel,refresh_reprice,2026-03-19 00:19:20.936771483+00:00,2026-03-19 00:19:21.186771483+00:00
2026-03-19 00:19:21.186771483+00:00,510,cancelled,bid,2198.9,0.08878619223794568,2026-03-19 00:19:16.691928825+00:00,56.645,2026-03-19 00:19:16.441928825+00:00,cancelled,refresh_reprice,2026-03-19 00:19:20.936771483+00:00,2026-03-19 00:19:21.186771483+00:00
2026-03-19 00:19:21.192952258+00:00,511,placed,bid,2199.6,0.08878619223794568,2026-03-19 00:19:21.442952258+00:00,57.742,2026-03-19 00:19:21.192952258+00:00,pending_new,,,
2026-03-19 00:19:22.982634356+00:00,511,cancel_requested,bid,2199.6,0.08878619223794568,2026-03-19 00:19:21.442952258+00:00,57.742,2026-03-19 00:19:21.192952258+00:00,pending_cancel,refresh_reprice,2026-03-19 00:19:22.982634356+00:00,2026-03-19 00:19:23.232634356+00:00
2026-03-19 00:19:23.232634356+00:00,511,cancelled,bid,2199.6,0.08878619223794568,2026-03-19 00:19:21.442952258+00:00,57.742,2026-03-19 00:19:21.192952258+00:00,cancelled,refresh_reprice,2026-03-19 00:19:22.982634356+00:00,2026-03-19 00:19:23.232634356+00:00
2026-03-19 00:19:23.235791056+00:00,512,placed,bid,2199.9,0.08878619223794568,2026-03-19 00:19:23.485791056+00:00,55.833,2026-03-19 00:19:23.235791056+00:00,pending_new,,,
2026-03-19 00:19:30.942023066+00:00,512,cancel_requested,bid,2199.9,0.08878619223794568,2026-03-19 00:19:23.485791056+00:00,55.833,2026-03-19 00:19:23.235791056+00:00,pending_cancel,expected_edge_bid,2026-03-19 00:19:30.942023066+00:00,2026-03-19 00:19:31.192023066+00:00
2026-03-19 00:19:30.942023066+00:00,513,placed,ask,2200.4,0.11121380776205435,2026-03-19 00:19:31.192023066+00:00,93.547,2026-03-19 00:19:30.942023066+00:00,pending_new,,,
2026-03-19 00:19:31.052257671+00:00,513,cancel_requested,ask,2200.4,0.11121380776205435,2026-03-19 00:19:31.192023066+00:00,93.547,2026-03-19 00:19:30.942023066+00:00,pending_cancel,expected_edge_ask,2026-03-19 00:19:31.052257671+00:00,2026-03-19 00:19:31.302257671+00:00
2026-03-19 00:19:31.192023066+00:00,512,cancelled,bid,2199.9,0.08878619223794568,2026-03-19 00:19:23.485791056+00:00,55.833,2026-03-19 00:19:23.235791056+00:00,cancelled,expected_edge_bid,2026-03-19 00:19:30.942023066+00:00,2026-03-19 00:19:31.192023066+00:00
2026-03-19 00:19:31.235361545+00:00,514,placed,bid,2199.9,0.08878619223794568,2026-03-19 00:19:31.485361545+00:00,46.449,2026-03-19 00:19:31.235361545+00:00,pending_new,,,
2026-03-19 00:19:31.302257671+00:00,513,cancelled,ask,2200.4,0.11121380776205435,2026-03-19 00:19:31.192023066+00:00,93.547,2026-03-19 00:19:30.942023066+00:00,cancelled,expected_edge_ask,2026-03-19 00:19:31.052257671+00:00,2026-03-19 00:19:31.302257671+00:00
2026-03-19 00:19:36.921201227+00:00,514,cancel_requested,bid,2199.9,0.08878619223794568,2026-03-19 00:19:31.485361545+00:00,46.449,2026-03-19 00:19:31.235361545+00:00,pending_cancel,expected_edge_bid,2026-03-19 00:19:36.921201227+00:00,2026-03-19 00:19:37.171201227+00:00
2026-03-19 00:19:37.171201227+00:00,514,cancelled,bid,2199.9,0.08878619223794568,2026-03-19 00:19:31.485361545+00:00,46.449,2026-03-19 00:19:31.235361545+00:00,cancelled,expected_edge_bid,2026-03-19 00:19:36.921201227+00:00,2026-03-19 00:19:37.171201227+00:00
2026-03-19 00:19:37.183617055+00:00,515,placed,ask,2200.3,0.1105188364371269,2026-03-19 00:19:37.433617055+00:00,118.02799999999999,2026-03-19 00:19:37.183617055+00:00,pending_new,,,
2026-03-19 00:19:38.092066501+00:00,515,cancel_requested,ask,2200.3,0.1105188364371269,2026-03-19 00:19:37.433617055+00:00,118.02799999999999,2026-03-19 00:19:37.183617055+00:00,pending_cancel,expected_edge_ask,2026-03-19 00:19:38.092066501+00:00,2026-03-19 00:19:38.342066501+00:00
2026-03-19 00:19:38.342066501+00:00,515,cancelled,ask,2200.3,0.1105188364371269,2026-03-19 00:19:37.433617055+00:00,118.02799999999999,2026-03-19 00:19:37.183617055+00:00,cancelled,expected_edge_ask,2026-03-19 00:19:38.092066501+00:00,2026-03-19 00:19:38.342066501+00:00
2026-03-19 00:19:43.455110380+00:00,516,placed,ask,2200.1,0.1105188364371269,2026-03-19 00:19:43.705110380+00:00,87.55000000000001,2026-03-19 00:19:43.455110380+00:00,pending_new,,,
2026-03-19 00:19:48.154211219+00:00,516,cancel_requested,ask,2200.1,0.1105188364371269,2026-03-19 00:19:43.705110380+00:00,87.55000000000001,2026-03-19 00:19:43.455110380+00:00,pending_cancel,pressure_stop_ask,2026-03-19 00:19:48.154211219+00:00,2026-03-19 00:19:48.404211219+00:00
2026-03-19 00:19:48.154211219+00:00,517,placed,bid,2199.3,0.08948116356287311,2026-03-19 00:19:48.404211219+00:00,94.04599999999999,2026-03-19 00:19:48.154211219+00:00,pending_new,,,
2026-03-19 00:19:48.404211219+00:00,516,cancelled,ask,2200.1,0.1105188364371269,2026-03-19 00:19:43.705110380+00:00,87.55000000000001,2026-03-19 00:19:43.455110380+00:00,cancelled,pressure_stop_ask,2026-03-19 00:19:48.154211219+00:00,2026-03-19 00:19:48.404211219+00:00
2026-03-19 00:19:50.500678648+00:00,517,cancel_requested,bid,2199.3,0.08948116356287311,2026-03-19 00:19:48.404211219+00:00,94.04599999999999,2026-03-19 00:19:48.154211219+00:00,pending_cancel,expected_edge_bid,2026-03-19 00:19:50.500678648+00:00,2026-03-19 00:19:50.750678648+00:00
2026-03-19 00:19:50.750678648+00:00,517,cancelled,bid,2199.3,0.08948116356287311,2026-03-19 00:19:48.404211219+00:00,94.04599999999999,2026-03-19 00:19:48.154211219+00:00,cancelled,expected_edge_bid,2026-03-19 00:19:50.500678648+00:00,2026-03-19 00:19:50.750678648+00:00
2026-03-19 00:19:50.807296787+00:00,518,placed,ask,2199.9,0.1105188364371269,2026-03-19 00:19:51.057296787+00:00,152.363,2026-03-19 00:19:50.807296787+00:00,pending_new,,,
2026-03-19 00:19:55.343805700+00:00,518,cancel_requested,ask,2199.9,0.1105188364371269,2026-03-19 00:19:51.057296787+00:00,152.363,2026-03-19 00:19:50.807296787+00:00,pending_cancel,expected_edge_ask,2026-03-19 00:19:55.343805700+00:00,2026-03-19 00:19:55.593805700+00:00
2026-03-19 00:19:55.593805700+00:00,518,cancelled,ask,2199.9,0.1105188364371269,2026-03-19 00:19:51.057296787+00:00,152.363,2026-03-19 00:19:50.807296787+00:00,cancelled,expected_edge_ask,2026-03-19 00:19:55.343805700+00:00,2026-03-19 00:19:55.593805700+00:00
2026-03-19 00:20:00.634342793+00:00,519,placed,bid,2199.2,0.08947685362217825,2026-03-19 00:20:00.884342793+00:00,57.17400000000001,2026-03-19 00:20:00.634342793+00:00,pending_new,,,
2026-03-19 00:20:00.634342793+00:00,520,placed,ask,2199.8,0.11052314637782175,2026-03-19 00:20:00.884342793+00:00,105.95599999999999,2026-03-19 00:20:00.634342793+00:00,pending_new,,,
2026-03-19 00:20:00.844636552+00:00,519,cancel_requested,bid,2199.2,0.08947685362217825,2026-03-19 00:20:00.884342793+00:00,57.17400000000001,2026-03-19 00:20:00.634342793+00:00,pending_cancel,expected_edge_bid,2026-03-19 00:20:00.844636552+00:00,2026-03-19 00:20:01.094636552+00:00
2026-03-19 00:20:01.094636552+00:00,519,cancelled,bid,2199.2,0.08947685362217825,2026-03-19 00:20:00.884342793+00:00,57.17400000000001,2026-03-19 00:20:00.634342793+00:00,cancelled,expected_edge_bid,2026-03-19 00:20:00.844636552+00:00,2026-03-19 00:20:01.094636552+00:00
2026-03-19 00:20:02.142301185+00:00,520,cancel_requested,ask,2199.8,0.11052314637782175,2026-03-19 00:20:00.884342793+00:00,105.95599999999999,2026-03-19 00:20:00.634342793+00:00,pending_cancel,expected_edge_ask,2026-03-19 00:20:02.142301185+00:00,2026-03-19 00:20:02.392301185+00:00
2026-03-19 00:20:02.392301185+00:00,520,cancelled,ask,2199.8,0.11052314637782175,2026-03-19 00:20:00.884342793+00:00,105.95599999999999,2026-03-19 00:20:00.634342793+00:00,cancelled,expected_edge_ask,2026-03-19 00:20:02.142301185+00:00,2026-03-19 00:20:02.392301185+00:00
2026-03-19 00:20:02.435809954+00:00,521,placed,ask,2199.8,0.11052314637782175,2026-03-19 00:20:02.685809954+00:00,105.95599999999999,2026-03-19 00:20:02.435809954+00:00,pending_new,,,
2026-03-19 00:20:04.089611011+00:00,521,cancel_requested,ask,2199.8,0.11052314637782175,2026-03-19 00:20:02.685809954+00:00,105.95599999999999,2026-03-19 00:20:02.435809954+00:00,pending_cancel,refresh_reprice,2026-03-19 00:20:04.089611011+00:00,2026-03-19 00:20:04.339611011+00:00
2026-03-19 00:20:04.339611011+00:00,521,cancelled,ask,2199.8,0.11052314637782175,2026-03-19 00:20:02.685809954+00:00,105.95599999999999,2026-03-19 00:20:02.435809954+00:00,cancelled,refresh_reprice,2026-03-19 00:20:04.089611011+00:00,2026-03-19 00:20:04.339611011+00:00
2026-03-19 00:20:04.341776882+00:00,522,placed,ask,2199.5,0.11052314637782175,2026-03-19 00:20:04.591776882+00:00,253.713,2026-03-19 00:20:04.341776882+00:00,pending_new,,,
2026-03-19 00:20:04.551088027+00:00,523,placed,bid,2198.0,0.08947685362217825,2026-03-19 00:20:04.801088027+00:00,127.72800000000001,2026-03-19 00:20:04.551088027+00:00,pending_new,,,
2026-03-19 00:20:04.551088027+00:00,522,cancel_requested,ask,2199.5,0.11052314637782175,2026-03-19 00:20:04.591776882+00:00,253.713,2026-03-19 00:20:04.341776882+00:00,pending_cancel,refresh_reprice,2026-03-19 00:20:04.551088027+00:00,2026-03-19 00:20:04.801088027+00:00
2026-03-19 00:20:04.697826067+00:00,523,cancel_requested,bid,2198.0,0.08947685362217825,2026-03-19 00:20:04.801088027+00:00,127.72800000000001,2026-03-19 00:20:04.551088027+00:00,pending_cancel,pressure_stop_bid,2026-03-19 00:20:04.697826067+00:00,2026-03-19 00:20:04.947826067+00:00
2026-03-19 00:20:04.801088027+00:00,522,cancelled,ask,2199.5,0.11052314637782175,2026-03-19 00:20:04.591776882+00:00,253.713,2026-03-19 00:20:04.341776882+00:00,cancelled,refresh_reprice,2026-03-19 00:20:04.551088027+00:00,2026-03-19 00:20:04.801088027+00:00
2026-03-19 00:20:04.821526081+00:00,524,placed,ask,2199.1,0.11052314637782175,2026-03-19 00:20:05.071526081+00:00,208.506,2026-03-19 00:20:04.821526081+00:00,pending_new,,,
2026-03-19 00:20:04.947826067+00:00,523,cancelled,bid,2198.0,0.08947685362217825,2026-03-19 00:20:04.801088027+00:00,127.72800000000001,2026-03-19 00:20:04.551088027+00:00,cancelled,pressure_stop_bid,2026-03-19 00:20:04.697826067+00:00,2026-03-19 00:20:04.947826067+00:00
2026-03-19 00:20:10.625635419+00:00,524,cancel_requested,ask,2199.1,0.11052314637782175,2026-03-19 00:20:05.071526081+00:00,208.506,2026-03-19 00:20:04.821526081+00:00,pending_cancel,pressure_stop_ask,2026-03-19 00:20:10.625635419+00:00,2026-03-19 00:20:10.875635419+00:00
2026-03-19 00:20:10.625635419+00:00,525,placed,bid,2198.0,0.08947685362217825,2026-03-19 00:20:10.875635419+00:00,209.67199999999997,2026-03-19 00:20:10.625635419+00:00,pending_new,,,
2026-03-19 00:20:10.875635419+00:00,524,cancelled,ask,2199.1,0.11052314637782175,2026-03-19 00:20:05.071526081+00:00,208.506,2026-03-19 00:20:04.821526081+00:00,cancelled,pressure_stop_ask,2026-03-19 00:20:10.625635419+00:00,2026-03-19 00:20:10.875635419+00:00
2026-03-19 00:20:12.258739766+00:00,525,cancel_requested,bid,2198.0,0.08947685362217825,2026-03-19 00:20:10.875635419+00:00,209.67199999999997,2026-03-19 00:20:10.625635419+00:00,pending_cancel,refresh_reprice,2026-03-19 00:20:12.258739766+00:00,2026-03-19 00:20:12.508739766+00:00
2026-03-19 00:20:12.508739766+00:00,525,cancelled,bid,2198.0,0.08947685362217825,2026-03-19 00:20:10.875635419+00:00,209.67199999999997,2026-03-19 00:20:10.625635419+00:00,cancelled,refresh_reprice,2026-03-19 00:20:12.258739766+00:00,2026-03-19 00:20:12.508739766+00:00
2026-03-19 00:20:12.562078190+00:00,526,placed,bid,2198.5,0.08947685362217825,2026-03-19 00:20:12.812078190+00:00,191.79000000000002,2026-03-19 00:20:12.562078190+00:00,pending_new,,,
2026-03-19 00:20:17.260475285+00:00,526,cancel_requested,bid,2198.5,0.08947685362217825,2026-03-19 00:20:12.812078190+00:00,191.79000000000002,2026-03-19 00:20:12.562078190+00:00,pending_cancel,pressure_stop_bid,2026-03-19 00:20:17.260475285+00:00,2026-03-19 00:20:17.510475285+00:00
2026-03-19 00:20:17.260475285+00:00,527,placed,ask,2199.6,0.11063247725708758,2026-03-19 00:20:17.510475285+00:00,241.19,2026-03-19 00:20:17.260475285+00:00,pending_new,,,
2026-03-19 00:20:17.510475285+00:00,526,cancelled,bid,2198.5,0.08947685362217825,2026-03-19 00:20:12.812078190+00:00,191.79000000000002,2026-03-19 00:20:12.562078190+00:00,cancelled,pressure_stop_bid,2026-03-19 00:20:17.260475285+00:00,2026-03-19 00:20:17.510475285+00:00
2026-03-19 00:20:19.306847187+00:00,527,cancel_requested,ask,2199.6,0.11063247725708758,2026-03-19 00:20:17.510475285+00:00,241.19,2026-03-19 00:20:17.260475285+00:00,pending_cancel,expected_edge_ask,2026-03-19 00:20:19.306847187+00:00,2026-03-19 00:20:19.556847187+00:00
2026-03-19 00:20:19.306847187+00:00,528,placed,bid,2198.8,0.08936752274291242,2026-03-19 00:20:19.556847187+00:00,90.665,2026-03-19 00:20:19.306847187+00:00,pending_new,,,
2026-03-19 00:20:19.556847187+00:00,527,cancelled,ask,2199.6,0.11063247725708758,2026-03-19 00:20:17.510475285+00:00,241.19,2026-03-19 00:20:17.260475285+00:00,cancelled,expected_edge_ask,2026-03-19 00:20:19.306847187+00:00,2026-03-19 00:20:19.556847187+00:00
2026-03-19 00:20:19.563923089+00:00,529,placed,ask,2199.5,0.11063247725708758,2026-03-19 00:20:19.813923089+00:00,71.823,2026-03-19 00:20:19.563923089+00:00,pending_new,,,
2026-03-19 00:20:20.464496786+00:00,529,cancel_requested,ask,2199.5,0.11063247725708758,2026-03-19 00:20:19.813923089+00:00,71.823,2026-03-19 00:20:19.563923089+00:00,pending_cancel,expected_edge_ask,2026-03-19 00:20:20.464496786+00:00,2026-03-19 00:20:20.714496786+00:00
2026-03-19 00:20:20.714496786+00:00,529,cancelled,ask,2199.5,0.11063247725708758,2026-03-19 00:20:19.813923089+00:00,71.823,2026-03-19 00:20:19.563923089+00:00,cancelled,expected_edge_ask,2026-03-19 00:20:20.464496786+00:00,2026-03-19 00:20:20.714496786+00:00
2026-03-19 00:20:20.736747257+00:00,530,placed,ask,2199.5,0.11063247725708758,2026-03-19 00:20:20.986747257+00:00,74.734,2026-03-19 00:20:20.736747257+00:00,pending_new,,,
2026-03-19 00:20:21.035613679+00:00,530,cancel_requested,ask,2199.5,0.11063247725708758,2026-03-19 00:20:20.986747257+00:00,74.734,2026-03-19 00:20:20.736747257+00:00,pending_cancel,expected_edge_ask,2026-03-19 00:20:21.035613679+00:00,2026-03-19 00:20:21.285613679+00:00
2026-03-19 00:20:21.285613679+00:00,530,cancelled,ask,2199.5,0.11063247725708758,2026-03-19 00:20:20.986747257+00:00,74.734,2026-03-19 00:20:20.736747257+00:00,cancelled,expected_edge_ask,2026-03-19 00:20:21.035613679+00:00,2026-03-19 00:20:21.285613679+00:00
2026-03-19 00:20:28.088677258+00:00,528,cancel_requested,bid,2198.8,0.08936752274291242,2026-03-19 00:20:19.556847187+00:00,90.665,2026-03-19 00:20:19.306847187+00:00,pending_cancel,pressure_stop_bid,2026-03-19 00:20:28.088677258+00:00,2026-03-19 00:20:28.338677258+00:00
2026-03-19 00:20:28.088677258+00:00,531,placed,ask,2199.3,0.11063247725708758,2026-03-19 00:20:28.338677258+00:00,111.293,2026-03-19 00:20:28.088677258+00:00,pending_new,,,
2026-03-19 00:20:28.338677258+00:00,528,cancelled,bid,2198.8,0.08936752274291242,2026-03-19 00:20:19.556847187+00:00,90.665,2026-03-19 00:20:19.306847187+00:00,cancelled,pressure_stop_bid,2026-03-19 00:20:28.088677258+00:00,2026-03-19 00:20:28.338677258+00:00
2026-03-19 00:20:33.632985031+00:00,531,cancel_requested,ask,2199.3,0.11063247725708758,2026-03-19 00:20:28.338677258+00:00,111.293,2026-03-19 00:20:28.088677258+00:00,pending_cancel,refresh_reprice,2026-03-19 00:20:33.632985031+00:00,2026-03-19 00:20:33.882985031+00:00
2026-03-19 00:20:33.882985031+00:00,531,cancelled,ask,2199.3,0.11063247725708758,2026-03-19 00:20:28.338677258+00:00,111.293,2026-03-19 00:20:28.088677258+00:00,cancelled,refresh_reprice,2026-03-19 00:20:33.632985031+00:00,2026-03-19 00:20:33.882985031+00:00
2026-03-19 00:20:33.908776258+00:00,532,placed,ask,2199.1,0.11043585666543349,2026-03-19 00:20:34.158776258+00:00,256.933,2026-03-19 00:20:33.908776258+00:00,pending_new,,,
2026-03-19 00:20:37.175650499+00:00,533,placed,bid,2198.2,0.08956414333456653,2026-03-19 00:20:37.425650499+00:00,96.40299999999999,2026-03-19 00:20:37.175650499+00:00,pending_new,,,
2026-03-19 00:20:37.276973561+00:00,532,cancel_requested,ask,2199.1,0.11043585666543349,2026-03-19 00:20:34.158776258+00:00,256.933,2026-03-19 00:20:33.908776258+00:00,pending_cancel,pressure_stop_ask,2026-03-19 00:20:37.276973561+00:00,2026-03-19 00:20:37.526973561+00:00
2026-03-19 00:20:37.526973561+00:00,532,cancelled,ask,2199.1,0.11043585666543349,2026-03-19 00:20:34.158776258+00:00,256.933,2026-03-19 00:20:33.908776258+00:00,cancelled,pressure_stop_ask,2026-03-19 00:20:37.276973561+00:00,2026-03-19 00:20:37.526973561+00:00
2026-03-19 00:20:40.180886857+00:00,533,cancel_requested,bid,2198.2,0.08956414333456653,2026-03-19 00:20:37.425650499+00:00,96.40299999999999,2026-03-19 00:20:37.175650499+00:00,pending_cancel,pressure_stop_bid,2026-03-19 00:20:40.180886857+00:00,2026-03-19 00:20:40.430886857+00:00
2026-03-19 00:20:40.180886857+00:00,534,placed,ask,2198.9,0.11043585666543349,2026-03-19 00:20:40.430886857+00:00,144.296,2026-03-19 00:20:40.180886857+00:00,pending_new,,,
2026-03-19 00:20:40.430886857+00:00,533,cancelled,bid,2198.2,0.08956414333456653,2026-03-19 00:20:37.425650499+00:00,96.40299999999999,2026-03-19 00:20:37.175650499+00:00,cancelled,pressure_stop_bid,2026-03-19 00:20:40.180886857+00:00,2026-03-19 00:20:40.430886857+00:00
2026-03-19 00:20:42.378687505+00:00,535,placed,bid,2198.1,0.08956414333456653,2026-03-19 00:20:42.628687505+00:00,81.71000000000001,2026-03-19 00:20:42.378687505+00:00,pending_new,,,
2026-03-19 00:20:42.378687505+00:00,534,cancel_requested,ask,2198.9,0.11043585666543349,2026-03-19 00:20:40.430886857+00:00,144.296,2026-03-19 00:20:40.180886857+00:00,pending_cancel,refresh_reprice,2026-03-19 00:20:42.378687505+00:00,2026-03-19 00:20:42.628687505+00:00
2026-03-19 00:20:42.628687505+00:00,534,cancelled,ask,2198.9,0.11043585666543349,2026-03-19 00:20:40.430886857+00:00,144.296,2026-03-19 00:20:40.180886857+00:00,cancelled,refresh_reprice,2026-03-19 00:20:42.378687505+00:00,2026-03-19 00:20:42.628687505+00:00
2026-03-19 00:20:42.637766826+00:00,536,placed,ask,2198.7,0.11043585666543349,2026-03-19 00:20:42.887766826+00:00,83.167,2026-03-19 00:20:42.637766826+00:00,pending_new,,,
2026-03-19 00:20:45.442643902+00:00,535,cancel_requested,bid,2198.1,0.08956414333456653,2026-03-19 00:20:42.628687505+00:00,81.71000000000001,2026-03-19 00:20:42.378687505+00:00,pending_cancel,pressure_stop_bid,2026-03-19 00:20:45.442643902+00:00,2026-03-19 00:20:45.692643902+00:00
2026-03-19 00:20:45.692643902+00:00,535,cancelled,bid,2198.1,0.08956414333456653,2026-03-19 00:20:42.628687505+00:00,81.71000000000001,2026-03-19 00:20:42.378687505+00:00,cancelled,pressure_stop_bid,2026-03-19 00:20:45.442643902+00:00,2026-03-19 00:20:45.692643902+00:00
2026-03-19 00:20:45.735642107+00:00,537,placed,bid,2198.0,0.08956414333456653,2026-03-19 00:20:45.985642107+00:00,78.264,2026-03-19 00:20:45.735642107+00:00,pending_new,,,
2026-03-19 00:20:46.259526564+00:00,536,cancel_requested,ask,2198.7,0.11043585666543349,2026-03-19 00:20:42.887766826+00:00,83.167,2026-03-19 00:20:42.637766826+00:00,pending_cancel,expected_edge_ask,2026-03-19 00:20:46.259526564+00:00,2026-03-19 00:20:46.509526564+00:00
2026-03-19 00:20:46.509526564+00:00,536,cancelled,ask,2198.7,0.11043585666543349,2026-03-19 00:20:42.887766826+00:00,83.167,2026-03-19 00:20:42.637766826+00:00,cancelled,expected_edge_ask,2026-03-19 00:20:46.259526564+00:00,2026-03-19 00:20:46.509526564+00:00
2026-03-19 00:20:46.536231116+00:00,538,placed,ask,2198.6,0.11043585666543349,2026-03-19 00:20:46.786231116+00:00,136.823,2026-03-19 00:20:46.536231116+00:00,pending_new,,,
2026-03-19 00:20:49.522792709+00:00,537,cancel_requested,bid,2198.0,0.08956414333456653,2026-03-19 00:20:45.985642107+00:00,78.264,2026-03-19 00:20:45.735642107+00:00,pending_cancel,pressure_stop_bid,2026-03-19 00:20:49.522792709+00:00,2026-03-19 00:20:49.772792709+00:00
2026-03-19 00:20:49.772792709+00:00,537,cancelled,bid,2198.0,0.08956414333456653,2026-03-19 00:20:45.985642107+00:00,78.264,2026-03-19 00:20:45.735642107+00:00,cancelled,pressure_stop_bid,2026-03-19 00:20:49.522792709+00:00,2026-03-19 00:20:49.772792709+00:00
2026-03-19 00:20:49.830079270+00:00,539,placed,bid,2197.8,0.08956414333456653,2026-03-19 00:20:50.080079270+00:00,134.70100000000002,2026-03-19 00:20:49.830079270+00:00,pending_new,,,
2026-03-19 00:20:49.884593378+00:00,539,cancel_requested,bid,2197.8,0.08956414333456653,2026-03-19 00:20:50.080079270+00:00,134.70100000000002,2026-03-19 00:20:49.830079270+00:00,pending_cancel,pressure_stop_bid,2026-03-19 00:20:49.884593378+00:00,2026-03-19 00:20:50.134593378+00:00
2026-03-19 00:20:49.934231344+00:00,538,cancel_requested,ask,2198.6,0.11043585666543349,2026-03-19 00:20:46.786231116+00:00,136.823,2026-03-19 00:20:46.536231116+00:00,pending_cancel,refresh_reprice,2026-03-19 00:20:49.934231344+00:00,2026-03-19 00:20:50.184231344+00:00
2026-03-19 00:20:50.134593378+00:00,539,cancelled,bid,2197.8,0.08956414333456653,2026-03-19 00:20:50.080079270+00:00,134.70100000000002,2026-03-19 00:20:49.830079270+00:00,cancelled,pressure_stop_bid,2026-03-19 00:20:49.884593378+00:00,2026-03-19 00:20:50.134593378+00:00
2026-03-19 00:20:50.184231344+00:00,538,cancelled,ask,2198.6,0.11043585666543349,2026-03-19 00:20:46.786231116+00:00,136.823,2026-03-19 00:20:46.536231116+00:00,cancelled,refresh_reprice,2026-03-19 00:20:49.934231344+00:00,2026-03-19 00:20:50.184231344+00:00
2026-03-19 00:20:50.235756589+00:00,540,placed,ask,2198.3,0.11043585666543349,2026-03-19 00:20:50.485756589+00:00,215.349,2026-03-19 00:20:50.235756589+00:00,pending_new,,,
2026-03-19 00:20:56.267498416+00:00,541,placed,bid,2197.2,0.08934286985230044,2026-03-19 00:20:56.517498416+00:00,59.580000000000005,2026-03-19 00:20:56.267498416+00:00,pending_new,,,
2026-03-19 00:20:56.267498416+00:00,540,cancel_requested,ask,2198.3,0.11043585666543349,2026-03-19 00:20:50.485756589+00:00,215.349,2026-03-19 00:20:50.235756589+00:00,pending_cancel,refresh_reprice,2026-03-19 00:20:56.267498416+00:00,2026-03-19 00:20:56.517498416+00:00
2026-03-19 00:20:56.517498416+00:00,540,cancelled,ask,2198.3,0.11043585666543349,2026-03-19 00:20:50.485756589+00:00,215.349,2026-03-19 00:20:50.235756589+00:00,cancelled,refresh_reprice,2026-03-19 00:20:56.267498416+00:00,2026-03-19 00:20:56.517498416+00:00
2026-03-19 00:20:56.524082244+00:00,542,placed,ask,2197.9,0.11065713014769957,2026-03-19 00:20:56.774082244+00:00,84.572,2026-03-19 00:20:56.524082244+00:00,pending_new,,,
2026-03-19 00:20:58.097763337+00:00,541,cancel_requested,bid,2197.2,0.08934286985230044,2026-03-19 00:20:56.517498416+00:00,59.580000000000005,2026-03-19 00:20:56.267498416+00:00,pending_cancel,pressure_stop_bid,2026-03-19 00:20:58.097763337+00:00,2026-03-19 00:20:58.347763337+00:00
2026-03-19 00:20:58.347763337+00:00,541,cancelled,bid,2197.2,0.08934286985230044,2026-03-19 00:20:56.517498416+00:00,59.580000000000005,2026-03-19 00:20:56.267498416+00:00,cancelled,pressure_stop_bid,2026-03-19 00:20:58.097763337+00:00,2026-03-19 00:20:58.347763337+00:00
2026-03-19 00:21:00.230089695+00:00,542,cancel_requested,ask,2197.9,0.11065713014769957,2026-03-19 00:20:56.774082244+00:00,84.572,2026-03-19 00:20:56.524082244+00:00,pending_cancel,pressure_stop_ask,2026-03-19 00:21:00.230089695+00:00,2026-03-19 00:21:00.480089695+00:00
2026-03-19 00:21:00.230089695+00:00,543,placed,bid,2196.9,0.08934286985230044,2026-03-19 00:21:00.480089695+00:00,188.50400000000002,2026-03-19 00:21:00.230089695+00:00,pending_new,,,
2026-03-19 00:21:00.480089695+00:00,542,cancelled,ask,2197.9,0.11065713014769957,2026-03-19 00:20:56.774082244+00:00,84.572,2026-03-19 00:20:56.524082244+00:00,cancelled,pressure_stop_ask,2026-03-19 00:21:00.230089695+00:00,2026-03-19 00:21:00.480089695+00:00
2026-03-19 00:21:00.604746259+00:00,543,cancel_requested,bid,2196.9,0.08934286985230044,2026-03-19 00:21:00.480089695+00:00,188.50400000000002,2026-03-19 00:21:00.230089695+00:00,pending_cancel,refresh_reprice,2026-03-19 00:21:00.604746259+00:00,2026-03-19 00:21:00.854746259+00:00
2026-03-19 00:21:00.854746259+00:00,543,cancelled,bid,2196.9,0.08934286985230044,2026-03-19 00:21:00.480089695+00:00,188.50400000000002,2026-03-19 00:21:00.230089695+00:00,cancelled,refresh_reprice,2026-03-19 00:21:00.604746259+00:00,2026-03-19 00:21:00.854746259+00:00
2026-03-19 00:21:00.910062730+00:00,544,placed,bid,2197.3,0.08934286985230044,2026-03-19 00:21:01.160062730+00:00,190.88,2026-03-19 00:21:00.910062730+00:00,pending_new,,,
2026-03-19 00:21:00.910062730+00:00,545,placed,ask,2198.7,0.11065713014769957,2026-03-19 00:21:01.160062730+00:00,216.74599999999998,2026-03-19 00:21:00.910062730+00:00,pending_new,,,
2026-03-19 00:21:01.779784959+00:00,545,cancel_requested,ask,2198.7,0.11065713014769957,2026-03-19 00:21:01.160062730+00:00,216.74599999999998,2026-03-19 00:21:00.910062730+00:00,pending_cancel,pressure_stop_ask,2026-03-19 00:21:01.779784959+00:00,2026-03-19 00:21:02.029784959+00:00
2026-03-19 00:21:02.029784959+00:00,545,cancelled,ask,2198.7,0.11065713014769957,2026-03-19 00:21:01.160062730+00:00,216.74599999999998,2026-03-19 00:21:00.910062730+00:00,cancelled,pressure_stop_ask,2026-03-19 00:21:01.779784959+00:00,2026-03-19 00:21:02.029784959+00:00
2026-03-19 00:21:04.125138366+00:00,544,cancel_requested,bid,2197.3,0.08934286985230044,2026-03-19 00:21:01.160062730+00:00,190.88,2026-03-19 00:21:00.910062730+00:00,pending_cancel,refresh_reprice,2026-03-19 00:21:04.125138366+00:00,2026-03-19 00:21:04.375138366+00:00
2026-03-19 00:21:04.375138366+00:00,544,cancelled,bid,2197.3,0.08934286985230044,2026-03-19 00:21:01.160062730+00:00,190.88,2026-03-19 00:21:00.910062730+00:00,cancelled,refresh_reprice,2026-03-19 00:21:04.125138366+00:00,2026-03-19 00:21:04.375138366+00:00
2026-03-19 00:21:04.377285654+00:00,546,placed,bid,2197.9,0.08934286985230044,2026-03-19 00:21:04.627285654+00:00,124.658,2026-03-19 00:21:04.377285654+00:00,pending_new,,,
2026-03-19 00:21:08.875737662+00:00,546,cancel_requested,bid,2197.9,0.08934286985230044,2026-03-19 00:21:04.627285654+00:00,124.658,2026-03-19 00:21:04.377285654+00:00,pending_cancel,refresh_reprice,2026-03-19 00:21:08.875737662+00:00,2026-03-19 00:21:09.125737662+00:00
2026-03-19 00:21:09.125737662+00:00,546,cancelled,bid,2197.9,0.08934286985230044,2026-03-19 00:21:04.627285654+00:00,124.658,2026-03-19 00:21:04.377285654+00:00,cancelled,refresh_reprice,2026-03-19 00:21:08.875737662+00:00,2026-03-19 00:21:09.125737662+00:00
2026-03-19 00:21:09.127340677+00:00,547,placed,bid,2198.4,0.08934286985230044,2026-03-19 00:21:09.377340677+00:00,77.205,2026-03-19 00:21:09.127340677+00:00,pending_new,,,
2026-03-19 00:21:09.318752029+00:00,548,placed,ask,2199.1,0.11065713014769957,2026-03-19 00:21:09.568752029+00:00,77.00200000000001,2026-03-19 00:21:09.318752029+00:00,pending_new,,,
2026-03-19 00:21:14.350291571+00:00,548,resized,ask,2199.1,0.11028963122928968,2026-03-19 00:21:09.568752029+00:00,77.00200000000001,,,preserve_queue_priority,,
2026-03-19 00:21:17.805971627+00:00,548,cancel_requested,ask,2199.1,0.11028963122928968,2026-03-19 00:21:09.568752029+00:00,77.00200000000001,2026-03-19 00:21:09.318752029+00:00,pending_cancel,pressure_stop_ask,2026-03-19 00:21:17.805971627+00:00,2026-03-19 00:21:18.055971627+00:00
2026-03-19 00:21:18.055971627+00:00,548,cancelled,ask,2199.1,0.11028963122928968,2026-03-19 00:21:09.568752029+00:00,77.00200000000001,2026-03-19 00:21:09.318752029+00:00,cancelled,pressure_stop_ask,2026-03-19 00:21:17.805971627+00:00,2026-03-19 00:21:18.055971627+00:00
2026-03-19 00:21:18.112528596+00:00,547,cancel_requested,bid,2198.4,0.08934286985230044,2026-03-19 00:21:09.377340677+00:00,77.205,2026-03-19 00:21:09.127340677+00:00,pending_cancel,refresh_reprice,2026-03-19 00:21:18.112528596+00:00,2026-03-19 00:21:18.362528596+00:00
2026-03-19 00:21:18.362528596+00:00,547,cancelled,bid,2198.4,0.08934286985230044,2026-03-19 00:21:09.377340677+00:00,77.205,2026-03-19 00:21:09.127340677+00:00,cancelled,refresh_reprice,2026-03-19 00:21:18.112528596+00:00,2026-03-19 00:21:18.362528596+00:00
2026-03-19 00:21:18.527212424+00:00,549,placed,bid,2198.7,0.08971036877071031,2026-03-19 00:21:18.777212424+00:00,84.384,2026-03-19 00:21:18.527212424+00:00,pending_new,,,
2026-03-19 00:21:20.591318436+00:00,549,cancel_requested,bid,2198.7,0.08971036877071031,2026-03-19 00:21:18.777212424+00:00,84.384,2026-03-19 00:21:18.527212424+00:00,pending_cancel,refresh_reprice,2026-03-19 00:21:20.591318436+00:00,2026-03-19 00:21:20.841318436+00:00
2026-03-19 00:21:20.841318436+00:00,549,cancelled,bid,2198.7,0.08971036877071031,2026-03-19 00:21:18.777212424+00:00,84.384,2026-03-19 00:21:18.527212424+00:00,cancelled,refresh_reprice,2026-03-19 00:21:20.591318436+00:00,2026-03-19 00:21:20.841318436+00:00
2026-03-19 00:21:20.860201824+00:00,550,placed,bid,2198.9,0.08971036877071031,2026-03-19 00:21:21.110201824+00:00,80.182,2026-03-19 00:21:20.860201824+00:00,pending_new,,,
2026-03-19 00:21:20.860201824+00:00,551,placed,ask,2199.6,0.11028963122928968,2026-03-19 00:21:21.110201824+00:00,131.36700000000002,2026-03-19 00:21:20.860201824+00:00,pending_new,,,
2026-03-19 00:21:21.011786891+00:00,551,cancel_requested,ask,2199.6,0.11028963122928968,2026-03-19 00:21:21.110201824+00:00,131.36700000000002,2026-03-19 00:21:20.860201824+00:00,pending_cancel,expected_edge_ask,2026-03-19 00:21:21.011786891+00:00,2026-03-19 00:21:21.261786891+00:00
2026-03-19 00:21:21.261786891+00:00,551,cancelled,ask,2199.6,0.11028963122928968,2026-03-19 00:21:21.110201824+00:00,131.36700000000002,2026-03-19 00:21:20.860201824+00:00,cancelled,expected_edge_ask,2026-03-19 00:21:21.011786891+00:00,2026-03-19 00:21:21.261786891+00:00
2026-03-19 00:21:24.079497149+00:00,550,cancel_requested,bid,2198.9,0.08971036877071031,2026-03-19 00:21:21.110201824+00:00,80.182,2026-03-19 00:21:20.860201824+00:00,pending_cancel,refresh_reprice,2026-03-19 00:21:24.079497149+00:00,2026-03-19 00:21:24.329497149+00:00
2026-03-19 00:21:24.329497149+00:00,550,cancelled,bid,2198.9,0.08971036877071031,2026-03-19 00:21:21.110201824+00:00,80.182,2026-03-19 00:21:20.860201824+00:00,cancelled,refresh_reprice,2026-03-19 00:21:24.079497149+00:00,2026-03-19 00:21:24.329497149+00:00
2026-03-19 00:21:24.373422111+00:00,552,placed,bid,2199.3,0.08971036877071031,2026-03-19 00:21:24.623422111+00:00,114.243,2026-03-19 00:21:24.373422111+00:00,pending_new,,,
2026-03-19 00:21:24.899575604+00:00,552,cancel_requested,bid,2199.3,0.08971036877071031,2026-03-19 00:21:24.623422111+00:00,114.243,2026-03-19 00:21:24.373422111+00:00,pending_cancel,refresh_reprice,2026-03-19 00:21:24.899575604+00:00,2026-03-19 00:21:25.149575604+00:00
2026-03-19 00:21:25.149575604+00:00,552,cancelled,bid,2199.3,0.08971036877071031,2026-03-19 00:21:24.623422111+00:00,114.243,2026-03-19 00:21:24.373422111+00:00,cancelled,refresh_reprice,2026-03-19 00:21:24.899575604+00:00,2026-03-19 00:21:25.149575604+00:00
2026-03-19 00:21:25.201083081+00:00,553,placed,bid,2199.8,0.08971036877071031,2026-03-19 00:21:25.451083081+00:00,71.935,2026-03-19 00:21:25.201083081+00:00,pending_new,,,
2026-03-19 00:21:25.709489843+00:00,554,placed,ask,2200.6,0.11028963122928968,2026-03-19 00:21:25.959489843+00:00,147.084,2026-03-19 00:21:25.709489843+00:00,pending_new,,,
2026-03-19 00:21:25.817204541+00:00,554,cancel_requested,ask,2200.6,0.11028963122928968,2026-03-19 00:21:25.959489843+00:00,147.084,2026-03-19 00:21:25.709489843+00:00,pending_cancel,pressure_stop_ask,2026-03-19 00:21:25.817204541+00:00,2026-03-19 00:21:26.067204541+00:00
2026-03-19 00:21:25.971245061+00:00,553,cancel_requested,bid,2199.8,0.08971036877071031,2026-03-19 00:21:25.451083081+00:00,71.935,2026-03-19 00:21:25.201083081+00:00,pending_cancel,pressure_stop_bid,2026-03-19 00:21:25.971245061+00:00,2026-03-19 00:21:26.221245061+00:00
2026-03-19 00:21:26.067204541+00:00,554,cancelled,ask,2200.6,0.11028963122928968,2026-03-19 00:21:25.959489843+00:00,147.084,2026-03-19 00:21:25.709489843+00:00,cancelled,pressure_stop_ask,2026-03-19 00:21:25.817204541+00:00,2026-03-19 00:21:26.067204541+00:00
2026-03-19 00:21:26.123524173+00:00,555,placed,ask,2200.5,0.11028963122928968,2026-03-19 00:21:26.373524173+00:00,105.404,2026-03-19 00:21:26.123524173+00:00,pending_new,,,
2026-03-19 00:21:26.221245061+00:00,553,cancelled,bid,2199.8,0.08971036877071031,2026-03-19 00:21:25.451083081+00:00,71.935,2026-03-19 00:21:25.201083081+00:00,cancelled,pressure_stop_bid,2026-03-19 00:21:25.971245061+00:00,2026-03-19 00:21:26.221245061+00:00
2026-03-19 00:21:26.377875380+00:00,555,cancel_requested,ask,2200.5,0.11028963122928968,2026-03-19 00:21:26.373524173+00:00,105.404,2026-03-19 00:21:26.123524173+00:00,pending_cancel,pressure_stop_ask,2026-03-19 00:21:26.377875380+00:00,2026-03-19 00:21:26.627875380+00:00
2026-03-19 00:21:26.377875380+00:00,556,placed,bid,2199.9,0.08971036877071031,2026-03-19 00:21:26.627875380+00:00,118.679,2026-03-19 00:21:26.377875380+00:00,pending_new,,,
2026-03-19 00:21:26.627875380+00:00,555,cancelled,ask,2200.5,0.11028963122928968,2026-03-19 00:21:26.373524173+00:00,105.404,2026-03-19 00:21:26.123524173+00:00,cancelled,pressure_stop_ask,2026-03-19 00:21:26.377875380+00:00,2026-03-19 00:21:26.627875380+00:00
2026-03-19 00:21:31.765536820+00:00,557,placed,ask,2200.6,0.11028963122928968,2026-03-19 00:21:32.015536820+00:00,127.99099999999999,2026-03-19 00:21:31.765536820+00:00,pending_new,,,
2026-03-19 00:21:32.917339219+00:00,556,cancel_requested,bid,2199.9,0.08971036877071031,2026-03-19 00:21:26.627875380+00:00,118.679,2026-03-19 00:21:26.377875380+00:00,pending_cancel,pressure_stop_bid,2026-03-19 00:21:32.917339219+00:00,2026-03-19 00:21:33.167339219+00:00
2026-03-19 00:21:32.952926481+00:00,557,cancel_requested,ask,2200.6,0.11028963122928968,2026-03-19 00:21:32.015536820+00:00,127.99099999999999,2026-03-19 00:21:31.765536820+00:00,pending_cancel,expected_edge_ask,2026-03-19 00:21:32.952926481+00:00,2026-03-19 00:21:33.202926481+00:00
2026-03-19 00:21:33.167339219+00:00,556,cancelled,bid,2199.9,0.08971036877071031,2026-03-19 00:21:26.627875380+00:00,118.679,2026-03-19 00:21:26.377875380+00:00,cancelled,pressure_stop_bid,2026-03-19 00:21:32.917339219+00:00,2026-03-19 00:21:33.167339219+00:00
2026-03-19 00:21:33.202926481+00:00,557,cancelled,ask,2200.6,0.11028963122928968,2026-03-19 00:21:32.015536820+00:00,127.99099999999999,2026-03-19 00:21:31.765536820+00:00,cancelled,expected_edge_ask,2026-03-19 00:21:32.952926481+00:00,2026-03-19 00:21:33.202926481+00:00
2026-03-19 00:21:33.267330151+00:00,558,placed,ask,2200.4,0.10986934976975145,2026-03-19 00:21:33.517330151+00:00,133.303,2026-03-19 00:21:33.267330151+00:00,pending_new,,,
2026-03-19 00:21:34.293227668+00:00,558,cancel_requested,ask,2200.4,0.10986934976975145,2026-03-19 00:21:33.517330151+00:00,133.303,2026-03-19 00:21:33.267330151+00:00,pending_cancel,refresh_reprice,2026-03-19 00:21:34.293227668+00:00,2026-03-19 00:21:34.543227668+00:00
2026-03-19 00:21:34.543227668+00:00,558,cancelled,ask,2200.4,0.10986934976975145,2026-03-19 00:21:33.517330151+00:00,133.303,2026-03-19 00:21:33.267330151+00:00,cancelled,refresh_reprice,2026-03-19 00:21:34.293227668+00:00,2026-03-19 00:21:34.543227668+00:00
2026-03-19 00:21:34.589954428+00:00,559,placed,ask,2200.2,0.10986934976975145,2026-03-19 00:21:34.839954428+00:00,184.66899999999998,2026-03-19 00:21:34.589954428+00:00,pending_new,,,
2026-03-19 00:21:36.232489710+00:00,559,cancel_requested,ask,2200.2,0.10986934976975145,2026-03-19 00:21:34.839954428+00:00,184.66899999999998,2026-03-19 00:21:34.589954428+00:00,pending_cancel,pressure_stop_ask,2026-03-19 00:21:36.232489710+00:00,2026-03-19 00:21:36.482489710+00:00
2026-03-19 00:21:36.232489710+00:00,560,placed,bid,2199.5,0.09013065023024855,2026-03-19 00:21:36.482489710+00:00,75.273,2026-03-19 00:21:36.232489710+00:00,pending_new,,,
2026-03-19 00:21:36.482489710+00:00,559,cancelled,ask,2200.2,0.10986934976975145,2026-03-19 00:21:34.839954428+00:00,184.66899999999998,2026-03-19 00:21:34.589954428+00:00,cancelled,pressure_stop_ask,2026-03-19 00:21:36.232489710+00:00,2026-03-19 00:21:36.482489710+00:00
2026-03-19 00:21:36.943948297+00:00,560,cancel_requested,bid,2199.5,0.09013065023024855,2026-03-19 00:21:36.482489710+00:00,75.273,2026-03-19 00:21:36.232489710+00:00,pending_cancel,pressure_stop_bid,2026-03-19 00:21:36.943948297+00:00,2026-03-19 00:21:37.193948297+00:00
2026-03-19 00:21:36.943948297+00:00,561,placed,ask,2200.1,0.10986934976975145,2026-03-19 00:21:37.193948297+00:00,60.943,2026-03-19 00:21:36.943948297+00:00,pending_new,,,
2026-03-19 00:21:37.193948297+00:00,560,cancelled,bid,2199.5,0.09013065023024855,2026-03-19 00:21:36.482489710+00:00,75.273,2026-03-19 00:21:36.232489710+00:00,cancelled,pressure_stop_bid,2026-03-19 00:21:36.943948297+00:00,2026-03-19 00:21:37.193948297+00:00
2026-03-19 00:21:39.700186275+00:00,561,cancel_requested,ask,2200.1,0.10986934976975145,2026-03-19 00:21:37.193948297+00:00,60.943,2026-03-19 00:21:36.943948297+00:00,pending_cancel,refresh_reprice,2026-03-19 00:21:39.700186275+00:00,2026-03-19 00:21:39.950186275+00:00
2026-03-19 00:21:39.950186275+00:00,561,cancelled,ask,2200.1,0.10986934976975145,2026-03-19 00:21:37.193948297+00:00,60.943,2026-03-19 00:21:36.943948297+00:00,cancelled,refresh_reprice,2026-03-19 00:21:39.700186275+00:00,2026-03-19 00:21:39.950186275+00:00
2026-03-19 00:21:39.999429916+00:00,562,placed,ask,2199.7,0.10986934976975145,2026-03-19 00:21:40.249429916+00:00,113.639,2026-03-19 00:21:39.999429916+00:00,pending_new,,,
2026-03-19 00:21:40.566318555+00:00,563,placed,bid,2198.9,0.09013065023024855,2026-03-19 00:21:40.816318555+00:00,47.306,2026-03-19 00:21:40.566318555+00:00,pending_new,,,
2026-03-19 00:21:42.787415450+00:00,563,cancel_requested,bid,2198.9,0.09013065023024855,2026-03-19 00:21:40.816318555+00:00,47.306,2026-03-19 00:21:40.566318555+00:00,pending_cancel,pressure_stop_bid,2026-03-19 00:21:42.787415450+00:00,2026-03-19 00:21:43.037415450+00:00
2026-03-19 00:21:43.037415450+00:00,563,cancelled,bid,2198.9,0.09013065023024855,2026-03-19 00:21:40.816318555+00:00,47.306,2026-03-19 00:21:40.566318555+00:00,cancelled,pressure_stop_bid,2026-03-19 00:21:42.787415450+00:00,2026-03-19 00:21:43.037415450+00:00
2026-03-19 00:21:45.976673268+00:00,564,placed,bid,2198.7,0.09013065023024855,2026-03-19 00:21:46.226673268+00:00,48.223,2026-03-19 00:21:45.976673268+00:00,pending_new,,,
2026-03-19 00:21:45.976673268+00:00,562,cancel_requested,ask,2199.7,0.10986934976975145,2026-03-19 00:21:40.249429916+00:00,113.639,2026-03-19 00:21:39.999429916+00:00,pending_cancel,refresh_reprice,2026-03-19 00:21:45.976673268+00:00,2026-03-19 00:21:46.226673268+00:00
2026-03-19 00:21:46.226673268+00:00,562,cancelled,ask,2199.7,0.10986934976975145,2026-03-19 00:21:40.249429916+00:00,113.639,2026-03-19 00:21:39.999429916+00:00,cancelled,refresh_reprice,2026-03-19 00:21:45.976673268+00:00,2026-03-19 00:21:46.226673268+00:00
2026-03-19 00:21:46.258662171+00:00,565,placed,ask,2199.3,0.10986934976975145,2026-03-19 00:21:46.508662171+00:00,100.63300000000001,2026-03-19 00:21:46.258662171+00:00,pending_new,,,
2026-03-19 00:21:47.661396891+00:00,564,cancel_requested,bid,2198.7,0.09013065023024855,2026-03-19 00:21:46.226673268+00:00,48.223,2026-03-19 00:21:45.976673268+00:00,pending_cancel,pressure_stop_bid,2026-03-19 00:21:47.661396891+00:00,2026-03-19 00:21:47.911396891+00:00
2026-03-19 00:21:47.911396891+00:00,564,cancelled,bid,2198.7,0.09013065023024855,2026-03-19 00:21:46.226673268+00:00,48.223,2026-03-19 00:21:45.976673268+00:00,cancelled,pressure_stop_bid,2026-03-19 00:21:47.661396891+00:00,2026-03-19 00:21:47.911396891+00:00
2026-03-19 00:21:50.263367478+00:00,565,cancel_requested,ask,2199.3,0.10986934976975145,2026-03-19 00:21:46.508662171+00:00,100.63300000000001,2026-03-19 00:21:46.258662171+00:00,pending_cancel,expected_edge_ask,2026-03-19 00:21:50.263367478+00:00,2026-03-19 00:21:50.513367478+00:00
2026-03-19 00:21:50.263367478+00:00,566,placed,bid,2198.5,0.09013065023024855,2026-03-19 00:21:50.513367478+00:00,86.13600000000001,2026-03-19 00:21:50.263367478+00:00,pending_new,,,
2026-03-19 00:21:50.513367478+00:00,565,cancelled,ask,2199.3,0.10986934976975145,2026-03-19 00:21:46.508662171+00:00,100.63300000000001,2026-03-19 00:21:46.258662171+00:00,cancelled,expected_edge_ask,2026-03-19 00:21:50.263367478+00:00,2026-03-19 00:21:50.513367478+00:00
2026-03-19 00:21:52.291573554+00:00,566,cancel_requested,bid,2198.5,0.09013065023024855,2026-03-19 00:21:50.513367478+00:00,86.13600000000001,2026-03-19 00:21:50.263367478+00:00,pending_cancel,pressure_stop_bid,2026-03-19 00:21:52.291573554+00:00,2026-03-19 00:21:52.541573554+00:00
2026-03-19 00:21:52.291573554+00:00,567,placed,ask,2199.1,0.10986934976975145,2026-03-19 00:21:52.541573554+00:00,147.30900000000003,2026-03-19 00:21:52.291573554+00:00,pending_new,,,
2026-03-19 00:21:52.541573554+00:00,566,cancelled,bid,2198.5,0.09013065023024855,2026-03-19 00:21:50.513367478+00:00,86.13600000000001,2026-03-19 00:21:50.263367478+00:00,cancelled,pressure_stop_bid,2026-03-19 00:21:52.291573554+00:00,2026-03-19 00:21:52.541573554+00:00
2026-03-19 00:21:52.664674141+00:00,568,placed,bid,2198.4,0.09013065023024855,2026-03-19 00:21:52.914674141+00:00,126.32,2026-03-19 00:21:52.664674141+00:00,pending_new,,,
2026-03-19 00:21:53.205102020+00:00,568,cancel_requested,bid,2198.4,0.09013065023024855,2026-03-19 00:21:52.914674141+00:00,126.32,2026-03-19 00:21:52.664674141+00:00,pending_cancel,pressure_stop_bid,2026-03-19 00:21:53.205102020+00:00,2026-03-19 00:21:53.455102020+00:00
2026-03-19 00:21:53.455102020+00:00,568,cancelled,bid,2198.4,0.09013065023024855,2026-03-19 00:21:52.914674141+00:00,126.32,2026-03-19 00:21:52.664674141+00:00,cancelled,pressure_stop_bid,2026-03-19 00:21:53.205102020+00:00,2026-03-19 00:21:53.455102020+00:00
2026-03-19 00:21:53.457351257+00:00,569,placed,bid,2198.4,0.08977877455521728,2026-03-19 00:21:53.707351257+00:00,126.32,2026-03-19 00:21:53.457351257+00:00,pending_new,,,
2026-03-19 00:21:53.812317662+00:00,569,cancel_requested,bid,2198.4,0.08977877455521728,2026-03-19 00:21:53.707351257+00:00,126.32,2026-03-19 00:21:53.457351257+00:00,pending_cancel,pressure_stop_bid,2026-03-19 00:21:53.812317662+00:00,2026-03-19 00:21:54.062317662+00:00
2026-03-19 00:21:54.062317662+00:00,569,cancelled,bid,2198.4,0.08977877455521728,2026-03-19 00:21:53.707351257+00:00,126.32,2026-03-19 00:21:53.457351257+00:00,cancelled,pressure_stop_bid,2026-03-19 00:21:53.812317662+00:00,2026-03-19 00:21:54.062317662+00:00
2026-03-19 00:21:54.093036788+00:00,570,placed,bid,2198.5,0.08977877455521728,2026-03-19 00:21:54.343036788+00:00,84.247,2026-03-19 00:21:54.093036788+00:00,pending_new,,,
2026-03-19 00:21:54.147373415+00:00,567,cancel_requested,ask,2199.1,0.10986934976975145,2026-03-19 00:21:52.541573554+00:00,147.30900000000003,2026-03-19 00:21:52.291573554+00:00,pending_cancel,expected_edge_ask,2026-03-19 00:21:54.147373415+00:00,2026-03-19 00:21:54.397373415+00:00
2026-03-19 00:21:54.299651718+00:00,570,cancel_requested,bid,2198.5,0.08977877455521728,2026-03-19 00:21:54.343036788+00:00,84.247,2026-03-19 00:21:54.093036788+00:00,pending_cancel,pressure_stop_bid,2026-03-19 00:21:54.299651718+00:00,2026-03-19 00:21:54.549651718+00:00
2026-03-19 00:21:54.397373415+00:00,567,cancelled,ask,2199.1,0.10986934976975145,2026-03-19 00:21:52.541573554+00:00,147.30900000000003,2026-03-19 00:21:52.291573554+00:00,cancelled,expected_edge_ask,2026-03-19 00:21:54.147373415+00:00,2026-03-19 00:21:54.397373415+00:00
2026-03-19 00:21:54.400372066+00:00,571,placed,ask,2198.7,0.11022122544478273,2026-03-19 00:21:54.650372066+00:00,57.94,2026-03-19 00:21:54.400372066+00:00,pending_new,,,
2026-03-19 00:21:54.549651718+00:00,570,cancelled,bid,2198.5,0.08977877455521728,2026-03-19 00:21:54.343036788+00:00,84.247,2026-03-19 00:21:54.093036788+00:00,cancelled,pressure_stop_bid,2026-03-19 00:21:54.299651718+00:00,2026-03-19 00:21:54.549651718+00:00
2026-03-19 00:21:54.576260316+00:00,572,placed,bid,2198.0,0.08977877455521728,2026-03-19 00:21:54.826260316+00:00,33.348,2026-03-19 00:21:54.576260316+00:00,pending_new,,,
2026-03-19 00:21:54.863331022+00:00,572,cancel_requested,bid,2198.0,0.08977877455521728,2026-03-19 00:21:54.826260316+00:00,33.348,2026-03-19 00:21:54.576260316+00:00,pending_cancel,pressure_stop_bid,2026-03-19 00:21:54.863331022+00:00,2026-03-19 00:21:55.113331022+00:00
2026-03-19 00:21:55.113331022+00:00,572,cancelled,bid,2198.0,0.08977877455521728,2026-03-19 00:21:54.826260316+00:00,33.348,2026-03-19 00:21:54.576260316+00:00,cancelled,pressure_stop_bid,2026-03-19 00:21:54.863331022+00:00,2026-03-19 00:21:55.113331022+00:00
2026-03-19 00:21:55.119346017+00:00,573,placed,bid,2198.0,0.08977877455521728,2026-03-19 00:21:55.369346017+00:00,61.477,2026-03-19 00:21:55.119346017+00:00,pending_new,,,
2026-03-19 00:21:55.258000328+00:00,573,cancel_requested,bid,2198.0,0.08977877455521728,2026-03-19 00:21:55.369346017+00:00,61.477,2026-03-19 00:21:55.119346017+00:00,pending_cancel,pressure_stop_bid,2026-03-19 00:21:55.258000328+00:00,2026-03-19 00:21:55.508000328+00:00
2026-03-19 00:21:55.508000328+00:00,573,cancelled,bid,2198.0,0.08977877455521728,2026-03-19 00:21:55.369346017+00:00,61.477,2026-03-19 00:21:55.119346017+00:00,cancelled,pressure_stop_bid,2026-03-19 00:21:55.258000328+00:00,2026-03-19 00:21:55.508000328+00:00
2026-03-19 00:21:55.512043753+00:00,574,placed,bid,2198.0,0.08977877455521728,2026-03-19 00:21:55.762043753+00:00,63.751,2026-03-19 00:21:55.512043753+00:00,pending_new,,,
2026-03-19 00:21:55.578198094+00:00,574,cancel_requested,bid,2198.0,0.08977877455521728,2026-03-19 00:21:55.762043753+00:00,63.751,2026-03-19 00:21:55.512043753+00:00,pending_cancel,pressure_stop_bid,2026-03-19 00:21:55.578198094+00:00,2026-03-19 00:21:55.828198094+00:00
2026-03-19 00:21:55.828198094+00:00,574,cancelled,bid,2198.0,0.08977877455521728,2026-03-19 00:21:55.762043753+00:00,63.751,2026-03-19 00:21:55.512043753+00:00,cancelled,pressure_stop_bid,2026-03-19 00:21:55.578198094+00:00,2026-03-19 00:21:55.828198094+00:00
2026-03-19 00:21:56.292334603+00:00,575,placed,bid,2197.6,0.08977877455521728,2026-03-19 00:21:56.542334603+00:00,126.134,2026-03-19 00:21:56.292334603+00:00,pending_new,,,
2026-03-19 00:21:56.292334603+00:00,571,cancel_requested,ask,2198.7,0.11022122544478273,2026-03-19 00:21:54.650372066+00:00,57.94,2026-03-19 00:21:54.400372066+00:00,pending_cancel,refresh_reprice,2026-03-19 00:21:56.292334603+00:00,2026-03-19 00:21:56.542334603+00:00
2026-03-19 00:21:56.392171177+00:00,575,cancel_requested,bid,2197.6,0.08977877455521728,2026-03-19 00:21:56.542334603+00:00,126.134,2026-03-19 00:21:56.292334603+00:00,pending_cancel,pressure_stop_bid,2026-03-19 00:21:56.392171177+00:00,2026-03-19 00:21:56.642171177+00:00
2026-03-19 00:21:56.542334603+00:00,571,cancelled,ask,2198.7,0.11022122544478273,2026-03-19 00:21:54.650372066+00:00,57.94,2026-03-19 00:21:54.400372066+00:00,cancelled,refresh_reprice,2026-03-19 00:21:56.292334603+00:00,2026-03-19 00:21:56.542334603+00:00
2026-03-19 00:21:56.567101483+00:00,576,placed,ask,2198.4,0.11022122544478273,2026-03-19 00:21:56.817101483+00:00,213.53199999999998,2026-03-19 00:21:56.567101483+00:00,pending_new,,,
2026-03-19 00:21:56.642171177+00:00,575,cancelled,bid,2197.6,0.08977877455521728,2026-03-19 00:21:56.542334603+00:00,126.134,2026-03-19 00:21:56.292334603+00:00,cancelled,pressure_stop_bid,2026-03-19 00:21:56.392171177+00:00,2026-03-19 00:21:56.642171177+00:00
2026-03-19 00:21:56.699365835+00:00,577,placed,bid,2197.1,0.08977877455521728,2026-03-19 00:21:56.949365835+00:00,192.90800000000002,2026-03-19 00:21:56.699365835+00:00,pending_new,,,
2026-03-19 00:21:56.802635835+00:00,576,cancel_requested,ask,2198.4,0.11022122544478273,2026-03-19 00:21:56.817101483+00:00,213.53199999999998,2026-03-19 00:21:56.567101483+00:00,pending_cancel,pressure_stop_ask,2026-03-19 00:21:56.802635835+00:00,2026-03-19 00:21:57.052635835+00:00
2026-03-19 00:21:57.052635835+00:00,576,cancelled,ask,2198.4,0.11022122544478273,2026-03-19 00:21:56.817101483+00:00,213.53199999999998,2026-03-19 00:21:56.567101483+00:00,cancelled,pressure_stop_ask,2026-03-19 00:21:56.802635835+00:00,2026-03-19 00:21:57.052635835+00:00
2026-03-19 00:21:57.438608328+00:00,577,cancel_requested,bid,2197.1,0.08977877455521728,2026-03-19 00:21:56.949365835+00:00,192.90800000000002,2026-03-19 00:21:56.699365835+00:00,pending_cancel,refresh_reprice,2026-03-19 00:21:57.438608328+00:00,2026-03-19 00:21:57.688608328+00:00
2026-03-19 00:21:57.688608328+00:00,577,cancelled,bid,2197.1,0.08977877455521728,2026-03-19 00:21:56.949365835+00:00,192.90800000000002,2026-03-19 00:21:56.699365835+00:00,cancelled,refresh_reprice,2026-03-19 00:21:57.438608328+00:00,2026-03-19 00:21:57.688608328+00:00
2026-03-19 00:21:57.697664045+00:00,578,placed,bid,2197.5,0.08977877455521728,2026-03-19 00:21:57.947664045+00:00,145.415,2026-03-19 00:21:57.697664045+00:00,pending_new,,,
2026-03-19 00:21:58.486603188+00:00,579,placed,ask,2199.2,0.11022122544478273,2026-03-19 00:21:58.736603188+00:00,180.48700000000002,2026-03-19 00:21:58.486603188+00:00,pending_new,,,
2026-03-19 00:21:58.538198933+00:00,579,cancel_requested,ask,2199.2,0.11022122544478273,2026-03-19 00:21:58.736603188+00:00,180.48700000000002,2026-03-19 00:21:58.486603188+00:00,pending_cancel,pressure_stop_ask,2026-03-19 00:21:58.538198933+00:00,2026-03-19 00:21:58.788198933+00:00
2026-03-19 00:21:58.788198933+00:00,579,cancelled,ask,2199.2,0.11022122544478273,2026-03-19 00:21:58.736603188+00:00,180.48700000000002,2026-03-19 00:21:58.486603188+00:00,cancelled,pressure_stop_ask,2026-03-19 00:21:58.538198933+00:00,2026-03-19 00:21:58.788198933+00:00
2026-03-19 00:22:00.068549978+00:00,578,cancel_requested,bid,2197.5,0.08977877455521728,2026-03-19 00:21:57.947664045+00:00,145.415,2026-03-19 00:21:57.697664045+00:00,pending_cancel,pressure_stop_bid,2026-03-19 00:22:00.068549978+00:00,2026-03-19 00:22:00.318549978+00:00
2026-03-19 00:22:00.068549978+00:00,580,placed,ask,2199.0,0.11022122544478273,2026-03-19 00:22:00.318549978+00:00,270.60900000000004,2026-03-19 00:22:00.068549978+00:00,pending_new,,,
2026-03-19 00:22:00.318549978+00:00,578,cancelled,bid,2197.5,0.08977877455521728,2026-03-19 00:21:57.947664045+00:00,145.415,2026-03-19 00:21:57.697664045+00:00,cancelled,pressure_stop_bid,2026-03-19 00:22:00.068549978+00:00,2026-03-19 00:22:00.318549978+00:00
2026-03-19 00:22:02.264782931+00:00,581,placed,bid,2196.9,0.08977877455521728,2026-03-19 00:22:02.514782931+00:00,152.352,2026-03-19 00:22:02.264782931+00:00,pending_new,,,
2026-03-19 00:22:02.264782931+00:00,580,cancel_requested,ask,2199.0,0.11022122544478273,2026-03-19 00:22:00.318549978+00:00,270.60900000000004,2026-03-19 00:22:00.068549978+00:00,pending_cancel,refresh_reprice,2026-03-19 00:22:02.264782931+00:00,2026-03-19 00:22:02.514782931+00:00
2026-03-19 00:22:02.514782931+00:00,580,cancelled,ask,2199.0,0.11022122544478273,2026-03-19 00:22:00.318549978+00:00,270.60900000000004,2026-03-19 00:22:00.068549978+00:00,cancelled,refresh_reprice,2026-03-19 00:22:02.264782931+00:00,2026-03-19 00:22:02.514782931+00:00
2026-03-19 00:22:02.517481435+00:00,581,cancel_requested,bid,2196.9,0.08977877455521728,2026-03-19 00:22:02.514782931+00:00,152.352,2026-03-19 00:22:02.264782931+00:00,pending_cancel,refresh_reprice,2026-03-19 00:22:02.517481435+00:00,2026-03-19 00:22:02.767481435+00:00
2026-03-19 00:22:02.517481435+00:00,582,placed,ask,2198.9,0.11022122544478273,2026-03-19 00:22:02.767481435+00:00,226.00000000000003,2026-03-19 00:22:02.517481435+00:00,pending_new,,,
2026-03-19 00:22:02.615146481+00:00,582,cancel_requested,ask,2198.9,0.11022122544478273,2026-03-19 00:22:02.767481435+00:00,226.00000000000003,2026-03-19 00:22:02.517481435+00:00,pending_cancel,pressure_stop_ask,2026-03-19 00:22:02.615146481+00:00,2026-03-19 00:22:02.865146481+00:00
2026-03-19 00:22:02.767481435+00:00,581,cancelled,bid,2196.9,0.08977877455521728,2026-03-19 00:22:02.514782931+00:00,152.352,2026-03-19 00:22:02.264782931+00:00,cancelled,refresh_reprice,2026-03-19 00:22:02.517481435+00:00,2026-03-19 00:22:02.767481435+00:00
2026-03-19 00:22:02.797569093+00:00,583,placed,bid,2197.3,0.08977877455521728,2026-03-19 00:22:03.047569093+00:00,194.106,2026-03-19 00:22:02.797569093+00:00,pending_new,,,
2026-03-19 00:22:02.865146481+00:00,582,cancelled,ask,2198.9,0.11022122544478273,2026-03-19 00:22:02.767481435+00:00,226.00000000000003,2026-03-19 00:22:02.517481435+00:00,cancelled,pressure_stop_ask,2026-03-19 00:22:02.615146481+00:00,2026-03-19 00:22:02.865146481+00:00
2026-03-19 00:22:02.875752910+00:00,584,placed,ask,2199.0,0.11022122544478273,2026-03-19 00:22:03.125752910+00:00,227.05799999999996,2026-03-19 00:22:02.875752910+00:00,pending_new,,,
2026-03-19 00:22:03.228338380+00:00,583,cancel_requested,bid,2197.3,0.08977877455521728,2026-03-19 00:22:03.047569093+00:00,194.106,2026-03-19 00:22:02.797569093+00:00,pending_cancel,pressure_stop_bid,2026-03-19 00:22:03.228338380+00:00,2026-03-19 00:22:03.478338380+00:00
2026-03-19 00:22:03.478338380+00:00,583,cancelled,bid,2197.3,0.08977877455521728,2026-03-19 00:22:03.047569093+00:00,194.106,2026-03-19 00:22:02.797569093+00:00,cancelled,pressure_stop_bid,2026-03-19 00:22:03.228338380+00:00,2026-03-19 00:22:03.478338380+00:00
2026-03-19 00:22:06.867130637+00:00,585,placed,bid,2197.5,0.08977877455521728,2026-03-19 00:22:07.117130637+00:00,179.57899999999998,2026-03-19 00:22:06.867130637+00:00,pending_new,,,
2026-03-19 00:22:06.867130637+00:00,584,cancel_requested,ask,2199.0,0.11022122544478273,2026-03-19 00:22:03.125752910+00:00,227.05799999999996,2026-03-19 00:22:02.875752910+00:00,pending_cancel,refresh_reprice,2026-03-19 00:22:06.867130637+00:00,2026-03-19 00:22:07.117130637+00:00
2026-03-19 00:22:07.117130637+00:00,584,cancelled,ask,2199.0,0.11022122544478273,2026-03-19 00:22:03.125752910+00:00,227.05799999999996,2026-03-19 00:22:02.875752910+00:00,cancelled,refresh_reprice,2026-03-19 00:22:06.867130637+00:00,2026-03-19 00:22:07.117130637+00:00
2026-03-19 00:22:07.135370901+00:00,586,placed,ask,2198.4,0.11022122544478273,2026-03-19 00:22:07.385370901+00:00,124.59400000000001,2026-03-19 00:22:07.135370901+00:00,pending_new,,,
2026-03-19 00:22:07.675482437+00:00,585,cancel_requested,bid,2197.5,0.08977877455521728,2026-03-19 00:22:07.117130637+00:00,179.57899999999998,2026-03-19 00:22:06.867130637+00:00,pending_cancel,pressure_stop_bid,2026-03-19 00:22:07.675482437+00:00,2026-03-19 00:22:07.925482437+00:00
2026-03-19 00:22:07.925482437+00:00,585,cancelled,bid,2197.5,0.08977877455521728,2026-03-19 00:22:07.117130637+00:00,179.57899999999998,2026-03-19 00:22:06.867130637+00:00,cancelled,pressure_stop_bid,2026-03-19 00:22:07.675482437+00:00,2026-03-19 00:22:07.925482437+00:00
2026-03-19 00:22:09.965300177+00:00,587,placed,bid,2197.2,0.08977877455521728,2026-03-19 00:22:10.215300177+00:00,139.26600000000002,2026-03-19 00:22:09.965300177+00:00,pending_new,,,
2026-03-19 00:22:09.965300177+00:00,586,cancel_requested,ask,2198.4,0.11022122544478273,2026-03-19 00:22:07.385370901+00:00,124.59400000000001,2026-03-19 00:22:07.135370901+00:00,pending_cancel,refresh_reprice,2026-03-19 00:22:09.965300177+00:00,2026-03-19 00:22:10.215300177+00:00
2026-03-19 00:22:09.984925386+00:00,587,cancel_requested,bid,2197.2,0.08977877455521728,2026-03-19 00:22:10.215300177+00:00,139.26600000000002,2026-03-19 00:22:09.965300177+00:00,pending_cancel,pressure_stop_bid,2026-03-19 00:22:09.984925386+00:00,2026-03-19 00:22:10.234925386+00:00
2026-03-19 00:22:10.215300177+00:00,586,cancelled,ask,2198.4,0.11022122544478273,2026-03-19 00:22:07.385370901+00:00,124.59400000000001,2026-03-19 00:22:07.135370901+00:00,cancelled,refresh_reprice,2026-03-19 00:22:09.965300177+00:00,2026-03-19 00:22:10.215300177+00:00
2026-03-19 00:22:10.227692075+00:00,588,placed,ask,2198.1,0.11022122544478273,2026-03-19 00:22:10.477692075+00:00,129.733,2026-03-19 00:22:10.227692075+00:00,pending_new,,,
2026-03-19 00:22:10.234925386+00:00,587,cancelled,bid,2197.2,0.08977877455521728,2026-03-19 00:22:10.215300177+00:00,139.26600000000002,2026-03-19 00:22:09.965300177+00:00,cancelled,pressure_stop_bid,2026-03-19 00:22:09.984925386+00:00,2026-03-19 00:22:10.234925386+00:00
2026-03-19 00:22:11.039434310+00:00,589,placed,bid,2197.2,0.08977877455521728,2026-03-19 00:22:11.289434310+00:00,139.68599999999998,2026-03-19 00:22:11.039434310+00:00,pending_new,,,
2026-03-19 00:22:12.422336801+00:00,588,cancel_requested,ask,2198.1,0.11022122544478273,2026-03-19 00:22:10.477692075+00:00,129.733,2026-03-19 00:22:10.227692075+00:00,pending_cancel,pressure_stop_ask,2026-03-19 00:22:12.422336801+00:00,2026-03-19 00:22:12.672336801+00:00
2026-03-19 00:22:12.672336801+00:00,588,cancelled,ask,2198.1,0.11022122544478273,2026-03-19 00:22:10.477692075+00:00,129.733,2026-03-19 00:22:10.227692075+00:00,cancelled,pressure_stop_ask,2026-03-19 00:22:12.422336801+00:00,2026-03-19 00:22:12.672336801+00:00
2026-03-19 00:22:12.727842165+00:00,590,placed,ask,2198.7,0.11022122544478273,2026-03-19 00:22:12.977842165+00:00,234.824,2026-03-19 00:22:12.727842165+00:00,pending_new,,,
2026-03-19 00:22:13.087665867+00:00,590,cancel_requested,ask,2198.7,0.11022122544478273,2026-03-19 00:22:12.977842165+00:00,234.824,2026-03-19 00:22:12.727842165+00:00,pending_cancel,pressure_stop_ask,2026-03-19 00:22:13.087665867+00:00,2026-03-19 00:22:13.337665867+00:00
2026-03-19 00:22:13.337665867+00:00,590,cancelled,ask,2198.7,0.11022122544478273,2026-03-19 00:22:12.977842165+00:00,234.824,2026-03-19 00:22:12.727842165+00:00,cancelled,pressure_stop_ask,2026-03-19 00:22:13.087665867+00:00,2026-03-19 00:22:13.337665867+00:00
2026-03-19 00:22:17.527355157+00:00,589,resized,bid,2197.2,0.08937134161061863,2026-03-19 00:22:11.289434310+00:00,139.68599999999998,,,preserve_queue_priority,,
2026-03-19 00:22:17.527355157+00:00,591,placed,ask,2199.0,0.11062865838938139,2026-03-19 00:22:17.777355157+00:00,229.35500000000002,2026-03-19 00:22:17.527355157+00:00,pending_new,,,
2026-03-19 00:22:17.618895845+00:00,591,cancel_requested,ask,2199.0,0.11062865838938139,2026-03-19 00:22:17.777355157+00:00,229.35500000000002,2026-03-19 00:22:17.527355157+00:00,pending_cancel,pressure_stop_ask,2026-03-19 00:22:17.618895845+00:00,2026-03-19 00:22:17.868895845+00:00
2026-03-19 00:22:17.618895845+00:00,589,cancel_requested,bid,2197.2,0.08937134161061863,2026-03-19 00:22:11.289434310+00:00,139.68599999999998,2026-03-19 00:22:11.039434310+00:00,pending_cancel,refresh_reprice,2026-03-19 00:22:17.618895845+00:00,2026-03-19 00:22:17.868895845+00:00
2026-03-19 00:22:17.868895845+00:00,589,cancelled,bid,2197.2,0.08937134161061863,2026-03-19 00:22:11.289434310+00:00,139.68599999999998,2026-03-19 00:22:11.039434310+00:00,cancelled,refresh_reprice,2026-03-19 00:22:17.618895845+00:00,2026-03-19 00:22:17.868895845+00:00
2026-03-19 00:22:17.868895845+00:00,591,cancelled,ask,2199.0,0.11062865838938139,2026-03-19 00:22:17.777355157+00:00,229.35500000000002,2026-03-19 00:22:17.527355157+00:00,cancelled,pressure_stop_ask,2026-03-19 00:22:17.618895845+00:00,2026-03-19 00:22:17.868895845+00:00
2026-03-19 00:22:17.932690859+00:00,592,placed,bid,2197.4,0.08937134161061863,2026-03-19 00:22:18.182690859+00:00,236.24099999999999,2026-03-19 00:22:17.932690859+00:00,pending_new,,,
2026-03-19 00:22:20.535188160+00:00,592,cancel_requested,bid,2197.4,0.08937134161061863,2026-03-19 00:22:18.182690859+00:00,236.24099999999999,2026-03-19 00:22:17.932690859+00:00,pending_cancel,refresh_reprice,2026-03-19 00:22:20.535188160+00:00,2026-03-19 00:22:20.785188160+00:00
2026-03-19 00:22:20.785188160+00:00,592,cancelled,bid,2197.4,0.08937134161061863,2026-03-19 00:22:18.182690859+00:00,236.24099999999999,2026-03-19 00:22:17.932690859+00:00,cancelled,refresh_reprice,2026-03-19 00:22:20.535188160+00:00,2026-03-19 00:22:20.785188160+00:00
2026-03-19 00:22:20.841928562+00:00,593,placed,bid,2197.9,0.08937134161061863,2026-03-19 00:22:21.091928562+00:00,161.45999999999998,2026-03-19 00:22:20.841928562+00:00,pending_new,,,
2026-03-19 00:22:24.215383607+00:00,593,cancel_requested,bid,2197.9,0.08937134161061863,2026-03-19 00:22:21.091928562+00:00,161.45999999999998,2026-03-19 00:22:20.841928562+00:00,pending_cancel,pressure_stop_bid,2026-03-19 00:22:24.215383607+00:00,2026-03-19 00:22:24.465383607+00:00
2026-03-19 00:22:24.215383607+00:00,594,placed,ask,2199.4,0.11062865838938139,2026-03-19 00:22:24.465383607+00:00,273.21799999999996,2026-03-19 00:22:24.215383607+00:00,pending_new,,,
2026-03-19 00:22:24.465383607+00:00,593,cancelled,bid,2197.9,0.08937134161061863,2026-03-19 00:22:21.091928562+00:00,161.45999999999998,2026-03-19 00:22:20.841928562+00:00,cancelled,pressure_stop_bid,2026-03-19 00:22:24.215383607+00:00,2026-03-19 00:22:24.465383607+00:00
2026-03-19 00:22:24.961750747+00:00,594,cancel_requested,ask,2199.4,0.11062865838938139,2026-03-19 00:22:24.465383607+00:00,273.21799999999996,2026-03-19 00:22:24.215383607+00:00,pending_cancel,refresh_reprice,2026-03-19 00:22:24.961750747+00:00,2026-03-19 00:22:25.211750747+00:00
2026-03-19 00:22:25.211750747+00:00,594,cancelled,ask,2199.4,0.11062865838938139,2026-03-19 00:22:24.465383607+00:00,273.21799999999996,2026-03-19 00:22:24.215383607+00:00,cancelled,refresh_reprice,2026-03-19 00:22:24.961750747+00:00,2026-03-19 00:22:25.211750747+00:00
2026-03-19 00:22:25.237845469+00:00,595,placed,ask,2199.1,0.11062865838938139,2026-03-19 00:22:25.487845469+00:00,234.903,2026-03-19 00:22:25.237845469+00:00,pending_new,,,
2026-03-19 00:22:25.285486066+00:00,596,placed,bid,2198.1,0.08937134161061863,2026-03-19 00:22:25.535486066+00:00,149.584,2026-03-19 00:22:25.285486066+00:00,pending_new,,,
2026-03-19 00:22:25.335897747+00:00,596,cancel_requested,bid,2198.1,0.08937134161061863,2026-03-19 00:22:25.535486066+00:00,149.584,2026-03-19 00:22:25.285486066+00:00,pending_cancel,pressure_stop_bid,2026-03-19 00:22:25.335897747+00:00,2026-03-19 00:22:25.585897747+00:00
2026-03-19 00:22:25.585897747+00:00,596,cancelled,bid,2198.1,0.08937134161061863,2026-03-19 00:22:25.535486066+00:00,149.584,2026-03-19 00:22:25.285486066+00:00,cancelled,pressure_stop_bid,2026-03-19 00:22:25.335897747+00:00,2026-03-19 00:22:25.585897747+00:00
2026-03-19 00:22:25.951592570+00:00,595,cancel_requested,ask,2199.1,0.11062865838938139,2026-03-19 00:22:25.487845469+00:00,234.903,2026-03-19 00:22:25.237845469+00:00,pending_cancel,refresh_reprice,2026-03-19 00:22:25.951592570+00:00,2026-03-19 00:22:26.201592570+00:00
2026-03-19 00:22:26.201592570+00:00,595,cancelled,ask,2199.1,0.11062865838938139,2026-03-19 00:22:25.487845469+00:00,234.903,2026-03-19 00:22:25.237845469+00:00,cancelled,refresh_reprice,2026-03-19 00:22:25.951592570+00:00,2026-03-19 00:22:26.201592570+00:00
2026-03-19 00:22:26.255880190+00:00,597,placed,ask,2198.8,0.11062865838938139,2026-03-19 00:22:26.505880190+00:00,225.20999999999998,2026-03-19 00:22:26.255880190+00:00,pending_new,,,
2026-03-19 00:22:30.139063813+00:00,597,cancel_requested,ask,2198.8,0.11062865838938139,2026-03-19 00:22:26.505880190+00:00,225.20999999999998,2026-03-19 00:22:26.255880190+00:00,pending_cancel,pressure_stop_ask,2026-03-19 00:22:30.139063813+00:00,2026-03-19 00:22:30.389063813+00:00
2026-03-19 00:22:30.139063813+00:00,598,placed,bid,2198.0,0.08937134161061863,2026-03-19 00:22:30.389063813+00:00,101.646,2026-03-19 00:22:30.139063813+00:00,pending_new,,,
2026-03-19 00:22:30.389063813+00:00,597,cancelled,ask,2198.8,0.11062865838938139,2026-03-19 00:22:26.505880190+00:00,225.20999999999998,2026-03-19 00:22:26.255880190+00:00,cancelled,pressure_stop_ask,2026-03-19 00:22:30.139063813+00:00,2026-03-19 00:22:30.389063813+00:00
2026-03-19 00:22:30.442006228+00:00,598,cancel_requested,bid,2198.0,0.08937134161061863,2026-03-19 00:22:30.389063813+00:00,101.646,2026-03-19 00:22:30.139063813+00:00,pending_cancel,refresh_reprice,2026-03-19 00:22:30.442006228+00:00,2026-03-19 00:22:30.692006228+00:00
2026-03-19 00:22:30.692006228+00:00,598,cancelled,bid,2198.0,0.08937134161061863,2026-03-19 00:22:30.389063813+00:00,101.646,2026-03-19 00:22:30.139063813+00:00,cancelled,refresh_reprice,2026-03-19 00:22:30.442006228+00:00,2026-03-19 00:22:30.692006228+00:00
2026-03-19 00:22:30.747227372+00:00,599,placed,bid,2198.4,0.08937134161061863,2026-03-19 00:22:30.997227372+00:00,113.68900000000001,2026-03-19 00:22:30.747227372+00:00,pending_new,,,
2026-03-19 00:22:30.853326936+00:00,599,cancel_requested,bid,2198.4,0.08937134161061863,2026-03-19 00:22:30.997227372+00:00,113.68900000000001,2026-03-19 00:22:30.747227372+00:00,pending_cancel,refresh_reprice,2026-03-19 00:22:30.853326936+00:00,2026-03-19 00:22:31.103326936+00:00
2026-03-19 00:22:31.103326936+00:00,599,cancelled,bid,2198.4,0.08937134161061863,2026-03-19 00:22:30.997227372+00:00,113.68900000000001,2026-03-19 00:22:30.747227372+00:00,cancelled,refresh_reprice,2026-03-19 00:22:30.853326936+00:00,2026-03-19 00:22:31.103326936+00:00
2026-03-19 00:22:31.159365214+00:00,600,placed,bid,2198.4,0.08937134161061863,2026-03-19 00:22:31.409365214+00:00,145.361,2026-03-19 00:22:31.159365214+00:00,pending_new,,,
2026-03-19 00:22:33.863800039+00:00,600,cancel_requested,bid,2198.4,0.08937134161061863,2026-03-19 00:22:31.409365214+00:00,145.361,2026-03-19 00:22:31.159365214+00:00,pending_cancel,pressure_stop_bid,2026-03-19 00:22:33.863800039+00:00,2026-03-19 00:22:34.113800039+00:00
2026-03-19 00:22:33.863800039+00:00,601,placed,ask,2199.2,0.11062865838938139,2026-03-19 00:22:34.113800039+00:00,224.745,2026-03-19 00:22:33.863800039+00:00,pending_new,,,
2026-03-19 00:22:34.113800039+00:00,600,cancelled,bid,2198.4,0.08937134161061863,2026-03-19 00:22:31.409365214+00:00,145.361,2026-03-19 00:22:31.159365214+00:00,cancelled,pressure_stop_bid,2026-03-19 00:22:33.863800039+00:00,2026-03-19 00:22:34.113800039+00:00
2026-03-19 00:22:34.145160523+00:00,601,resized,ask,2199.2,0.11040788127053587,2026-03-19 00:22:34.113800039+00:00,224.745,,,preserve_queue_priority,,
2026-03-19 00:22:37.207801804+00:00,602,placed,bid,2198.2,0.08959211872946413,2026-03-19 00:22:37.457801804+00:00,186.765,2026-03-19 00:22:37.207801804+00:00,pending_new,,,
2026-03-19 00:22:37.477284194+00:00,602,cancel_requested,bid,2198.2,0.08959211872946413,2026-03-19 00:22:37.457801804+00:00,186.765,2026-03-19 00:22:37.207801804+00:00,pending_cancel,pressure_stop_bid,2026-03-19 00:22:37.477284194+00:00,2026-03-19 00:22:37.727284194+00:00
2026-03-19 00:22:37.639756036+00:00,601,cancel_requested,ask,2199.2,0.11040788127053587,2026-03-19 00:22:34.113800039+00:00,224.745,2026-03-19 00:22:33.863800039+00:00,pending_cancel,pressure_stop_ask,2026-03-19 00:22:37.639756036+00:00,2026-03-19 00:22:37.889756036+00:00
2026-03-19 00:22:37.727284194+00:00,602,cancelled,bid,2198.2,0.08959211872946413,2026-03-19 00:22:37.457801804+00:00,186.765,2026-03-19 00:22:37.207801804+00:00,cancelled,pressure_stop_bid,2026-03-19 00:22:37.477284194+00:00,2026-03-19 00:22:37.727284194+00:00
2026-03-19 00:22:37.741815752+00:00,603,placed,bid,2197.7,0.08959211872946413,2026-03-19 00:22:37.991815752+00:00,220.66500000000005,2026-03-19 00:22:37.741815752+00:00,pending_new,,,
2026-03-19 00:22:37.889756036+00:00,601,cancelled,ask,2199.2,0.11040788127053587,2026-03-19 00:22:34.113800039+00:00,224.745,2026-03-19 00:22:33.863800039+00:00,cancelled,pressure_stop_ask,2026-03-19 00:22:37.639756036+00:00,2026-03-19 00:22:37.889756036+00:00
2026-03-19 00:22:37.927123298+00:00,604,placed,ask,2199.3,0.11040788127053587,2026-03-19 00:22:38.177123298+00:00,270.75600000000003,2026-03-19 00:22:37.927123298+00:00,pending_new,,,
2026-03-19 00:22:38.049337025+00:00,603,cancel_requested,bid,2197.7,0.08959211872946413,2026-03-19 00:22:37.991815752+00:00,220.66500000000005,2026-03-19 00:22:37.741815752+00:00,pending_cancel,pressure_stop_bid,2026-03-19 00:22:38.049337025+00:00,2026-03-19 00:22:38.299337025+00:00
2026-03-19 00:22:38.096393770+00:00,604,cancel_requested,ask,2199.3,0.11040788127053587,2026-03-19 00:22:38.177123298+00:00,270.75600000000003,2026-03-19 00:22:37.927123298+00:00,pending_cancel,refresh_reprice,2026-03-19 00:22:38.096393770+00:00,2026-03-19 00:22:38.346393770+00:00
2026-03-19 00:22:38.299337025+00:00,603,cancelled,bid,2197.7,0.08959211872946413,2026-03-19 00:22:37.991815752+00:00,220.66500000000005,2026-03-19 00:22:37.741815752+00:00,cancelled,pressure_stop_bid,2026-03-19 00:22:38.049337025+00:00,2026-03-19 00:22:38.299337025+00:00
2026-03-19 00:22:38.346393770+00:00,604,cancelled,ask,2199.3,0.11040788127053587,2026-03-19 00:22:38.177123298+00:00,270.75600000000003,2026-03-19 00:22:37.927123298+00:00,cancelled,refresh_reprice,2026-03-19 00:22:38.096393770+00:00,2026-03-19 00:22:38.346393770+00:00
2026-03-19 00:22:38.408094033+00:00,605,placed,ask,2199.0,0.11040788127053587,2026-03-19 00:22:38.658094033+00:00,130.243,2026-03-19 00:22:38.408094033+00:00,pending_new,,,
2026-03-19 00:22:38.508481591+00:00,605,cancel_requested,ask,2199.0,0.11040788127053587,2026-03-19 00:22:38.658094033+00:00,130.243,2026-03-19 00:22:38.408094033+00:00,pending_cancel,refresh_reprice,2026-03-19 00:22:38.508481591+00:00,2026-03-19 00:22:38.758481591+00:00
2026-03-19 00:22:38.758481591+00:00,605,cancelled,ask,2199.0,0.11040788127053587,2026-03-19 00:22:38.658094033+00:00,130.243,2026-03-19 00:22:38.408094033+00:00,cancelled,refresh_reprice,2026-03-19 00:22:38.508481591+00:00,2026-03-19 00:22:38.758481591+00:00
2026-03-19 00:22:38.813300823+00:00,606,placed,ask,2199.0,0.11040788127053587,2026-03-19 00:22:39.063300823+00:00,140.251,2026-03-19 00:22:38.813300823+00:00,pending_new,,,
2026-03-19 00:22:38.856413020+00:00,606,cancel_requested,ask,2199.0,0.11040788127053587,2026-03-19 00:22:39.063300823+00:00,140.251,2026-03-19 00:22:38.813300823+00:00,pending_cancel,refresh_reprice,2026-03-19 00:22:38.856413020+00:00,2026-03-19 00:22:39.106413020+00:00
2026-03-19 00:22:39.106413020+00:00,606,cancelled,ask,2199.0,0.11040788127053587,2026-03-19 00:22:39.063300823+00:00,140.251,2026-03-19 00:22:38.813300823+00:00,cancelled,refresh_reprice,2026-03-19 00:22:38.856413020+00:00,2026-03-19 00:22:39.106413020+00:00
2026-03-19 00:22:39.126492253+00:00,607,placed,ask,2199.3,0.11040788127053587,2026-03-19 00:22:39.376492253+00:00,292.428,2026-03-19 00:22:39.126492253+00:00,pending_new,,,
2026-03-19 00:22:39.606475864+00:00,607,cancel_requested,ask,2199.3,0.11040788127053587,2026-03-19 00:22:39.376492253+00:00,292.428,2026-03-19 00:22:39.126492253+00:00,pending_cancel,refresh_reprice,2026-03-19 00:22:39.606475864+00:00,2026-03-19 00:22:39.856475864+00:00
2026-03-19 00:22:39.856475864+00:00,607,cancelled,ask,2199.3,0.11040788127053587,2026-03-19 00:22:39.376492253+00:00,292.428,2026-03-19 00:22:39.126492253+00:00,cancelled,refresh_reprice,2026-03-19 00:22:39.606475864+00:00,2026-03-19 00:22:39.856475864+00:00
2026-03-19 00:22:39.867117984+00:00,608,placed,ask,2199.0,0.11040788127053587,2026-03-19 00:22:40.117117984+00:00,140.828,2026-03-19 00:22:39.867117984+00:00,pending_new,,,
2026-03-19 00:22:42.438803733+00:00,609,placed,bid,2197.7,0.08959211872946413,2026-03-19 00:22:42.688803733+00:00,166.3,2026-03-19 00:22:42.438803733+00:00,pending_new,,,
2026-03-19 00:22:42.438803733+00:00,608,cancel_requested,ask,2199.0,0.11040788127053587,2026-03-19 00:22:40.117117984+00:00,140.828,2026-03-19 00:22:39.867117984+00:00,pending_cancel,refresh_reprice,2026-03-19 00:22:42.438803733+00:00,2026-03-19 00:22:42.688803733+00:00
2026-03-19 00:22:42.688803733+00:00,608,cancelled,ask,2199.0,0.11040788127053587,2026-03-19 00:22:40.117117984+00:00,140.828,2026-03-19 00:22:39.867117984+00:00,cancelled,refresh_reprice,2026-03-19 00:22:42.438803733+00:00,2026-03-19 00:22:42.688803733+00:00
2026-03-19 00:22:42.735526848+00:00,610,placed,ask,2198.6,0.11040788127053587,2026-03-19 00:22:42.985526848+00:00,115.534,2026-03-19 00:22:42.735526848+00:00,pending_new,,,
2026-03-19 00:22:43.207295132+00:00,609,cancel_requested,bid,2197.7,0.08959211872946413,2026-03-19 00:22:42.688803733+00:00,166.3,2026-03-19 00:22:42.438803733+00:00,pending_cancel,pressure_stop_bid,2026-03-19 00:22:43.207295132+00:00,2026-03-19 00:22:43.457295132+00:00
2026-03-19 00:22:43.457295132+00:00,609,cancelled,bid,2197.7,0.08959211872946413,2026-03-19 00:22:42.688803733+00:00,166.3,2026-03-19 00:22:42.438803733+00:00,cancelled,pressure_stop_bid,2026-03-19 00:22:43.207295132+00:00,2026-03-19 00:22:43.457295132+00:00
2026-03-19 00:22:43.477986187+00:00,611,placed,bid,2197.7,0.08959211872946413,2026-03-19 00:22:43.727986187+00:00,143.198,2026-03-19 00:22:43.477986187+00:00,pending_new,,,
2026-03-19 00:22:43.608273792+00:00,611,cancel_requested,bid,2197.7,0.08959211872946413,2026-03-19 00:22:43.727986187+00:00,143.198,2026-03-19 00:22:43.477986187+00:00,pending_cancel,pressure_stop_bid,2026-03-19 00:22:43.608273792+00:00,2026-03-19 00:22:43.858273792+00:00
2026-03-19 00:22:43.858273792+00:00,611,cancelled,bid,2197.7,0.08959211872946413,2026-03-19 00:22:43.727986187+00:00,143.198,2026-03-19 00:22:43.477986187+00:00,cancelled,pressure_stop_bid,2026-03-19 00:22:43.608273792+00:00,2026-03-19 00:22:43.858273792+00:00
2026-03-19 00:22:45.810230893+00:00,612,placed,bid,2196.7,0.08959211872946413,2026-03-19 00:22:46.060230893+00:00,163.079,2026-03-19 00:22:45.810230893+00:00,pending_new,,,
2026-03-19 00:22:49.075685438+00:00,612,cancel_requested,bid,2196.7,0.08959211872946413,2026-03-19 00:22:46.060230893+00:00,163.079,2026-03-19 00:22:45.810230893+00:00,pending_cancel,pressure_stop_bid,2026-03-19 00:22:49.075685438+00:00,2026-03-19 00:22:49.325685438+00:00
2026-03-19 00:22:49.325685438+00:00,612,cancelled,bid,2196.7,0.08959211872946413,2026-03-19 00:22:46.060230893+00:00,163.079,2026-03-19 00:22:45.810230893+00:00,cancelled,pressure_stop_bid,2026-03-19 00:22:49.075685438+00:00,2026-03-19 00:22:49.325685438+00:00
2026-03-19 00:22:49.738276981+00:00,610,cancel_requested,ask,2198.6,0.11040788127053587,2026-03-19 00:22:42.985526848+00:00,115.534,2026-03-19 00:22:42.735526848+00:00,pending_cancel,refresh_reprice,2026-03-19 00:22:49.738276981+00:00,2026-03-19 00:22:49.988276981+00:00
2026-03-19 00:22:49.988276981+00:00,610,cancelled,ask,2198.6,0.11040788127053587,2026-03-19 00:22:42.985526848+00:00,115.534,2026-03-19 00:22:42.735526848+00:00,cancelled,refresh_reprice,2026-03-19 00:22:49.738276981+00:00,2026-03-19 00:22:49.988276981+00:00
2026-03-19 00:22:50.042666339+00:00,613,placed,ask,2198.1,0.11040788127053587,2026-03-19 00:22:50.292666339+00:00,156.739,2026-03-19 00:22:50.042666339+00:00,pending_new,,,
2026-03-19 00:22:50.536049055+00:00,613,cancel_requested,ask,2198.1,0.11040788127053587,2026-03-19 00:22:50.292666339+00:00,156.739,2026-03-19 00:22:50.042666339+00:00,pending_cancel,refresh_reprice,2026-03-19 00:22:50.536049055+00:00,2026-03-19 00:22:50.786049055+00:00
2026-03-19 00:22:50.786049055+00:00,613,cancelled,ask,2198.1,0.11040788127053587,2026-03-19 00:22:50.292666339+00:00,156.739,2026-03-19 00:22:50.042666339+00:00,cancelled,refresh_reprice,2026-03-19 00:22:50.536049055+00:00,2026-03-19 00:22:50.786049055+00:00
2026-03-19 00:22:50.828324807+00:00,614,placed,ask,2198.4,0.11040788127053587,2026-03-19 00:22:51.078324807+00:00,298.458,2026-03-19 00:22:50.828324807+00:00,pending_new,,,
2026-03-19 00:22:51.106901386+00:00,614,cancel_requested,ask,2198.4,0.11040788127053587,2026-03-19 00:22:51.078324807+00:00,298.458,2026-03-19 00:22:50.828324807+00:00,pending_cancel,refresh_reprice,2026-03-19 00:22:51.106901386+00:00,2026-03-19 00:22:51.356901386+00:00
2026-03-19 00:22:51.356901386+00:00,614,cancelled,ask,2198.4,0.11040788127053587,2026-03-19 00:22:51.078324807+00:00,298.458,2026-03-19 00:22:50.828324807+00:00,cancelled,refresh_reprice,2026-03-19 00:22:51.106901386+00:00,2026-03-19 00:22:51.356901386+00:00
2026-03-19 00:22:51.436739350+00:00,615,placed,ask,2198.1,0.11040788127053587,2026-03-19 00:22:51.686739350+00:00,151.223,2026-03-19 00:22:51.436739350+00:00,pending_new,,,
2026-03-19 00:22:51.732577439+00:00,615,cancel_requested,ask,2198.1,0.11040788127053587,2026-03-19 00:22:51.686739350+00:00,151.223,2026-03-19 00:22:51.436739350+00:00,pending_cancel,refresh_reprice,2026-03-19 00:22:51.732577439+00:00,2026-03-19 00:22:51.982577439+00:00
2026-03-19 00:22:51.982577439+00:00,615,cancelled,ask,2198.1,0.11040788127053587,2026-03-19 00:22:51.686739350+00:00,151.223,2026-03-19 00:22:51.436739350+00:00,cancelled,refresh_reprice,2026-03-19 00:22:51.732577439+00:00,2026-03-19 00:22:51.982577439+00:00
2026-03-19 00:22:51.987315139+00:00,616,placed,bid,2196.4,0.08959211872946413,2026-03-19 00:22:52.237315139+00:00,239.545,2026-03-19 00:22:51.987315139+00:00,pending_new,,,
2026-03-19 00:22:51.987315139+00:00,617,placed,ask,2198.2,0.11040788127053587,2026-03-19 00:22:52.237315139+00:00,273.615,2026-03-19 00:22:51.987315139+00:00,pending_new,,,
2026-03-19 00:22:54.110157878+00:00,616,cancel_requested,bid,2196.4,0.08959211872946413,2026-03-19 00:22:52.237315139+00:00,239.545,2026-03-19 00:22:51.987315139+00:00,pending_cancel,pressure_stop_bid,2026-03-19 00:22:54.110157878+00:00,2026-03-19 00:22:54.360157878+00:00
2026-03-19 00:22:54.251090085+00:00,617,cancel_requested,ask,2198.2,0.11040788127053587,2026-03-19 00:22:52.237315139+00:00,273.615,2026-03-19 00:22:51.987315139+00:00,pending_cancel,refresh_reprice,2026-03-19 00:22:54.251090085+00:00,2026-03-19 00:22:54.501090085+00:00
2026-03-19 00:22:54.360157878+00:00,616,cancelled,bid,2196.4,0.08959211872946413,2026-03-19 00:22:52.237315139+00:00,239.545,2026-03-19 00:22:51.987315139+00:00,cancelled,pressure_stop_bid,2026-03-19 00:22:54.110157878+00:00,2026-03-19 00:22:54.360157878+00:00
2026-03-19 00:22:54.435509002+00:00,618,placed,bid,2197.0,0.0893631962821532,2026-03-19 00:22:54.685509002+00:00,183.279,2026-03-19 00:22:54.435509002+00:00,pending_new,,,
2026-03-19 00:22:54.452255629+00:00,618,cancel_requested,bid,2197.0,0.0893631962821532,2026-03-19 00:22:54.685509002+00:00,183.279,2026-03-19 00:22:54.435509002+00:00,pending_cancel,pressure_stop_bid,2026-03-19 00:22:54.452255629+00:00,2026-03-19 00:22:54.702255629+00:00
2026-03-19 00:22:54.501090085+00:00,617,cancelled,ask,2198.2,0.11040788127053587,2026-03-19 00:22:52.237315139+00:00,273.615,2026-03-19 00:22:51.987315139+00:00,cancelled,refresh_reprice,2026-03-19 00:22:54.251090085+00:00,2026-03-19 00:22:54.501090085+00:00
2026-03-19 00:22:54.537037848+00:00,619,placed,ask,2197.9,0.11063680371784682,2026-03-19 00:22:54.787037848+00:00,145.207,2026-03-19 00:22:54.537037848+00:00,pending_new,,,
2026-03-19 00:22:54.702255629+00:00,618,cancelled,bid,2197.0,0.0893631962821532,2026-03-19 00:22:54.685509002+00:00,183.279,2026-03-19 00:22:54.435509002+00:00,cancelled,pressure_stop_bid,2026-03-19 00:22:54.452255629+00:00,2026-03-19 00:22:54.702255629+00:00
2026-03-19 00:22:54.736316333+00:00,620,placed,bid,2196.9,0.0893631962821532,2026-03-19 00:22:54.986316333+00:00,168.58,2026-03-19 00:22:54.736316333+00:00,pending_new,,,
2026-03-19 00:22:58.565012255+00:00,620,cancel_requested,bid,2196.9,0.0893631962821532,2026-03-19 00:22:54.986316333+00:00,168.58,2026-03-19 00:22:54.736316333+00:00,pending_cancel,pressure_stop_bid,2026-03-19 00:22:58.565012255+00:00,2026-03-19 00:22:58.815012255+00:00
2026-03-19 00:22:58.565012255+00:00,619,cancel_requested,ask,2197.9,0.11063680371784682,2026-03-19 00:22:54.787037848+00:00,145.207,2026-03-19 00:22:54.537037848+00:00,pending_cancel,refresh_reprice,2026-03-19 00:22:58.565012255+00:00,2026-03-19 00:22:58.815012255+00:00
2026-03-19 00:22:58.815012255+00:00,620,cancelled,bid,2196.9,0.0893631962821532,2026-03-19 00:22:54.986316333+00:00,168.58,2026-03-19 00:22:54.736316333+00:00,cancelled,pressure_stop_bid,2026-03-19 00:22:58.565012255+00:00,2026-03-19 00:22:58.815012255+00:00
2026-03-19 00:22:58.815012255+00:00,619,cancelled,ask,2197.9,0.11063680371784682,2026-03-19 00:22:54.787037848+00:00,145.207,2026-03-19 00:22:54.537037848+00:00,cancelled,refresh_reprice,2026-03-19 00:22:58.565012255+00:00,2026-03-19 00:22:58.815012255+00:00
2026-03-19 00:22:58.826043564+00:00,621,placed,ask,2197.7,0.11063680371784682,2026-03-19 00:22:59.076043564+00:00,147.63,2026-03-19 00:22:58.826043564+00:00,pending_new,,,
2026-03-19 00:23:01.121498225+00:00,621,cancel_requested,ask,2197.7,0.11063680371784682,2026-03-19 00:22:59.076043564+00:00,147.63,2026-03-19 00:22:58.826043564+00:00,pending_cancel,pressure_stop_ask,2026-03-19 00:23:01.121498225+00:00,2026-03-19 00:23:01.371498225+00:00
2026-03-19 00:23:01.121498225+00:00,622,placed,bid,2197.0,0.0893631962821532,2026-03-19 00:23:01.371498225+00:00,107.48,2026-03-19 00:23:01.121498225+00:00,pending_new,,,
2026-03-19 00:23:01.371498225+00:00,621,cancelled,ask,2197.7,0.11063680371784682,2026-03-19 00:22:59.076043564+00:00,147.63,2026-03-19 00:22:58.826043564+00:00,cancelled,pressure_stop_ask,2026-03-19 00:23:01.121498225+00:00,2026-03-19 00:23:01.371498225+00:00
2026-03-19 00:23:03.727179932+00:00,622,cancel_requested,bid,2197.0,0.0893631962821532,2026-03-19 00:23:01.371498225+00:00,107.48,2026-03-19 00:23:01.121498225+00:00,pending_cancel,pressure_stop_bid,2026-03-19 00:23:03.727179932+00:00,2026-03-19 00:23:03.977179932+00:00
2026-03-19 00:23:03.727179932+00:00,623,placed,ask,2197.7,0.11063680371784682,2026-03-19 00:23:03.977179932+00:00,147.543,2026-03-19 00:23:03.727179932+00:00,pending_new,,,
2026-03-19 00:23:03.977179932+00:00,622,cancelled,bid,2197.0,0.0893631962821532,2026-03-19 00:23:01.371498225+00:00,107.48,2026-03-19 00:23:01.121498225+00:00,cancelled,pressure_stop_bid,2026-03-19 00:23:03.727179932+00:00,2026-03-19 00:23:03.977179932+00:00
2026-03-19 00:23:08.574410210+00:00,623,cancel_requested,ask,2197.7,0.11063680371784682,2026-03-19 00:23:03.977179932+00:00,147.543,2026-03-19 00:23:03.727179932+00:00,pending_cancel,refresh_reprice,2026-03-19 00:23:08.574410210+00:00,2026-03-19 00:23:08.824410210+00:00
2026-03-19 00:23:08.824410210+00:00,623,cancelled,ask,2197.7,0.11063680371784682,2026-03-19 00:23:03.977179932+00:00,147.543,2026-03-19 00:23:03.727179932+00:00,cancelled,refresh_reprice,2026-03-19 00:23:08.574410210+00:00,2026-03-19 00:23:08.824410210+00:00
2026-03-19 00:23:08.827000735+00:00,624,placed,bid,2196.2,0.0893631962821532,2026-03-19 00:23:09.077000735+00:00,68.40599999999999,2026-03-19 00:23:08.827000735+00:00,pending_new,,,
2026-03-19 00:23:08.827000735+00:00,625,placed,ask,2196.9,0.11063680371784682,2026-03-19 00:23:09.077000735+00:00,42.572,2026-03-19 00:23:08.827000735+00:00,pending_new,,,
2026-03-19 00:23:08.931079905+00:00,625,cancel_requested,ask,2196.9,0.11063680371784682,2026-03-19 00:23:09.077000735+00:00,42.572,2026-03-19 00:23:08.827000735+00:00,pending_cancel,pressure_stop_ask,2026-03-19 00:23:08.931079905+00:00,2026-03-19 00:23:09.181079905+00:00
2026-03-19 00:23:09.181079905+00:00,625,cancelled,ask,2196.9,0.11063680371784682,2026-03-19 00:23:09.077000735+00:00,42.572,2026-03-19 00:23:08.827000735+00:00,cancelled,pressure_stop_ask,2026-03-19 00:23:08.931079905+00:00,2026-03-19 00:23:09.181079905+00:00
2026-03-19 00:23:09.235354817+00:00,624,cancel_requested,bid,2196.2,0.0893631962821532,2026-03-19 00:23:09.077000735+00:00,68.40599999999999,2026-03-19 00:23:08.827000735+00:00,pending_cancel,refresh_reprice,2026-03-19 00:23:09.235354817+00:00,2026-03-19 00:23:09.485354817+00:00
2026-03-19 00:23:09.235354817+00:00,626,placed,ask,2197.3,0.11063680371784682,2026-03-19 00:23:09.485354817+00:00,212.381,2026-03-19 00:23:09.235354817+00:00,pending_new,,,
2026-03-19 00:23:09.485354817+00:00,624,cancelled,bid,2196.2,0.0893631962821532,2026-03-19 00:23:09.077000735+00:00,68.40599999999999,2026-03-19 00:23:08.827000735+00:00,cancelled,refresh_reprice,2026-03-19 00:23:09.235354817+00:00,2026-03-19 00:23:09.485354817+00:00
2026-03-19 00:23:09.514060493+00:00,627,placed,bid,2196.5,0.0893631962821532,2026-03-19 00:23:09.764060493+00:00,73.369,2026-03-19 00:23:09.514060493+00:00,pending_new,,,
2026-03-19 00:23:10.135122318+00:00,627,cancel_requested,bid,2196.5,0.0893631962821532,2026-03-19 00:23:09.764060493+00:00,73.369,2026-03-19 00:23:09.514060493+00:00,pending_cancel,pressure_stop_bid,2026-03-19 00:23:10.135122318+00:00,2026-03-19 00:23:10.385122318+00:00
2026-03-19 00:23:10.385122318+00:00,627,cancelled,bid,2196.5,0.0893631962821532,2026-03-19 00:23:09.764060493+00:00,73.369,2026-03-19 00:23:09.514060493+00:00,cancelled,pressure_stop_bid,2026-03-19 00:23:10.135122318+00:00,2026-03-19 00:23:10.385122318+00:00
2026-03-19 00:23:14.906239204+00:00,626,cancel_requested,ask,2197.3,0.11063680371784682,2026-03-19 00:23:09.485354817+00:00,212.381,2026-03-19 00:23:09.235354817+00:00,pending_cancel,expected_edge_ask,2026-03-19 00:23:14.906239204+00:00,2026-03-19 00:23:15.156239204+00:00
2026-03-19 00:23:14.906239204+00:00,628,placed,bid,2196.6,0.08928462934859754,2026-03-19 00:23:15.156239204+00:00,96.924,2026-03-19 00:23:14.906239204+00:00,pending_new,,,
2026-03-19 00:23:15.156239204+00:00,626,cancelled,ask,2197.3,0.11063680371784682,2026-03-19 00:23:09.485354817+00:00,212.381,2026-03-19 00:23:09.235354817+00:00,cancelled,expected_edge_ask,2026-03-19 00:23:14.906239204+00:00,2026-03-19 00:23:15.156239204+00:00
2026-03-19 00:23:15.157557533+00:00,629,placed,ask,2197.2,0.11071537065140247,2026-03-19 00:23:15.407557533+00:00,168.67700000000002,2026-03-19 00:23:15.157557533+00:00,pending_new,,,
2026-03-19 00:23:15.347219418+00:00,629,cancel_requested,ask,2197.2,0.11071537065140247,2026-03-19 00:23:15.407557533+00:00,168.67700000000002,2026-03-19 00:23:15.157557533+00:00,pending_cancel,expected_edge_ask,2026-03-19 00:23:15.347219418+00:00,2026-03-19 00:23:15.597219418+00:00
2026-03-19 00:23:15.597219418+00:00,629,cancelled,ask,2197.2,0.11071537065140247,2026-03-19 00:23:15.407557533+00:00,168.67700000000002,2026-03-19 00:23:15.157557533+00:00,cancelled,expected_edge_ask,2026-03-19 00:23:15.347219418+00:00,2026-03-19 00:23:15.597219418+00:00
2026-03-19 00:23:20.726628714+00:00,630,placed,ask,2197.2,0.11071537065140247,2026-03-19 00:23:20.976628714+00:00,124.05300000000001,2026-03-19 00:23:20.726628714+00:00,pending_new,,,
2026-03-19 00:23:24.658247532+00:00,630,cancel_requested,ask,2197.2,0.11071537065140247,2026-03-19 00:23:20.976628714+00:00,124.05300000000001,2026-03-19 00:23:20.726628714+00:00,pending_cancel,expected_edge_ask,2026-03-19 00:23:24.658247532+00:00,2026-03-19 00:23:24.908247532+00:00
2026-03-19 00:23:24.908247532+00:00,630,cancelled,ask,2197.2,0.11071537065140247,2026-03-19 00:23:20.976628714+00:00,124.05300000000001,2026-03-19 00:23:20.726628714+00:00,cancelled,expected_edge_ask,2026-03-19 00:23:24.658247532+00:00,2026-03-19 00:23:24.908247532+00:00
2026-03-19 00:23:24.906239204+00:00,628,cancel_requested,bid,2196.6,0.08928462934859754,2026-03-19 00:23:15.156239204+00:00,96.924,2026-03-19 00:23:14.906239204+00:00,pending_cancel,quote_age_expired,2026-03-19 00:23:24.906239204+00:00,2026-03-19 00:23:25.156239204+00:00
2026-03-19 00:23:25.062162666+00:00,631,placed,ask,2197.3,0.11071537065140247,2026-03-19 00:23:25.312162666+00:00,41.911,2026-03-19 00:23:25.062162666+00:00,pending_new,,,
2026-03-19 00:23:25.156239204+00:00,628,cancelled,bid,2196.6,0.08928462934859754,2026-03-19 00:23:15.156239204+00:00,96.924,2026-03-19 00:23:14.906239204+00:00,cancelled,quote_age_expired,2026-03-19 00:23:24.906239204+00:00,2026-03-19 00:23:25.156239204+00:00
2026-03-19 00:23:25.164350272+00:00,632,placed,bid,2196.6,0.08928462934859754,2026-03-19 00:23:25.414350272+00:00,139.84199999999998,2026-03-19 00:23:25.164350272+00:00,pending_new,,,
2026-03-19 00:23:25.206931457+00:00,631,cancel_requested,ask,2197.3,0.11071537065140247,2026-03-19 00:23:25.312162666+00:00,41.911,2026-03-19 00:23:25.062162666+00:00,pending_cancel,pressure_stop_ask,2026-03-19 00:23:25.206931457+00:00,2026-03-19 00:23:25.456931457+00:00
2026-03-19 00:23:25.456931457+00:00,631,cancelled,ask,2197.3,0.11071537065140247,2026-03-19 00:23:25.312162666+00:00,41.911,2026-03-19 00:23:25.062162666+00:00,cancelled,pressure_stop_ask,2026-03-19 00:23:25.206931457+00:00,2026-03-19 00:23:25.456931457+00:00
2026-03-19 00:23:27.417428238+00:00,632,cancel_requested,bid,2196.6,0.08928462934859754,2026-03-19 00:23:25.414350272+00:00,139.84199999999998,2026-03-19 00:23:25.164350272+00:00,pending_cancel,refresh_reprice,2026-03-19 00:23:27.417428238+00:00,2026-03-19 00:23:27.667428238+00:00
2026-03-19 00:23:27.667428238+00:00,632,cancelled,bid,2196.6,0.08928462934859754,2026-03-19 00:23:25.414350272+00:00,139.84199999999998,2026-03-19 00:23:25.164350272+00:00,cancelled,refresh_reprice,2026-03-19 00:23:27.417428238+00:00,2026-03-19 00:23:27.667428238+00:00
2026-03-19 00:23:27.707253340+00:00,633,placed,bid,2196.9,0.08928462934859754,2026-03-19 00:23:27.957253340+00:00,66.695,2026-03-19 00:23:27.707253340+00:00,pending_new,,,
2026-03-19 00:23:29.308202979+00:00,634,placed,ask,2197.7,0.11071537065140247,2026-03-19 00:23:29.558202979+00:00,76.03999999999999,2026-03-19 00:23:29.308202979+00:00,pending_new,,,
2026-03-19 00:23:30.534749949+00:00,634,cancel_requested,ask,2197.7,0.11071537065140247,2026-03-19 00:23:29.558202979+00:00,76.03999999999999,2026-03-19 00:23:29.308202979+00:00,pending_cancel,pressure_stop_ask,2026-03-19 00:23:30.534749949+00:00,2026-03-19 00:23:30.784749949+00:00
2026-03-19 00:23:30.784749949+00:00,634,cancelled,ask,2197.7,0.11071537065140247,2026-03-19 00:23:29.558202979+00:00,76.03999999999999,2026-03-19 00:23:29.308202979+00:00,cancelled,pressure_stop_ask,2026-03-19 00:23:30.534749949+00:00,2026-03-19 00:23:30.784749949+00:00
2026-03-19 00:23:30.802519740+00:00,633,cancel_requested,bid,2196.9,0.08928462934859754,2026-03-19 00:23:27.957253340+00:00,66.695,2026-03-19 00:23:27.707253340+00:00,pending_cancel,refresh_reprice,2026-03-19 00:23:30.802519740+00:00,2026-03-19 00:23:31.052519740+00:00
2026-03-19 00:23:31.052519740+00:00,633,cancelled,bid,2196.9,0.08928462934859754,2026-03-19 00:23:27.957253340+00:00,66.695,2026-03-19 00:23:27.707253340+00:00,cancelled,refresh_reprice,2026-03-19 00:23:30.802519740+00:00,2026-03-19 00:23:31.052519740+00:00
2026-03-19 00:23:31.092619365+00:00,635,placed,bid,2197.2,0.08928462934859754,2026-03-19 00:23:31.342619365+00:00,115.247,2026-03-19 00:23:31.092619365+00:00,pending_new,,,
2026-03-19 00:23:31.092619365+00:00,636,placed,ask,2197.9,0.11071537065140247,2026-03-19 00:23:31.342619365+00:00,134.189,2026-03-19 00:23:31.092619365+00:00,pending_new,,,
2026-03-19 00:23:31.138928616+00:00,636,cancel_requested,ask,2197.9,0.11071537065140247,2026-03-19 00:23:31.342619365+00:00,134.189,2026-03-19 00:23:31.092619365+00:00,pending_cancel,expected_edge_ask,2026-03-19 00:23:31.138928616+00:00,2026-03-19 00:23:31.388928616+00:00
2026-03-19 00:23:31.388928616+00:00,636,cancelled,ask,2197.9,0.11071537065140247,2026-03-19 00:23:31.342619365+00:00,134.189,2026-03-19 00:23:31.092619365+00:00,cancelled,expected_edge_ask,2026-03-19 00:23:31.138928616+00:00,2026-03-19 00:23:31.388928616+00:00
2026-03-19 00:23:36.435397692+00:00,637,placed,ask,2197.9,0.11064459381742626,2026-03-19 00:23:36.685397692+00:00,142.24900000000002,2026-03-19 00:23:36.435397692+00:00,pending_new,,,
2026-03-19 00:23:38.028300203+00:00,637,cancel_requested,ask,2197.9,0.11064459381742626,2026-03-19 00:23:36.685397692+00:00,142.24900000000002,2026-03-19 00:23:36.435397692+00:00,pending_cancel,expected_edge_ask,2026-03-19 00:23:38.028300203+00:00,2026-03-19 00:23:38.278300203+00:00
2026-03-19 00:23:38.278300203+00:00,637,cancelled,ask,2197.9,0.11064459381742626,2026-03-19 00:23:36.685397692+00:00,142.24900000000002,2026-03-19 00:23:36.435397692+00:00,cancelled,expected_edge_ask,2026-03-19 00:23:38.028300203+00:00,2026-03-19 00:23:38.278300203+00:00
2026-03-19 00:23:38.292195698+00:00,638,placed,ask,2197.9,0.11064459381742626,2026-03-19 00:23:38.542195698+00:00,147.133,2026-03-19 00:23:38.292195698+00:00,pending_new,,,
2026-03-19 00:23:38.340923442+00:00,638,cancel_requested,ask,2197.9,0.11064459381742626,2026-03-19 00:23:38.542195698+00:00,147.133,2026-03-19 00:23:38.292195698+00:00,pending_cancel,expected_edge_ask,2026-03-19 00:23:38.340923442+00:00,2026-03-19 00:23:38.590923442+00:00
2026-03-19 00:23:38.590923442+00:00,638,cancelled,ask,2197.9,0.11064459381742626,2026-03-19 00:23:38.542195698+00:00,147.133,2026-03-19 00:23:38.292195698+00:00,cancelled,expected_edge_ask,2026-03-19 00:23:38.340923442+00:00,2026-03-19 00:23:38.590923442+00:00
2026-03-19 00:23:38.647609043+00:00,639,placed,ask,2197.9,0.11064459381742626,2026-03-19 00:23:38.897609043+00:00,141.47199999999998,2026-03-19 00:23:38.647609043+00:00,pending_new,,,
2026-03-19 00:23:41.092619365+00:00,635,cancel_requested,bid,2197.2,0.08928462934859754,2026-03-19 00:23:31.342619365+00:00,115.247,2026-03-19 00:23:31.092619365+00:00,pending_cancel,quote_age_expired,2026-03-19 00:23:41.092619365+00:00,2026-03-19 00:23:41.342619365+00:00
2026-03-19 00:23:41.342619365+00:00,635,cancelled,bid,2197.2,0.08928462934859754,2026-03-19 00:23:31.342619365+00:00,115.247,2026-03-19 00:23:31.092619365+00:00,cancelled,quote_age_expired,2026-03-19 00:23:41.092619365+00:00,2026-03-19 00:23:41.342619365+00:00
2026-03-19 00:23:41.359223343+00:00,640,placed,bid,2197.2,0.08935540618257376,2026-03-19 00:23:41.609223343+00:00,121.161,2026-03-19 00:23:41.359223343+00:00,pending_new,,,
2026-03-19 00:23:41.870670017+00:00,640,cancel_requested,bid,2197.2,0.08935540618257376,2026-03-19 00:23:41.609223343+00:00,121.161,2026-03-19 00:23:41.359223343+00:00,pending_cancel,pressure_stop_bid,2026-03-19 00:23:41.870670017+00:00,2026-03-19 00:23:42.120670017+00:00
2026-03-19 00:23:42.120670017+00:00,640,cancelled,bid,2197.2,0.08935540618257376,2026-03-19 00:23:41.609223343+00:00,121.161,2026-03-19 00:23:41.359223343+00:00,cancelled,pressure_stop_bid,2026-03-19 00:23:41.870670017+00:00,2026-03-19 00:23:42.120670017+00:00
2026-03-19 00:23:42.175668351+00:00,639,cancel_requested,ask,2197.9,0.11064459381742626,2026-03-19 00:23:38.897609043+00:00,141.47199999999998,2026-03-19 00:23:38.647609043+00:00,pending_cancel,refresh_reprice,2026-03-19 00:23:42.175668351+00:00,2026-03-19 00:23:42.425668351+00:00
2026-03-19 00:23:42.425668351+00:00,639,cancelled,ask,2197.9,0.11064459381742626,2026-03-19 00:23:38.897609043+00:00,141.47199999999998,2026-03-19 00:23:38.647609043+00:00,cancelled,refresh_reprice,2026-03-19 00:23:42.175668351+00:00,2026-03-19 00:23:42.425668351+00:00
2026-03-19 00:23:42.431278077+00:00,641,placed,ask,2197.3,0.11064459381742626,2026-03-19 00:23:42.681278077+00:00,131.25300000000001,2026-03-19 00:23:42.431278077+00:00,pending_new,,,
2026-03-19 00:23:42.481695249+00:00,641,cancel_requested,ask,2197.3,0.11064459381742626,2026-03-19 00:23:42.681278077+00:00,131.25300000000001,2026-03-19 00:23:42.431278077+00:00,pending_cancel,expected_edge_ask,2026-03-19 00:23:42.481695249+00:00,2026-03-19 00:23:42.731695249+00:00
2026-03-19 00:23:42.481695249+00:00,642,placed,bid,2196.6,0.08935540618257376,2026-03-19 00:23:42.731695249+00:00,49.345,2026-03-19 00:23:42.481695249+00:00,pending_new,,,
2026-03-19 00:23:42.731695249+00:00,641,cancelled,ask,2197.3,0.11064459381742626,2026-03-19 00:23:42.681278077+00:00,131.25300000000001,2026-03-19 00:23:42.431278077+00:00,cancelled,expected_edge_ask,2026-03-19 00:23:42.481695249+00:00,2026-03-19 00:23:42.731695249+00:00
2026-03-19 00:23:42.737940469+00:00,642,cancel_requested,bid,2196.6,0.08935540618257376,2026-03-19 00:23:42.731695249+00:00,49.345,2026-03-19 00:23:42.481695249+00:00,pending_cancel,pressure_stop_bid,2026-03-19 00:23:42.737940469+00:00,2026-03-19 00:23:42.987940469+00:00
2026-03-19 00:23:42.737940469+00:00,643,placed,ask,2197.1,0.11064459381742626,2026-03-19 00:23:42.987940469+00:00,194.685,2026-03-19 00:23:42.737940469+00:00,pending_new,,,
2026-03-19 00:23:42.987940469+00:00,642,cancelled,bid,2196.6,0.08935540618257376,2026-03-19 00:23:42.731695249+00:00,49.345,2026-03-19 00:23:42.481695249+00:00,cancelled,pressure_stop_bid,2026-03-19 00:23:42.737940469+00:00,2026-03-19 00:23:42.987940469+00:00
2026-03-19 00:23:42.992432750+00:00,644,placed,bid,2196.4,0.08935540618257376,2026-03-19 00:23:43.242432750+00:00,60.467,2026-03-19 00:23:42.992432750+00:00,pending_new,,,
2026-03-19 00:23:43.347862946+00:00,643,cancel_requested,ask,2197.1,0.11064459381742626,2026-03-19 00:23:42.987940469+00:00,194.685,2026-03-19 00:23:42.737940469+00:00,pending_cancel,expected_edge_ask,2026-03-19 00:23:43.347862946+00:00,2026-03-19 00:23:43.597862946+00:00
2026-03-19 00:23:43.597862946+00:00,643,cancelled,ask,2197.1,0.11064459381742626,2026-03-19 00:23:42.987940469+00:00,194.685,2026-03-19 00:23:42.737940469+00:00,cancelled,expected_edge_ask,2026-03-19 00:23:43.347862946+00:00,2026-03-19 00:23:43.597862946+00:00
2026-03-19 00:23:46.201108928+00:00,644,cancel_requested,bid,2196.4,0.08935540618257376,2026-03-19 00:23:43.242432750+00:00,60.467,2026-03-19 00:23:42.992432750+00:00,pending_cancel,pressure_stop_bid,2026-03-19 00:23:46.201108928+00:00,2026-03-19 00:23:46.451108928+00:00
2026-03-19 00:23:46.201108928+00:00,645,placed,ask,2197.1,0.11064459381742626,2026-03-19 00:23:46.451108928+00:00,147.651,2026-03-19 00:23:46.201108928+00:00,pending_new,,,
2026-03-19 00:23:46.451108928+00:00,644,cancelled,bid,2196.4,0.08935540618257376,2026-03-19 00:23:43.242432750+00:00,60.467,2026-03-19 00:23:42.992432750+00:00,cancelled,pressure_stop_bid,2026-03-19 00:23:46.201108928+00:00,2026-03-19 00:23:46.451108928+00:00
2026-03-19 00:23:56.201108928+00:00,645,cancel_requested,ask,2197.1,0.11064459381742626,2026-03-19 00:23:46.451108928+00:00,147.651,2026-03-19 00:23:46.201108928+00:00,pending_cancel,quote_age_expired,2026-03-19 00:23:56.201108928+00:00,2026-03-19 00:23:56.451108928+00:00
2026-03-19 00:23:56.451108928+00:00,645,cancelled,ask,2197.1,0.11064459381742626,2026-03-19 00:23:46.451108928+00:00,147.651,2026-03-19 00:23:46.201108928+00:00,cancelled,quote_age_expired,2026-03-19 00:23:56.201108928+00:00,2026-03-19 00:23:56.451108928+00:00
2026-03-19 00:23:56.457551481+00:00,646,placed,ask,2197.1,0.11105123646867332,2026-03-19 00:23:56.707551481+00:00,247.25100000000003,2026-03-19 00:23:56.457551481+00:00,pending_new,,,
2026-03-19 00:24:02.133368724+00:00,646,cancel_requested,ask,2197.1,0.11105123646867332,2026-03-19 00:23:56.707551481+00:00,247.25100000000003,2026-03-19 00:23:56.457551481+00:00,pending_cancel,pressure_stop_ask,2026-03-19 00:24:02.133368724+00:00,2026-03-19 00:24:02.383368724+00:00
2026-03-19 00:24:02.133368724+00:00,647,placed,bid,2196.6,0.08894876353132669,2026-03-19 00:24:02.383368724+00:00,105.453,2026-03-19 00:24:02.133368724+00:00,pending_new,,,
2026-03-19 00:24:02.383368724+00:00,646,cancelled,ask,2197.1,0.11105123646867332,2026-03-19 00:23:56.707551481+00:00,247.25100000000003,2026-03-19 00:23:56.457551481+00:00,cancelled,pressure_stop_ask,2026-03-19 00:24:02.133368724+00:00,2026-03-19 00:24:02.383368724+00:00
2026-03-19 00:24:03.397115770+00:00,647,cancel_requested,bid,2196.6,0.08894876353132669,2026-03-19 00:24:02.383368724+00:00,105.453,2026-03-19 00:24:02.133368724+00:00,pending_cancel,pressure_stop_bid,2026-03-19 00:24:03.397115770+00:00,2026-03-19 00:24:03.647115770+00:00
2026-03-19 00:24:03.397115770+00:00,648,placed,ask,2197.1,0.11105123646867332,2026-03-19 00:24:03.647115770+00:00,128.051,2026-03-19 00:24:03.397115770+00:00,pending_new,,,
2026-03-19 00:24:03.647115770+00:00,647,cancelled,bid,2196.6,0.08894876353132669,2026-03-19 00:24:02.383368724+00:00,105.453,2026-03-19 00:24:02.133368724+00:00,cancelled,pressure_stop_bid,2026-03-19 00:24:03.397115770+00:00,2026-03-19 00:24:03.647115770+00:00
2026-03-19 00:24:07.035645941+00:00,648,cancel_requested,ask,2197.1,0.11105123646867332,2026-03-19 00:24:03.647115770+00:00,128.051,2026-03-19 00:24:03.397115770+00:00,pending_cancel,expected_edge_ask,2026-03-19 00:24:07.035645941+00:00,2026-03-19 00:24:07.285645941+00:00
2026-03-19 00:24:07.035645941+00:00,649,placed,bid,2196.6,0.08894876353132669,2026-03-19 00:24:07.285645941+00:00,88.995,2026-03-19 00:24:07.035645941+00:00,pending_new,,,
2026-03-19 00:24:07.285645941+00:00,648,cancelled,ask,2197.1,0.11105123646867332,2026-03-19 00:24:03.647115770+00:00,128.051,2026-03-19 00:24:03.397115770+00:00,cancelled,expected_edge_ask,2026-03-19 00:24:07.035645941+00:00,2026-03-19 00:24:07.285645941+00:00
2026-03-19 00:24:08.513295233+00:00,649,cancel_requested,bid,2196.6,0.08894876353132669,2026-03-19 00:24:07.285645941+00:00,88.995,2026-03-19 00:24:07.035645941+00:00,pending_cancel,pressure_stop_bid,2026-03-19 00:24:08.513295233+00:00,2026-03-19 00:24:08.763295233+00:00
2026-03-19 00:24:08.513295233+00:00,650,placed,ask,2197.1,0.11105123646867332,2026-03-19 00:24:08.763295233+00:00,124.50699999999999,2026-03-19 00:24:08.513295233+00:00,pending_new,,,
2026-03-19 00:24:08.763295233+00:00,649,cancelled,bid,2196.6,0.08894876353132669,2026-03-19 00:24:07.285645941+00:00,88.995,2026-03-19 00:24:07.035645941+00:00,cancelled,pressure_stop_bid,2026-03-19 00:24:08.513295233+00:00,2026-03-19 00:24:08.763295233+00:00
2026-03-19 00:24:09.223988869+00:00,650,cancel_requested,ask,2197.1,0.11105123646867332,2026-03-19 00:24:08.763295233+00:00,124.50699999999999,2026-03-19 00:24:08.513295233+00:00,pending_cancel,expected_edge_ask,2026-03-19 00:24:09.223988869+00:00,2026-03-19 00:24:09.473988869+00:00
2026-03-19 00:24:09.473988869+00:00,650,cancelled,ask,2197.1,0.11105123646867332,2026-03-19 00:24:08.763295233+00:00,124.50699999999999,2026-03-19 00:24:08.513295233+00:00,cancelled,expected_edge_ask,2026-03-19 00:24:09.223988869+00:00,2026-03-19 00:24:09.473988869+00:00
2026-03-19 00:24:14.553797831+00:00,651,placed,bid,2196.6,0.08878544549982775,2026-03-19 00:24:14.803797831+00:00,163.173,2026-03-19 00:24:14.553797831+00:00,pending_new,,,
2026-03-19 00:24:14.839587982+00:00,651,cancel_requested,bid,2196.6,0.08878544549982775,2026-03-19 00:24:14.803797831+00:00,163.173,2026-03-19 00:24:14.553797831+00:00,pending_cancel,expected_edge_bid,2026-03-19 00:24:14.839587982+00:00,2026-03-19 00:24:15.089587982+00:00
2026-03-19 00:24:15.089587982+00:00,651,cancelled,bid,2196.6,0.08878544549982775,2026-03-19 00:24:14.803797831+00:00,163.173,2026-03-19 00:24:14.553797831+00:00,cancelled,expected_edge_bid,2026-03-19 00:24:14.839587982+00:00,2026-03-19 00:24:15.089587982+00:00
2026-03-19 00:24:15.136167183+00:00,652,placed,bid,2196.9,0.08878544549982775,2026-03-19 00:24:15.386167183+00:00,41.942,2026-03-19 00:24:15.136167183+00:00,pending_new,,,
2026-03-19 00:24:15.136167183+00:00,653,placed,ask,2197.5,0.11121455450017226,2026-03-19 00:24:15.386167183+00:00,92.91900000000001,2026-03-19 00:24:15.136167183+00:00,pending_new,,,
2026-03-19 00:24:15.157689083+00:00,652,cancel_requested,bid,2196.9,0.08878544549982775,2026-03-19 00:24:15.386167183+00:00,41.942,2026-03-19 00:24:15.136167183+00:00,pending_cancel,expected_edge_bid,2026-03-19 00:24:15.157689083+00:00,2026-03-19 00:24:15.407689083+00:00
2026-03-19 00:24:15.157689083+00:00,653,cancel_requested,ask,2197.5,0.11121455450017226,2026-03-19 00:24:15.386167183+00:00,92.91900000000001,2026-03-19 00:24:15.136167183+00:00,pending_cancel,expected_edge_ask,2026-03-19 00:24:15.157689083+00:00,2026-03-19 00:24:15.407689083+00:00
2026-03-19 00:24:15.407689083+00:00,652,cancelled,bid,2196.9,0.08878544549982775,2026-03-19 00:24:15.386167183+00:00,41.942,2026-03-19 00:24:15.136167183+00:00,cancelled,expected_edge_bid,2026-03-19 00:24:15.157689083+00:00,2026-03-19 00:24:15.407689083+00:00
2026-03-19 00:24:15.407689083+00:00,653,cancelled,ask,2197.5,0.11121455450017226,2026-03-19 00:24:15.386167183+00:00,92.91900000000001,2026-03-19 00:24:15.136167183+00:00,cancelled,expected_edge_ask,2026-03-19 00:24:15.157689083+00:00,2026-03-19 00:24:15.407689083+00:00
2026-03-19 00:24:25.555410227+00:00,654,placed,bid,2196.9,0.08878544549982775,2026-03-19 00:24:25.805410227+00:00,64.286,2026-03-19 00:24:25.555410227+00:00,pending_new,,,
2026-03-19 00:24:25.555410227+00:00,655,placed,ask,2197.5,0.11121455450017226,2026-03-19 00:24:25.805410227+00:00,131.231,2026-03-19 00:24:25.555410227+00:00,pending_new,,,
2026-03-19 00:24:25.703800005+00:00,655,cancel_requested,ask,2197.5,0.11121455450017226,2026-03-19 00:24:25.805410227+00:00,131.231,2026-03-19 00:24:25.555410227+00:00,pending_cancel,expected_edge_ask,2026-03-19 00:24:25.703800005+00:00,2026-03-19 00:24:25.953800005+00:00
2026-03-19 00:24:25.953800005+00:00,655,cancelled,ask,2197.5,0.11121455450017226,2026-03-19 00:24:25.805410227+00:00,131.231,2026-03-19 00:24:25.555410227+00:00,cancelled,expected_edge_ask,2026-03-19 00:24:25.703800005+00:00,2026-03-19 00:24:25.953800005+00:00
2026-03-19 00:24:26.327295250+00:00,654,cancel_requested,bid,2196.9,0.08878544549982775,2026-03-19 00:24:25.805410227+00:00,64.286,2026-03-19 00:24:25.555410227+00:00,pending_cancel,pressure_stop_bid,2026-03-19 00:24:26.327295250+00:00,2026-03-19 00:24:26.577295250+00:00
2026-03-19 00:24:26.577295250+00:00,654,cancelled,bid,2196.9,0.08878544549982775,2026-03-19 00:24:25.805410227+00:00,64.286,2026-03-19 00:24:25.555410227+00:00,cancelled,pressure_stop_bid,2026-03-19 00:24:26.327295250+00:00,2026-03-19 00:24:26.577295250+00:00
2026-03-19 00:24:31.592983782+00:00,656,placed,ask,2197.4,0.11121455450017226,2026-03-19 00:24:31.842983782+00:00,126.81299999999999,2026-03-19 00:24:31.592983782+00:00,pending_new,,,
2026-03-19 00:24:32.814104021+00:00,656,cancel_requested,ask,2197.4,0.11121455450017226,2026-03-19 00:24:31.842983782+00:00,126.81299999999999,2026-03-19 00:24:31.592983782+00:00,pending_cancel,expected_edge_ask,2026-03-19 00:24:32.814104021+00:00,2026-03-19 00:24:33.064104021+00:00
2026-03-19 00:24:33.064104021+00:00,656,cancelled,ask,2197.4,0.11121455450017226,2026-03-19 00:24:31.842983782+00:00,126.81299999999999,2026-03-19 00:24:31.592983782+00:00,cancelled,expected_edge_ask,2026-03-19 00:24:32.814104021+00:00,2026-03-19 00:24:33.064104021+00:00
2026-03-19 00:24:33.068289041+00:00,657,placed,bid,2197.0,0.08878544549982775,2026-03-19 00:24:33.318289041+00:00,142.746,2026-03-19 00:24:33.068289041+00:00,pending_new,,,
2026-03-19 00:24:33.527164661+00:00,657,cancel_requested,bid,2197.0,0.08878544549982775,2026-03-19 00:24:33.318289041+00:00,142.746,2026-03-19 00:24:33.068289041+00:00,pending_cancel,expected_edge_bid,2026-03-19 00:24:33.527164661+00:00,2026-03-19 00:24:33.777164661+00:00
2026-03-19 00:24:33.777164661+00:00,657,cancelled,bid,2197.0,0.08878544549982775,2026-03-19 00:24:33.318289041+00:00,142.746,2026-03-19 00:24:33.068289041+00:00,cancelled,expected_edge_bid,2026-03-19 00:24:33.527164661+00:00,2026-03-19 00:24:33.777164661+00:00
2026-03-19 00:24:43.941019684+00:00,658,placed,bid,2197.2,0.08877090949710705,2026-03-19 00:24:44.191019684+00:00,66.106,2026-03-19 00:24:43.941019684+00:00,pending_new,,,
2026-03-19 00:24:44.144401985+00:00,658,cancel_requested,bid,2197.2,0.08877090949710705,2026-03-19 00:24:44.191019684+00:00,66.106,2026-03-19 00:24:43.941019684+00:00,pending_cancel,expected_edge_bid,2026-03-19 00:24:44.144401985+00:00,2026-03-19 00:24:44.394401985+00:00
2026-03-19 00:24:44.394401985+00:00,658,cancelled,bid,2197.2,0.08877090949710705,2026-03-19 00:24:44.191019684+00:00,66.106,2026-03-19 00:24:43.941019684+00:00,cancelled,expected_edge_bid,2026-03-19 00:24:44.144401985+00:00,2026-03-19 00:24:44.394401985+00:00
2026-03-19 00:24:44.453798201+00:00,659,placed,bid,2197.2,0.08877090949710705,2026-03-19 00:24:44.703798201+00:00,39.691,2026-03-19 00:24:44.453798201+00:00,pending_new,,,
2026-03-19 00:24:44.503003996+00:00,659,cancel_requested,bid,2197.2,0.08877090949710705,2026-03-19 00:24:44.703798201+00:00,39.691,2026-03-19 00:24:44.453798201+00:00,pending_cancel,expected_edge_bid,2026-03-19 00:24:44.503003996+00:00,2026-03-19 00:24:44.753003996+00:00
2026-03-19 00:24:44.753003996+00:00,659,cancelled,bid,2197.2,0.08877090949710705,2026-03-19 00:24:44.703798201+00:00,39.691,2026-03-19 00:24:44.453798201+00:00,cancelled,expected_edge_bid,2026-03-19 00:24:44.503003996+00:00,2026-03-19 00:24:44.753003996+00:00
2026-03-19 00:24:44.838865574+00:00,660,placed,ask,2197.7,0.11122909050289297,2026-03-19 00:24:45.088865574+00:00,144.605,2026-03-19 00:24:44.838865574+00:00,pending_new,,,
2026-03-19 00:24:45.223504504+00:00,661,placed,bid,2196.9,0.08877090949710705,2026-03-19 00:24:45.473504504+00:00,22.774,2026-03-19 00:24:45.223504504+00:00,pending_new,,,
2026-03-19 00:24:45.251514672+00:00,661,cancel_requested,bid,2196.9,0.08877090949710705,2026-03-19 00:24:45.473504504+00:00,22.774,2026-03-19 00:24:45.223504504+00:00,pending_cancel,pressure_stop_bid,2026-03-19 00:24:45.251514672+00:00,2026-03-19 00:24:45.501514672+00:00
2026-03-19 00:24:45.251514672+00:00,660,cancel_requested,ask,2197.7,0.11122909050289297,2026-03-19 00:24:45.088865574+00:00,144.605,2026-03-19 00:24:44.838865574+00:00,pending_cancel,expected_edge_ask,2026-03-19 00:24:45.251514672+00:00,2026-03-19 00:24:45.501514672+00:00
2026-03-19 00:24:45.501514672+00:00,661,cancelled,bid,2196.9,0.08877090949710705,2026-03-19 00:24:45.473504504+00:00,22.774,2026-03-19 00:24:45.223504504+00:00,cancelled,pressure_stop_bid,2026-03-19 00:24:45.251514672+00:00,2026-03-19 00:24:45.501514672+00:00
2026-03-19 00:24:45.501514672+00:00,660,cancelled,ask,2197.7,0.11122909050289297,2026-03-19 00:24:45.088865574+00:00,144.605,2026-03-19 00:24:44.838865574+00:00,cancelled,expected_edge_ask,2026-03-19 00:24:45.251514672+00:00,2026-03-19 00:24:45.501514672+00:00
2026-03-19 00:24:45.520305182+00:00,662,placed,bid,2196.9,0.08877090949710705,2026-03-19 00:24:45.770305182+00:00,36.129,2026-03-19 00:24:45.520305182+00:00,pending_new,,,
2026-03-19 00:24:45.520305182+00:00,663,placed,ask,2197.5,0.11122909050289297,2026-03-19 00:24:45.770305182+00:00,61.925,2026-03-19 00:24:45.520305182+00:00,pending_new,,,
2026-03-19 00:24:45.597313135+00:00,662,cancel_requested,bid,2196.9,0.08877090949710705,2026-03-19 00:24:45.770305182+00:00,36.129,2026-03-19 00:24:45.520305182+00:00,pending_cancel,pressure_stop_bid,2026-03-19 00:24:45.597313135+00:00,2026-03-19 00:24:45.847313135+00:00
2026-03-19 00:24:45.782548692+00:00,663,cancel_requested,ask,2197.5,0.11122909050289297,2026-03-19 00:24:45.770305182+00:00,61.925,2026-03-19 00:24:45.520305182+00:00,pending_cancel,expected_edge_ask,2026-03-19 00:24:45.782548692+00:00,2026-03-19 00:24:46.032548692+00:00
2026-03-19 00:24:45.847313135+00:00,662,cancelled,bid,2196.9,0.08877090949710705,2026-03-19 00:24:45.770305182+00:00,36.129,2026-03-19 00:24:45.520305182+00:00,cancelled,pressure_stop_bid,2026-03-19 00:24:45.597313135+00:00,2026-03-19 00:24:45.847313135+00:00
2026-03-19 00:24:46.032548692+00:00,663,cancelled,ask,2197.5,0.11122909050289297,2026-03-19 00:24:45.770305182+00:00,61.925,2026-03-19 00:24:45.520305182+00:00,cancelled,expected_edge_ask,2026-03-19 00:24:45.782548692+00:00,2026-03-19 00:24:46.032548692+00:00
2026-03-19 00:24:56.047909532+00:00,664,placed,bid,2196.8,0.08864554680964182,2026-03-19 00:24:56.297909532+00:00,136.43,2026-03-19 00:24:56.047909532+00:00,pending_new,,,
2026-03-19 00:24:56.047909532+00:00,665,placed,ask,2197.4,0.1113544531903582,2026-03-19 00:24:56.297909532+00:00,125.28699999999999,2026-03-19 00:24:56.047909532+00:00,pending_new,,,
2026-03-19 00:24:56.610254787+00:00,664,cancel_requested,bid,2196.8,0.08864554680964182,2026-03-19 00:24:56.297909532+00:00,136.43,2026-03-19 00:24:56.047909532+00:00,pending_cancel,pressure_stop_bid,2026-03-19 00:24:56.610254787+00:00,2026-03-19 00:24:56.860254787+00:00
2026-03-19 00:24:56.641439809+00:00,665,cancel_requested,ask,2197.4,0.1113544531903582,2026-03-19 00:24:56.297909532+00:00,125.28699999999999,2026-03-19 00:24:56.047909532+00:00,pending_cancel,expected_edge_ask,2026-03-19 00:24:56.641439809+00:00,2026-03-19 00:24:56.891439809+00:00
2026-03-19 00:24:56.860254787+00:00,664,cancelled,bid,2196.8,0.08864554680964182,2026-03-19 00:24:56.297909532+00:00,136.43,2026-03-19 00:24:56.047909532+00:00,cancelled,pressure_stop_bid,2026-03-19 00:24:56.610254787+00:00,2026-03-19 00:24:56.860254787+00:00
2026-03-19 00:24:56.891439809+00:00,665,cancelled,ask,2197.4,0.1113544531903582,2026-03-19 00:24:56.297909532+00:00,125.28699999999999,2026-03-19 00:24:56.047909532+00:00,cancelled,expected_edge_ask,2026-03-19 00:24:56.641439809+00:00,2026-03-19 00:24:56.891439809+00:00
2026-03-19 00:24:56.926953251+00:00,666,placed,ask,2197.4,0.1113544531903582,2026-03-19 00:24:57.176953251+00:00,132.278,2026-03-19 00:24:56.926953251+00:00,pending_new,,,
2026-03-19 00:24:58.714696506+00:00,666,cancel_requested,ask,2197.4,0.1113544531903582,2026-03-19 00:24:57.176953251+00:00,132.278,2026-03-19 00:24:56.926953251+00:00,pending_cancel,expected_edge_ask,2026-03-19 00:24:58.714696506+00:00,2026-03-19 00:24:58.964696506+00:00
2026-03-19 00:24:58.964696506+00:00,666,cancelled,ask,2197.4,0.1113544531903582,2026-03-19 00:24:57.176953251+00:00,132.278,2026-03-19 00:24:56.926953251+00:00,cancelled,expected_edge_ask,2026-03-19 00:24:58.714696506+00:00,2026-03-19 00:24:58.964696506+00:00
2026-03-19 00:25:04.037881965+00:00,667,placed,ask,2196.8,0.1113544531903582,2026-03-19 00:25:04.287881965+00:00,105.906,2026-03-19 00:25:04.037881965+00:00,pending_new,,,
2026-03-19 00:25:04.979072458+00:00,667,cancel_requested,ask,2196.8,0.1113544531903582,2026-03-19 00:25:04.287881965+00:00,105.906,2026-03-19 00:25:04.037881965+00:00,pending_cancel,expected_edge_ask,2026-03-19 00:25:04.979072458+00:00,2026-03-19 00:25:05.229072458+00:00
2026-03-19 00:25:05.229072458+00:00,667,cancelled,ask,2196.8,0.1113544531903582,2026-03-19 00:25:04.287881965+00:00,105.906,2026-03-19 00:25:04.037881965+00:00,cancelled,expected_edge_ask,2026-03-19 00:25:04.979072458+00:00,2026-03-19 00:25:05.229072458+00:00
2026-03-19 00:25:20.292750062+00:00,668,placed,bid,2196.5,0.08838002438937298,2026-03-19 00:25:20.542750062+00:00,144.797,2026-03-19 00:25:20.292750062+00:00,pending_new,,,
2026-03-19 00:25:23.872707411+00:00,668,cancel_requested,bid,2196.5,0.08838002438937298,2026-03-19 00:25:20.542750062+00:00,144.797,2026-03-19 00:25:20.292750062+00:00,pending_cancel,expected_edge_bid,2026-03-19 00:25:23.872707411+00:00,2026-03-19 00:25:24.122707411+00:00
2026-03-19 00:25:24.122707411+00:00,668,cancelled,bid,2196.5,0.08838002438937298,2026-03-19 00:25:20.542750062+00:00,144.797,2026-03-19 00:25:20.292750062+00:00,cancelled,expected_edge_bid,2026-03-19 00:25:23.872707411+00:00,2026-03-19 00:25:24.122707411+00:00
2026-03-19 00:25:24.130268441+00:00,669,placed,bid,2196.7,0.08838002438937298,2026-03-19 00:25:24.380268441+00:00,63.141000000000005,2026-03-19 00:25:24.130268441+00:00,pending_new,,,
2026-03-19 00:25:34.130268441+00:00,669,cancel_requested,bid,2196.7,0.08838002438937298,2026-03-19 00:25:24.380268441+00:00,63.141000000000005,2026-03-19 00:25:24.130268441+00:00,pending_cancel,quote_age_expired,2026-03-19 00:25:34.130268441+00:00,2026-03-19 00:25:34.380268441+00:00
2026-03-19 00:25:34.380268441+00:00,669,cancelled,bid,2196.7,0.08838002438937298,2026-03-19 00:25:24.380268441+00:00,63.141000000000005,2026-03-19 00:25:24.130268441+00:00,cancelled,quote_age_expired,2026-03-19 00:25:34.130268441+00:00,2026-03-19 00:25:34.380268441+00:00
2026-03-19 00:25:34.397105920+00:00,670,placed,bid,2196.8,0.0885996375232448,2026-03-19 00:25:34.647105920+00:00,188.70100000000002,2026-03-19 00:25:34.397105920+00:00,pending_new,,,
2026-03-19 00:25:35.824693086+00:00,670,cancel_requested,bid,2196.8,0.0885996375232448,2026-03-19 00:25:34.647105920+00:00,188.70100000000002,2026-03-19 00:25:34.397105920+00:00,pending_cancel,pressure_stop_bid,2026-03-19 00:25:35.824693086+00:00,2026-03-19 00:25:36.074693086+00:00
2026-03-19 00:25:35.824693086+00:00,671,placed,ask,2197.7,0.11140036247675521,2026-03-19 00:25:36.074693086+00:00,231.33499999999998,2026-03-19 00:25:35.824693086+00:00,pending_new,,,
2026-03-19 00:25:36.074693086+00:00,670,cancelled,bid,2196.8,0.0885996375232448,2026-03-19 00:25:34.647105920+00:00,188.70100000000002,2026-03-19 00:25:34.397105920+00:00,cancelled,pressure_stop_bid,2026-03-19 00:25:35.824693086+00:00,2026-03-19 00:25:36.074693086+00:00
2026-03-19 00:25:38.887736727+00:00,671,cancel_requested,ask,2197.7,0.11140036247675521,2026-03-19 00:25:36.074693086+00:00,231.33499999999998,2026-03-19 00:25:35.824693086+00:00,pending_cancel,expected_edge_ask,2026-03-19 00:25:38.887736727+00:00,2026-03-19 00:25:39.137736727+00:00
2026-03-19 00:25:38.887736727+00:00,672,placed,bid,2196.9,0.0885996375232448,2026-03-19 00:25:39.137736727+00:00,62.92400000000001,2026-03-19 00:25:38.887736727+00:00,pending_new,,,
2026-03-19 00:25:38.938747710+00:00,672,cancel_requested,bid,2196.9,0.0885996375232448,2026-03-19 00:25:39.137736727+00:00,62.92400000000001,2026-03-19 00:25:38.887736727+00:00,pending_cancel,expected_edge_bid,2026-03-19 00:25:38.938747710+00:00,2026-03-19 00:25:39.188747710+00:00
2026-03-19 00:25:39.137736727+00:00,671,cancelled,ask,2197.7,0.11140036247675521,2026-03-19 00:25:36.074693086+00:00,231.33499999999998,2026-03-19 00:25:35.824693086+00:00,cancelled,expected_edge_ask,2026-03-19 00:25:38.887736727+00:00,2026-03-19 00:25:39.137736727+00:00
2026-03-19 00:25:39.188747710+00:00,672,cancelled,bid,2196.9,0.0885996375232448,2026-03-19 00:25:39.137736727+00:00,62.92400000000001,2026-03-19 00:25:38.887736727+00:00,cancelled,expected_edge_bid,2026-03-19 00:25:38.938747710+00:00,2026-03-19 00:25:39.188747710+00:00
2026-03-19 00:25:49.251836880+00:00,673,placed,bid,2196.1,0.0885996375232448,2026-03-19 00:25:49.501836880+00:00,205.313,2026-03-19 00:25:49.251836880+00:00,pending_new,,,
2026-03-19 00:25:51.747129970+00:00,673,cancel_requested,bid,2196.1,0.0885996375232448,2026-03-19 00:25:49.501836880+00:00,205.313,2026-03-19 00:25:49.251836880+00:00,pending_cancel,refresh_reprice,2026-03-19 00:25:51.747129970+00:00,2026-03-19 00:25:51.997129970+00:00
2026-03-19 00:25:51.997129970+00:00,673,cancelled,bid,2196.1,0.0885996375232448,2026-03-19 00:25:49.501836880+00:00,205.313,2026-03-19 00:25:49.251836880+00:00,cancelled,refresh_reprice,2026-03-19 00:25:51.747129970+00:00,2026-03-19 00:25:51.997129970+00:00
2026-03-19 00:25:52.074192125+00:00,674,placed,bid,2196.3,0.0885996375232448,2026-03-19 00:25:52.324192125+00:00,157.875,2026-03-19 00:25:52.074192125+00:00,pending_new,,,
2026-03-19 00:25:53.005852062+00:00,674,cancel_requested,bid,2196.3,0.0885996375232448,2026-03-19 00:25:52.324192125+00:00,157.875,2026-03-19 00:25:52.074192125+00:00,pending_cancel,refresh_reprice,2026-03-19 00:25:53.005852062+00:00,2026-03-19 00:25:53.255852062+00:00
2026-03-19 00:25:53.255852062+00:00,674,cancelled,bid,2196.3,0.0885996375232448,2026-03-19 00:25:52.324192125+00:00,157.875,2026-03-19 00:25:52.074192125+00:00,cancelled,refresh_reprice,2026-03-19 00:25:53.005852062+00:00,2026-03-19 00:25:53.255852062+00:00
2026-03-19 00:25:53.336036880+00:00,675,placed,bid,2196.1,0.0885996375232448,2026-03-19 00:25:53.586036880+00:00,205.23499999999999,2026-03-19 00:25:53.336036880+00:00,pending_new,,,
2026-03-19 00:25:59.005214031+00:00,675,cancel_requested,bid,2196.1,0.0885996375232448,2026-03-19 00:25:53.586036880+00:00,205.23499999999999,2026-03-19 00:25:53.336036880+00:00,pending_cancel,refresh_reprice,2026-03-19 00:25:59.005214031+00:00,2026-03-19 00:25:59.255214031+00:00
2026-03-19 00:25:59.255214031+00:00,675,cancelled,bid,2196.1,0.0885996375232448,2026-03-19 00:25:53.586036880+00:00,205.23499999999999,2026-03-19 00:25:53.336036880+00:00,cancelled,refresh_reprice,2026-03-19 00:25:59.005214031+00:00,2026-03-19 00:25:59.255214031+00:00
2026-03-19 00:25:59.265594461+00:00,676,placed,bid,2196.4,0.08847963813829006,2026-03-19 00:25:59.515594461+00:00,148.61599999999999,2026-03-19 00:25:59.265594461+00:00,pending_new,,,
2026-03-19 00:26:05.331607684+00:00,676,cancel_requested,bid,2196.4,0.08847963813829006,2026-03-19 00:25:59.515594461+00:00,148.61599999999999,2026-03-19 00:25:59.265594461+00:00,pending_cancel,refresh_reprice,2026-03-19 00:26:05.331607684+00:00,2026-03-19 00:26:05.581607684+00:00
2026-03-19 00:26:05.581607684+00:00,676,cancelled,bid,2196.4,0.08847963813829006,2026-03-19 00:25:59.515594461+00:00,148.61599999999999,2026-03-19 00:25:59.265594461+00:00,cancelled,refresh_reprice,2026-03-19 00:26:05.331607684+00:00,2026-03-19 00:26:05.581607684+00:00
2026-03-19 00:26:05.588102066+00:00,677,placed,bid,2196.5,0.08847963813829006,2026-03-19 00:26:05.838102066+00:00,204.35,2026-03-19 00:26:05.588102066+00:00,pending_new,,,
2026-03-19 00:26:06.558586250+00:00,678,placed,ask,2197.7,0.11152036186170995,2026-03-19 00:26:06.808586250+00:00,138.615,2026-03-19 00:26:06.558586250+00:00,pending_new,,,
2026-03-19 00:26:08.837965723+00:00,678,cancel_requested,ask,2197.7,0.11152036186170995,2026-03-19 00:26:06.808586250+00:00,138.615,2026-03-19 00:26:06.558586250+00:00,pending_cancel,expected_edge_ask,2026-03-19 00:26:08.837965723+00:00,2026-03-19 00:26:09.087965723+00:00
2026-03-19 00:26:08.837965723+00:00,677,cancel_requested,bid,2196.5,0.08847963813829006,2026-03-19 00:26:05.838102066+00:00,204.35,2026-03-19 00:26:05.588102066+00:00,pending_cancel,refresh_reprice,2026-03-19 00:26:08.837965723+00:00,2026-03-19 00:26:09.087965723+00:00
2026-03-19 00:26:09.087965723+00:00,677,cancelled,bid,2196.5,0.08847963813829006,2026-03-19 00:26:05.838102066+00:00,204.35,2026-03-19 00:26:05.588102066+00:00,cancelled,refresh_reprice,2026-03-19 00:26:08.837965723+00:00,2026-03-19 00:26:09.087965723+00:00
2026-03-19 00:26:09.087965723+00:00,678,cancelled,ask,2197.7,0.11152036186170995,2026-03-19 00:26:06.808586250+00:00,138.615,2026-03-19 00:26:06.558586250+00:00,cancelled,expected_edge_ask,2026-03-19 00:26:08.837965723+00:00,2026-03-19 00:26:09.087965723+00:00
2026-03-19 00:26:09.107144203+00:00,679,placed,bid,2196.9,0.08847963813829006,2026-03-19 00:26:09.357144203+00:00,123.859,2026-03-19 00:26:09.107144203+00:00,pending_new,,,
2026-03-19 00:26:09.956719625+00:00,679,cancel_requested,bid,2196.9,0.08847963813829006,2026-03-19 00:26:09.357144203+00:00,123.859,2026-03-19 00:26:09.107144203+00:00,pending_cancel,pressure_stop_bid,2026-03-19 00:26:09.956719625+00:00,2026-03-19 00:26:10.206719625+00:00
2026-03-19 00:26:09.956719625+00:00,680,placed,ask,2197.5,0.11152036186170995,2026-03-19 00:26:10.206719625+00:00,176.511,2026-03-19 00:26:09.956719625+00:00,pending_new,,,
2026-03-19 00:26:10.206719625+00:00,679,cancelled,bid,2196.9,0.08847963813829006,2026-03-19 00:26:09.357144203+00:00,123.859,2026-03-19 00:26:09.107144203+00:00,cancelled,pressure_stop_bid,2026-03-19 00:26:09.956719625+00:00,2026-03-19 00:26:10.206719625+00:00
2026-03-19 00:26:13.450742707+00:00,680,cancel_requested,ask,2197.5,0.11152036186170995,2026-03-19 00:26:10.206719625+00:00,176.511,2026-03-19 00:26:09.956719625+00:00,pending_cancel,pressure_stop_ask,2026-03-19 00:26:13.450742707+00:00,2026-03-19 00:26:13.700742707+00:00
2026-03-19 00:26:13.450742707+00:00,681,placed,bid,2196.8,0.08847963813829006,2026-03-19 00:26:13.700742707+00:00,160.73199999999997,2026-03-19 00:26:13.450742707+00:00,pending_new,,,
2026-03-19 00:26:13.700742707+00:00,680,cancelled,ask,2197.5,0.11152036186170995,2026-03-19 00:26:10.206719625+00:00,176.511,2026-03-19 00:26:09.956719625+00:00,cancelled,pressure_stop_ask,2026-03-19 00:26:13.450742707+00:00,2026-03-19 00:26:13.700742707+00:00
2026-03-19 00:26:14.521375539+00:00,681,cancel_requested,bid,2196.8,0.08847963813829006,2026-03-19 00:26:13.700742707+00:00,160.73199999999997,2026-03-19 00:26:13.450742707+00:00,pending_cancel,refresh_reprice,2026-03-19 00:26:14.521375539+00:00,2026-03-19 00:26:14.771375539+00:00
2026-03-19 00:26:14.771375539+00:00,681,cancelled,bid,2196.8,0.08847963813829006,2026-03-19 00:26:13.700742707+00:00,160.73199999999997,2026-03-19 00:26:13.450742707+00:00,cancelled,refresh_reprice,2026-03-19 00:26:14.521375539+00:00,2026-03-19 00:26:14.771375539+00:00
2026-03-19 00:26:14.795620402+00:00,682,placed,bid,2197.1,0.08847963813829006,2026-03-19 00:26:15.045620402+00:00,214.733,2026-03-19 00:26:14.795620402+00:00,pending_new,,,
2026-03-19 00:26:15.201476746+00:00,682,cancel_requested,bid,2197.1,0.08847963813829006,2026-03-19 00:26:15.045620402+00:00,214.733,2026-03-19 00:26:14.795620402+00:00,pending_cancel,refresh_reprice,2026-03-19 00:26:15.201476746+00:00,2026-03-19 00:26:15.451476746+00:00
2026-03-19 00:26:15.437072752+00:00,683,placed,ask,2198.2,0.11122980938083266,2026-03-19 00:26:15.687072752+00:00,141.261,2026-03-19 00:26:15.437072752+00:00,pending_new,,,
2026-03-19 00:26:15.451476746+00:00,682,cancelled,bid,2197.1,0.08847963813829006,2026-03-19 00:26:15.045620402+00:00,214.733,2026-03-19 00:26:14.795620402+00:00,cancelled,refresh_reprice,2026-03-19 00:26:15.201476746+00:00,2026-03-19 00:26:15.451476746+00:00
2026-03-19 00:26:15.487846294+00:00,684,placed,bid,2197.5,0.08877019061916736,2026-03-19 00:26:15.737846294+00:00,134.414,2026-03-19 00:26:15.487846294+00:00,pending_new,,,
2026-03-19 00:26:16.047579911+00:00,683,cancel_requested,ask,2198.2,0.11122980938083266,2026-03-19 00:26:15.687072752+00:00,141.261,2026-03-19 00:26:15.437072752+00:00,pending_cancel,expected_edge_ask,2026-03-19 00:26:16.047579911+00:00,2026-03-19 00:26:16.297579911+00:00
2026-03-19 00:26:16.297579911+00:00,683,cancelled,ask,2198.2,0.11122980938083266,2026-03-19 00:26:15.687072752+00:00,141.261,2026-03-19 00:26:15.437072752+00:00,cancelled,expected_edge_ask,2026-03-19 00:26:16.047579911+00:00,2026-03-19 00:26:16.297579911+00:00
2026-03-19 00:26:18.143049245+00:00,684,cancel_requested,bid,2197.5,0.08877019061916736,2026-03-19 00:26:15.737846294+00:00,134.414,2026-03-19 00:26:15.487846294+00:00,pending_cancel,pressure_stop_bid,2026-03-19 00:26:18.143049245+00:00,2026-03-19 00:26:18.393049245+00:00
2026-03-19 00:26:18.143049245+00:00,685,placed,ask,2198.1,0.11122980938083266,2026-03-19 00:26:18.393049245+00:00,164.309,2026-03-19 00:26:18.143049245+00:00,pending_new,,,
2026-03-19 00:26:18.393049245+00:00,684,cancelled,bid,2197.5,0.08877019061916736,2026-03-19 00:26:15.737846294+00:00,134.414,2026-03-19 00:26:15.487846294+00:00,cancelled,pressure_stop_bid,2026-03-19 00:26:18.143049245+00:00,2026-03-19 00:26:18.393049245+00:00
2026-03-19 00:26:22.223092635+00:00,685,cancel_requested,ask,2198.1,0.11122980938083266,2026-03-19 00:26:18.393049245+00:00,164.309,2026-03-19 00:26:18.143049245+00:00,pending_cancel,expected_edge_ask,2026-03-19 00:26:22.223092635+00:00,2026-03-19 00:26:22.473092635+00:00
2026-03-19 00:26:22.223092635+00:00,686,placed,bid,2197.5,0.08877019061916736,2026-03-19 00:26:22.473092635+00:00,94.765,2026-03-19 00:26:22.223092635+00:00,pending_new,,,
2026-03-19 00:26:22.473092635+00:00,685,cancelled,ask,2198.1,0.11122980938083266,2026-03-19 00:26:18.393049245+00:00,164.309,2026-03-19 00:26:18.143049245+00:00,cancelled,expected_edge_ask,2026-03-19 00:26:22.223092635+00:00,2026-03-19 00:26:22.473092635+00:00
2026-03-19 00:26:31.003854110+00:00,686,cancel_requested,bid,2197.5,0.08877019061916736,2026-03-19 00:26:22.473092635+00:00,94.765,2026-03-19 00:26:22.223092635+00:00,pending_cancel,refresh_reprice,2026-03-19 00:26:31.003854110+00:00,2026-03-19 00:26:31.253854110+00:00
2026-03-19 00:26:31.253854110+00:00,686,cancelled,bid,2197.5,0.08877019061916736,2026-03-19 00:26:22.473092635+00:00,94.765,2026-03-19 00:26:22.223092635+00:00,cancelled,refresh_reprice,2026-03-19 00:26:31.003854110+00:00,2026-03-19 00:26:31.253854110+00:00
2026-03-19 00:26:31.409211592+00:00,687,placed,bid,2197.9,0.08877019061916736,2026-03-19 00:26:31.659211592+00:00,77.27199999999999,2026-03-19 00:26:31.409211592+00:00,pending_new,,,
2026-03-19 00:26:32.233342328+00:00,687,cancel_requested,bid,2197.9,0.08877019061916736,2026-03-19 00:26:31.659211592+00:00,77.27199999999999,2026-03-19 00:26:31.409211592+00:00,pending_cancel,refresh_reprice,2026-03-19 00:26:32.233342328+00:00,2026-03-19 00:26:32.483342328+00:00
2026-03-19 00:26:32.233342328+00:00,688,placed,ask,2198.9,0.11122980938083266,2026-03-19 00:26:32.483342328+00:00,107.32999999999998,2026-03-19 00:26:32.233342328+00:00,pending_new,,,
2026-03-19 00:26:32.383684944+00:00,688,cancel_requested,ask,2198.9,0.11122980938083266,2026-03-19 00:26:32.483342328+00:00,107.32999999999998,2026-03-19 00:26:32.233342328+00:00,pending_cancel,pressure_stop_ask,2026-03-19 00:26:32.383684944+00:00,2026-03-19 00:26:32.633684944+00:00
2026-03-19 00:26:32.483342328+00:00,687,cancelled,bid,2197.9,0.08877019061916736,2026-03-19 00:26:31.659211592+00:00,77.27199999999999,2026-03-19 00:26:31.409211592+00:00,cancelled,refresh_reprice,2026-03-19 00:26:32.233342328+00:00,2026-03-19 00:26:32.483342328+00:00
2026-03-19 00:26:32.488598664+00:00,689,placed,bid,2198.0,0.08877019061916736,2026-03-19 00:26:32.738598664+00:00,148.335,2026-03-19 00:26:32.488598664+00:00,pending_new,,,
2026-03-19 00:26:32.633684944+00:00,688,cancelled,ask,2198.9,0.11122980938083266,2026-03-19 00:26:32.483342328+00:00,107.32999999999998,2026-03-19 00:26:32.233342328+00:00,cancelled,pressure_stop_ask,2026-03-19 00:26:32.383684944+00:00,2026-03-19 00:26:32.633684944+00:00
2026-03-19 00:26:34.682565115+00:00,690,placed,ask,2199.4,0.11122980938083266,2026-03-19 00:26:34.932565115+00:00,197.648,2026-03-19 00:26:34.682565115+00:00,pending_new,,,
2026-03-19 00:26:35.039590796+00:00,690,cancel_requested,ask,2199.4,0.11122980938083266,2026-03-19 00:26:34.932565115+00:00,197.648,2026-03-19 00:26:34.682565115+00:00,pending_cancel,pressure_stop_ask,2026-03-19 00:26:35.039590796+00:00,2026-03-19 00:26:35.289590796+00:00
2026-03-19 00:26:35.039590796+00:00,689,cancel_requested,bid,2198.0,0.08877019061916736,2026-03-19 00:26:32.738598664+00:00,148.335,2026-03-19 00:26:32.488598664+00:00,pending_cancel,refresh_reprice,2026-03-19 00:26:35.039590796+00:00,2026-03-19 00:26:35.289590796+00:00
2026-03-19 00:26:35.289590796+00:00,689,cancelled,bid,2198.0,0.08877019061916736,2026-03-19 00:26:32.738598664+00:00,148.335,2026-03-19 00:26:32.488598664+00:00,cancelled,refresh_reprice,2026-03-19 00:26:35.039590796+00:00,2026-03-19 00:26:35.289590796+00:00
2026-03-19 00:26:35.289590796+00:00,690,cancelled,ask,2199.4,0.11122980938083266,2026-03-19 00:26:34.932565115+00:00,197.648,2026-03-19 00:26:34.682565115+00:00,cancelled,pressure_stop_ask,2026-03-19 00:26:35.039590796+00:00,2026-03-19 00:26:35.289590796+00:00
2026-03-19 00:26:35.337293346+00:00,691,placed,bid,2198.6,0.089049143440386,2026-03-19 00:26:35.587293346+00:00,172.80399999999997,2026-03-19 00:26:35.337293346+00:00,pending_new,,,
2026-03-19 00:26:36.312486831+00:00,692,placed,ask,2199.9,0.11095085655961401,2026-03-19 00:26:36.562486831+00:00,216.233,2026-03-19 00:26:36.312486831+00:00,pending_new,,,
2026-03-19 00:26:37.784168332+00:00,692,cancel_requested,ask,2199.9,0.11095085655961401,2026-03-19 00:26:36.562486831+00:00,216.233,2026-03-19 00:26:36.312486831+00:00,pending_cancel,pressure_stop_ask,2026-03-19 00:26:37.784168332+00:00,2026-03-19 00:26:38.034168332+00:00
2026-03-19 00:26:38.034168332+00:00,692,cancelled,ask,2199.9,0.11095085655961401,2026-03-19 00:26:36.562486831+00:00,216.233,2026-03-19 00:26:36.312486831+00:00,cancelled,pressure_stop_ask,2026-03-19 00:26:37.784168332+00:00,2026-03-19 00:26:38.034168332+00:00
2026-03-19 00:26:38.049041952+00:00,693,placed,ask,2199.9,0.11095085655961401,2026-03-19 00:26:38.299041952+00:00,238.28699999999998,2026-03-19 00:26:38.049041952+00:00,pending_new,,,
2026-03-19 00:26:38.097767105+00:00,691,cancel_requested,bid,2198.6,0.089049143440386,2026-03-19 00:26:35.587293346+00:00,172.80399999999997,2026-03-19 00:26:35.337293346+00:00,pending_cancel,pressure_stop_bid,2026-03-19 00:26:38.097767105+00:00,2026-03-19 00:26:38.347767105+00:00
2026-03-19 00:26:38.347767105+00:00,691,cancelled,bid,2198.6,0.089049143440386,2026-03-19 00:26:35.587293346+00:00,172.80399999999997,2026-03-19 00:26:35.337293346+00:00,cancelled,pressure_stop_bid,2026-03-19 00:26:38.097767105+00:00,2026-03-19 00:26:38.347767105+00:00
2026-03-19 00:26:38.394020138+00:00,694,placed,bid,2198.6,0.089049143440386,2026-03-19 00:26:38.644020138+00:00,181.48699999999997,2026-03-19 00:26:38.394020138+00:00,pending_new,,,
2026-03-19 00:26:38.508622362+00:00,693,cancel_requested,ask,2199.9,0.11095085655961401,2026-03-19 00:26:38.299041952+00:00,238.28699999999998,2026-03-19 00:26:38.049041952+00:00,pending_cancel,pressure_stop_ask,2026-03-19 00:26:38.508622362+00:00,2026-03-19 00:26:38.758622362+00:00
2026-03-19 00:26:38.758622362+00:00,693,cancelled,ask,2199.9,0.11095085655961401,2026-03-19 00:26:38.299041952+00:00,238.28699999999998,2026-03-19 00:26:38.049041952+00:00,cancelled,pressure_stop_ask,2026-03-19 00:26:38.508622362+00:00,2026-03-19 00:26:38.758622362+00:00
2026-03-19 00:26:40.397102018+00:00,694,cancel_requested,bid,2198.6,0.089049143440386,2026-03-19 00:26:38.644020138+00:00,181.48699999999997,2026-03-19 00:26:38.394020138+00:00,pending_cancel,refresh_reprice,2026-03-19 00:26:40.397102018+00:00,2026-03-19 00:26:40.647102018+00:00
2026-03-19 00:26:40.647102018+00:00,694,cancelled,bid,2198.6,0.089049143440386,2026-03-19 00:26:38.644020138+00:00,181.48699999999997,2026-03-19 00:26:38.394020138+00:00,cancelled,refresh_reprice,2026-03-19 00:26:40.397102018+00:00,2026-03-19 00:26:40.647102018+00:00
2026-03-19 00:26:40.684696921+00:00,695,placed,bid,2199.2,0.089049143440386,2026-03-19 00:26:40.934696921+00:00,166.055,2026-03-19 00:26:40.684696921+00:00,pending_new,,,
2026-03-19 00:26:41.265625175+00:00,695,cancel_requested,bid,2199.2,0.089049143440386,2026-03-19 00:26:40.934696921+00:00,166.055,2026-03-19 00:26:40.684696921+00:00,pending_cancel,pressure_stop_bid,2026-03-19 00:26:41.265625175+00:00,2026-03-19 00:26:41.515625175+00:00
2026-03-19 00:26:41.265625175+00:00,696,placed,ask,2200.6,0.11095085655961401,2026-03-19 00:26:41.515625175+00:00,226.619,2026-03-19 00:26:41.265625175+00:00,pending_new,,,
2026-03-19 00:26:41.515625175+00:00,695,cancelled,bid,2199.2,0.089049143440386,2026-03-19 00:26:40.934696921+00:00,166.055,2026-03-19 00:26:40.684696921+00:00,cancelled,pressure_stop_bid,2026-03-19 00:26:41.265625175+00:00,2026-03-19 00:26:41.515625175+00:00
2026-03-19 00:26:42.132514235+00:00,697,placed,bid,2198.8,0.089049143440386,2026-03-19 00:26:42.382514235+00:00,160.111,2026-03-19 00:26:42.132514235+00:00,pending_new,,,
2026-03-19 00:26:42.132514235+00:00,696,cancel_requested,ask,2200.6,0.11095085655961401,2026-03-19 00:26:41.515625175+00:00,226.619,2026-03-19 00:26:41.265625175+00:00,pending_cancel,refresh_reprice,2026-03-19 00:26:42.132514235+00:00,2026-03-19 00:26:42.382514235+00:00
2026-03-19 00:26:42.177780092+00:00,697,cancel_requested,bid,2198.8,0.089049143440386,2026-03-19 00:26:42.382514235+00:00,160.111,2026-03-19 00:26:42.132514235+00:00,pending_cancel,pressure_stop_bid,2026-03-19 00:26:42.177780092+00:00,2026-03-19 00:26:42.427780092+00:00
2026-03-19 00:26:42.382514235+00:00,696,cancelled,ask,2200.6,0.11095085655961401,2026-03-19 00:26:41.515625175+00:00,226.619,2026-03-19 00:26:41.265625175+00:00,cancelled,refresh_reprice,2026-03-19 00:26:42.132514235+00:00,2026-03-19 00:26:42.382514235+00:00
2026-03-19 00:26:42.384593646+00:00,698,placed,ask,2200.2,0.11095085655961401,2026-03-19 00:26:42.634593646+00:00,277.825,2026-03-19 00:26:42.384593646+00:00,pending_new,,,
2026-03-19 00:26:42.427780092+00:00,697,cancelled,bid,2198.8,0.089049143440386,2026-03-19 00:26:42.382514235+00:00,160.111,2026-03-19 00:26:42.132514235+00:00,cancelled,pressure_stop_bid,2026-03-19 00:26:42.177780092+00:00,2026-03-19 00:26:42.427780092+00:00
2026-03-19 00:26:42.744368320+00:00,699,placed,bid,2198.6,0.089049143440386,2026-03-19 00:26:42.994368320+00:00,187.253,2026-03-19 00:26:42.744368320+00:00,pending_new,,,
2026-03-19 00:26:43.050457198+00:00,698,cancel_requested,ask,2200.2,0.11095085655961401,2026-03-19 00:26:42.634593646+00:00,277.825,2026-03-19 00:26:42.384593646+00:00,pending_cancel,refresh_reprice,2026-03-19 00:26:43.050457198+00:00,2026-03-19 00:26:43.300457198+00:00
2026-03-19 00:26:43.300457198+00:00,698,cancelled,ask,2200.2,0.11095085655961401,2026-03-19 00:26:42.634593646+00:00,277.825,2026-03-19 00:26:42.384593646+00:00,cancelled,refresh_reprice,2026-03-19 00:26:43.050457198+00:00,2026-03-19 00:26:43.300457198+00:00
2026-03-19 00:26:43.341335457+00:00,700,placed,ask,2199.8,0.11095085655961401,2026-03-19 00:26:43.591335457+00:00,207.892,2026-03-19 00:26:43.341335457+00:00,pending_new,,,
2026-03-19 00:26:44.167275039+00:00,699,cancel_requested,bid,2198.6,0.089049143440386,2026-03-19 00:26:42.994368320+00:00,187.253,2026-03-19 00:26:42.744368320+00:00,pending_cancel,pressure_stop_bid,2026-03-19 00:26:44.167275039+00:00,2026-03-19 00:26:44.417275039+00:00
2026-03-19 00:26:44.417275039+00:00,699,cancelled,bid,2198.6,0.089049143440386,2026-03-19 00:26:42.994368320+00:00,187.253,2026-03-19 00:26:42.744368320+00:00,cancelled,pressure_stop_bid,2026-03-19 00:26:44.167275039+00:00,2026-03-19 00:26:44.417275039+00:00
2026-03-19 00:26:45.907341258+00:00,700,cancel_requested,ask,2199.8,0.11095085655961401,2026-03-19 00:26:43.591335457+00:00,207.892,2026-03-19 00:26:43.341335457+00:00,pending_cancel,expected_edge_ask,2026-03-19 00:26:45.907341258+00:00,2026-03-19 00:26:46.157341258+00:00
2026-03-19 00:26:45.907341258+00:00,701,placed,bid,2198.8,0.089049143440386,2026-03-19 00:26:46.157341258+00:00,92.406,2026-03-19 00:26:45.907341258+00:00,pending_new,,,
2026-03-19 00:26:46.157341258+00:00,700,cancelled,ask,2199.8,0.11095085655961401,2026-03-19 00:26:43.591335457+00:00,207.892,2026-03-19 00:26:43.341335457+00:00,cancelled,expected_edge_ask,2026-03-19 00:26:45.907341258+00:00,2026-03-19 00:26:46.157341258+00:00
2026-03-19 00:26:46.167086514+00:00,702,placed,ask,2199.4,0.11095085655961401,2026-03-19 00:26:46.417086514+00:00,143.2,2026-03-19 00:26:46.167086514+00:00,pending_new,,,
2026-03-19 00:26:46.564725501+00:00,701,cancel_requested,bid,2198.8,0.089049143440386,2026-03-19 00:26:46.157341258+00:00,92.406,2026-03-19 00:26:45.907341258+00:00,pending_cancel,pressure_stop_bid,2026-03-19 00:26:46.564725501+00:00,2026-03-19 00:26:46.814725501+00:00
2026-03-19 00:26:46.814725501+00:00,701,cancelled,bid,2198.8,0.089049143440386,2026-03-19 00:26:46.157341258+00:00,92.406,2026-03-19 00:26:45.907341258+00:00,cancelled,pressure_stop_bid,2026-03-19 00:26:46.564725501+00:00,2026-03-19 00:26:46.814725501+00:00
2026-03-19 00:26:46.826181805+00:00,702,cancel_requested,ask,2199.4,0.11095085655961401,2026-03-19 00:26:46.417086514+00:00,143.2,2026-03-19 00:26:46.167086514+00:00,pending_cancel,refresh_reprice,2026-03-19 00:26:46.826181805+00:00,2026-03-19 00:26:47.076181805+00:00
2026-03-19 00:26:47.076181805+00:00,702,cancelled,ask,2199.4,0.11095085655961401,2026-03-19 00:26:46.417086514+00:00,143.2,2026-03-19 00:26:46.167086514+00:00,cancelled,refresh_reprice,2026-03-19 00:26:46.826181805+00:00,2026-03-19 00:26:47.076181805+00:00
2026-03-19 00:26:47.132629975+00:00,703,placed,bid,2198.5,0.089049143440386,2026-03-19 00:26:47.382629975+00:00,119.139,2026-03-19 00:26:47.132629975+00:00,pending_new,,,
2026-03-19 00:26:47.132629975+00:00,704,placed,ask,2199.2,0.11095085655961401,2026-03-19 00:26:47.382629975+00:00,116.217,2026-03-19 00:26:47.132629975+00:00,pending_new,,,
2026-03-19 00:26:47.592192953+00:00,704,cancel_requested,ask,2199.2,0.11095085655961401,2026-03-19 00:26:47.382629975+00:00,116.217,2026-03-19 00:26:47.132629975+00:00,pending_cancel,expected_edge_ask,2026-03-19 00:26:47.592192953+00:00,2026-03-19 00:26:47.842192953+00:00
2026-03-19 00:26:47.842192953+00:00,704,cancelled,ask,2199.2,0.11095085655961401,2026-03-19 00:26:47.382629975+00:00,116.217,2026-03-19 00:26:47.132629975+00:00,cancelled,expected_edge_ask,2026-03-19 00:26:47.592192953+00:00,2026-03-19 00:26:47.842192953+00:00
2026-03-19 00:26:56.172409182+00:00,703,cancel_requested,bid,2198.5,0.089049143440386,2026-03-19 00:26:47.382629975+00:00,119.139,2026-03-19 00:26:47.132629975+00:00,pending_cancel,pressure_stop_bid,2026-03-19 00:26:56.172409182+00:00,2026-03-19 00:26:56.422409182+00:00
2026-03-19 00:26:56.172409182+00:00,705,placed,ask,2199.2,0.11081759899667509,2026-03-19 00:26:56.422409182+00:00,135.894,2026-03-19 00:26:56.172409182+00:00,pending_new,,,
2026-03-19 00:26:56.422409182+00:00,703,cancelled,bid,2198.5,0.089049143440386,2026-03-19 00:26:47.382629975+00:00,119.139,2026-03-19 00:26:47.132629975+00:00,cancelled,pressure_stop_bid,2026-03-19 00:26:56.172409182+00:00,2026-03-19 00:26:56.422409182+00:00
2026-03-19 00:26:56.573495736+00:00,705,cancel_requested,ask,2199.2,0.11081759899667509,2026-03-19 00:26:56.422409182+00:00,135.894,2026-03-19 00:26:56.172409182+00:00,pending_cancel,refresh_reprice,2026-03-19 00:26:56.573495736+00:00,2026-03-19 00:26:56.823495736+00:00
2026-03-19 00:26:56.823495736+00:00,705,cancelled,ask,2199.2,0.11081759899667509,2026-03-19 00:26:56.422409182+00:00,135.894,2026-03-19 00:26:56.172409182+00:00,cancelled,refresh_reprice,2026-03-19 00:26:56.573495736+00:00,2026-03-19 00:26:56.823495736+00:00
2026-03-19 00:26:56.869177438+00:00,706,placed,bid,2198.1,0.0891824010033249,2026-03-19 00:26:57.119177438+00:00,80.945,2026-03-19 00:26:56.869177438+00:00,pending_new,,,
2026-03-19 00:26:56.869177438+00:00,707,placed,ask,2198.8,0.11081759899667509,2026-03-19 00:26:57.119177438+00:00,76.685,2026-03-19 00:26:56.869177438+00:00,pending_new,,,
2026-03-19 00:26:57.192509177+00:00,706,cancel_requested,bid,2198.1,0.0891824010033249,2026-03-19 00:26:57.119177438+00:00,80.945,2026-03-19 00:26:56.869177438+00:00,pending_cancel,pressure_stop_bid,2026-03-19 00:26:57.192509177+00:00,2026-03-19 00:26:57.442509177+00:00
2026-03-19 00:26:57.442509177+00:00,706,cancelled,bid,2198.1,0.0891824010033249,2026-03-19 00:26:57.119177438+00:00,80.945,2026-03-19 00:26:56.869177438+00:00,cancelled,pressure_stop_bid,2026-03-19 00:26:57.192509177+00:00,2026-03-19 00:26:57.442509177+00:00
2026-03-19 00:26:57.943412070+00:00,707,cancel_requested,ask,2198.8,0.11081759899667509,2026-03-19 00:26:57.119177438+00:00,76.685,2026-03-19 00:26:56.869177438+00:00,pending_cancel,pressure_stop_ask,2026-03-19 00:26:57.943412070+00:00,2026-03-19 00:26:58.193412070+00:00
2026-03-19 00:26:57.943412070+00:00,708,placed,bid,2198.1,0.0891824010033249,2026-03-19 00:26:58.193412070+00:00,119.81299999999999,2026-03-19 00:26:57.943412070+00:00,pending_new,,,
2026-03-19 00:26:58.193412070+00:00,707,cancelled,ask,2198.8,0.11081759899667509,2026-03-19 00:26:57.119177438+00:00,76.685,2026-03-19 00:26:56.869177438+00:00,cancelled,pressure_stop_ask,2026-03-19 00:26:57.943412070+00:00,2026-03-19 00:26:58.193412070+00:00
2026-03-19 00:26:58.263016311+00:00,709,placed,ask,2198.8,0.11081759899667509,2026-03-19 00:26:58.513016311+00:00,70.29599999999999,2026-03-19 00:26:58.263016311+00:00,pending_new,,,
2026-03-19 00:26:59.016844598+00:00,709,cancel_requested,ask,2198.8,0.11081759899667509,2026-03-19 00:26:58.513016311+00:00,70.29599999999999,2026-03-19 00:26:58.263016311+00:00,pending_cancel,expected_edge_ask,2026-03-19 00:26:59.016844598+00:00,2026-03-19 00:26:59.266844598+00:00
2026-03-19 00:26:59.266844598+00:00,709,cancelled,ask,2198.8,0.11081759899667509,2026-03-19 00:26:58.513016311+00:00,70.29599999999999,2026-03-19 00:26:58.263016311+00:00,cancelled,expected_edge_ask,2026-03-19 00:26:59.016844598+00:00,2026-03-19 00:26:59.266844598+00:00
2026-03-19 00:26:59.335452525+00:00,710,placed,ask,2198.8,0.11081759899667509,2026-03-19 00:26:59.585452525+00:00,90.40899999999999,2026-03-19 00:26:59.335452525+00:00,pending_new,,,
2026-03-19 00:27:01.783230888+00:00,710,cancel_requested,ask,2198.8,0.11081759899667509,2026-03-19 00:26:59.585452525+00:00,90.40899999999999,2026-03-19 00:26:59.335452525+00:00,pending_cancel,expected_edge_ask,2026-03-19 00:27:01.783230888+00:00,2026-03-19 00:27:02.033230888+00:00
2026-03-19 00:27:02.033230888+00:00,710,cancelled,ask,2198.8,0.11081759899667509,2026-03-19 00:26:59.585452525+00:00,90.40899999999999,2026-03-19 00:26:59.335452525+00:00,cancelled,expected_edge_ask,2026-03-19 00:27:01.783230888+00:00,2026-03-19 00:27:02.033230888+00:00
2026-03-19 00:27:02.047314555+00:00,711,placed,ask,2198.7,0.11081759899667509,2026-03-19 00:27:02.297314555+00:00,141.183,2026-03-19 00:27:02.047314555+00:00,pending_new,,,
2026-03-19 00:27:02.249136258+00:00,711,cancel_requested,ask,2198.7,0.11081759899667509,2026-03-19 00:27:02.297314555+00:00,141.183,2026-03-19 00:27:02.047314555+00:00,pending_cancel,expected_edge_ask,2026-03-19 00:27:02.249136258+00:00,2026-03-19 00:27:02.499136258+00:00
2026-03-19 00:27:02.499136258+00:00,711,cancelled,ask,2198.7,0.11081759899667509,2026-03-19 00:27:02.297314555+00:00,141.183,2026-03-19 00:27:02.047314555+00:00,cancelled,expected_edge_ask,2026-03-19 00:27:02.249136258+00:00,2026-03-19 00:27:02.499136258+00:00
2026-03-19 00:27:07.943412070+00:00,708,cancel_requested,bid,2198.1,0.0891824010033249,2026-03-19 00:26:58.193412070+00:00,119.81299999999999,2026-03-19 00:26:57.943412070+00:00,pending_cancel,quote_age_expired,2026-03-19 00:27:07.943412070+00:00,2026-03-19 00:27:08.193412070+00:00
2026-03-19 00:27:08.193412070+00:00,708,cancelled,bid,2198.1,0.0891824010033249,2026-03-19 00:26:58.193412070+00:00,119.81299999999999,2026-03-19 00:26:57.943412070+00:00,cancelled,quote_age_expired,2026-03-19 00:27:07.943412070+00:00,2026-03-19 00:27:08.193412070+00:00
2026-03-19 00:27:08.193740790+00:00,712,placed,bid,2198.2,0.0891824010033249,2026-03-19 00:27:08.443740790+00:00,157.192,2026-03-19 00:27:08.193740790+00:00,pending_new,,,
2026-03-19 00:27:16.886644511+00:00,712,cancel_requested,bid,2198.2,0.0891824010033249,2026-03-19 00:27:08.443740790+00:00,157.192,2026-03-19 00:27:08.193740790+00:00,pending_cancel,refresh_reprice,2026-03-19 00:27:16.886644511+00:00,2026-03-19 00:27:17.136644511+00:00
2026-03-19 00:27:17.136644511+00:00,712,cancelled,bid,2198.2,0.0891824010033249,2026-03-19 00:27:08.443740790+00:00,157.192,2026-03-19 00:27:08.193740790+00:00,cancelled,refresh_reprice,2026-03-19 00:27:16.886644511+00:00,2026-03-19 00:27:17.136644511+00:00
2026-03-19 00:27:17.299289179+00:00,713,placed,bid,2198.4,0.08929024164484956,2026-03-19 00:27:17.549289179+00:00,130.864,2026-03-19 00:27:17.299289179+00:00,pending_new,,,
2026-03-19 00:27:27.299289179+00:00,713,cancel_requested,bid,2198.4,0.08929024164484956,2026-03-19 00:27:17.549289179+00:00,130.864,2026-03-19 00:27:17.299289179+00:00,pending_cancel,quote_age_expired,2026-03-19 00:27:27.299289179+00:00,2026-03-19 00:27:27.549289179+00:00
2026-03-19 00:27:27.549289179+00:00,713,cancelled,bid,2198.4,0.08929024164484956,2026-03-19 00:27:17.549289179+00:00,130.864,2026-03-19 00:27:17.299289179+00:00,cancelled,quote_age_expired,2026-03-19 00:27:27.299289179+00:00,2026-03-19 00:27:27.549289179+00:00
2026-03-19 00:27:27.631884263+00:00,714,placed,bid,2198.4,0.08929024164484956,2026-03-19 00:27:27.881884263+00:00,115.774,2026-03-19 00:27:27.631884263+00:00,pending_new,,,
2026-03-19 00:27:35.465818413+00:00,714,cancel_requested,bid,2198.4,0.08929024164484956,2026-03-19 00:27:27.881884263+00:00,115.774,2026-03-19 00:27:27.631884263+00:00,pending_cancel,pressure_stop_bid,2026-03-19 00:27:35.465818413+00:00,2026-03-19 00:27:35.715818413+00:00
2026-03-19 00:27:35.465818413+00:00,715,placed,ask,2199.0,0.11058696797226969,2026-03-19 00:27:35.715818413+00:00,95.25,2026-03-19 00:27:35.465818413+00:00,pending_new,,,
2026-03-19 00:27:35.715818413+00:00,714,cancelled,bid,2198.4,0.08929024164484956,2026-03-19 00:27:27.881884263+00:00,115.774,2026-03-19 00:27:27.631884263+00:00,cancelled,pressure_stop_bid,2026-03-19 00:27:35.465818413+00:00,2026-03-19 00:27:35.715818413+00:00
2026-03-19 00:27:38.957315536+00:00,715,cancel_requested,ask,2199.0,0.11058696797226969,2026-03-19 00:27:35.715818413+00:00,95.25,2026-03-19 00:27:35.465818413+00:00,pending_cancel,expected_edge_ask,2026-03-19 00:27:38.957315536+00:00,2026-03-19 00:27:39.207315536+00:00
2026-03-19 00:27:39.207315536+00:00,715,cancelled,ask,2199.0,0.11058696797226969,2026-03-19 00:27:35.715818413+00:00,95.25,2026-03-19 00:27:35.465818413+00:00,cancelled,expected_edge_ask,2026-03-19 00:27:38.957315536+00:00,2026-03-19 00:27:39.207315536+00:00
2026-03-19 00:27:44.256289685+00:00,716,placed,bid,2198.0,0.08941303202773032,2026-03-19 00:27:44.506289685+00:00,143.51800000000003,2026-03-19 00:27:44.256289685+00:00,pending_new,,,
2026-03-19 00:27:44.256289685+00:00,717,placed,ask,2198.6,0.11058696797226969,2026-03-19 00:27:44.506289685+00:00,116.548,2026-03-19 00:27:44.256289685+00:00,pending_new,,,
2026-03-19 00:27:44.420525478+00:00,716,cancel_requested,bid,2198.0,0.08941303202773032,2026-03-19 00:27:44.506289685+00:00,143.51800000000003,2026-03-19 00:27:44.256289685+00:00,pending_cancel,expected_edge_bid,2026-03-19 00:27:44.420525478+00:00,2026-03-19 00:27:44.670525478+00:00
2026-03-19 00:27:44.538130688+00:00,717,cancel_requested,ask,2198.6,0.11058696797226969,2026-03-19 00:27:44.506289685+00:00,116.548,2026-03-19 00:27:44.256289685+00:00,pending_cancel,expected_edge_ask,2026-03-19 00:27:44.538130688+00:00,2026-03-19 00:27:44.788130688+00:00
2026-03-19 00:27:44.670525478+00:00,716,cancelled,bid,2198.0,0.08941303202773032,2026-03-19 00:27:44.506289685+00:00,143.51800000000003,2026-03-19 00:27:44.256289685+00:00,cancelled,expected_edge_bid,2026-03-19 00:27:44.420525478+00:00,2026-03-19 00:27:44.670525478+00:00
2026-03-19 00:27:44.788130688+00:00,717,cancelled,ask,2198.6,0.11058696797226969,2026-03-19 00:27:44.506289685+00:00,116.548,2026-03-19 00:27:44.256289685+00:00,cancelled,expected_edge_ask,2026-03-19 00:27:44.538130688+00:00,2026-03-19 00:27:44.788130688+00:00
2026-03-19 00:27:44.821984879+00:00,718,placed,ask,2198.6,0.11058696797226969,2026-03-19 00:27:45.071984879+00:00,109.64,2026-03-19 00:27:44.821984879+00:00,pending_new,,,
2026-03-19 00:27:49.836071271+00:00,719,placed,bid,2198.0,0.08941303202773032,2026-03-19 00:27:50.086071271+00:00,155.19299999999998,2026-03-19 00:27:49.836071271+00:00,pending_new,,,
2026-03-19 00:27:50.182333099+00:00,718,cancel_requested,ask,2198.6,0.11058696797226969,2026-03-19 00:27:45.071984879+00:00,109.64,2026-03-19 00:27:44.821984879+00:00,pending_cancel,expected_edge_ask,2026-03-19 00:27:50.182333099+00:00,2026-03-19 00:27:50.432333099+00:00
2026-03-19 00:27:50.432333099+00:00,718,cancelled,ask,2198.6,0.11058696797226969,2026-03-19 00:27:45.071984879+00:00,109.64,2026-03-19 00:27:44.821984879+00:00,cancelled,expected_edge_ask,2026-03-19 00:27:50.182333099+00:00,2026-03-19 00:27:50.432333099+00:00
2026-03-19 00:27:52.689136528+00:00,719,cancel_requested,bid,2198.0,0.08941303202773032,2026-03-19 00:27:50.086071271+00:00,155.19299999999998,2026-03-19 00:27:49.836071271+00:00,pending_cancel,expected_edge_bid,2026-03-19 00:27:52.689136528+00:00,2026-03-19 00:27:52.939136528+00:00
2026-03-19 00:27:52.939136528+00:00,719,cancelled,bid,2198.0,0.08941303202773032,2026-03-19 00:27:50.086071271+00:00,155.19299999999998,2026-03-19 00:27:49.836071271+00:00,cancelled,expected_edge_bid,2026-03-19 00:27:52.689136528+00:00,2026-03-19 00:27:52.939136528+00:00
2026-03-19 00:28:03.135602124+00:00,720,placed,bid,2198.1,0.08942283265642476,2026-03-19 00:28:03.385602124+00:00,119.649,2026-03-19 00:28:03.135602124+00:00,pending_new,,,
2026-03-19 00:28:07.036734564+00:00,720,cancel_requested,bid,2198.1,0.08942283265642476,2026-03-19 00:28:03.385602124+00:00,119.649,2026-03-19 00:28:03.135602124+00:00,pending_cancel,expected_edge_bid,2026-03-19 00:28:07.036734564+00:00,2026-03-19 00:28:07.286734564+00:00
2026-03-19 00:28:07.286734564+00:00,720,cancelled,bid,2198.1,0.08942283265642476,2026-03-19 00:28:03.385602124+00:00,119.649,2026-03-19 00:28:03.135602124+00:00,cancelled,expected_edge_bid,2026-03-19 00:28:07.036734564+00:00,2026-03-19 00:28:07.286734564+00:00
2026-03-19 00:28:07.337009715+00:00,721,placed,bid,2198.2,0.08942283265642476,2026-03-19 00:28:07.587009715+00:00,70.077,2026-03-19 00:28:07.337009715+00:00,pending_new,,,
2026-03-19 00:28:09.067134967+00:00,721,cancel_requested,bid,2198.2,0.08942283265642476,2026-03-19 00:28:07.587009715+00:00,70.077,2026-03-19 00:28:07.337009715+00:00,pending_cancel,expected_edge_bid,2026-03-19 00:28:09.067134967+00:00,2026-03-19 00:28:09.317134967+00:00
2026-03-19 00:28:09.317134967+00:00,721,cancelled,bid,2198.2,0.08942283265642476,2026-03-19 00:28:07.587009715+00:00,70.077,2026-03-19 00:28:07.337009715+00:00,cancelled,expected_edge_bid,2026-03-19 00:28:09.067134967+00:00,2026-03-19 00:28:09.317134967+00:00
2026-03-19 00:28:09.335450431+00:00,722,placed,bid,2198.3,0.08942283265642476,2026-03-19 00:28:09.585450431+00:00,76.65599999999999,2026-03-19 00:28:09.335450431+00:00,pending_new,,,
2026-03-19 00:28:15.558222669+00:00,722,cancel_requested,bid,2198.3,0.08942283265642476,2026-03-19 00:28:09.585450431+00:00,76.65599999999999,2026-03-19 00:28:09.335450431+00:00,pending_cancel,expected_edge_bid,2026-03-19 00:28:15.558222669+00:00,2026-03-19 00:28:15.808222669+00:00
2026-03-19 00:28:15.808222669+00:00,722,cancelled,bid,2198.3,0.08942283265642476,2026-03-19 00:28:09.585450431+00:00,76.65599999999999,2026-03-19 00:28:09.335450431+00:00,cancelled,expected_edge_bid,2026-03-19 00:28:15.558222669+00:00,2026-03-19 00:28:15.808222669+00:00
2026-03-19 00:28:15.871081278+00:00,723,placed,bid,2198.9,0.0896215272903464,2026-03-19 00:28:16.121081278+00:00,57.423,2026-03-19 00:28:15.871081278+00:00,pending_new,,,
2026-03-19 00:28:16.022455484+00:00,723,cancel_requested,bid,2198.9,0.0896215272903464,2026-03-19 00:28:16.121081278+00:00,57.423,2026-03-19 00:28:15.871081278+00:00,pending_cancel,expected_edge_bid,2026-03-19 00:28:16.022455484+00:00,2026-03-19 00:28:16.272455484+00:00
2026-03-19 00:28:16.272455484+00:00,723,cancelled,bid,2198.9,0.0896215272903464,2026-03-19 00:28:16.121081278+00:00,57.423,2026-03-19 00:28:15.871081278+00:00,cancelled,expected_edge_bid,2026-03-19 00:28:16.022455484+00:00,2026-03-19 00:28:16.272455484+00:00
2026-03-19 00:28:16.335328273+00:00,724,placed,ask,2199.5,0.1103784727096536,2026-03-19 00:28:16.585328273+00:00,147.232,2026-03-19 00:28:16.335328273+00:00,pending_new,,,
2026-03-19 00:28:16.650812564+00:00,724,cancel_requested,ask,2199.5,0.1103784727096536,2026-03-19 00:28:16.585328273+00:00,147.232,2026-03-19 00:28:16.335328273+00:00,pending_cancel,expected_edge_ask,2026-03-19 00:28:16.650812564+00:00,2026-03-19 00:28:16.900812564+00:00
2026-03-19 00:28:16.650812564+00:00,725,placed,bid,2199.0,0.0896215272903464,2026-03-19 00:28:16.900812564+00:00,67.583,2026-03-19 00:28:16.650812564+00:00,pending_new,,,
2026-03-19 00:28:16.900812564+00:00,724,cancelled,ask,2199.5,0.1103784727096536,2026-03-19 00:28:16.585328273+00:00,147.232,2026-03-19 00:28:16.335328273+00:00,cancelled,expected_edge_ask,2026-03-19 00:28:16.650812564+00:00,2026-03-19 00:28:16.900812564+00:00
2026-03-19 00:28:17.454286279+00:00,725,cancel_requested,bid,2199.0,0.0896215272903464,2026-03-19 00:28:16.900812564+00:00,67.583,2026-03-19 00:28:16.650812564+00:00,pending_cancel,expected_edge_bid,2026-03-19 00:28:17.454286279+00:00,2026-03-19 00:28:17.704286279+00:00
2026-03-19 00:28:17.704286279+00:00,725,cancelled,bid,2199.0,0.0896215272903464,2026-03-19 00:28:16.900812564+00:00,67.583,2026-03-19 00:28:16.650812564+00:00,cancelled,expected_edge_bid,2026-03-19 00:28:17.454286279+00:00,2026-03-19 00:28:17.704286279+00:00
2026-03-19 00:28:22.836333460+00:00,726,placed,bid,2199.2,0.0896215272903464,2026-03-19 00:28:23.086333460+00:00,52.67,2026-03-19 00:28:22.836333460+00:00,pending_new,,,
2026-03-19 00:28:24.636627159+00:00,726,cancel_requested,bid,2199.2,0.0896215272903464,2026-03-19 00:28:23.086333460+00:00,52.67,2026-03-19 00:28:22.836333460+00:00,pending_cancel,expected_edge_bid,2026-03-19 00:28:24.636627159+00:00,2026-03-19 00:28:24.886627159+00:00
2026-03-19 00:28:24.886627159+00:00,726,cancelled,bid,2199.2,0.0896215272903464,2026-03-19 00:28:23.086333460+00:00,52.67,2026-03-19 00:28:22.836333460+00:00,cancelled,expected_edge_bid,2026-03-19 00:28:24.636627159+00:00,2026-03-19 00:28:24.886627159+00:00
2026-03-19 00:28:30.062338661+00:00,727,placed,bid,2199.3,0.0896215272903464,2026-03-19 00:28:30.312338661+00:00,68.004,2026-03-19 00:28:30.062338661+00:00,pending_new,,,
2026-03-19 00:28:31.135110666+00:00,727,cancel_requested,bid,2199.3,0.0896215272903464,2026-03-19 00:28:30.312338661+00:00,68.004,2026-03-19 00:28:30.062338661+00:00,pending_cancel,refresh_reprice,2026-03-19 00:28:31.135110666+00:00,2026-03-19 00:28:31.385110666+00:00
2026-03-19 00:28:31.385110666+00:00,727,cancelled,bid,2199.3,0.0896215272903464,2026-03-19 00:28:30.312338661+00:00,68.004,2026-03-19 00:28:30.062338661+00:00,cancelled,refresh_reprice,2026-03-19 00:28:31.135110666+00:00,2026-03-19 00:28:31.385110666+00:00
2026-03-19 00:28:31.388413029+00:00,728,placed,bid,2199.6,0.0896215272903464,2026-03-19 00:28:31.638413029+00:00,47.99,2026-03-19 00:28:31.388413029+00:00,pending_new,,,
2026-03-19 00:28:31.537464255+00:00,728,cancel_requested,bid,2199.6,0.0896215272903464,2026-03-19 00:28:31.638413029+00:00,47.99,2026-03-19 00:28:31.388413029+00:00,pending_cancel,expected_edge_bid,2026-03-19 00:28:31.537464255+00:00,2026-03-19 00:28:31.787464255+00:00
2026-03-19 00:28:31.787464255+00:00,728,cancelled,bid,2199.6,0.0896215272903464,2026-03-19 00:28:31.638413029+00:00,47.99,2026-03-19 00:28:31.388413029+00:00,cancelled,expected_edge_bid,2026-03-19 00:28:31.537464255+00:00,2026-03-19 00:28:31.787464255+00:00
2026-03-19 00:28:31.793283682+00:00,729,placed,bid,2199.6,0.0896215272903464,2026-03-19 00:28:32.043283682+00:00,72.75800000000001,2026-03-19 00:28:31.793283682+00:00,pending_new,,,
2026-03-19 00:28:33.891613342+00:00,729,cancel_requested,bid,2199.6,0.0896215272903464,2026-03-19 00:28:32.043283682+00:00,72.75800000000001,2026-03-19 00:28:31.793283682+00:00,pending_cancel,refresh_reprice,2026-03-19 00:28:33.891613342+00:00,2026-03-19 00:28:34.141613342+00:00
2026-03-19 00:28:34.141613342+00:00,729,cancelled,bid,2199.6,0.0896215272903464,2026-03-19 00:28:32.043283682+00:00,72.75800000000001,2026-03-19 00:28:31.793283682+00:00,cancelled,refresh_reprice,2026-03-19 00:28:33.891613342+00:00,2026-03-19 00:28:34.141613342+00:00
2026-03-19 00:28:34.147147837+00:00,730,placed,bid,2199.8,0.0896215272903464,2026-03-19 00:28:34.397147837+00:00,123.50999999999999,2026-03-19 00:28:34.147147837+00:00,pending_new,,,
2026-03-19 00:28:35.320074201+00:00,730,cancel_requested,bid,2199.8,0.0896215272903464,2026-03-19 00:28:34.397147837+00:00,123.50999999999999,2026-03-19 00:28:34.147147837+00:00,pending_cancel,expected_edge_bid,2026-03-19 00:28:35.320074201+00:00,2026-03-19 00:28:35.570074201+00:00
2026-03-19 00:28:35.395669698+00:00,731,placed,ask,2200.6,0.10997855039476001,2026-03-19 00:28:35.645669698+00:00,195.734,2026-03-19 00:28:35.395669698+00:00,pending_new,,,
2026-03-19 00:28:35.570074201+00:00,730,cancelled,bid,2199.8,0.0896215272903464,2026-03-19 00:28:34.397147837+00:00,123.50999999999999,2026-03-19 00:28:34.147147837+00:00,cancelled,expected_edge_bid,2026-03-19 00:28:35.320074201+00:00,2026-03-19 00:28:35.570074201+00:00
2026-03-19 00:28:35.602249008+00:00,732,placed,bid,2199.6,0.09002144960524,2026-03-19 00:28:35.852249008+00:00,168.40299999999996,2026-03-19 00:28:35.602249008+00:00,pending_new,,,
2026-03-19 00:28:36.896636891+00:00,731,cancel_requested,ask,2200.6,0.10997855039476001,2026-03-19 00:28:35.645669698+00:00,195.734,2026-03-19 00:28:35.395669698+00:00,pending_cancel,pressure_stop_ask,2026-03-19 00:28:36.896636891+00:00,2026-03-19 00:28:37.146636891+00:00
2026-03-19 00:28:37.146636891+00:00,731,cancelled,ask,2200.6,0.10997855039476001,2026-03-19 00:28:35.645669698+00:00,195.734,2026-03-19 00:28:35.395669698+00:00,cancelled,pressure_stop_ask,2026-03-19 00:28:36.896636891+00:00,2026-03-19 00:28:37.146636891+00:00
2026-03-19 00:28:37.207502861+00:00,733,placed,ask,2200.8,0.10997855039476001,2026-03-19 00:28:37.457502861+00:00,179.152,2026-03-19 00:28:37.207502861+00:00,pending_new,,,
2026-03-19 00:28:38.738949643+00:00,733,cancel_requested,ask,2200.8,0.10997855039476001,2026-03-19 00:28:37.457502861+00:00,179.152,2026-03-19 00:28:37.207502861+00:00,pending_cancel,expected_edge_ask,2026-03-19 00:28:38.738949643+00:00,2026-03-19 00:28:38.988949643+00:00
2026-03-19 00:28:38.738949643+00:00,732,cancel_requested,bid,2199.6,0.09002144960524,2026-03-19 00:28:35.852249008+00:00,168.40299999999996,2026-03-19 00:28:35.602249008+00:00,pending_cancel,refresh_reprice,2026-03-19 00:28:38.738949643+00:00,2026-03-19 00:28:38.988949643+00:00
2026-03-19 00:28:38.988949643+00:00,732,cancelled,bid,2199.6,0.09002144960524,2026-03-19 00:28:35.852249008+00:00,168.40299999999996,2026-03-19 00:28:35.602249008+00:00,cancelled,refresh_reprice,2026-03-19 00:28:38.738949643+00:00,2026-03-19 00:28:38.988949643+00:00
2026-03-19 00:28:38.988949643+00:00,733,cancelled,ask,2200.8,0.10997855039476001,2026-03-19 00:28:37.457502861+00:00,179.152,2026-03-19 00:28:37.207502861+00:00,cancelled,expected_edge_ask,2026-03-19 00:28:38.738949643+00:00,2026-03-19 00:28:38.988949643+00:00
2026-03-19 00:28:39.037647747+00:00,734,placed,bid,2200.0,0.09002144960524,2026-03-19 00:28:39.287647747+00:00,74.44,2026-03-19 00:28:39.037647747+00:00,pending_new,,,
2026-03-19 00:28:46.035359673+00:00,735,placed,ask,2201.3,0.10997855039476001,2026-03-19 00:28:46.285359673+00:00,219.08499999999998,2026-03-19 00:28:46.035359673+00:00,pending_new,,,
2026-03-19 00:28:46.600700173+00:00,735,cancel_requested,ask,2201.3,0.10997855039476001,2026-03-19 00:28:46.285359673+00:00,219.08499999999998,2026-03-19 00:28:46.035359673+00:00,pending_cancel,pressure_stop_ask,2026-03-19 00:28:46.600700173+00:00,2026-03-19 00:28:46.850700173+00:00
2026-03-19 00:28:46.850700173+00:00,735,cancelled,ask,2201.3,0.10997855039476001,2026-03-19 00:28:46.285359673+00:00,219.08499999999998,2026-03-19 00:28:46.035359673+00:00,cancelled,pressure_stop_ask,2026-03-19 00:28:46.600700173+00:00,2026-03-19 00:28:46.850700173+00:00
2026-03-19 00:28:47.777610418+00:00,734,cancel_requested,bid,2200.0,0.09002144960524,2026-03-19 00:28:39.287647747+00:00,74.44,2026-03-19 00:28:39.037647747+00:00,pending_cancel,refresh_reprice,2026-03-19 00:28:47.777610418+00:00,2026-03-19 00:28:48.027610418+00:00
2026-03-19 00:28:47.879742829+00:00,736,placed,ask,2201.8,0.10997855039476001,2026-03-19 00:28:48.129742829+00:00,133.10199999999998,2026-03-19 00:28:47.879742829+00:00,pending_new,,,
2026-03-19 00:28:47.981736240+00:00,736,cancel_requested,ask,2201.8,0.10997855039476001,2026-03-19 00:28:48.129742829+00:00,133.10199999999998,2026-03-19 00:28:47.879742829+00:00,pending_cancel,pressure_stop_ask,2026-03-19 00:28:47.981736240+00:00,2026-03-19 00:28:48.231736240+00:00
2026-03-19 00:28:48.027610418+00:00,734,cancelled,bid,2200.0,0.09002144960524,2026-03-19 00:28:39.287647747+00:00,74.44,2026-03-19 00:28:39.037647747+00:00,cancelled,refresh_reprice,2026-03-19 00:28:47.777610418+00:00,2026-03-19 00:28:48.027610418+00:00
2026-03-19 00:28:48.031676941+00:00,737,placed,bid,2200.7,0.09002144960524,2026-03-19 00:28:48.281676941+00:00,176.921,2026-03-19 00:28:48.031676941+00:00,pending_new,,,
2026-03-19 00:28:48.231736240+00:00,736,cancelled,ask,2201.8,0.10997855039476001,2026-03-19 00:28:48.129742829+00:00,133.10199999999998,2026-03-19 00:28:47.879742829+00:00,cancelled,pressure_stop_ask,2026-03-19 00:28:47.981736240+00:00,2026-03-19 00:28:48.231736240+00:00
2026-03-19 00:28:48.797515517+00:00,737,cancel_requested,bid,2200.7,0.09002144960524,2026-03-19 00:28:48.281676941+00:00,176.921,2026-03-19 00:28:48.031676941+00:00,pending_cancel,refresh_reprice,2026-03-19 00:28:48.797515517+00:00,2026-03-19 00:28:49.047515517+00:00
2026-03-19 00:28:49.047515517+00:00,737,cancelled,bid,2200.7,0.09002144960524,2026-03-19 00:28:48.281676941+00:00,176.921,2026-03-19 00:28:48.031676941+00:00,cancelled,refresh_reprice,2026-03-19 00:28:48.797515517+00:00,2026-03-19 00:28:49.047515517+00:00
2026-03-19 00:28:49.056480533+00:00,738,placed,bid,2201.2,0.09002144960524,2026-03-19 00:28:49.306480533+00:00,167.503,2026-03-19 00:28:49.056480533+00:00,pending_new,,,
2026-03-19 00:28:49.408611448+00:00,738,cancel_requested,bid,2201.2,0.09002144960524,2026-03-19 00:28:49.306480533+00:00,167.503,2026-03-19 00:28:49.056480533+00:00,pending_cancel,refresh_reprice,2026-03-19 00:28:49.408611448+00:00,2026-03-19 00:28:49.658611448+00:00
2026-03-19 00:28:49.658611448+00:00,738,cancelled,bid,2201.2,0.09002144960524,2026-03-19 00:28:49.306480533+00:00,167.503,2026-03-19 00:28:49.056480533+00:00,cancelled,refresh_reprice,2026-03-19 00:28:49.408611448+00:00,2026-03-19 00:28:49.658611448+00:00
2026-03-19 00:28:49.716097908+00:00,739,placed,bid,2202.0,0.09002144960524,2026-03-19 00:28:49.966097908+00:00,139.476,2026-03-19 00:28:49.716097908+00:00,pending_new,,,
2026-03-19 00:28:50.527017223+00:00,739,cancel_requested,bid,2202.0,0.09002144960524,2026-03-19 00:28:49.966097908+00:00,139.476,2026-03-19 00:28:49.716097908+00:00,pending_cancel,pressure_stop_bid,2026-03-19 00:28:50.527017223+00:00,2026-03-19 00:28:50.777017223+00:00
2026-03-19 00:28:50.527017223+00:00,740,placed,ask,2203.5,0.10997855039476001,2026-03-19 00:28:50.777017223+00:00,226.73399999999995,2026-03-19 00:28:50.527017223+00:00,pending_new,,,
2026-03-19 00:28:50.777017223+00:00,739,cancelled,bid,2202.0,0.09002144960524,2026-03-19 00:28:49.966097908+00:00,139.476,2026-03-19 00:28:49.716097908+00:00,cancelled,pressure_stop_bid,2026-03-19 00:28:50.527017223+00:00,2026-03-19 00:28:50.777017223+00:00
2026-03-19 00:28:50.834495533+00:00,741,placed,bid,2201.7,0.09002144960524,2026-03-19 00:28:51.084495533+00:00,142.05599999999998,2026-03-19 00:28:50.834495533+00:00,pending_new,,,
2026-03-19 00:28:50.884534113+00:00,741,cancel_requested,bid,2201.7,0.09002144960524,2026-03-19 00:28:51.084495533+00:00,142.05599999999998,2026-03-19 00:28:50.834495533+00:00,pending_cancel,pressure_stop_bid,2026-03-19 00:28:50.884534113+00:00,2026-03-19 00:28:51.134534113+00:00
2026-03-19 00:28:51.093260827+00:00,740,cancel_requested,ask,2203.5,0.10997855039476001,2026-03-19 00:28:50.777017223+00:00,226.73399999999995,2026-03-19 00:28:50.527017223+00:00,pending_cancel,refresh_reprice,2026-03-19 00:28:51.093260827+00:00,2026-03-19 00:28:51.343260827+00:00
2026-03-19 00:28:51.134534113+00:00,741,cancelled,bid,2201.7,0.09002144960524,2026-03-19 00:28:51.084495533+00:00,142.05599999999998,2026-03-19 00:28:50.834495533+00:00,cancelled,pressure_stop_bid,2026-03-19 00:28:50.884534113+00:00,2026-03-19 00:28:51.134534113+00:00
2026-03-19 00:28:51.142893306+00:00,742,placed,bid,2201.5,0.09002144960524,2026-03-19 00:28:51.392893306+00:00,126.99600000000001,2026-03-19 00:28:51.142893306+00:00,pending_new,,,
2026-03-19 00:28:51.343260827+00:00,740,cancelled,ask,2203.5,0.10997855039476001,2026-03-19 00:28:50.777017223+00:00,226.73399999999995,2026-03-19 00:28:50.527017223+00:00,cancelled,refresh_reprice,2026-03-19 00:28:51.093260827+00:00,2026-03-19 00:28:51.343260827+00:00
2026-03-19 00:28:51.396731849+00:00,743,placed,ask,2203.1,0.10997855039476001,2026-03-19 00:28:51.646731849+00:00,234.923,2026-03-19 00:28:51.396731849+00:00,pending_new,,,
2026-03-19 00:28:52.157643202+00:00,742,cancel_requested,bid,2201.5,0.09002144960524,2026-03-19 00:28:51.392893306+00:00,126.99600000000001,2026-03-19 00:28:51.142893306+00:00,pending_cancel,pressure_stop_bid,2026-03-19 00:28:52.157643202+00:00,2026-03-19 00:28:52.407643202+00:00
2026-03-19 00:28:52.407643202+00:00,742,cancelled,bid,2201.5,0.09002144960524,2026-03-19 00:28:51.392893306+00:00,126.99600000000001,2026-03-19 00:28:51.142893306+00:00,cancelled,pressure_stop_bid,2026-03-19 00:28:52.157643202+00:00,2026-03-19 00:28:52.407643202+00:00
2026-03-19 00:28:53.133243746+00:00,743,cancel_requested,ask,2203.1,0.10997855039476001,2026-03-19 00:28:51.646731849+00:00,234.923,2026-03-19 00:28:51.396731849+00:00,pending_cancel,pressure_stop_ask,2026-03-19 00:28:53.133243746+00:00,2026-03-19 00:28:53.383243746+00:00
2026-03-19 00:28:53.133243746+00:00,744,placed,bid,2201.5,0.09002144960524,2026-03-19 00:28:53.383243746+00:00,116.557,2026-03-19 00:28:53.133243746+00:00,pending_new,,,
2026-03-19 00:28:53.184748064+00:00,744,cancel_requested,bid,2201.5,0.09002144960524,2026-03-19 00:28:53.383243746+00:00,116.557,2026-03-19 00:28:53.133243746+00:00,pending_cancel,refresh_reprice,2026-03-19 00:28:53.184748064+00:00,2026-03-19 00:28:53.434748064+00:00
2026-03-19 00:28:53.383243746+00:00,743,cancelled,ask,2203.1,0.10997855039476001,2026-03-19 00:28:51.646731849+00:00,234.923,2026-03-19 00:28:51.396731849+00:00,cancelled,pressure_stop_ask,2026-03-19 00:28:53.133243746+00:00,2026-03-19 00:28:53.383243746+00:00
2026-03-19 00:28:53.386740557+00:00,745,placed,ask,2203.5,0.10997855039476001,2026-03-19 00:28:53.636740557+00:00,191.557,2026-03-19 00:28:53.386740557+00:00,pending_new,,,
2026-03-19 00:28:53.434748064+00:00,744,cancelled,bid,2201.5,0.09002144960524,2026-03-19 00:28:53.383243746+00:00,116.557,2026-03-19 00:28:53.133243746+00:00,cancelled,refresh_reprice,2026-03-19 00:28:53.184748064+00:00,2026-03-19 00:28:53.434748064+00:00
2026-03-19 00:28:53.438255025+00:00,746,placed,bid,2201.8,0.09002144960524,2026-03-19 00:28:53.688255025+00:00,138.35999999999999,2026-03-19 00:28:53.438255025+00:00,pending_new,,,
2026-03-19 00:28:53.592808298+00:00,746,cancel_requested,bid,2201.8,0.09002144960524,2026-03-19 00:28:53.688255025+00:00,138.35999999999999,2026-03-19 00:28:53.438255025+00:00,pending_cancel,pressure_stop_bid,2026-03-19 00:28:53.592808298+00:00,2026-03-19 00:28:53.842808298+00:00
2026-03-19 00:28:53.842808298+00:00,746,cancelled,bid,2201.8,0.09002144960524,2026-03-19 00:28:53.688255025+00:00,138.35999999999999,2026-03-19 00:28:53.438255025+00:00,cancelled,pressure_stop_bid,2026-03-19 00:28:53.592808298+00:00,2026-03-19 00:28:53.842808298+00:00
2026-03-19 00:28:53.863092637+00:00,745,cancel_requested,ask,2203.5,0.10997855039476001,2026-03-19 00:28:53.636740557+00:00,191.557,2026-03-19 00:28:53.386740557+00:00,pending_cancel,refresh_reprice,2026-03-19 00:28:53.863092637+00:00,2026-03-19 00:28:54.113092637+00:00
2026-03-19 00:28:54.113092637+00:00,745,cancelled,ask,2203.5,0.10997855039476001,2026-03-19 00:28:53.636740557+00:00,191.557,2026-03-19 00:28:53.386740557+00:00,cancelled,refresh_reprice,2026-03-19 00:28:53.863092637+00:00,2026-03-19 00:28:54.113092637+00:00
2026-03-19 00:28:54.154649823+00:00,747,placed,bid,2201.7,0.09002144960524,2026-03-19 00:28:54.404649823+00:00,154.756,2026-03-19 00:28:54.154649823+00:00,pending_new,,,
2026-03-19 00:28:54.154649823+00:00,748,placed,ask,2203.3,0.10997855039476001,2026-03-19 00:28:54.404649823+00:00,178.53900000000002,2026-03-19 00:28:54.154649823+00:00,pending_new,,,
2026-03-19 00:28:54.447830697+00:00,748,cancel_requested,ask,2203.3,0.10997855039476001,2026-03-19 00:28:54.404649823+00:00,178.53900000000002,2026-03-19 00:28:54.154649823+00:00,pending_cancel,pressure_stop_ask,2026-03-19 00:28:54.447830697+00:00,2026-03-19 00:28:54.697830697+00:00
2026-03-19 00:28:54.447830697+00:00,747,cancel_requested,bid,2201.7,0.09002144960524,2026-03-19 00:28:54.404649823+00:00,154.756,2026-03-19 00:28:54.154649823+00:00,pending_cancel,refresh_reprice,2026-03-19 00:28:54.447830697+00:00,2026-03-19 00:28:54.697830697+00:00
2026-03-19 00:28:54.697830697+00:00,747,cancelled,bid,2201.7,0.09002144960524,2026-03-19 00:28:54.404649823+00:00,154.756,2026-03-19 00:28:54.154649823+00:00,cancelled,refresh_reprice,2026-03-19 00:28:54.447830697+00:00,2026-03-19 00:28:54.697830697+00:00
2026-03-19 00:28:54.697830697+00:00,748,cancelled,ask,2203.3,0.10997855039476001,2026-03-19 00:28:54.404649823+00:00,178.53900000000002,2026-03-19 00:28:54.154649823+00:00,cancelled,pressure_stop_ask,2026-03-19 00:28:54.447830697+00:00,2026-03-19 00:28:54.697830697+00:00
2026-03-19 00:28:54.708241749+00:00,749,placed,bid,2202.0,0.09002144960524,2026-03-19 00:28:54.958241749+00:00,158.70400000000004,2026-03-19 00:28:54.708241749+00:00,pending_new,,,
2026-03-19 00:28:57.557082833+00:00,749,cancel_requested,bid,2202.0,0.09002144960524,2026-03-19 00:28:54.958241749+00:00,158.70400000000004,2026-03-19 00:28:54.708241749+00:00,pending_cancel,refresh_reprice,2026-03-19 00:28:57.557082833+00:00,2026-03-19 00:28:57.807082833+00:00
2026-03-19 00:28:57.557082833+00:00,750,placed,ask,2203.3,0.10958836991288382,2026-03-19 00:28:57.807082833+00:00,109.818,2026-03-19 00:28:57.557082833+00:00,pending_new,,,
2026-03-19 00:28:57.673007148+00:00,750,cancel_requested,ask,2203.3,0.10958836991288382,2026-03-19 00:28:57.807082833+00:00,109.818,2026-03-19 00:28:57.557082833+00:00,pending_cancel,refresh_reprice,2026-03-19 00:28:57.673007148+00:00,2026-03-19 00:28:57.923007148+00:00
2026-03-19 00:28:57.807082833+00:00,749,cancelled,bid,2202.0,0.09002144960524,2026-03-19 00:28:54.958241749+00:00,158.70400000000004,2026-03-19 00:28:54.708241749+00:00,cancelled,refresh_reprice,2026-03-19 00:28:57.557082833+00:00,2026-03-19 00:28:57.807082833+00:00
2026-03-19 00:28:57.865783898+00:00,751,placed,bid,2202.4,0.09041163008711621,2026-03-19 00:28:58.115783898+00:00,126.934,2026-03-19 00:28:57.865783898+00:00,pending_new,,,
2026-03-19 00:28:57.923007148+00:00,750,cancelled,ask,2203.3,0.10958836991288382,2026-03-19 00:28:57.807082833+00:00,109.818,2026-03-19 00:28:57.557082833+00:00,cancelled,refresh_reprice,2026-03-19 00:28:57.673007148+00:00,2026-03-19 00:28:57.923007148+00:00
2026-03-19 00:28:57.928350897+00:00,752,placed,ask,2203.2,0.10958836991288382,2026-03-19 00:28:58.178350897+00:00,172.29899999999998,2026-03-19 00:28:57.928350897+00:00,pending_new,,,
2026-03-19 00:28:58.027576256+00:00,751,cancel_requested,bid,2202.4,0.09041163008711621,2026-03-19 00:28:58.115783898+00:00,126.934,2026-03-19 00:28:57.865783898+00:00,pending_cancel,pressure_stop_bid,2026-03-19 00:28:58.027576256+00:00,2026-03-19 00:28:58.277576256+00:00
2026-03-19 00:28:58.277576256+00:00,751,cancelled,bid,2202.4,0.09041163008711621,2026-03-19 00:28:58.115783898+00:00,126.934,2026-03-19 00:28:57.865783898+00:00,cancelled,pressure_stop_bid,2026-03-19 00:28:58.027576256+00:00,2026-03-19 00:28:58.277576256+00:00
2026-03-19 00:28:58.644393192+00:00,752,cancel_requested,ask,2203.2,0.10958836991288382,2026-03-19 00:28:58.178350897+00:00,172.29899999999998,2026-03-19 00:28:57.928350897+00:00,pending_cancel,refresh_reprice,2026-03-19 00:28:58.644393192+00:00,2026-03-19 00:28:58.894393192+00:00
2026-03-19 00:28:58.894393192+00:00,752,cancelled,ask,2203.2,0.10958836991288382,2026-03-19 00:28:58.178350897+00:00,172.29899999999998,2026-03-19 00:28:57.928350897+00:00,cancelled,refresh_reprice,2026-03-19 00:28:58.644393192+00:00,2026-03-19 00:28:58.894393192+00:00
2026-03-19 00:28:58.942362595+00:00,753,placed,ask,2203.4,0.10958836991288382,2026-03-19 00:28:59.192362595+00:00,285.556,2026-03-19 00:28:58.942362595+00:00,pending_new,,,
2026-03-19 00:28:59.154527714+00:00,754,placed,bid,2201.6,0.09041163008711621,2026-03-19 00:28:59.404527714+00:00,208.86800000000002,2026-03-19 00:28:59.154527714+00:00,pending_new,,,
2026-03-19 00:28:59.197069110+00:00,754,cancel_requested,bid,2201.6,0.09041163008711621,2026-03-19 00:28:59.404527714+00:00,208.86800000000002,2026-03-19 00:28:59.154527714+00:00,pending_cancel,pressure_stop_bid,2026-03-19 00:28:59.197069110+00:00,2026-03-19 00:28:59.447069110+00:00
2026-03-19 00:28:59.346147758+00:00,753,cancel_requested,ask,2203.4,0.10958836991288382,2026-03-19 00:28:59.192362595+00:00,285.556,2026-03-19 00:28:58.942362595+00:00,pending_cancel,refresh_reprice,2026-03-19 00:28:59.346147758+00:00,2026-03-19 00:28:59.596147758+00:00
2026-03-19 00:28:59.447069110+00:00,754,cancelled,bid,2201.6,0.09041163008711621,2026-03-19 00:28:59.404527714+00:00,208.86800000000002,2026-03-19 00:28:59.154527714+00:00,cancelled,pressure_stop_bid,2026-03-19 00:28:59.197069110+00:00,2026-03-19 00:28:59.447069110+00:00
2026-03-19 00:28:59.596147758+00:00,753,cancelled,ask,2203.4,0.10958836991288382,2026-03-19 00:28:59.192362595+00:00,285.556,2026-03-19 00:28:58.942362595+00:00,cancelled,refresh_reprice,2026-03-19 00:28:59.346147758+00:00,2026-03-19 00:28:59.596147758+00:00
2026-03-19 00:28:59.614335814+00:00,755,placed,ask,2203.1,0.10958836991288382,2026-03-19 00:28:59.864335814+00:00,293.418,2026-03-19 00:28:59.614335814+00:00,pending_new,,,
2026-03-19 00:29:01.745988243+00:00,755,cancel_requested,ask,2203.1,0.10958836991288382,2026-03-19 00:28:59.864335814+00:00,293.418,2026-03-19 00:28:59.614335814+00:00,pending_cancel,pressure_stop_ask,2026-03-19 00:29:01.745988243+00:00,2026-03-19 00:29:01.995988243+00:00
2026-03-19 00:29:01.745988243+00:00,756,placed,bid,2201.3,0.09041163008711621,2026-03-19 00:29:01.995988243+00:00,189.696,2026-03-19 00:29:01.745988243+00:00,pending_new,,,
2026-03-19 00:29:01.995988243+00:00,755,cancelled,ask,2203.1,0.10958836991288382,2026-03-19 00:28:59.864335814+00:00,293.418,2026-03-19 00:28:59.614335814+00:00,cancelled,pressure_stop_ask,2026-03-19 00:29:01.745988243+00:00,2026-03-19 00:29:01.995988243+00:00
2026-03-19 00:29:03.090676954+00:00,756,cancel_requested,bid,2201.3,0.09041163008711621,2026-03-19 00:29:01.995988243+00:00,189.696,2026-03-19 00:29:01.745988243+00:00,pending_cancel,refresh_reprice,2026-03-19 00:29:03.090676954+00:00,2026-03-19 00:29:03.340676954+00:00
2026-03-19 00:29:03.090676954+00:00,757,placed,ask,2202.6,0.10958836991288382,2026-03-19 00:29:03.340676954+00:00,147.869,2026-03-19 00:29:03.090676954+00:00,pending_new,,,
2026-03-19 00:29:03.290233985+00:00,757,cancel_requested,ask,2202.6,0.10958836991288382,2026-03-19 00:29:03.340676954+00:00,147.869,2026-03-19 00:29:03.090676954+00:00,pending_cancel,pressure_stop_ask,2026-03-19 00:29:03.290233985+00:00,2026-03-19 00:29:03.540233985+00:00
2026-03-19 00:29:03.340676954+00:00,756,cancelled,bid,2201.3,0.09041163008711621,2026-03-19 00:29:01.995988243+00:00,189.696,2026-03-19 00:29:01.745988243+00:00,cancelled,refresh_reprice,2026-03-19 00:29:03.090676954+00:00,2026-03-19 00:29:03.340676954+00:00
2026-03-19 00:29:03.383255323+00:00,758,placed,bid,2201.8,0.09041163008711621,2026-03-19 00:29:03.633255323+00:00,135.73700000000002,2026-03-19 00:29:03.383255323+00:00,pending_new,,,
2026-03-19 00:29:03.540233985+00:00,757,cancelled,ask,2202.6,0.10958836991288382,2026-03-19 00:29:03.340676954+00:00,147.869,2026-03-19 00:29:03.090676954+00:00,cancelled,pressure_stop_ask,2026-03-19 00:29:03.290233985+00:00,2026-03-19 00:29:03.540233985+00:00
2026-03-19 00:29:03.542140335+00:00,759,placed,ask,2202.7,0.10958836991288382,2026-03-19 00:29:03.792140335+00:00,199.82299999999998,2026-03-19 00:29:03.542140335+00:00,pending_new,,,
2026-03-19 00:29:04.820772981+00:00,759,cancel_requested,ask,2202.7,0.10958836991288382,2026-03-19 00:29:03.792140335+00:00,199.82299999999998,2026-03-19 00:29:03.542140335+00:00,pending_cancel,pressure_stop_ask,2026-03-19 00:29:04.820772981+00:00,2026-03-19 00:29:05.070772981+00:00
2026-03-19 00:29:05.070772981+00:00,759,cancelled,ask,2202.7,0.10958836991288382,2026-03-19 00:29:03.792140335+00:00,199.82299999999998,2026-03-19 00:29:03.542140335+00:00,cancelled,pressure_stop_ask,2026-03-19 00:29:04.820772981+00:00,2026-03-19 00:29:05.070772981+00:00
2026-03-19 00:29:05.076571751+00:00,760,placed,ask,2202.7,0.10958836991288382,2026-03-19 00:29:05.326571751+00:00,207.95799999999997,2026-03-19 00:29:05.076571751+00:00,pending_new,,,
2026-03-19 00:29:07.066851978+00:00,760,cancel_requested,ask,2202.7,0.10958836991288382,2026-03-19 00:29:05.326571751+00:00,207.95799999999997,2026-03-19 00:29:05.076571751+00:00,pending_cancel,pressure_stop_ask,2026-03-19 00:29:07.066851978+00:00,2026-03-19 00:29:07.316851978+00:00
2026-03-19 00:29:07.316851978+00:00,760,cancelled,ask,2202.7,0.10958836991288382,2026-03-19 00:29:05.326571751+00:00,207.95799999999997,2026-03-19 00:29:05.076571751+00:00,cancelled,pressure_stop_ask,2026-03-19 00:29:07.066851978+00:00,2026-03-19 00:29:07.316851978+00:00
2026-03-19 00:29:10.230372347+00:00,758,cancel_requested,bid,2201.8,0.09041163008711621,2026-03-19 00:29:03.633255323+00:00,135.73700000000002,2026-03-19 00:29:03.383255323+00:00,pending_cancel,pressure_stop_bid,2026-03-19 00:29:10.230372347+00:00,2026-03-19 00:29:10.480372347+00:00
2026-03-19 00:29:10.230372347+00:00,761,placed,ask,2202.6,0.10958836991288382,2026-03-19 00:29:10.480372347+00:00,216.179,2026-03-19 00:29:10.230372347+00:00,pending_new,,,
2026-03-19 00:29:10.480372347+00:00,758,cancelled,bid,2201.8,0.09041163008711621,2026-03-19 00:29:03.633255323+00:00,135.73700000000002,2026-03-19 00:29:03.383255323+00:00,cancelled,pressure_stop_bid,2026-03-19 00:29:10.230372347+00:00,2026-03-19 00:29:10.480372347+00:00
2026-03-19 00:29:12.628774946+00:00,761,cancel_requested,ask,2202.6,0.10958836991288382,2026-03-19 00:29:10.480372347+00:00,216.179,2026-03-19 00:29:10.230372347+00:00,pending_cancel,pressure_stop_ask,2026-03-19 00:29:12.628774946+00:00,2026-03-19 00:29:12.878774946+00:00
2026-03-19 00:29:12.628774946+00:00,762,placed,bid,2201.8,0.09041163008711621,2026-03-19 00:29:12.878774946+00:00,132.69400000000002,2026-03-19 00:29:12.628774946+00:00,pending_new,,,
2026-03-19 00:29:12.878774946+00:00,761,cancelled,ask,2202.6,0.10958836991288382,2026-03-19 00:29:10.480372347+00:00,216.179,2026-03-19 00:29:10.230372347+00:00,cancelled,pressure_stop_ask,2026-03-19 00:29:12.628774946+00:00,2026-03-19 00:29:12.878774946+00:00
2026-03-19 00:29:17.952087666+00:00,762,resized,bid,2201.8,0.09025347064619327,2026-03-19 00:29:12.878774946+00:00,132.69400000000002,,,preserve_queue_priority,,
2026-03-19 00:29:17.952087666+00:00,763,placed,ask,2202.6,0.10974652935380674,2026-03-19 00:29:18.202087666+00:00,139.921,2026-03-19 00:29:17.952087666+00:00,pending_new,,,
2026-03-19 00:29:18.293555336+00:00,763,cancel_requested,ask,2202.6,0.10974652935380674,2026-03-19 00:29:18.202087666+00:00,139.921,2026-03-19 00:29:17.952087666+00:00,pending_cancel,pressure_stop_ask,2026-03-19 00:29:18.293555336+00:00,2026-03-19 00:29:18.543555336+00:00
2026-03-19 00:29:18.543555336+00:00,763,cancelled,ask,2202.6,0.10974652935380674,2026-03-19 00:29:18.202087666+00:00,139.921,2026-03-19 00:29:17.952087666+00:00,cancelled,pressure_stop_ask,2026-03-19 00:29:18.293555336+00:00,2026-03-19 00:29:18.543555336+00:00
2026-03-19 00:29:20.942351693+00:00,762,cancel_requested,bid,2201.8,0.09025347064619327,2026-03-19 00:29:12.878774946+00:00,132.69400000000002,2026-03-19 00:29:12.628774946+00:00,pending_cancel,refresh_reprice,2026-03-19 00:29:20.942351693+00:00,2026-03-19 00:29:21.192351693+00:00
2026-03-19 00:29:21.192351693+00:00,762,cancelled,bid,2201.8,0.09025347064619327,2026-03-19 00:29:12.878774946+00:00,132.69400000000002,2026-03-19 00:29:12.628774946+00:00,cancelled,refresh_reprice,2026-03-19 00:29:20.942351693+00:00,2026-03-19 00:29:21.192351693+00:00
2026-03-19 00:29:21.252547978+00:00,764,placed,bid,2202.4,0.09025347064619327,2026-03-19 00:29:21.502547978+00:00,150.20499999999998,2026-03-19 00:29:21.252547978+00:00,pending_new,,,
2026-03-19 00:29:21.861583543+00:00,764,cancel_requested,bid,2202.4,0.09025347064619327,2026-03-19 00:29:21.502547978+00:00,150.20499999999998,2026-03-19 00:29:21.252547978+00:00,pending_cancel,pressure_stop_bid,2026-03-19 00:29:21.861583543+00:00,2026-03-19 00:29:22.111583543+00:00
2026-03-19 00:29:21.861583543+00:00,765,placed,ask,2203.2,0.10974652935380674,2026-03-19 00:29:22.111583543+00:00,259.118,2026-03-19 00:29:21.861583543+00:00,pending_new,,,
2026-03-19 00:29:22.111583543+00:00,764,cancelled,bid,2202.4,0.09025347064619327,2026-03-19 00:29:21.502547978+00:00,150.20499999999998,2026-03-19 00:29:21.252547978+00:00,cancelled,pressure_stop_bid,2026-03-19 00:29:21.861583543+00:00,2026-03-19 00:29:22.111583543+00:00
2026-03-19 00:29:27.120050313+00:00,766,placed,bid,2202.4,0.09025347064619327,2026-03-19 00:29:27.370050313+00:00,137.238,2026-03-19 00:29:27.120050313+00:00,pending_new,,,
2026-03-19 00:29:29.927961459+00:00,765,cancel_requested,ask,2203.2,0.10974652935380674,2026-03-19 00:29:22.111583543+00:00,259.118,2026-03-19 00:29:21.861583543+00:00,pending_cancel,pressure_stop_ask,2026-03-19 00:29:29.927961459+00:00,2026-03-19 00:29:30.177961459+00:00
2026-03-19 00:29:30.177961459+00:00,765,cancelled,ask,2203.2,0.10974652935380674,2026-03-19 00:29:22.111583543+00:00,259.118,2026-03-19 00:29:21.861583543+00:00,cancelled,pressure_stop_ask,2026-03-19 00:29:29.927961459+00:00,2026-03-19 00:29:30.177961459+00:00
2026-03-19 00:29:33.909583816+00:00,766,cancel_requested,bid,2202.4,0.09025347064619327,2026-03-19 00:29:27.370050313+00:00,137.238,2026-03-19 00:29:27.120050313+00:00,pending_cancel,refresh_reprice,2026-03-19 00:29:33.909583816+00:00,2026-03-19 00:29:34.159583816+00:00
2026-03-19 00:29:34.159583816+00:00,766,cancelled,bid,2202.4,0.09025347064619327,2026-03-19 00:29:27.370050313+00:00,137.238,2026-03-19 00:29:27.120050313+00:00,cancelled,refresh_reprice,2026-03-19 00:29:33.909583816+00:00,2026-03-19 00:29:34.159583816+00:00
2026-03-19 00:29:34.164474511+00:00,767,placed,bid,2203.2,0.09025347064619327,2026-03-19 00:29:34.414474511+00:00,158.407,2026-03-19 00:29:34.164474511+00:00,pending_new,,,
2026-03-19 00:29:34.974136375+00:00,767,cancel_requested,bid,2203.2,0.09025347064619327,2026-03-19 00:29:34.414474511+00:00,158.407,2026-03-19 00:29:34.164474511+00:00,pending_cancel,pressure_stop_bid,2026-03-19 00:29:34.974136375+00:00,2026-03-19 00:29:35.224136375+00:00
2026-03-19 00:29:34.974136375+00:00,768,placed,ask,2205.2,0.10974652935380674,2026-03-19 00:29:35.224136375+00:00,259.713,2026-03-19 00:29:34.974136375+00:00,pending_new,,,
2026-03-19 00:29:35.224136375+00:00,767,cancelled,bid,2203.2,0.09025347064619327,2026-03-19 00:29:34.414474511+00:00,158.407,2026-03-19 00:29:34.164474511+00:00,cancelled,pressure_stop_bid,2026-03-19 00:29:34.974136375+00:00,2026-03-19 00:29:35.224136375+00:00
2026-03-19 00:29:35.231739183+00:00,768,resized,ask,2205.2,0.1096140920809732,2026-03-19 00:29:35.224136375+00:00,259.713,,,preserve_queue_priority,,
2026-03-19 00:29:37.017773846+00:00,769,placed,bid,2203.7,0.0903859079190268,2026-03-19 00:29:37.267773846+00:00,135.44,2026-03-19 00:29:37.017773846+00:00,pending_new,,,
2026-03-19 00:29:37.017773846+00:00,768,cancel_requested,ask,2205.2,0.1096140920809732,2026-03-19 00:29:35.224136375+00:00,259.713,2026-03-19 00:29:34.974136375+00:00,pending_cancel,refresh_reprice,2026-03-19 00:29:37.017773846+00:00,2026-03-19 00:29:37.267773846+00:00
2026-03-19 00:29:37.223819674+00:00,769,cancel_requested,bid,2203.7,0.0903859079190268,2026-03-19 00:29:37.267773846+00:00,135.44,2026-03-19 00:29:37.017773846+00:00,pending_cancel,pressure_stop_bid,2026-03-19 00:29:37.223819674+00:00,2026-03-19 00:29:37.473819674+00:00
2026-03-19 00:29:37.267773846+00:00,768,cancelled,ask,2205.2,0.1096140920809732,2026-03-19 00:29:35.224136375+00:00,259.713,2026-03-19 00:29:34.974136375+00:00,cancelled,refresh_reprice,2026-03-19 00:29:37.017773846+00:00,2026-03-19 00:29:37.267773846+00:00
2026-03-19 00:29:37.278644789+00:00,770,placed,ask,2204.8,0.1096140920809732,2026-03-19 00:29:37.528644789+00:00,245.832,2026-03-19 00:29:37.278644789+00:00,pending_new,,,
2026-03-19 00:29:37.473819674+00:00,769,cancelled,bid,2203.7,0.0903859079190268,2026-03-19 00:29:37.267773846+00:00,135.44,2026-03-19 00:29:37.017773846+00:00,cancelled,pressure_stop_bid,2026-03-19 00:29:37.223819674+00:00,2026-03-19 00:29:37.473819674+00:00
2026-03-19 00:29:39.621840992+00:00,770,cancel_requested,ask,2204.8,0.1096140920809732,2026-03-19 00:29:37.528644789+00:00,245.832,2026-03-19 00:29:37.278644789+00:00,pending_cancel,refresh_reprice,2026-03-19 00:29:39.621840992+00:00,2026-03-19 00:29:39.871840992+00:00
2026-03-19 00:29:39.871840992+00:00,770,cancelled,ask,2204.8,0.1096140920809732,2026-03-19 00:29:37.528644789+00:00,245.832,2026-03-19 00:29:37.278644789+00:00,cancelled,refresh_reprice,2026-03-19 00:29:39.621840992+00:00,2026-03-19 00:29:39.871840992+00:00
2026-03-19 00:29:39.924268318+00:00,771,placed,ask,2204.5,0.1096140920809732,2026-03-19 00:29:40.174268318+00:00,254.16,2026-03-19 00:29:39.924268318+00:00,pending_new,,,
2026-03-19 00:29:44.936523379+00:00,772,placed,bid,2203.4,0.0903859079190268,2026-03-19 00:29:45.186523379+00:00,167.70100000000002,2026-03-19 00:29:44.936523379+00:00,pending_new,,,
2026-03-19 00:29:45.191575845+00:00,772,cancel_requested,bid,2203.4,0.0903859079190268,2026-03-19 00:29:45.186523379+00:00,167.70100000000002,2026-03-19 00:29:44.936523379+00:00,pending_cancel,pressure_stop_bid,2026-03-19 00:29:45.191575845+00:00,2026-03-19 00:29:45.441575845+00:00
2026-03-19 00:29:45.441575845+00:00,772,cancelled,bid,2203.4,0.0903859079190268,2026-03-19 00:29:45.186523379+00:00,167.70100000000002,2026-03-19 00:29:44.936523379+00:00,cancelled,pressure_stop_bid,2026-03-19 00:29:45.191575845+00:00,2026-03-19 00:29:45.441575845+00:00
2026-03-19 00:29:49.924268318+00:00,771,cancel_requested,ask,2204.5,0.1096140920809732,2026-03-19 00:29:40.174268318+00:00,254.16,2026-03-19 00:29:39.924268318+00:00,pending_cancel,quote_age_expired,2026-03-19 00:29:49.924268318+00:00,2026-03-19 00:29:50.174268318+00:00
2026-03-19 00:29:50.174268318+00:00,771,cancelled,ask,2204.5,0.1096140920809732,2026-03-19 00:29:40.174268318+00:00,254.16,2026-03-19 00:29:39.924268318+00:00,cancelled,quote_age_expired,2026-03-19 00:29:49.924268318+00:00,2026-03-19 00:29:50.174268318+00:00
2026-03-19 00:29:50.185535126+00:00,773,placed,ask,2204.3,0.1096140920809732,2026-03-19 00:29:50.435535126+00:00,177.62,2026-03-19 00:29:50.185535126+00:00,pending_new,,,
2026-03-19 00:29:52.231715205+00:00,774,placed,bid,2203.2,0.0903859079190268,2026-03-19 00:29:52.481715205+00:00,120.422,2026-03-19 00:29:52.231715205+00:00,pending_new,,,
2026-03-19 00:29:52.231715205+00:00,773,cancel_requested,ask,2204.3,0.1096140920809732,2026-03-19 00:29:50.435535126+00:00,177.62,2026-03-19 00:29:50.185535126+00:00,pending_cancel,refresh_reprice,2026-03-19 00:29:52.231715205+00:00,2026-03-19 00:29:52.481715205+00:00
2026-03-19 00:29:52.286940996+00:00,774,cancel_requested,bid,2203.2,0.0903859079190268,2026-03-19 00:29:52.481715205+00:00,120.422,2026-03-19 00:29:52.231715205+00:00,pending_cancel,pressure_stop_bid,2026-03-19 00:29:52.286940996+00:00,2026-03-19 00:29:52.536940996+00:00
2026-03-19 00:29:52.481715205+00:00,773,cancelled,ask,2204.3,0.1096140920809732,2026-03-19 00:29:50.435535126+00:00,177.62,2026-03-19 00:29:50.185535126+00:00,cancelled,refresh_reprice,2026-03-19 00:29:52.231715205+00:00,2026-03-19 00:29:52.481715205+00:00
2026-03-19 00:29:52.486821040+00:00,775,placed,ask,2203.9,0.1096140920809732,2026-03-19 00:29:52.736821040+00:00,113.45599999999999,2026-03-19 00:29:52.486821040+00:00,pending_new,,,
2026-03-19 00:29:52.536940996+00:00,774,cancelled,bid,2203.2,0.0903859079190268,2026-03-19 00:29:52.481715205+00:00,120.422,2026-03-19 00:29:52.231715205+00:00,cancelled,pressure_stop_bid,2026-03-19 00:29:52.286940996+00:00,2026-03-19 00:29:52.536940996+00:00
2026-03-19 00:30:01.115504971+00:00,775,cancel_requested,ask,2203.9,0.1096140920809732,2026-03-19 00:29:52.736821040+00:00,113.45599999999999,2026-03-19 00:29:52.486821040+00:00,pending_cancel,refresh_reprice,2026-03-19 00:30:01.115504971+00:00,2026-03-19 00:30:01.365504971+00:00
2026-03-19 00:30:01.365504971+00:00,775,cancelled,ask,2203.9,0.1096140920809732,2026-03-19 00:29:52.736821040+00:00,113.45599999999999,2026-03-19 00:29:52.486821040+00:00,cancelled,refresh_reprice,2026-03-19 00:30:01.115504971+00:00,2026-03-19 00:30:01.365504971+00:00
2026-03-19 00:30:01.418256321+00:00,776,placed,ask,2203.5,0.10983164554705578,2026-03-19 00:30:01.668256321+00:00,250.51199999999997,2026-03-19 00:30:01.418256321+00:00,pending_new,,,
2026-03-19 00:30:02.440356788+00:00,776,cancel_requested,ask,2203.5,0.10983164554705578,2026-03-19 00:30:01.668256321+00:00,250.51199999999997,2026-03-19 00:30:01.418256321+00:00,pending_cancel,pressure_stop_ask,2026-03-19 00:30:02.440356788+00:00,2026-03-19 00:30:02.690356788+00:00
2026-03-19 00:30:02.440356788+00:00,777,placed,bid,2202.9,0.09016835445294423,2026-03-19 00:30:02.690356788+00:00,66.71100000000001,2026-03-19 00:30:02.440356788+00:00,pending_new,,,
2026-03-19 00:30:02.690356788+00:00,776,cancelled,ask,2203.5,0.10983164554705578,2026-03-19 00:30:01.668256321+00:00,250.51199999999997,2026-03-19 00:30:01.418256321+00:00,cancelled,pressure_stop_ask,2026-03-19 00:30:02.440356788+00:00,2026-03-19 00:30:02.690356788+00:00
2026-03-19 00:30:02.746669855+00:00,778,placed,ask,2203.7,0.10983164554705578,2026-03-19 00:30:02.996669855+00:00,43.441,2026-03-19 00:30:02.746669855+00:00,pending_new,,,
2026-03-19 00:30:06.776890957+00:00,778,cancel_requested,ask,2203.7,0.10983164554705578,2026-03-19 00:30:02.996669855+00:00,43.441,2026-03-19 00:30:02.746669855+00:00,pending_cancel,pressure_stop_ask,2026-03-19 00:30:06.776890957+00:00,2026-03-19 00:30:07.026890957+00:00
2026-03-19 00:30:06.829685398+00:00,777,cancel_requested,bid,2202.9,0.09016835445294423,2026-03-19 00:30:02.690356788+00:00,66.71100000000001,2026-03-19 00:30:02.440356788+00:00,pending_cancel,refresh_reprice,2026-03-19 00:30:06.829685398+00:00,2026-03-19 00:30:07.079685398+00:00
2026-03-19 00:30:07.026890957+00:00,778,cancelled,ask,2203.7,0.10983164554705578,2026-03-19 00:30:02.996669855+00:00,43.441,2026-03-19 00:30:02.746669855+00:00,cancelled,pressure_stop_ask,2026-03-19 00:30:06.776890957+00:00,2026-03-19 00:30:07.026890957+00:00
2026-03-19 00:30:07.034047714+00:00,779,placed,ask,2204.0,0.10983164554705578,2026-03-19 00:30:07.284047714+00:00,153.853,2026-03-19 00:30:07.034047714+00:00,pending_new,,,
2026-03-19 00:30:07.079685398+00:00,777,cancelled,bid,2202.9,0.09016835445294423,2026-03-19 00:30:02.690356788+00:00,66.71100000000001,2026-03-19 00:30:02.440356788+00:00,cancelled,refresh_reprice,2026-03-19 00:30:06.829685398+00:00,2026-03-19 00:30:07.079685398+00:00
2026-03-19 00:30:09.329109646+00:00,779,cancel_requested,ask,2204.0,0.10983164554705578,2026-03-19 00:30:07.284047714+00:00,153.853,2026-03-19 00:30:07.034047714+00:00,pending_cancel,pressure_stop_ask,2026-03-19 00:30:09.329109646+00:00,2026-03-19 00:30:09.579109646+00:00
2026-03-19 00:30:09.329109646+00:00,780,placed,bid,2203.2,0.09016835445294423,2026-03-19 00:30:09.579109646+00:00,159.322,2026-03-19 00:30:09.329109646+00:00,pending_new,,,
2026-03-19 00:30:09.579109646+00:00,779,cancelled,ask,2204.0,0.10983164554705578,2026-03-19 00:30:07.284047714+00:00,153.853,2026-03-19 00:30:07.034047714+00:00,cancelled,pressure_stop_ask,2026-03-19 00:30:09.329109646+00:00,2026-03-19 00:30:09.579109646+00:00
2026-03-19 00:30:13.151994347+00:00,780,cancel_requested,bid,2203.2,0.09016835445294423,2026-03-19 00:30:09.579109646+00:00,159.322,2026-03-19 00:30:09.329109646+00:00,pending_cancel,pressure_stop_bid,2026-03-19 00:30:13.151994347+00:00,2026-03-19 00:30:13.401994347+00:00
2026-03-19 00:30:13.151994347+00:00,781,placed,ask,2204.0,0.10983164554705578,2026-03-19 00:30:13.401994347+00:00,173.954,2026-03-19 00:30:13.151994347+00:00,pending_new,,,
2026-03-19 00:30:13.401994347+00:00,780,cancelled,bid,2203.2,0.09016835445294423,2026-03-19 00:30:09.579109646+00:00,159.322,2026-03-19 00:30:09.329109646+00:00,cancelled,pressure_stop_bid,2026-03-19 00:30:13.151994347+00:00,2026-03-19 00:30:13.401994347+00:00
2026-03-19 00:30:18.462748153+00:00,782,placed,bid,2203.1,0.09007229063015626,2026-03-19 00:30:18.712748153+00:00,135.97199999999998,2026-03-19 00:30:18.462748153+00:00,pending_new,,,
2026-03-19 00:30:19.322574691+00:00,782,cancel_requested,bid,2203.1,0.09007229063015626,2026-03-19 00:30:18.712748153+00:00,135.97199999999998,2026-03-19 00:30:18.462748153+00:00,pending_cancel,pressure_stop_bid,2026-03-19 00:30:19.322574691+00:00,2026-03-19 00:30:19.572574691+00:00
2026-03-19 00:30:19.572574691+00:00,782,cancelled,bid,2203.1,0.09007229063015626,2026-03-19 00:30:18.712748153+00:00,135.97199999999998,2026-03-19 00:30:18.462748153+00:00,cancelled,pressure_stop_bid,2026-03-19 00:30:19.322574691+00:00,2026-03-19 00:30:19.572574691+00:00
2026-03-19 00:30:19.687541537+00:00,781,cancel_requested,ask,2204.0,0.10983164554705578,2026-03-19 00:30:13.401994347+00:00,173.954,2026-03-19 00:30:13.151994347+00:00,pending_cancel,refresh_reprice,2026-03-19 00:30:19.687541537+00:00,2026-03-19 00:30:19.937541537+00:00
2026-03-19 00:30:19.738607119+00:00,783,placed,bid,2202.5,0.09007229063015626,2026-03-19 00:30:19.988607119+00:00,106.22999999999999,2026-03-19 00:30:19.738607119+00:00,pending_new,,,
2026-03-19 00:30:19.787019719+00:00,783,cancel_requested,bid,2202.5,0.09007229063015626,2026-03-19 00:30:19.988607119+00:00,106.22999999999999,2026-03-19 00:30:19.738607119+00:00,pending_cancel,pressure_stop_bid,2026-03-19 00:30:19.787019719+00:00,2026-03-19 00:30:20.037019719+00:00
2026-03-19 00:30:19.937541537+00:00,781,cancelled,ask,2204.0,0.10983164554705578,2026-03-19 00:30:13.401994347+00:00,173.954,2026-03-19 00:30:13.151994347+00:00,cancelled,refresh_reprice,2026-03-19 00:30:19.687541537+00:00,2026-03-19 00:30:19.937541537+00:00
2026-03-19 00:30:19.941674581+00:00,784,placed,ask,2203.4,0.10992770936984375,2026-03-19 00:30:20.191674581+00:00,141.76,2026-03-19 00:30:19.941674581+00:00,pending_new,,,
2026-03-19 00:30:20.037019719+00:00,783,cancelled,bid,2202.5,0.09007229063015626,2026-03-19 00:30:19.988607119+00:00,106.22999999999999,2026-03-19 00:30:19.738607119+00:00,cancelled,pressure_stop_bid,2026-03-19 00:30:19.787019719+00:00,2026-03-19 00:30:20.037019719+00:00
2026-03-19 00:30:20.047027069+00:00,785,placed,bid,2202.5,0.09007229063015626,2026-03-19 00:30:20.297027069+00:00,114.03399999999999,2026-03-19 00:30:20.047027069+00:00,pending_new,,,
2026-03-19 00:30:22.593679982+00:00,785,cancel_requested,bid,2202.5,0.09007229063015626,2026-03-19 00:30:20.297027069+00:00,114.03399999999999,2026-03-19 00:30:20.047027069+00:00,pending_cancel,pressure_stop_bid,2026-03-19 00:30:22.593679982+00:00,2026-03-19 00:30:22.843679982+00:00
2026-03-19 00:30:22.843679982+00:00,785,cancelled,bid,2202.5,0.09007229063015626,2026-03-19 00:30:20.297027069+00:00,114.03399999999999,2026-03-19 00:30:20.047027069+00:00,cancelled,pressure_stop_bid,2026-03-19 00:30:22.593679982+00:00,2026-03-19 00:30:22.843679982+00:00
2026-03-19 00:30:23.865867868+00:00,784,cancel_requested,ask,2203.4,0.10992770936984375,2026-03-19 00:30:20.191674581+00:00,141.76,2026-03-19 00:30:19.941674581+00:00,pending_cancel,pressure_stop_ask,2026-03-19 00:30:23.865867868+00:00,2026-03-19 00:30:24.115867868+00:00
2026-03-19 00:30:23.865867868+00:00,786,placed,bid,2202.5,0.09007229063015626,2026-03-19 00:30:24.115867868+00:00,98.15599999999999,2026-03-19 00:30:23.865867868+00:00,pending_new,,,
2026-03-19 00:30:24.115867868+00:00,784,cancelled,ask,2203.4,0.10992770936984375,2026-03-19 00:30:20.191674581+00:00,141.76,2026-03-19 00:30:19.941674581+00:00,cancelled,pressure_stop_ask,2026-03-19 00:30:23.865867868+00:00,2026-03-19 00:30:24.115867868+00:00
2026-03-19 00:30:28.763535515+00:00,786,cancel_requested,bid,2202.5,0.09007229063015626,2026-03-19 00:30:24.115867868+00:00,98.15599999999999,2026-03-19 00:30:23.865867868+00:00,pending_cancel,pressure_stop_bid,2026-03-19 00:30:28.763535515+00:00,2026-03-19 00:30:29.013535515+00:00
2026-03-19 00:30:28.763535515+00:00,787,placed,ask,2203.3,0.10992770936984375,2026-03-19 00:30:29.013535515+00:00,229.084,2026-03-19 00:30:28.763535515+00:00,pending_new,,,
2026-03-19 00:30:29.013535515+00:00,786,cancelled,bid,2202.5,0.09007229063015626,2026-03-19 00:30:24.115867868+00:00,98.15599999999999,2026-03-19 00:30:23.865867868+00:00,cancelled,pressure_stop_bid,2026-03-19 00:30:28.763535515+00:00,2026-03-19 00:30:29.013535515+00:00
2026-03-19 00:30:29.029528913+00:00,788,placed,bid,2202.5,0.09007229063015626,2026-03-19 00:30:29.279528913+00:00,116.71799999999999,2026-03-19 00:30:29.029528913+00:00,pending_new,,,
2026-03-19 00:30:31.121744622+00:00,787,cancel_requested,ask,2203.3,0.10992770936984375,2026-03-19 00:30:29.013535515+00:00,229.084,2026-03-19 00:30:28.763535515+00:00,pending_cancel,pressure_stop_ask,2026-03-19 00:30:31.121744622+00:00,2026-03-19 00:30:31.371744622+00:00
2026-03-19 00:30:31.224263058+00:00,788,cancel_requested,bid,2202.5,0.09007229063015626,2026-03-19 00:30:29.279528913+00:00,116.71799999999999,2026-03-19 00:30:29.029528913+00:00,pending_cancel,refresh_reprice,2026-03-19 00:30:31.224263058+00:00,2026-03-19 00:30:31.474263058+00:00
2026-03-19 00:30:31.371744622+00:00,787,cancelled,ask,2203.3,0.10992770936984375,2026-03-19 00:30:29.013535515+00:00,225.948,2026-03-19 00:30:28.763535515+00:00,cancelled,pressure_stop_ask,2026-03-19 00:30:31.121744622+00:00,2026-03-19 00:30:31.371744622+00:00
2026-03-19 00:30:31.426800547+00:00,789,placed,ask,2203.6,0.10992770936984375,2026-03-19 00:30:31.676800547+00:00,48.763999999999996,2026-03-19 00:30:31.426800547+00:00,pending_new,,,
2026-03-19 00:30:31.474263058+00:00,788,cancelled,bid,2202.5,0.09007229063015626,2026-03-19 00:30:29.279528913+00:00,116.71799999999999,2026-03-19 00:30:29.029528913+00:00,cancelled,refresh_reprice,2026-03-19 00:30:31.224263058+00:00,2026-03-19 00:30:31.474263058+00:00
2026-03-19 00:30:31.513106009+00:00,790,placed,bid,2202.8,0.09007229063015626,2026-03-19 00:30:31.763106009+00:00,223.416,2026-03-19 00:30:31.513106009+00:00,pending_new,,,
2026-03-19 00:30:33.962972712+00:00,789,cancel_requested,ask,2203.6,0.10992770936984375,2026-03-19 00:30:31.676800547+00:00,48.763999999999996,2026-03-19 00:30:31.426800547+00:00,pending_cancel,expected_edge_ask,2026-03-19 00:30:33.962972712+00:00,2026-03-19 00:30:34.212972712+00:00
2026-03-19 00:30:34.212972712+00:00,789,cancelled,ask,2203.6,0.10992770936984375,2026-03-19 00:30:31.676800547+00:00,48.763999999999996,2026-03-19 00:30:31.426800547+00:00,cancelled,expected_edge_ask,2026-03-19 00:30:33.962972712+00:00,2026-03-19 00:30:34.212972712+00:00
2026-03-19 00:30:38.571133266+00:00,790,cancel_requested,bid,2202.8,0.09007229063015626,2026-03-19 00:30:31.763106009+00:00,223.416,2026-03-19 00:30:31.513106009+00:00,pending_cancel,refresh_reprice,2026-03-19 00:30:38.571133266+00:00,2026-03-19 00:30:38.821133266+00:00
2026-03-19 00:30:38.821133266+00:00,790,cancelled,bid,2202.8,0.09007229063015626,2026-03-19 00:30:31.763106009+00:00,223.416,2026-03-19 00:30:31.513106009+00:00,cancelled,refresh_reprice,2026-03-19 00:30:38.571133266+00:00,2026-03-19 00:30:38.821133266+00:00
2026-03-19 00:30:38.898303987+00:00,791,placed,bid,2203.1,0.09006415768572201,2026-03-19 00:30:39.148303987+00:00,194.164,2026-03-19 00:30:38.898303987+00:00,pending_new,,,
2026-03-19 00:30:40.307173863+00:00,791,cancel_requested,bid,2203.1,0.09006415768572201,2026-03-19 00:30:39.148303987+00:00,194.164,2026-03-19 00:30:38.898303987+00:00,pending_cancel,expected_edge_bid,2026-03-19 00:30:40.307173863+00:00,2026-03-19 00:30:40.557173863+00:00
2026-03-19 00:30:40.557173863+00:00,791,cancelled,bid,2203.1,0.09006415768572201,2026-03-19 00:30:39.148303987+00:00,194.164,2026-03-19 00:30:38.898303987+00:00,cancelled,expected_edge_bid,2026-03-19 00:30:40.307173863+00:00,2026-03-19 00:30:40.557173863+00:00
2026-03-19 00:30:40.610461914+00:00,792,placed,ask,2203.6,0.10993584231427798,2026-03-19 00:30:40.860461914+00:00,126.21700000000001,2026-03-19 00:30:40.610461914+00:00,pending_new,,,
2026-03-19 00:30:41.020647828+00:00,792,cancel_requested,ask,2203.6,0.10993584231427798,2026-03-19 00:30:40.860461914+00:00,126.21700000000001,2026-03-19 00:30:40.610461914+00:00,pending_cancel,pressure_stop_ask,2026-03-19 00:30:41.020647828+00:00,2026-03-19 00:30:41.270647828+00:00
2026-03-19 00:30:41.020647828+00:00,793,placed,bid,2203.1,0.09006415768572201,2026-03-19 00:30:41.270647828+00:00,101.674,2026-03-19 00:30:41.020647828+00:00,pending_new,,,
2026-03-19 00:30:41.071298302+00:00,793,cancel_requested,bid,2203.1,0.09006415768572201,2026-03-19 00:30:41.270647828+00:00,101.674,2026-03-19 00:30:41.020647828+00:00,pending_cancel,refresh_reprice,2026-03-19 00:30:41.071298302+00:00,2026-03-19 00:30:41.321298302+00:00
2026-03-19 00:30:41.270647828+00:00,792,cancelled,ask,2203.6,0.10993584231427798,2026-03-19 00:30:40.860461914+00:00,126.21700000000001,2026-03-19 00:30:40.610461914+00:00,cancelled,pressure_stop_ask,2026-03-19 00:30:41.020647828+00:00,2026-03-19 00:30:41.270647828+00:00
2026-03-19 00:30:41.321298302+00:00,793,cancelled,bid,2203.1,0.09006415768572201,2026-03-19 00:30:41.270647828+00:00,101.674,2026-03-19 00:30:41.020647828+00:00,cancelled,refresh_reprice,2026-03-19 00:30:41.071298302+00:00,2026-03-19 00:30:41.321298302+00:00
2026-03-19 00:30:41.339355760+00:00,794,placed,bid,2203.4,0.09006415768572201,2026-03-19 00:30:41.589355760+00:00,86.876,2026-03-19 00:30:41.339355760+00:00,pending_new,,,
2026-03-19 00:30:42.601629940+00:00,794,cancel_requested,bid,2203.4,0.09006415768572201,2026-03-19 00:30:41.589355760+00:00,86.876,2026-03-19 00:30:41.339355760+00:00,pending_cancel,refresh_reprice,2026-03-19 00:30:42.601629940+00:00,2026-03-19 00:30:42.851629940+00:00
2026-03-19 00:30:42.851629940+00:00,794,cancelled,bid,2203.4,0.09006415768572201,2026-03-19 00:30:41.589355760+00:00,86.876,2026-03-19 00:30:41.339355760+00:00,cancelled,refresh_reprice,2026-03-19 00:30:42.601629940+00:00,2026-03-19 00:30:42.851629940+00:00
2026-03-19 00:30:42.852178267+00:00,795,placed,bid,2203.9,0.09006415768572201,2026-03-19 00:30:43.102178267+00:00,90.67999999999999,2026-03-19 00:30:42.852178267+00:00,pending_new,,,
2026-03-19 00:30:42.852178267+00:00,796,placed,ask,2204.6,0.10993584231427798,2026-03-19 00:30:43.102178267+00:00,70.218,2026-03-19 00:30:42.852178267+00:00,pending_new,,,
2026-03-19 00:30:43.061957416+00:00,796,cancel_requested,ask,2204.6,0.10993584231427798,2026-03-19 00:30:43.102178267+00:00,70.218,2026-03-19 00:30:42.852178267+00:00,pending_cancel,expected_edge_ask,2026-03-19 00:30:43.061957416+00:00,2026-03-19 00:30:43.311957416+00:00
2026-03-19 00:30:43.205914051+00:00,795,cancel_requested,bid,2203.9,0.09006415768572201,2026-03-19 00:30:43.102178267+00:00,90.67999999999999,2026-03-19 00:30:42.852178267+00:00,pending_cancel,pressure_stop_bid,2026-03-19 00:30:43.205914051+00:00,2026-03-19 00:30:43.455914051+00:00
2026-03-19 00:30:43.311957416+00:00,796,cancelled,ask,2204.6,0.10993584231427798,2026-03-19 00:30:43.102178267+00:00,70.218,2026-03-19 00:30:42.852178267+00:00,cancelled,expected_edge_ask,2026-03-19 00:30:43.061957416+00:00,2026-03-19 00:30:43.311957416+00:00
2026-03-19 00:30:43.368594192+00:00,797,placed,ask,2204.4,0.10993584231427798,2026-03-19 00:30:43.618594192+00:00,77.446,2026-03-19 00:30:43.368594192+00:00,pending_new,,,
2026-03-19 00:30:43.455914051+00:00,795,cancelled,bid,2203.9,0.09006415768572201,2026-03-19 00:30:43.102178267+00:00,90.67999999999999,2026-03-19 00:30:42.852178267+00:00,cancelled,pressure_stop_bid,2026-03-19 00:30:43.205914051+00:00,2026-03-19 00:30:43.455914051+00:00
2026-03-19 00:30:43.980468227+00:00,797,cancel_requested,ask,2204.4,0.10993584231427798,2026-03-19 00:30:43.618594192+00:00,77.446,2026-03-19 00:30:43.368594192+00:00,pending_cancel,refresh_reprice,2026-03-19 00:30:43.980468227+00:00,2026-03-19 00:30:44.230468227+00:00
2026-03-19 00:30:44.230468227+00:00,797,cancelled,ask,2204.4,0.10993584231427798,2026-03-19 00:30:43.618594192+00:00,77.446,2026-03-19 00:30:43.368594192+00:00,cancelled,refresh_reprice,2026-03-19 00:30:43.980468227+00:00,2026-03-19 00:30:44.230468227+00:00
2026-03-19 00:30:44.232046249+00:00,798,placed,ask,2203.7,0.10993584231427798,2026-03-19 00:30:44.482046249+00:00,151.3,2026-03-19 00:30:44.232046249+00:00,pending_new,,,
2026-03-19 00:30:51.277555906+00:00,798,cancel_requested,ask,2203.7,0.10993584231427798,2026-03-19 00:30:44.482046249+00:00,151.3,2026-03-19 00:30:44.232046249+00:00,pending_cancel,pressure_stop_ask,2026-03-19 00:30:51.277555906+00:00,2026-03-19 00:30:51.527555906+00:00
2026-03-19 00:30:51.277555906+00:00,799,placed,bid,2203.1,0.09006415768572201,2026-03-19 00:30:51.527555906+00:00,144.235,2026-03-19 00:30:51.277555906+00:00,pending_new,,,
2026-03-19 00:30:51.527555906+00:00,798,cancelled,ask,2203.7,0.10993584231427798,2026-03-19 00:30:44.482046249+00:00,151.3,2026-03-19 00:30:44.232046249+00:00,cancelled,pressure_stop_ask,2026-03-19 00:30:51.277555906+00:00,2026-03-19 00:30:51.527555906+00:00
2026-03-19 00:30:56.635564041+00:00,800,placed,ask,2203.7,0.109908055721182,2026-03-19 00:30:56.885564041+00:00,76.89500000000001,2026-03-19 00:30:56.635564041+00:00,pending_new,,,
2026-03-19 00:30:58.427732337+00:00,799,cancel_requested,bid,2203.1,0.09006415768572201,2026-03-19 00:30:51.527555906+00:00,144.235,2026-03-19 00:30:51.277555906+00:00,pending_cancel,pressure_stop_bid,2026-03-19 00:30:58.427732337+00:00,2026-03-19 00:30:58.677732337+00:00
2026-03-19 00:30:58.478779383+00:00,800,cancel_requested,ask,2203.7,0.109908055721182,2026-03-19 00:30:56.885564041+00:00,76.89500000000001,2026-03-19 00:30:56.635564041+00:00,pending_cancel,refresh_reprice,2026-03-19 00:30:58.478779383+00:00,2026-03-19 00:30:58.728779383+00:00
2026-03-19 00:30:58.677732337+00:00,799,cancelled,bid,2203.1,0.09006415768572201,2026-03-19 00:30:51.527555906+00:00,144.235,2026-03-19 00:30:51.277555906+00:00,cancelled,pressure_stop_bid,2026-03-19 00:30:58.427732337+00:00,2026-03-19 00:30:58.677732337+00:00
2026-03-19 00:30:58.728779383+00:00,800,cancelled,ask,2203.7,0.109908055721182,2026-03-19 00:30:56.885564041+00:00,76.89500000000001,2026-03-19 00:30:56.635564041+00:00,cancelled,refresh_reprice,2026-03-19 00:30:58.478779383+00:00,2026-03-19 00:30:58.728779383+00:00
2026-03-19 00:30:58.730844767+00:00,801,placed,bid,2202.7,0.090091944278818,2026-03-19 00:30:58.980844767+00:00,90.682,2026-03-19 00:30:58.730844767+00:00,pending_new,,,
2026-03-19 00:30:58.730844767+00:00,802,placed,ask,2203.4,0.109908055721182,2026-03-19 00:30:58.980844767+00:00,113.399,2026-03-19 00:30:58.730844767+00:00,pending_new,,,
2026-03-19 00:31:00.468891124+00:00,802,cancel_requested,ask,2203.4,0.109908055721182,2026-03-19 00:30:58.980844767+00:00,113.399,2026-03-19 00:30:58.730844767+00:00,pending_cancel,pressure_stop_ask,2026-03-19 00:31:00.468891124+00:00,2026-03-19 00:31:00.718891124+00:00
2026-03-19 00:31:00.718891124+00:00,802,cancelled,ask,2203.4,0.109908055721182,2026-03-19 00:30:58.980844767+00:00,113.399,2026-03-19 00:30:58.730844767+00:00,cancelled,pressure_stop_ask,2026-03-19 00:31:00.468891124+00:00,2026-03-19 00:31:00.718891124+00:00
2026-03-19 00:31:00.722498975+00:00,803,placed,ask,2203.5,0.109908055721182,2026-03-19 00:31:00.972498975+00:00,91.261,2026-03-19 00:31:00.722498975+00:00,pending_new,,,
2026-03-19 00:31:01.131289083+00:00,801,cancel_requested,bid,2202.7,0.090091944278818,2026-03-19 00:30:58.980844767+00:00,90.682,2026-03-19 00:30:58.730844767+00:00,pending_cancel,pressure_stop_bid,2026-03-19 00:31:01.131289083+00:00,2026-03-19 00:31:01.381289083+00:00
2026-03-19 00:31:01.381289083+00:00,801,cancelled,bid,2202.7,0.090091944278818,2026-03-19 00:30:58.980844767+00:00,90.682,2026-03-19 00:30:58.730844767+00:00,cancelled,pressure_stop_bid,2026-03-19 00:31:01.131289083+00:00,2026-03-19 00:31:01.381289083+00:00
2026-03-19 00:31:03.784975068+00:00,803,cancel_requested,ask,2203.5,0.109908055721182,2026-03-19 00:31:00.972498975+00:00,91.261,2026-03-19 00:31:00.722498975+00:00,pending_cancel,refresh_reprice,2026-03-19 00:31:03.784975068+00:00,2026-03-19 00:31:04.034975068+00:00
2026-03-19 00:31:04.034975068+00:00,803,cancelled,ask,2203.5,0.109908055721182,2026-03-19 00:31:00.972498975+00:00,91.261,2026-03-19 00:31:00.722498975+00:00,cancelled,refresh_reprice,2026-03-19 00:31:03.784975068+00:00,2026-03-19 00:31:04.034975068+00:00
2026-03-19 00:31:04.128928227+00:00,804,placed,ask,2203.2,0.109908055721182,2026-03-19 00:31:04.378928227+00:00,136.422,2026-03-19 00:31:04.128928227+00:00,pending_new,,,
2026-03-19 00:31:05.621004377+00:00,805,placed,bid,2202.3,0.090091944278818,2026-03-19 00:31:05.871004377+00:00,129.78,2026-03-19 00:31:05.621004377+00:00,pending_new,,,
2026-03-19 00:31:05.977775885+00:00,805,cancel_requested,bid,2202.3,0.090091944278818,2026-03-19 00:31:05.871004377+00:00,129.78,2026-03-19 00:31:05.621004377+00:00,pending_cancel,pressure_stop_bid,2026-03-19 00:31:05.977775885+00:00,2026-03-19 00:31:06.227775885+00:00
2026-03-19 00:31:06.227775885+00:00,805,cancelled,bid,2202.3,0.090091944278818,2026-03-19 00:31:05.871004377+00:00,129.78,2026-03-19 00:31:05.621004377+00:00,cancelled,pressure_stop_bid,2026-03-19 00:31:05.977775885+00:00,2026-03-19 00:31:06.227775885+00:00
2026-03-19 00:31:06.387791108+00:00,804,cancel_requested,ask,2203.2,0.109908055721182,2026-03-19 00:31:04.378928227+00:00,136.422,2026-03-19 00:31:04.128928227+00:00,pending_cancel,refresh_reprice,2026-03-19 00:31:06.387791108+00:00,2026-03-19 00:31:06.637791108+00:00
2026-03-19 00:31:06.637791108+00:00,804,cancelled,ask,2203.2,0.109908055721182,2026-03-19 00:31:04.378928227+00:00,136.422,2026-03-19 00:31:04.128928227+00:00,cancelled,refresh_reprice,2026-03-19 00:31:06.387791108+00:00,2026-03-19 00:31:06.637791108+00:00
2026-03-19 00:31:06.661139881+00:00,806,placed,ask,2202.9,0.109908055721182,2026-03-19 00:31:06.911139881+00:00,84.34299999999999,2026-03-19 00:31:06.661139881+00:00,pending_new,,,
2026-03-19 00:31:08.325475848+00:00,806,cancel_requested,ask,2202.9,0.109908055721182,2026-03-19 00:31:06.911139881+00:00,84.34299999999999,2026-03-19 00:31:06.661139881+00:00,pending_cancel,expected_edge_ask,2026-03-19 00:31:08.325475848+00:00,2026-03-19 00:31:08.575475848+00:00
2026-03-19 00:31:08.325475848+00:00,807,placed,bid,2202.3,0.090091944278818,2026-03-19 00:31:08.575475848+00:00,111.417,2026-03-19 00:31:08.325475848+00:00,pending_new,,,
2026-03-19 00:31:08.575475848+00:00,806,cancelled,ask,2202.9,0.109908055721182,2026-03-19 00:31:06.911139881+00:00,84.34299999999999,2026-03-19 00:31:06.661139881+00:00,cancelled,expected_edge_ask,2026-03-19 00:31:08.325475848+00:00,2026-03-19 00:31:08.575475848+00:00
2026-03-19 00:31:16.989814620+00:00,807,cancel_requested,bid,2202.3,0.090091944278818,2026-03-19 00:31:08.575475848+00:00,111.417,2026-03-19 00:31:08.325475848+00:00,pending_cancel,pressure_stop_bid,2026-03-19 00:31:16.989814620+00:00,2026-03-19 00:31:17.239814620+00:00
2026-03-19 00:31:16.989814620+00:00,808,placed,ask,2202.9,0.1100143486778235,2026-03-19 00:31:17.239814620+00:00,104.135,2026-03-19 00:31:16.989814620+00:00,pending_new,,,
2026-03-19 00:31:17.239814620+00:00,807,cancelled,bid,2202.3,0.090091944278818,2026-03-19 00:31:08.575475848+00:00,111.417,2026-03-19 00:31:08.325475848+00:00,cancelled,pressure_stop_bid,2026-03-19 00:31:16.989814620+00:00,2026-03-19 00:31:17.239814620+00:00
2026-03-19 00:31:25.284560526+00:00,808,cancel_requested,ask,2202.9,0.1100143486778235,2026-03-19 00:31:17.239814620+00:00,104.135,2026-03-19 00:31:16.989814620+00:00,pending_cancel,refresh_reprice,2026-03-19 00:31:25.284560526+00:00,2026-03-19 00:31:25.534560526+00:00
2026-03-19 00:31:25.534560526+00:00,808,cancelled,ask,2202.9,0.1100143486778235,2026-03-19 00:31:17.239814620+00:00,104.135,2026-03-19 00:31:16.989814620+00:00,cancelled,refresh_reprice,2026-03-19 00:31:25.284560526+00:00,2026-03-19 00:31:25.534560526+00:00
2026-03-19 00:31:25.535857882+00:00,809,placed,bid,2201.8,0.08998565132217651,2026-03-19 00:31:25.785857882+00:00,105.891,2026-03-19 00:31:25.535857882+00:00,pending_new,,,
2026-03-19 00:31:25.535857882+00:00,810,placed,ask,2202.5,0.1100143486778235,2026-03-19 00:31:25.785857882+00:00,60.314,2026-03-19 00:31:25.535857882+00:00,pending_new,,,
2026-03-19 00:31:27.191184897+00:00,810,cancel_requested,ask,2202.5,0.1100143486778235,2026-03-19 00:31:25.785857882+00:00,60.314,2026-03-19 00:31:25.535857882+00:00,pending_cancel,expected_edge_ask,2026-03-19 00:31:27.191184897+00:00,2026-03-19 00:31:27.441184897+00:00
2026-03-19 00:31:27.441184897+00:00,810,cancelled,ask,2202.5,0.1100143486778235,2026-03-19 00:31:25.785857882+00:00,60.314,2026-03-19 00:31:25.535857882+00:00,cancelled,expected_edge_ask,2026-03-19 00:31:27.191184897+00:00,2026-03-19 00:31:27.441184897+00:00
2026-03-19 00:31:32.488360998+00:00,811,placed,ask,2202.5,0.1100143486778235,2026-03-19 00:31:32.738360998+00:00,86.928,2026-03-19 00:31:32.488360998+00:00,pending_new,,,
2026-03-19 00:31:32.736293269+00:00,811,cancel_requested,ask,2202.5,0.1100143486778235,2026-03-19 00:31:32.738360998+00:00,86.928,2026-03-19 00:31:32.488360998+00:00,pending_cancel,expected_edge_ask,2026-03-19 00:31:32.736293269+00:00,2026-03-19 00:31:32.986293269+00:00
2026-03-19 00:31:32.986293269+00:00,811,cancelled,ask,2202.5,0.1100143486778235,2026-03-19 00:31:32.738360998+00:00,86.928,2026-03-19 00:31:32.488360998+00:00,cancelled,expected_edge_ask,2026-03-19 00:31:32.736293269+00:00,2026-03-19 00:31:32.986293269+00:00
2026-03-19 00:31:35.535857882+00:00,809,cancel_requested,bid,2201.8,0.08998565132217651,2026-03-19 00:31:25.785857882+00:00,105.891,2026-03-19 00:31:25.535857882+00:00,pending_cancel,quote_age_expired,2026-03-19 00:31:35.535857882+00:00,2026-03-19 00:31:35.785857882+00:00
2026-03-19 00:31:35.549507449+00:00,812,placed,ask,2202.5,0.1100143486778235,2026-03-19 00:31:35.799507449+00:00,52.339999999999996,2026-03-19 00:31:35.549507449+00:00,pending_new,,,
2026-03-19 00:31:35.785857882+00:00,809,cancelled,bid,2201.8,0.08998565132217651,2026-03-19 00:31:25.785857882+00:00,105.891,2026-03-19 00:31:25.535857882+00:00,cancelled,quote_age_expired,2026-03-19 00:31:35.535857882+00:00,2026-03-19 00:31:35.785857882+00:00
2026-03-19 00:31:35.838773662+00:00,813,placed,bid,2201.8,0.08998565132217651,2026-03-19 00:31:36.088773662+00:00,148.16,2026-03-19 00:31:35.838773662+00:00,pending_new,,,
2026-03-19 00:31:36.673004665+00:00,812,cancel_requested,ask,2202.5,0.1100143486778235,2026-03-19 00:31:35.799507449+00:00,52.339999999999996,2026-03-19 00:31:35.549507449+00:00,pending_cancel,pressure_stop_ask,2026-03-19 00:31:36.673004665+00:00,2026-03-19 00:31:36.923004665+00:00
2026-03-19 00:31:36.673004665+00:00,813,resized,bid,2201.8,0.0899538375243422,2026-03-19 00:31:36.088773662+00:00,148.16,,,preserve_queue_priority,,
2026-03-19 00:31:36.923004665+00:00,812,cancelled,ask,2202.5,0.1100143486778235,2026-03-19 00:31:35.799507449+00:00,52.339999999999996,2026-03-19 00:31:35.549507449+00:00,cancelled,pressure_stop_ask,2026-03-19 00:31:36.673004665+00:00,2026-03-19 00:31:36.923004665+00:00
2026-03-19 00:31:37.025719242+00:00,814,placed,ask,2202.6,0.1100461624756578,2026-03-19 00:31:37.275719242+00:00,40.31,2026-03-19 00:31:37.025719242+00:00,pending_new,,,
2026-03-19 00:31:37.426997705+00:00,813,cancel_requested,bid,2201.8,0.0899538375243422,2026-03-19 00:31:36.088773662+00:00,148.16,2026-03-19 00:31:35.838773662+00:00,pending_cancel,pressure_stop_bid,2026-03-19 00:31:37.426997705+00:00,2026-03-19 00:31:37.676997705+00:00
2026-03-19 00:31:37.676997705+00:00,813,cancelled,bid,2201.8,0.0899538375243422,2026-03-19 00:31:36.088773662+00:00,148.16,2026-03-19 00:31:35.838773662+00:00,cancelled,pressure_stop_bid,2026-03-19 00:31:37.426997705+00:00,2026-03-19 00:31:37.676997705+00:00
2026-03-19 00:31:41.363226626+00:00,814,cancel_requested,ask,2202.6,0.1100461624756578,2026-03-19 00:31:37.275719242+00:00,40.31,2026-03-19 00:31:37.025719242+00:00,pending_cancel,refresh_reprice,2026-03-19 00:31:41.363226626+00:00,2026-03-19 00:31:41.613226626+00:00
2026-03-19 00:31:41.613226626+00:00,814,cancelled,ask,2202.6,0.1100461624756578,2026-03-19 00:31:37.275719242+00:00,40.31,2026-03-19 00:31:37.025719242+00:00,cancelled,refresh_reprice,2026-03-19 00:31:41.363226626+00:00,2026-03-19 00:31:41.613226626+00:00
2026-03-19 00:31:41.617672373+00:00,815,placed,ask,2202.2,0.1100461624756578,2026-03-19 00:31:41.867672373+00:00,124.105,2026-03-19 00:31:41.617672373+00:00,pending_new,,,
2026-03-19 00:31:42.028530355+00:00,815,cancel_requested,ask,2202.2,0.1100461624756578,2026-03-19 00:31:41.867672373+00:00,124.105,2026-03-19 00:31:41.617672373+00:00,pending_cancel,refresh_reprice,2026-03-19 00:31:42.028530355+00:00,2026-03-19 00:31:42.278530355+00:00
2026-03-19 00:31:42.278530355+00:00,815,cancelled,ask,2202.2,0.1100461624756578,2026-03-19 00:31:41.867672373+00:00,124.105,2026-03-19 00:31:41.617672373+00:00,cancelled,refresh_reprice,2026-03-19 00:31:42.028530355+00:00,2026-03-19 00:31:42.278530355+00:00
2026-03-19 00:31:42.283178773+00:00,816,placed,ask,2201.9,0.1100461624756578,2026-03-19 00:31:42.533178773+00:00,91.714,2026-03-19 00:31:42.283178773+00:00,pending_new,,,
2026-03-19 00:31:42.382437953+00:00,816,cancel_requested,ask,2201.9,0.1100461624756578,2026-03-19 00:31:42.533178773+00:00,91.714,2026-03-19 00:31:42.283178773+00:00,pending_cancel,expected_edge_ask,2026-03-19 00:31:42.382437953+00:00,2026-03-19 00:31:42.632437953+00:00
2026-03-19 00:31:42.382437953+00:00,817,placed,bid,2201.3,0.0899538375243422,2026-03-19 00:31:42.632437953+00:00,53.266999999999996,2026-03-19 00:31:42.382437953+00:00,pending_new,,,
2026-03-19 00:31:42.632437953+00:00,816,cancelled,ask,2201.9,0.1100461624756578,2026-03-19 00:31:42.533178773+00:00,91.714,2026-03-19 00:31:42.283178773+00:00,cancelled,expected_edge_ask,2026-03-19 00:31:42.382437953+00:00,2026-03-19 00:31:42.632437953+00:00
2026-03-19 00:31:42.635249353+00:00,818,placed,ask,2201.9,0.1100461624756578,2026-03-19 00:31:42.885249353+00:00,96.873,2026-03-19 00:31:42.635249353+00:00,pending_new,,,
2026-03-19 00:31:42.945706069+00:00,817,cancel_requested,bid,2201.3,0.0899538375243422,2026-03-19 00:31:42.632437953+00:00,53.266999999999996,2026-03-19 00:31:42.382437953+00:00,pending_cancel,pressure_stop_bid,2026-03-19 00:31:42.945706069+00:00,2026-03-19 00:31:43.195706069+00:00
2026-03-19 00:31:43.195706069+00:00,817,cancelled,bid,2201.3,0.0899538375243422,2026-03-19 00:31:42.632437953+00:00,53.266999999999996,2026-03-19 00:31:42.382437953+00:00,cancelled,pressure_stop_bid,2026-03-19 00:31:42.945706069+00:00,2026-03-19 00:31:43.195706069+00:00
2026-03-19 00:31:43.598395880+00:00,818,cancel_requested,ask,2201.9,0.1100461624756578,2026-03-19 00:31:42.885249353+00:00,96.873,2026-03-19 00:31:42.635249353+00:00,pending_cancel,expected_edge_ask,2026-03-19 00:31:43.598395880+00:00,2026-03-19 00:31:43.848395880+00:00
2026-03-19 00:31:43.848395880+00:00,818,cancelled,ask,2201.9,0.1100461624756578,2026-03-19 00:31:42.885249353+00:00,96.873,2026-03-19 00:31:42.635249353+00:00,cancelled,expected_edge_ask,2026-03-19 00:31:43.598395880+00:00,2026-03-19 00:31:43.848395880+00:00
2026-03-19 00:31:43.917084695+00:00,819,placed,bid,2201.3,0.0899538375243422,2026-03-19 00:31:44.167084695+00:00,34.678,2026-03-19 00:31:43.917084695+00:00,pending_new,,,
2026-03-19 00:31:43.968726454+00:00,819,cancel_requested,bid,2201.3,0.0899538375243422,2026-03-19 00:31:44.167084695+00:00,34.678,2026-03-19 00:31:43.917084695+00:00,pending_cancel,pressure_stop_bid,2026-03-19 00:31:43.968726454+00:00,2026-03-19 00:31:44.218726454+00:00
2026-03-19 00:31:44.218726454+00:00,819,cancelled,bid,2201.3,0.0899538375243422,2026-03-19 00:31:44.167084695+00:00,34.678,2026-03-19 00:31:43.917084695+00:00,cancelled,pressure_stop_bid,2026-03-19 00:31:43.968726454+00:00,2026-03-19 00:31:44.218726454+00:00
2026-03-19 00:31:44.220039377+00:00,820,placed,bid,2201.3,0.0899538375243422,2026-03-19 00:31:44.470039377+00:00,67.39,2026-03-19 00:31:44.220039377+00:00,pending_new,,,
2026-03-19 00:31:44.220039377+00:00,821,placed,ask,2201.9,0.1100461624756578,2026-03-19 00:31:44.470039377+00:00,86.24199999999999,2026-03-19 00:31:44.220039377+00:00,pending_new,,,
2026-03-19 00:31:44.273192893+00:00,820,cancel_requested,bid,2201.3,0.0899538375243422,2026-03-19 00:31:44.470039377+00:00,67.39,2026-03-19 00:31:44.220039377+00:00,pending_cancel,expected_edge_bid,2026-03-19 00:31:44.273192893+00:00,2026-03-19 00:31:44.523192893+00:00
2026-03-19 00:31:44.367867641+00:00,821,cancel_requested,ask,2201.9,0.1100461624756578,2026-03-19 00:31:44.470039377+00:00,86.24199999999999,2026-03-19 00:31:44.220039377+00:00,pending_cancel,expected_edge_ask,2026-03-19 00:31:44.367867641+00:00,2026-03-19 00:31:44.617867641+00:00
2026-03-19 00:31:44.523192893+00:00,820,cancelled,bid,2201.3,0.0899538375243422,2026-03-19 00:31:44.470039377+00:00,67.39,2026-03-19 00:31:44.220039377+00:00,cancelled,expected_edge_bid,2026-03-19 00:31:44.273192893+00:00,2026-03-19 00:31:44.523192893+00:00
2026-03-19 00:31:44.617867641+00:00,821,cancelled,ask,2201.9,0.1100461624756578,2026-03-19 00:31:44.470039377+00:00,86.24199999999999,2026-03-19 00:31:44.220039377+00:00,cancelled,expected_edge_ask,2026-03-19 00:31:44.367867641+00:00,2026-03-19 00:31:44.617867641+00:00
2026-03-19 00:31:49.878920825+00:00,822,placed,ask,2200.8,0.1100461624756578,2026-03-19 00:31:50.128920825+00:00,135.216,2026-03-19 00:31:49.878920825+00:00,pending_new,,,
2026-03-19 00:31:50.452675331+00:00,822,cancel_requested,ask,2200.8,0.1100461624756578,2026-03-19 00:31:50.128920825+00:00,135.216,2026-03-19 00:31:49.878920825+00:00,pending_cancel,refresh_reprice,2026-03-19 00:31:50.452675331+00:00,2026-03-19 00:31:50.702675331+00:00
2026-03-19 00:31:50.702675331+00:00,822,cancelled,ask,2200.8,0.1100461624756578,2026-03-19 00:31:50.128920825+00:00,135.216,2026-03-19 00:31:49.878920825+00:00,cancelled,refresh_reprice,2026-03-19 00:31:50.452675331+00:00,2026-03-19 00:31:50.702675331+00:00
2026-03-19 00:31:50.735894442+00:00,823,placed,ask,2200.6,0.1100461624756578,2026-03-19 00:31:50.985894442+00:00,80.20400000000001,2026-03-19 00:31:50.735894442+00:00,pending_new,,,
2026-03-19 00:31:53.507051756+00:00,823,cancel_requested,ask,2200.6,0.1100461624756578,2026-03-19 00:31:50.985894442+00:00,80.20400000000001,2026-03-19 00:31:50.735894442+00:00,pending_cancel,expected_edge_ask,2026-03-19 00:31:53.507051756+00:00,2026-03-19 00:31:53.757051756+00:00
2026-03-19 00:31:53.507051756+00:00,824,placed,bid,2199.8,0.0899538375243422,2026-03-19 00:31:53.757051756+00:00,148.261,2026-03-19 00:31:53.507051756+00:00,pending_new,,,
2026-03-19 00:31:53.757051756+00:00,823,cancelled,ask,2200.6,0.1100461624756578,2026-03-19 00:31:50.985894442+00:00,80.20400000000001,2026-03-19 00:31:50.735894442+00:00,cancelled,expected_edge_ask,2026-03-19 00:31:53.507051756+00:00,2026-03-19 00:31:53.757051756+00:00
2026-03-19 00:31:57.787249533+00:00,824,cancel_requested,bid,2199.8,0.0899538375243422,2026-03-19 00:31:53.757051756+00:00,148.261,2026-03-19 00:31:53.507051756+00:00,pending_cancel,refresh_reprice,2026-03-19 00:31:57.787249533+00:00,2026-03-19 00:31:58.037249533+00:00
2026-03-19 00:31:57.902339446+00:00,825,placed,ask,2201.1,0.11041987080167148,2026-03-19 00:31:58.152339446+00:00,60.071999999999996,2026-03-19 00:31:57.902339446+00:00,pending_new,,,
2026-03-19 00:31:58.037249533+00:00,824,cancelled,bid,2199.8,0.0899538375243422,2026-03-19 00:31:53.757051756+00:00,148.261,2026-03-19 00:31:53.507051756+00:00,cancelled,refresh_reprice,2026-03-19 00:31:57.787249533+00:00,2026-03-19 00:31:58.037249533+00:00
2026-03-19 00:31:58.106306220+00:00,826,placed,bid,2200.5,0.08958012919832851,2026-03-19 00:31:58.356306220+00:00,99.061,2026-03-19 00:31:58.106306220+00:00,pending_new,,,
2026-03-19 00:31:58.700642820+00:00,825,cancel_requested,ask,2201.1,0.11041987080167148,2026-03-19 00:31:58.152339446+00:00,60.071999999999996,2026-03-19 00:31:57.902339446+00:00,pending_cancel,expected_edge_ask,2026-03-19 00:31:58.700642820+00:00,2026-03-19 00:31:58.950642820+00:00
2026-03-19 00:31:58.950642820+00:00,825,cancelled,ask,2201.1,0.11041987080167148,2026-03-19 00:31:58.152339446+00:00,60.071999999999996,2026-03-19 00:31:57.902339446+00:00,cancelled,expected_edge_ask,2026-03-19 00:31:58.700642820+00:00,2026-03-19 00:31:58.950642820+00:00
2026-03-19 00:32:02.183029225+00:00,826,cancel_requested,bid,2200.5,0.08958012919832851,2026-03-19 00:31:58.356306220+00:00,99.061,2026-03-19 00:31:58.106306220+00:00,pending_cancel,pressure_stop_bid,2026-03-19 00:32:02.183029225+00:00,2026-03-19 00:32:02.433029225+00:00
2026-03-19 00:32:02.183029225+00:00,827,placed,ask,2201.1,0.11041987080167148,2026-03-19 00:32:02.433029225+00:00,129.44099999999997,2026-03-19 00:32:02.183029225+00:00,pending_new,,,
2026-03-19 00:32:02.433029225+00:00,826,cancelled,bid,2200.5,0.08958012919832851,2026-03-19 00:31:58.356306220+00:00,99.061,2026-03-19 00:31:58.106306220+00:00,cancelled,pressure_stop_bid,2026-03-19 00:32:02.183029225+00:00,2026-03-19 00:32:02.433029225+00:00
2026-03-19 00:32:03.162543217+00:00,827,cancel_requested,ask,2201.1,0.11041987080167148,2026-03-19 00:32:02.433029225+00:00,129.44099999999997,2026-03-19 00:32:02.183029225+00:00,pending_cancel,refresh_reprice,2026-03-19 00:32:03.162543217+00:00,2026-03-19 00:32:03.412543217+00:00
2026-03-19 00:32:03.412543217+00:00,827,cancelled,ask,2201.1,0.11041987080167148,2026-03-19 00:32:02.433029225+00:00,129.44099999999997,2026-03-19 00:32:02.183029225+00:00,cancelled,refresh_reprice,2026-03-19 00:32:03.162543217+00:00,2026-03-19 00:32:03.412543217+00:00
2026-03-19 00:32:03.467346947+00:00,828,placed,ask,2200.7,0.11041987080167148,2026-03-19 00:32:03.717346947+00:00,118.69300000000001,2026-03-19 00:32:03.467346947+00:00,pending_new,,,
2026-03-19 00:32:05.966838183+00:00,828,cancel_requested,ask,2200.7,0.11041987080167148,2026-03-19 00:32:03.717346947+00:00,118.69300000000001,2026-03-19 00:32:03.467346947+00:00,pending_cancel,expected_edge_ask,2026-03-19 00:32:05.966838183+00:00,2026-03-19 00:32:06.216838183+00:00
2026-03-19 00:32:05.966838183+00:00,829,placed,bid,2199.9,0.08958012919832851,2026-03-19 00:32:06.216838183+00:00,62.785,2026-03-19 00:32:05.966838183+00:00,pending_new,,,
2026-03-19 00:32:06.216838183+00:00,828,cancelled,ask,2200.7,0.11041987080167148,2026-03-19 00:32:03.717346947+00:00,118.69300000000001,2026-03-19 00:32:03.467346947+00:00,cancelled,expected_edge_ask,2026-03-19 00:32:05.966838183+00:00,2026-03-19 00:32:06.216838183+00:00
2026-03-19 00:32:06.223001038+00:00,830,placed,ask,2200.7,0.11041987080167148,2026-03-19 00:32:06.473001038+00:00,55.516,2026-03-19 00:32:06.223001038+00:00,pending_new,,,
2026-03-19 00:32:06.272025025+00:00,830,cancel_requested,ask,2200.7,0.11041987080167148,2026-03-19 00:32:06.473001038+00:00,55.516,2026-03-19 00:32:06.223001038+00:00,pending_cancel,pressure_stop_ask,2026-03-19 00:32:06.272025025+00:00,2026-03-19 00:32:06.522025025+00:00
2026-03-19 00:32:06.522025025+00:00,830,cancelled,ask,2200.7,0.11041987080167148,2026-03-19 00:32:06.473001038+00:00,55.516,2026-03-19 00:32:06.223001038+00:00,cancelled,pressure_stop_ask,2026-03-19 00:32:06.272025025+00:00,2026-03-19 00:32:06.522025025+00:00
2026-03-19 00:32:08.056572584+00:00,829,cancel_requested,bid,2199.9,0.08958012919832851,2026-03-19 00:32:06.216838183+00:00,62.785,2026-03-19 00:32:05.966838183+00:00,pending_cancel,refresh_reprice,2026-03-19 00:32:08.056572584+00:00,2026-03-19 00:32:08.306572584+00:00
2026-03-19 00:32:08.056572584+00:00,831,placed,ask,2200.8,0.11041987080167148,2026-03-19 00:32:08.306572584+00:00,69.754,2026-03-19 00:32:08.056572584+00:00,pending_new,,,
2026-03-19 00:32:08.306572584+00:00,829,cancelled,bid,2199.9,0.08958012919832851,2026-03-19 00:32:06.216838183+00:00,62.785,2026-03-19 00:32:05.966838183+00:00,cancelled,refresh_reprice,2026-03-19 00:32:08.056572584+00:00,2026-03-19 00:32:08.306572584+00:00
2026-03-19 00:32:08.335555125+00:00,832,placed,bid,2200.1,0.08958012919832851,2026-03-19 00:32:08.585555125+00:00,127.13999999999999,2026-03-19 00:32:08.335555125+00:00,pending_new,,,
2026-03-19 00:32:09.999849636+00:00,831,cancel_requested,ask,2200.8,0.11041987080167148,2026-03-19 00:32:08.306572584+00:00,69.754,2026-03-19 00:32:08.056572584+00:00,pending_cancel,expected_edge_ask,2026-03-19 00:32:09.999849636+00:00,2026-03-19 00:32:10.249849636+00:00
2026-03-19 00:32:10.249849636+00:00,831,cancelled,ask,2200.8,0.11041987080167148,2026-03-19 00:32:08.306572584+00:00,69.754,2026-03-19 00:32:08.056572584+00:00,cancelled,expected_edge_ask,2026-03-19 00:32:09.999849636+00:00,2026-03-19 00:32:10.249849636+00:00
2026-03-19 00:32:14.287255252+00:00,832,cancel_requested,bid,2200.1,0.08958012919832851,2026-03-19 00:32:08.585555125+00:00,127.13999999999999,2026-03-19 00:32:08.335555125+00:00,pending_cancel,refresh_reprice,2026-03-19 00:32:14.287255252+00:00,2026-03-19 00:32:14.537255252+00:00
2026-03-19 00:32:14.537255252+00:00,832,cancelled,bid,2200.1,0.08958012919832851,2026-03-19 00:32:08.585555125+00:00,127.13999999999999,2026-03-19 00:32:08.335555125+00:00,cancelled,refresh_reprice,2026-03-19 00:32:14.287255252+00:00,2026-03-19 00:32:14.537255252+00:00
2026-03-19 00:32:14.549317132+00:00,833,placed,bid,2200.4,0.08958012919832851,2026-03-19 00:32:14.799317132+00:00,123.38699999999999,2026-03-19 00:32:14.549317132+00:00,pending_new,,,
2026-03-19 00:32:14.747050402+00:00,834,placed,ask,2201.1,0.11041987080167148,2026-03-19 00:32:14.997050402+00:00,49.406,2026-03-19 00:32:14.747050402+00:00,pending_new,,,
2026-03-19 00:32:14.797918209+00:00,834,cancel_requested,ask,2201.1,0.11041987080167148,2026-03-19 00:32:14.997050402+00:00,49.406,2026-03-19 00:32:14.747050402+00:00,pending_cancel,expected_edge_ask,2026-03-19 00:32:14.797918209+00:00,2026-03-19 00:32:15.047918209+00:00
2026-03-19 00:32:15.047918209+00:00,834,cancelled,ask,2201.1,0.11041987080167148,2026-03-19 00:32:14.997050402+00:00,49.406,2026-03-19 00:32:14.747050402+00:00,cancelled,expected_edge_ask,2026-03-19 00:32:14.797918209+00:00,2026-03-19 00:32:15.047918209+00:00
2026-03-19 00:32:19.137550941+00:00,833,cancel_requested,bid,2200.4,0.08958012919832851,2026-03-19 00:32:14.799317132+00:00,123.38699999999999,2026-03-19 00:32:14.549317132+00:00,pending_cancel,refresh_reprice,2026-03-19 00:32:19.137550941+00:00,2026-03-19 00:32:19.387550941+00:00
2026-03-19 00:32:19.137550941+00:00,835,placed,ask,2201.3,0.11032251976800055,2026-03-19 00:32:19.387550941+00:00,60.528999999999996,2026-03-19 00:32:19.137550941+00:00,pending_new,,,
2026-03-19 00:32:19.161296112+00:00,835,cancel_requested,ask,2201.3,0.11032251976800055,2026-03-19 00:32:19.387550941+00:00,60.528999999999996,2026-03-19 00:32:19.137550941+00:00,pending_cancel,expected_edge_ask,2026-03-19 00:32:19.161296112+00:00,2026-03-19 00:32:19.411296112+00:00
2026-03-19 00:32:19.387550941+00:00,833,cancelled,bid,2200.4,0.08958012919832851,2026-03-19 00:32:14.799317132+00:00,123.38699999999999,2026-03-19 00:32:14.549317132+00:00,cancelled,refresh_reprice,2026-03-19 00:32:19.137550941+00:00,2026-03-19 00:32:19.387550941+00:00
2026-03-19 00:32:19.411296112+00:00,835,cancelled,ask,2201.3,0.11032251976800055,2026-03-19 00:32:19.387550941+00:00,60.528999999999996,2026-03-19 00:32:19.137550941+00:00,cancelled,expected_edge_ask,2026-03-19 00:32:19.161296112+00:00,2026-03-19 00:32:19.411296112+00:00
2026-03-19 00:32:19.436324852+00:00,836,placed,bid,2200.7,0.08967748023199947,2026-03-19 00:32:19.686324852+00:00,39.36,2026-03-19 00:32:19.436324852+00:00,pending_new,,,
2026-03-19 00:32:19.436324852+00:00,837,placed,ask,2201.3,0.11032251976800055,2026-03-19 00:32:19.686324852+00:00,101.773,2026-03-19 00:32:19.436324852+00:00,pending_new,,,
2026-03-19 00:32:20.155224809+00:00,837,cancel_requested,ask,2201.3,0.11032251976800055,2026-03-19 00:32:19.686324852+00:00,101.773,2026-03-19 00:32:19.436324852+00:00,pending_cancel,expected_edge_ask,2026-03-19 00:32:20.155224809+00:00,2026-03-19 00:32:20.405224809+00:00
2026-03-19 00:32:20.405224809+00:00,837,cancelled,ask,2201.3,0.11032251976800055,2026-03-19 00:32:19.686324852+00:00,101.773,2026-03-19 00:32:19.436324852+00:00,cancelled,expected_edge_ask,2026-03-19 00:32:20.155224809+00:00,2026-03-19 00:32:20.405224809+00:00
2026-03-19 00:32:22.096832237+00:00,836,cancel_requested,bid,2200.7,0.08967748023199947,2026-03-19 00:32:19.686324852+00:00,39.36,2026-03-19 00:32:19.436324852+00:00,pending_cancel,pressure_stop_bid,2026-03-19 00:32:22.096832237+00:00,2026-03-19 00:32:22.346832237+00:00
2026-03-19 00:32:22.096832237+00:00,838,placed,ask,2201.3,0.11032251976800055,2026-03-19 00:32:22.346832237+00:00,103.91900000000001,2026-03-19 00:32:22.096832237+00:00,pending_new,,,
2026-03-19 00:32:22.300393345+00:00,838,cancel_requested,ask,2201.3,0.11032251976800055,2026-03-19 00:32:22.346832237+00:00,103.91900000000001,2026-03-19 00:32:22.096832237+00:00,pending_cancel,refresh_reprice,2026-03-19 00:32:22.300393345+00:00,2026-03-19 00:32:22.550393345+00:00
2026-03-19 00:32:22.346832237+00:00,836,cancelled,bid,2200.7,0.08967748023199947,2026-03-19 00:32:19.686324852+00:00,39.36,2026-03-19 00:32:19.436324852+00:00,cancelled,pressure_stop_bid,2026-03-19 00:32:22.096832237+00:00,2026-03-19 00:32:22.346832237+00:00
2026-03-19 00:32:22.550393345+00:00,838,cancelled,ask,2201.3,0.11032251976800055,2026-03-19 00:32:22.346832237+00:00,103.91900000000001,2026-03-19 00:32:22.096832237+00:00,cancelled,refresh_reprice,2026-03-19 00:32:22.300393345+00:00,2026-03-19 00:32:22.550393345+00:00
2026-03-19 00:32:22.604885842+00:00,839,placed,ask,2200.9,0.11032251976800055,2026-03-19 00:32:22.854885842+00:00,100.10400000000001,2026-03-19 00:32:22.604885842+00:00,pending_new,,,
2026-03-19 00:32:22.758453737+00:00,840,placed,bid,2199.5,0.08967748023199947,2026-03-19 00:32:23.008453737+00:00,151.593,2026-03-19 00:32:22.758453737+00:00,pending_new,,,
2026-03-19 00:32:24.050668392+00:00,840,cancel_requested,bid,2199.5,0.08967748023199947,2026-03-19 00:32:23.008453737+00:00,151.593,2026-03-19 00:32:22.758453737+00:00,pending_cancel,pressure_stop_bid,2026-03-19 00:32:24.050668392+00:00,2026-03-19 00:32:24.300668392+00:00
2026-03-19 00:32:24.300668392+00:00,840,cancelled,bid,2199.5,0.08967748023199947,2026-03-19 00:32:23.008453737+00:00,151.593,2026-03-19 00:32:22.758453737+00:00,cancelled,pressure_stop_bid,2026-03-19 00:32:24.050668392+00:00,2026-03-19 00:32:24.300668392+00:00
2026-03-19 00:32:25.294107980+00:00,839,cancel_requested,ask,2200.9,0.11032251976800055,2026-03-19 00:32:22.854885842+00:00,100.10400000000001,2026-03-19 00:32:22.604885842+00:00,pending_cancel,refresh_reprice,2026-03-19 00:32:25.294107980+00:00,2026-03-19 00:32:25.544107980+00:00
2026-03-19 00:32:25.544107980+00:00,839,cancelled,ask,2200.9,0.11032251976800055,2026-03-19 00:32:22.854885842+00:00,100.10400000000001,2026-03-19 00:32:22.604885842+00:00,cancelled,refresh_reprice,2026-03-19 00:32:25.294107980+00:00,2026-03-19 00:32:25.544107980+00:00
2026-03-19 00:32:25.584834714+00:00,841,placed,ask,2200.6,0.11032251976800055,2026-03-19 00:32:25.834834714+00:00,157.106,2026-03-19 00:32:25.584834714+00:00,pending_new,,,
2026-03-19 00:32:26.686952624+00:00,841,cancel_requested,ask,2200.6,0.11032251976800055,2026-03-19 00:32:25.834834714+00:00,157.106,2026-03-19 00:32:25.584834714+00:00,pending_cancel,expected_edge_ask,2026-03-19 00:32:26.686952624+00:00,2026-03-19 00:32:26.936952624+00:00
2026-03-19 00:32:26.686952624+00:00,842,placed,bid,2200.0,0.08967748023199947,2026-03-19 00:32:26.936952624+00:00,134.282,2026-03-19 00:32:26.686952624+00:00,pending_new,,,
2026-03-19 00:32:26.936952624+00:00,841,cancelled,ask,2200.6,0.11032251976800055,2026-03-19 00:32:25.834834714+00:00,157.106,2026-03-19 00:32:25.584834714+00:00,cancelled,expected_edge_ask,2026-03-19 00:32:26.686952624+00:00,2026-03-19 00:32:26.936952624+00:00
2026-03-19 00:32:28.121515152+00:00,842,cancel_requested,bid,2200.0,0.08967748023199947,2026-03-19 00:32:26.936952624+00:00,134.282,2026-03-19 00:32:26.686952624+00:00,pending_cancel,refresh_reprice,2026-03-19 00:32:28.121515152+00:00,2026-03-19 00:32:28.371515152+00:00
2026-03-19 00:32:28.121515152+00:00,843,placed,ask,2201.1,0.11032251976800055,2026-03-19 00:32:28.371515152+00:00,43.49,2026-03-19 00:32:28.121515152+00:00,pending_new,,,
2026-03-19 00:32:28.173394494+00:00,843,cancel_requested,ask,2201.1,0.11032251976800055,2026-03-19 00:32:28.371515152+00:00,43.49,2026-03-19 00:32:28.121515152+00:00,pending_cancel,expected_edge_ask,2026-03-19 00:32:28.173394494+00:00,2026-03-19 00:32:28.423394494+00:00
2026-03-19 00:32:28.371515152+00:00,842,cancelled,bid,2200.0,0.08967748023199947,2026-03-19 00:32:26.936952624+00:00,134.282,2026-03-19 00:32:26.686952624+00:00,cancelled,refresh_reprice,2026-03-19 00:32:28.121515152+00:00,2026-03-19 00:32:28.371515152+00:00
2026-03-19 00:32:28.423394494+00:00,843,cancelled,ask,2201.1,0.11032251976800055,2026-03-19 00:32:28.371515152+00:00,43.49,2026-03-19 00:32:28.121515152+00:00,cancelled,expected_edge_ask,2026-03-19 00:32:28.173394494+00:00,2026-03-19 00:32:28.423394494+00:00
2026-03-19 00:32:28.448843946+00:00,844,placed,bid,2200.4,0.08967748023199947,2026-03-19 00:32:28.698843946+00:00,38.463,2026-03-19 00:32:28.448843946+00:00,pending_new,,,
2026-03-19 00:32:32.567205465+00:00,844,cancel_requested,bid,2200.4,0.08967748023199947,2026-03-19 00:32:28.698843946+00:00,38.463,2026-03-19 00:32:28.448843946+00:00,pending_cancel,pressure_stop_bid,2026-03-19 00:32:32.567205465+00:00,2026-03-19 00:32:32.817205465+00:00
2026-03-19 00:32:32.567205465+00:00,845,placed,ask,2201.0,0.11032251976800055,2026-03-19 00:32:32.817205465+00:00,130.483,2026-03-19 00:32:32.567205465+00:00,pending_new,,,
2026-03-19 00:32:32.817205465+00:00,844,cancelled,bid,2200.4,0.08967748023199947,2026-03-19 00:32:28.698843946+00:00,38.463,2026-03-19 00:32:28.448843946+00:00,cancelled,pressure_stop_bid,2026-03-19 00:32:32.567205465+00:00,2026-03-19 00:32:32.817205465+00:00
2026-03-19 00:32:41.743891713+00:00,845,cancel_requested,ask,2201.0,0.11032251976800055,2026-03-19 00:32:32.817205465+00:00,130.483,2026-03-19 00:32:32.567205465+00:00,pending_cancel,refresh_reprice,2026-03-19 00:32:41.743891713+00:00,2026-03-19 00:32:41.993891713+00:00
2026-03-19 00:32:41.993891713+00:00,845,cancelled,ask,2201.0,0.11032251976800055,2026-03-19 00:32:32.817205465+00:00,130.483,2026-03-19 00:32:32.567205465+00:00,cancelled,refresh_reprice,2026-03-19 00:32:41.743891713+00:00,2026-03-19 00:32:41.993891713+00:00
2026-03-19 00:32:42.430054666+00:00,846,placed,ask,2200.6,0.11047202619833091,2026-03-19 00:32:42.680054666+00:00,178.785,2026-03-19 00:32:42.430054666+00:00,pending_new,,,
2026-03-19 00:32:43.445602076+00:00,846,cancel_requested,ask,2200.6,0.11047202619833091,2026-03-19 00:32:42.680054666+00:00,178.785,2026-03-19 00:32:42.430054666+00:00,pending_cancel,refresh_reprice,2026-03-19 00:32:43.445602076+00:00,2026-03-19 00:32:43.695602076+00:00
2026-03-19 00:32:43.695602076+00:00,846,cancelled,ask,2200.6,0.11047202619833091,2026-03-19 00:32:42.680054666+00:00,178.785,2026-03-19 00:32:42.430054666+00:00,cancelled,refresh_reprice,2026-03-19 00:32:43.445602076+00:00,2026-03-19 00:32:43.695602076+00:00
2026-03-19 00:32:43.735381801+00:00,847,placed,ask,2200.8,0.11047202619833091,2026-03-19 00:32:43.985381801+00:00,212.62599999999998,2026-03-19 00:32:43.735381801+00:00,pending_new,,,
2026-03-19 00:32:44.003231291+00:00,847,cancel_requested,ask,2200.8,0.11047202619833091,2026-03-19 00:32:43.985381801+00:00,212.62599999999998,2026-03-19 00:32:43.735381801+00:00,pending_cancel,pressure_stop_ask,2026-03-19 00:32:44.003231291+00:00,2026-03-19 00:32:44.253231291+00:00
2026-03-19 00:32:44.003231291+00:00,848,placed,bid,2199.8,0.08952797380166912,2026-03-19 00:32:44.253231291+00:00,188.378,2026-03-19 00:32:44.003231291+00:00,pending_new,,,
2026-03-19 00:32:44.253231291+00:00,847,cancelled,ask,2200.8,0.11047202619833091,2026-03-19 00:32:43.985381801+00:00,212.62599999999998,2026-03-19 00:32:43.735381801+00:00,cancelled,pressure_stop_ask,2026-03-19 00:32:44.003231291+00:00,2026-03-19 00:32:44.253231291+00:00
2026-03-19 00:32:44.771966314+00:00,848,cancel_requested,bid,2199.8,0.08952797380166912,2026-03-19 00:32:44.253231291+00:00,188.378,2026-03-19 00:32:44.003231291+00:00,pending_cancel,refresh_reprice,2026-03-19 00:32:44.771966314+00:00,2026-03-19 00:32:45.021966314+00:00
2026-03-19 00:32:45.021966314+00:00,848,cancelled,bid,2199.8,0.08952797380166912,2026-03-19 00:32:44.253231291+00:00,188.378,2026-03-19 00:32:44.003231291+00:00,cancelled,refresh_reprice,2026-03-19 00:32:44.771966314+00:00,2026-03-19 00:32:45.021966314+00:00
2026-03-19 00:32:45.067821667+00:00,849,placed,bid,2200.1,0.08952797380166912,2026-03-19 00:32:45.317821667+00:00,174.179,2026-03-19 00:32:45.067821667+00:00,pending_new,,,
2026-03-19 00:32:45.589584395+00:00,850,placed,ask,2201.5,0.11047202619833091,2026-03-19 00:32:45.839584395+00:00,136.966,2026-03-19 00:32:45.589584395+00:00,pending_new,,,
2026-03-19 00:32:46.190266294+00:00,849,cancel_requested,bid,2200.1,0.08952797380166912,2026-03-19 00:32:45.317821667+00:00,174.179,2026-03-19 00:32:45.067821667+00:00,pending_cancel,refresh_reprice,2026-03-19 00:32:46.190266294+00:00,2026-03-19 00:32:46.440266294+00:00
2026-03-19 00:32:46.190266294+00:00,850,cancel_requested,ask,2201.5,0.11047202619833091,2026-03-19 00:32:45.839584395+00:00,136.966,2026-03-19 00:32:45.589584395+00:00,pending_cancel,refresh_reprice,2026-03-19 00:32:46.190266294+00:00,2026-03-19 00:32:46.440266294+00:00
2026-03-19 00:32:46.440266294+00:00,849,cancelled,bid,2200.1,0.08952797380166912,2026-03-19 00:32:45.317821667+00:00,174.179,2026-03-19 00:32:45.067821667+00:00,cancelled,refresh_reprice,2026-03-19 00:32:46.190266294+00:00,2026-03-19 00:32:46.440266294+00:00
2026-03-19 00:32:46.440266294+00:00,850,cancelled,ask,2201.5,0.11047202619833091,2026-03-19 00:32:45.839584395+00:00,136.966,2026-03-19 00:32:45.589584395+00:00,cancelled,refresh_reprice,2026-03-19 00:32:46.190266294+00:00,2026-03-19 00:32:46.440266294+00:00
2026-03-19 00:32:46.471279338+00:00,851,placed,bid,2200.5,0.08952797380166912,2026-03-19 00:32:46.721279338+00:00,112.64599999999999,2026-03-19 00:32:46.471279338+00:00,pending_new,,,
2026-03-19 00:32:46.471279338+00:00,852,placed,ask,2201.2,0.11047202619833091,2026-03-19 00:32:46.721279338+00:00,87.387,2026-03-19 00:32:46.471279338+00:00,pending_new,,,
2026-03-19 00:32:47.269489839+00:00,851,cancel_requested,bid,2200.5,0.08952797380166912,2026-03-19 00:32:46.721279338+00:00,112.64599999999999,2026-03-19 00:32:46.471279338+00:00,pending_cancel,pressure_stop_bid,2026-03-19 00:32:47.269489839+00:00,2026-03-19 00:32:47.519489839+00:00
2026-03-19 00:32:47.519489839+00:00,851,cancelled,bid,2200.5,0.08952797380166912,2026-03-19 00:32:46.721279338+00:00,112.64599999999999,2026-03-19 00:32:46.471279338+00:00,cancelled,pressure_stop_bid,2026-03-19 00:32:47.269489839+00:00,2026-03-19 00:32:47.519489839+00:00
2026-03-19 00:32:47.523668048+00:00,853,placed,bid,2200.5,0.08952797380166912,2026-03-19 00:32:47.773668048+00:00,131.382,2026-03-19 00:32:47.523668048+00:00,pending_new,,,
2026-03-19 00:32:52.221579891+00:00,853,cancel_requested,bid,2200.5,0.08952797380166912,2026-03-19 00:32:47.773668048+00:00,131.382,2026-03-19 00:32:47.523668048+00:00,pending_cancel,pressure_stop_bid,2026-03-19 00:32:52.221579891+00:00,2026-03-19 00:32:52.471579891+00:00
2026-03-19 00:32:52.471579891+00:00,853,cancelled,bid,2200.5,0.08952797380166912,2026-03-19 00:32:47.773668048+00:00,131.382,2026-03-19 00:32:47.523668048+00:00,cancelled,pressure_stop_bid,2026-03-19 00:32:52.221579891+00:00,2026-03-19 00:32:52.471579891+00:00
2026-03-19 00:32:56.356884462+00:00,852,cancel_requested,ask,2201.2,0.11047202619833091,2026-03-19 00:32:46.721279338+00:00,87.387,2026-03-19 00:32:46.471279338+00:00,pending_cancel,expected_edge_ask,2026-03-19 00:32:56.356884462+00:00,2026-03-19 00:32:56.606884462+00:00
2026-03-19 00:32:56.356884462+00:00,854,placed,bid,2200.6,0.08951060221778855,2026-03-19 00:32:56.606884462+00:00,96.511,2026-03-19 00:32:56.356884462+00:00,pending_new,,,
2026-03-19 00:32:56.606884462+00:00,852,cancelled,ask,2201.2,0.11047202619833091,2026-03-19 00:32:46.721279338+00:00,87.387,2026-03-19 00:32:46.471279338+00:00,cancelled,expected_edge_ask,2026-03-19 00:32:56.356884462+00:00,2026-03-19 00:32:56.606884462+00:00
2026-03-19 00:32:56.641107242+00:00,855,placed,ask,2201.2,0.11048939778221148,2026-03-19 00:32:56.891107242+00:00,82.75200000000001,2026-03-19 00:32:56.641107242+00:00,pending_new,,,
2026-03-19 00:32:57.118899365+00:00,855,cancel_requested,ask,2201.2,0.11048939778221148,2026-03-19 00:32:56.891107242+00:00,82.75200000000001,2026-03-19 00:32:56.641107242+00:00,pending_cancel,expected_edge_ask,2026-03-19 00:32:57.118899365+00:00,2026-03-19 00:32:57.368899365+00:00
2026-03-19 00:32:57.365190377+00:00,854,cancel_requested,bid,2200.6,0.08951060221778855,2026-03-19 00:32:56.606884462+00:00,96.511,2026-03-19 00:32:56.356884462+00:00,pending_cancel,refresh_reprice,2026-03-19 00:32:57.365190377+00:00,2026-03-19 00:32:57.615190377+00:00
2026-03-19 00:32:57.368899365+00:00,855,cancelled,ask,2201.2,0.11048939778221148,2026-03-19 00:32:56.891107242+00:00,82.75200000000001,2026-03-19 00:32:56.641107242+00:00,cancelled,expected_edge_ask,2026-03-19 00:32:57.118899365+00:00,2026-03-19 00:32:57.368899365+00:00
2026-03-19 00:32:57.431043885+00:00,856,placed,ask,2201.5,0.11048939778221148,2026-03-19 00:32:57.681043885+00:00,95.023,2026-03-19 00:32:57.431043885+00:00,pending_new,,,
2026-03-19 00:32:57.532372858+00:00,856,cancel_requested,ask,2201.5,0.11048939778221148,2026-03-19 00:32:57.681043885+00:00,95.023,2026-03-19 00:32:57.431043885+00:00,pending_cancel,expected_edge_ask,2026-03-19 00:32:57.532372858+00:00,2026-03-19 00:32:57.782372858+00:00
2026-03-19 00:32:57.615190377+00:00,854,cancelled,bid,2200.6,0.08951060221778855,2026-03-19 00:32:56.606884462+00:00,96.511,2026-03-19 00:32:56.356884462+00:00,cancelled,refresh_reprice,2026-03-19 00:32:57.365190377+00:00,2026-03-19 00:32:57.615190377+00:00
2026-03-19 00:32:57.626736050+00:00,857,placed,bid,2200.8,0.08951060221778855,2026-03-19 00:32:57.876736050+00:00,93.97,2026-03-19 00:32:57.626736050+00:00,pending_new,,,
2026-03-19 00:32:57.782372858+00:00,856,cancelled,ask,2201.5,0.11048939778221148,2026-03-19 00:32:57.681043885+00:00,95.023,2026-03-19 00:32:57.431043885+00:00,cancelled,expected_edge_ask,2026-03-19 00:32:57.532372858+00:00,2026-03-19 00:32:57.782372858+00:00
2026-03-19 00:33:01.205590303+00:00,857,cancel_requested,bid,2200.8,0.08951060221778855,2026-03-19 00:32:57.876736050+00:00,93.97,2026-03-19 00:32:57.626736050+00:00,pending_cancel,pressure_stop_bid,2026-03-19 00:33:01.205590303+00:00,2026-03-19 00:33:01.455590303+00:00
2026-03-19 00:33:01.205590303+00:00,858,placed,ask,2201.4,0.11048939778221148,2026-03-19 00:33:01.455590303+00:00,154.974,2026-03-19 00:33:01.205590303+00:00,pending_new,,,
2026-03-19 00:33:01.256927242+00:00,858,cancel_requested,ask,2201.4,0.11048939778221148,2026-03-19 00:33:01.455590303+00:00,154.974,2026-03-19 00:33:01.205590303+00:00,pending_cancel,refresh_reprice,2026-03-19 00:33:01.256927242+00:00,2026-03-19 00:33:01.506927242+00:00
2026-03-19 00:33:01.455590303+00:00,857,cancelled,bid,2200.8,0.08951060221778855,2026-03-19 00:32:57.876736050+00:00,93.97,2026-03-19 00:32:57.626736050+00:00,cancelled,pressure_stop_bid,2026-03-19 00:33:01.205590303+00:00,2026-03-19 00:33:01.455590303+00:00
2026-03-19 00:33:01.506927242+00:00,858,cancelled,ask,2201.4,0.11048939778221148,2026-03-19 00:33:01.455590303+00:00,154.974,2026-03-19 00:33:01.205590303+00:00,cancelled,refresh_reprice,2026-03-19 00:33:01.256927242+00:00,2026-03-19 00:33:01.506927242+00:00
2026-03-19 00:33:01.563665953+00:00,859,placed,ask,2201.1,0.11048939778221148,2026-03-19 00:33:01.813665953+00:00,66.94,2026-03-19 00:33:01.563665953+00:00,pending_new,,,
2026-03-19 00:33:03.902984642+00:00,859,cancel_requested,ask,2201.1,0.11048939778221148,2026-03-19 00:33:01.813665953+00:00,66.94,2026-03-19 00:33:01.563665953+00:00,pending_cancel,pressure_stop_ask,2026-03-19 00:33:03.902984642+00:00,2026-03-19 00:33:04.152984642+00:00
2026-03-19 00:33:03.902984642+00:00,860,placed,bid,2200.2,0.08951060221778855,2026-03-19 00:33:04.152984642+00:00,143.542,2026-03-19 00:33:03.902984642+00:00,pending_new,,,
2026-03-19 00:33:04.152984642+00:00,859,cancelled,ask,2201.1,0.11048939778221148,2026-03-19 00:33:01.813665953+00:00,66.94,2026-03-19 00:33:01.563665953+00:00,cancelled,pressure_stop_ask,2026-03-19 00:33:03.902984642+00:00,2026-03-19 00:33:04.152984642+00:00
2026-03-19 00:33:04.162800624+00:00,861,placed,ask,2200.9,0.11048939778221148,2026-03-19 00:33:04.412800624+00:00,40.605,2026-03-19 00:33:04.162800624+00:00,pending_new,,,
2026-03-19 00:33:04.464032549+00:00,861,cancel_requested,ask,2200.9,0.11048939778221148,2026-03-19 00:33:04.412800624+00:00,40.605,2026-03-19 00:33:04.162800624+00:00,pending_cancel,expected_edge_ask,2026-03-19 00:33:04.464032549+00:00,2026-03-19 00:33:04.714032549+00:00
2026-03-19 00:33:04.714032549+00:00,861,cancelled,ask,2200.9,0.11048939778221148,2026-03-19 00:33:04.412800624+00:00,40.605,2026-03-19 00:33:04.162800624+00:00,cancelled,expected_edge_ask,2026-03-19 00:33:04.464032549+00:00,2026-03-19 00:33:04.714032549+00:00
2026-03-19 00:33:06.203163620+00:00,860,cancel_requested,bid,2200.2,0.08951060221778855,2026-03-19 00:33:04.152984642+00:00,143.542,2026-03-19 00:33:03.902984642+00:00,pending_cancel,pressure_stop_bid,2026-03-19 00:33:06.203163620+00:00,2026-03-19 00:33:06.453163620+00:00
2026-03-19 00:33:06.203163620+00:00,862,placed,ask,2200.8,0.11048939778221148,2026-03-19 00:33:06.453163620+00:00,106.874,2026-03-19 00:33:06.203163620+00:00,pending_new,,,
2026-03-19 00:33:06.453163620+00:00,860,cancelled,bid,2200.2,0.08951060221778855,2026-03-19 00:33:04.152984642+00:00,143.542,2026-03-19 00:33:03.902984642+00:00,cancelled,pressure_stop_bid,2026-03-19 00:33:06.203163620+00:00,2026-03-19 00:33:06.453163620+00:00
2026-03-19 00:33:07.781825872+00:00,862,cancel_requested,ask,2200.8,0.11048939778221148,2026-03-19 00:33:06.453163620+00:00,106.874,2026-03-19 00:33:06.203163620+00:00,pending_cancel,expected_edge_ask,2026-03-19 00:33:07.781825872+00:00,2026-03-19 00:33:08.031825872+00:00
2026-03-19 00:33:07.781825872+00:00,863,placed,bid,2200.2,0.08951060221778855,2026-03-19 00:33:08.031825872+00:00,57.958999999999996,2026-03-19 00:33:07.781825872+00:00,pending_new,,,
2026-03-19 00:33:08.031825872+00:00,862,cancelled,ask,2200.8,0.11048939778221148,2026-03-19 00:33:06.453163620+00:00,106.874,2026-03-19 00:33:06.203163620+00:00,cancelled,expected_edge_ask,2026-03-19 00:33:07.781825872+00:00,2026-03-19 00:33:08.031825872+00:00
2026-03-19 00:33:08.041983895+00:00,864,placed,ask,2200.8,0.11048939778221148,2026-03-19 00:33:08.291983895+00:00,104.19999999999999,2026-03-19 00:33:08.041983895+00:00,pending_new,,,
2026-03-19 00:33:10.035608213+00:00,863,cancel_requested,bid,2200.2,0.08951060221778855,2026-03-19 00:33:08.031825872+00:00,57.958999999999996,2026-03-19 00:33:07.781825872+00:00,pending_cancel,pressure_stop_bid,2026-03-19 00:33:10.035608213+00:00,2026-03-19 00:33:10.285608213+00:00
2026-03-19 00:33:10.285608213+00:00,863,cancelled,bid,2200.2,0.08951060221778855,2026-03-19 00:33:08.031825872+00:00,57.958999999999996,2026-03-19 00:33:07.781825872+00:00,cancelled,pressure_stop_bid,2026-03-19 00:33:10.035608213+00:00,2026-03-19 00:33:10.285608213+00:00
2026-03-19 00:33:14.982368632+00:00,865,placed,bid,2199.8,0.08951060221778855,2026-03-19 00:33:15.232368632+00:00,124.708,2026-03-19 00:33:14.982368632+00:00,pending_new,,,
2026-03-19 00:33:14.982368632+00:00,864,cancel_requested,ask,2200.8,0.11048939778221148,2026-03-19 00:33:08.291983895+00:00,104.19999999999999,2026-03-19 00:33:08.041983895+00:00,pending_cancel,refresh_reprice,2026-03-19 00:33:14.982368632+00:00,2026-03-19 00:33:15.232368632+00:00
2026-03-19 00:33:15.232368632+00:00,864,cancelled,ask,2200.8,0.11048939778221148,2026-03-19 00:33:08.291983895+00:00,104.19999999999999,2026-03-19 00:33:08.041983895+00:00,cancelled,refresh_reprice,2026-03-19 00:33:14.982368632+00:00,2026-03-19 00:33:15.232368632+00:00
2026-03-19 00:33:15.234714709+00:00,866,placed,ask,2200.5,0.11048939778221148,2026-03-19 00:33:15.484714709+00:00,99.804,2026-03-19 00:33:15.234714709+00:00,pending_new,,,
2026-03-19 00:33:15.282260311+00:00,865,cancel_requested,bid,2199.8,0.08951060221778855,2026-03-19 00:33:15.232368632+00:00,124.708,2026-03-19 00:33:14.982368632+00:00,pending_cancel,pressure_stop_bid,2026-03-19 00:33:15.282260311+00:00,2026-03-19 00:33:15.532260311+00:00
2026-03-19 00:33:15.532260311+00:00,865,cancelled,bid,2199.8,0.08951060221778855,2026-03-19 00:33:15.232368632+00:00,124.708,2026-03-19 00:33:14.982368632+00:00,cancelled,pressure_stop_bid,2026-03-19 00:33:15.282260311+00:00,2026-03-19 00:33:15.532260311+00:00
2026-03-19 00:33:16.157407382+00:00,867,placed,bid,2199.4,0.08938308262339792,2026-03-19 00:33:16.407407382+00:00,94.118,2026-03-19 00:33:16.157407382+00:00,pending_new,,,
2026-03-19 00:33:16.157407382+00:00,866,cancel_requested,ask,2200.5,0.11048939778221148,2026-03-19 00:33:15.484714709+00:00,99.804,2026-03-19 00:33:15.234714709+00:00,pending_cancel,refresh_reprice,2026-03-19 00:33:16.157407382+00:00,2026-03-19 00:33:16.407407382+00:00
2026-03-19 00:33:16.207147064+00:00,867,cancel_requested,bid,2199.4,0.08938308262339792,2026-03-19 00:33:16.407407382+00:00,94.118,2026-03-19 00:33:16.157407382+00:00,pending_cancel,pressure_stop_bid,2026-03-19 00:33:16.207147064+00:00,2026-03-19 00:33:16.457147064+00:00
2026-03-19 00:33:16.407407382+00:00,866,cancelled,ask,2200.5,0.11048939778221148,2026-03-19 00:33:15.484714709+00:00,99.804,2026-03-19 00:33:15.234714709+00:00,cancelled,refresh_reprice,2026-03-19 00:33:16.157407382+00:00,2026-03-19 00:33:16.407407382+00:00
2026-03-19 00:33:16.457147064+00:00,867,cancelled,bid,2199.4,0.08938308262339792,2026-03-19 00:33:16.407407382+00:00,94.118,2026-03-19 00:33:16.157407382+00:00,cancelled,pressure_stop_bid,2026-03-19 00:33:16.207147064+00:00,2026-03-19 00:33:16.457147064+00:00
2026-03-19 00:33:16.462741976+00:00,868,placed,bid,2199.5,0.08938308262339792,2026-03-19 00:33:16.712741976+00:00,124.001,2026-03-19 00:33:16.462741976+00:00,pending_new,,,
2026-03-19 00:33:18.912562962+00:00,868,cancel_requested,bid,2199.5,0.08938308262339792,2026-03-19 00:33:16.712741976+00:00,124.001,2026-03-19 00:33:16.462741976+00:00,pending_cancel,refresh_reprice,2026-03-19 00:33:18.912562962+00:00,2026-03-19 00:33:19.162562962+00:00
2026-03-19 00:33:18.963520050+00:00,869,placed,ask,2200.7,0.11061691737660209,2026-03-19 00:33:19.213520050+00:00,94.257,2026-03-19 00:33:18.963520050+00:00,pending_new,,,
2026-03-19 00:33:19.113660830+00:00,869,cancel_requested,ask,2200.7,0.11061691737660209,2026-03-19 00:33:19.213520050+00:00,94.257,2026-03-19 00:33:18.963520050+00:00,pending_cancel,pressure_stop_ask,2026-03-19 00:33:19.113660830+00:00,2026-03-19 00:33:19.363660830+00:00
2026-03-19 00:33:19.162562962+00:00,868,cancelled,bid,2199.5,0.08938308262339792,2026-03-19 00:33:16.712741976+00:00,124.001,2026-03-19 00:33:16.462741976+00:00,cancelled,refresh_reprice,2026-03-19 00:33:18.912562962+00:00,2026-03-19 00:33:19.162562962+00:00
2026-03-19 00:33:19.167364945+00:00,870,placed,bid,2200.1,0.08938308262339792,2026-03-19 00:33:19.417364945+00:00,48.798,2026-03-19 00:33:19.167364945+00:00,pending_new,,,
2026-03-19 00:33:19.363660830+00:00,869,cancelled,ask,2200.7,0.11061691737660209,2026-03-19 00:33:19.213520050+00:00,94.257,2026-03-19 00:33:18.963520050+00:00,cancelled,pressure_stop_ask,2026-03-19 00:33:19.113660830+00:00,2026-03-19 00:33:19.363660830+00:00
2026-03-19 00:33:22.534630675+00:00,870,cancel_requested,bid,2200.1,0.08938308262339792,2026-03-19 00:33:19.417364945+00:00,48.798,2026-03-19 00:33:19.167364945+00:00,pending_cancel,pressure_stop_bid,2026-03-19 00:33:22.534630675+00:00,2026-03-19 00:33:22.784630675+00:00
2026-03-19 00:33:22.534630675+00:00,871,placed,ask,2200.7,0.11061691737660209,2026-03-19 00:33:22.784630675+00:00,102.962,2026-03-19 00:33:22.534630675+00:00,pending_new,,,
2026-03-19 00:33:22.784630675+00:00,870,cancelled,bid,2200.1,0.08938308262339792,2026-03-19 00:33:19.417364945+00:00,48.798,2026-03-19 00:33:19.167364945+00:00,cancelled,pressure_stop_bid,2026-03-19 00:33:22.534630675+00:00,2026-03-19 00:33:22.784630675+00:00
2026-03-19 00:33:30.140178485+00:00,872,placed,bid,2199.9,0.08938308262339792,2026-03-19 00:33:30.390178485+00:00,136.91899999999998,2026-03-19 00:33:30.140178485+00:00,pending_new,,,
2026-03-19 00:33:31.303004653+00:00,872,cancel_requested,bid,2199.9,0.08938308262339792,2026-03-19 00:33:30.390178485+00:00,136.91899999999998,2026-03-19 00:33:30.140178485+00:00,pending_cancel,pressure_stop_bid,2026-03-19 00:33:31.303004653+00:00,2026-03-19 00:33:31.553004653+00:00
2026-03-19 00:33:31.362227730+00:00,871,cancel_requested,ask,2200.7,0.11061691737660209,2026-03-19 00:33:22.784630675+00:00,102.962,2026-03-19 00:33:22.534630675+00:00,pending_cancel,refresh_reprice,2026-03-19 00:33:31.362227730+00:00,2026-03-19 00:33:31.612227730+00:00
2026-03-19 00:33:31.553004653+00:00,872,cancelled,bid,2199.9,0.08938308262339792,2026-03-19 00:33:30.390178485+00:00,136.91899999999998,2026-03-19 00:33:30.140178485+00:00,cancelled,pressure_stop_bid,2026-03-19 00:33:31.303004653+00:00,2026-03-19 00:33:31.553004653+00:00
2026-03-19 00:33:31.612227730+00:00,871,cancelled,ask,2200.7,0.11061691737660209,2026-03-19 00:33:22.784630675+00:00,102.962,2026-03-19 00:33:22.534630675+00:00,cancelled,refresh_reprice,2026-03-19 00:33:31.362227730+00:00,2026-03-19 00:33:31.612227730+00:00
2026-03-19 00:33:31.636975882+00:00,873,placed,bid,2199.7,0.08938308262339792,2026-03-19 00:33:31.886975882+00:00,127.882,2026-03-19 00:33:31.636975882+00:00,pending_new,,,
2026-03-19 00:33:31.636975882+00:00,874,placed,ask,2200.4,0.11061691737660209,2026-03-19 00:33:31.886975882+00:00,94.721,2026-03-19 00:33:31.636975882+00:00,pending_new,,,
2026-03-19 00:33:35.035807973+00:00,874,cancel_requested,ask,2200.4,0.11061691737660209,2026-03-19 00:33:31.886975882+00:00,94.721,2026-03-19 00:33:31.636975882+00:00,pending_cancel,expected_edge_ask,2026-03-19 00:33:35.035807973+00:00,2026-03-19 00:33:35.285807973+00:00
2026-03-19 00:33:35.285807973+00:00,874,cancelled,ask,2200.4,0.11061691737660209,2026-03-19 00:33:31.886975882+00:00,94.721,2026-03-19 00:33:31.636975882+00:00,cancelled,expected_edge_ask,2026-03-19 00:33:35.035807973+00:00,2026-03-19 00:33:35.285807973+00:00
2026-03-19 00:33:39.427367021+00:00,873,cancel_requested,bid,2199.7,0.08938308262339792,2026-03-19 00:33:31.886975882+00:00,127.882,2026-03-19 00:33:31.636975882+00:00,pending_cancel,pressure_stop_bid,2026-03-19 00:33:39.427367021+00:00,2026-03-19 00:33:39.677367021+00:00
2026-03-19 00:33:39.427367021+00:00,875,placed,ask,2200.4,0.11060265308057585,2026-03-19 00:33:39.677367021+00:00,108.50399999999999,2026-03-19 00:33:39.427367021+00:00,pending_new,,,
2026-03-19 00:33:39.677367021+00:00,873,cancelled,bid,2199.7,0.08938308262339792,2026-03-19 00:33:31.886975882+00:00,127.882,2026-03-19 00:33:31.636975882+00:00,cancelled,pressure_stop_bid,2026-03-19 00:33:39.427367021+00:00,2026-03-19 00:33:39.677367021+00:00
2026-03-19 00:33:39.734031201+00:00,876,placed,bid,2199.5,0.08939734691942416,2026-03-19 00:33:39.984031201+00:00,54.38700000000001,2026-03-19 00:33:39.734031201+00:00,pending_new,,,
2026-03-19 00:33:39.734031201+00:00,875,cancel_requested,ask,2200.4,0.11060265308057585,2026-03-19 00:33:39.677367021+00:00,108.50399999999999,2026-03-19 00:33:39.427367021+00:00,pending_cancel,refresh_reprice,2026-03-19 00:33:39.734031201+00:00,2026-03-19 00:33:39.984031201+00:00
2026-03-19 00:33:39.984031201+00:00,875,cancelled,ask,2200.4,0.11060265308057585,2026-03-19 00:33:39.677367021+00:00,108.50399999999999,2026-03-19 00:33:39.427367021+00:00,cancelled,refresh_reprice,2026-03-19 00:33:39.734031201+00:00,2026-03-19 00:33:39.984031201+00:00
2026-03-19 00:33:40.032278173+00:00,877,placed,ask,2200.1,0.11060265308057585,2026-03-19 00:33:40.282278173+00:00,58.67699999999999,2026-03-19 00:33:40.032278173+00:00,pending_new,,,
2026-03-19 00:33:40.193469445+00:00,876,cancel_requested,bid,2199.5,0.08939734691942416,2026-03-19 00:33:39.984031201+00:00,54.38700000000001,2026-03-19 00:33:39.734031201+00:00,pending_cancel,pressure_stop_bid,2026-03-19 00:33:40.193469445+00:00,2026-03-19 00:33:40.443469445+00:00
2026-03-19 00:33:40.443469445+00:00,876,cancelled,bid,2199.5,0.08939734691942416,2026-03-19 00:33:39.984031201+00:00,54.38700000000001,2026-03-19 00:33:39.734031201+00:00,cancelled,pressure_stop_bid,2026-03-19 00:33:40.193469445+00:00,2026-03-19 00:33:40.443469445+00:00
2026-03-19 00:33:48.738353432+00:00,877,cancel_requested,ask,2200.1,0.11060265308057585,2026-03-19 00:33:40.282278173+00:00,58.67699999999999,2026-03-19 00:33:40.032278173+00:00,pending_cancel,refresh_reprice,2026-03-19 00:33:48.738353432+00:00,2026-03-19 00:33:48.988353432+00:00
2026-03-19 00:33:48.988353432+00:00,877,cancelled,ask,2200.1,0.11060265308057585,2026-03-19 00:33:40.282278173+00:00,58.67699999999999,2026-03-19 00:33:40.032278173+00:00,cancelled,refresh_reprice,2026-03-19 00:33:48.738353432+00:00,2026-03-19 00:33:48.988353432+00:00
2026-03-19 00:33:49.017744799+00:00,878,placed,ask,2199.8,0.11060265308057585,2026-03-19 00:33:49.267744799+00:00,79.827,2026-03-19 00:33:49.017744799+00:00,pending_new,,,
2026-03-19 00:33:49.990397251+00:00,878,cancel_requested,ask,2199.8,0.11060265308057585,2026-03-19 00:33:49.267744799+00:00,79.827,2026-03-19 00:33:49.017744799+00:00,pending_cancel,refresh_reprice,2026-03-19 00:33:49.990397251+00:00,2026-03-19 00:33:50.240397251+00:00
2026-03-19 00:33:50.199626440+00:00,879,placed,bid,2198.9,0.08939734691942416,2026-03-19 00:33:50.449626440+00:00,18.456999999999997,2026-03-19 00:33:50.199626440+00:00,pending_new,,,
2026-03-19 00:33:50.240397251+00:00,878,cancelled,ask,2199.8,0.11060265308057585,2026-03-19 00:33:49.267744799+00:00,79.827,2026-03-19 00:33:49.017744799+00:00,cancelled,refresh_reprice,2026-03-19 00:33:49.990397251+00:00,2026-03-19 00:33:50.240397251+00:00
2026-03-19 00:33:50.250645764+00:00,879,cancel_requested,bid,2198.9,0.08939734691942416,2026-03-19 00:33:50.449626440+00:00,18.456999999999997,2026-03-19 00:33:50.199626440+00:00,pending_cancel,pressure_stop_bid,2026-03-19 00:33:50.250645764+00:00,2026-03-19 00:33:50.500645764+00:00
2026-03-19 00:33:50.250645764+00:00,880,placed,ask,2199.5,0.11060265308057585,2026-03-19 00:33:50.500645764+00:00,135.029,2026-03-19 00:33:50.250645764+00:00,pending_new,,,
2026-03-19 00:33:50.352350791+00:00,880,cancel_requested,ask,2199.5,0.11060265308057585,2026-03-19 00:33:50.500645764+00:00,135.029,2026-03-19 00:33:50.250645764+00:00,pending_cancel,expected_edge_ask,2026-03-19 00:33:50.352350791+00:00,2026-03-19 00:33:50.602350791+00:00
2026-03-19 00:33:50.500645764+00:00,879,cancelled,bid,2198.9,0.08939734691942416,2026-03-19 00:33:50.449626440+00:00,18.456999999999997,2026-03-19 00:33:50.199626440+00:00,cancelled,pressure_stop_bid,2026-03-19 00:33:50.250645764+00:00,2026-03-19 00:33:50.500645764+00:00
2026-03-19 00:33:50.602350791+00:00,880,cancelled,ask,2199.5,0.11060265308057585,2026-03-19 00:33:50.500645764+00:00,135.029,2026-03-19 00:33:50.250645764+00:00,cancelled,expected_edge_ask,2026-03-19 00:33:50.352350791+00:00,2026-03-19 00:33:50.602350791+00:00
2026-03-19 00:33:50.602957892+00:00,881,placed,ask,2198.9,0.11060265308057585,2026-03-19 00:33:50.852957892+00:00,144.91000000000003,2026-03-19 00:33:50.602957892+00:00,pending_new,,,
2026-03-19 00:33:51.831584649+00:00,882,placed,bid,2197.4,0.08939734691942416,2026-03-19 00:33:52.081584649+00:00,160.12199999999999,2026-03-19 00:33:51.831584649+00:00,pending_new,,,
2026-03-19 00:33:51.881005667+00:00,882,cancel_requested,bid,2197.4,0.08939734691942416,2026-03-19 00:33:52.081584649+00:00,160.12199999999999,2026-03-19 00:33:51.831584649+00:00,pending_cancel,pressure_stop_bid,2026-03-19 00:33:51.881005667+00:00,2026-03-19 00:33:52.131005667+00:00
2026-03-19 00:33:52.131005667+00:00,882,cancelled,bid,2197.4,0.08939734691942416,2026-03-19 00:33:52.081584649+00:00,160.12199999999999,2026-03-19 00:33:51.831584649+00:00,cancelled,pressure_stop_bid,2026-03-19 00:33:51.881005667+00:00,2026-03-19 00:33:52.131005667+00:00
2026-03-19 00:33:52.137664124+00:00,883,placed,bid,2197.3,0.08939734691942416,2026-03-19 00:33:52.387664124+00:00,165.816,2026-03-19 00:33:52.137664124+00:00,pending_new,,,
2026-03-19 00:33:52.137664124+00:00,881,cancel_requested,ask,2198.9,0.11060265308057585,2026-03-19 00:33:50.852957892+00:00,144.91000000000003,2026-03-19 00:33:50.602957892+00:00,pending_cancel,refresh_reprice,2026-03-19 00:33:52.137664124+00:00,2026-03-19 00:33:52.387664124+00:00
2026-03-19 00:33:52.341647261+00:00,883,cancel_requested,bid,2197.3,0.08939734691942416,2026-03-19 00:33:52.387664124+00:00,165.816,2026-03-19 00:33:52.137664124+00:00,pending_cancel,pressure_stop_bid,2026-03-19 00:33:52.341647261+00:00,2026-03-19 00:33:52.591647261+00:00
2026-03-19 00:33:52.387664124+00:00,881,cancelled,ask,2198.9,0.11060265308057585,2026-03-19 00:33:50.852957892+00:00,144.91000000000003,2026-03-19 00:33:50.602957892+00:00,cancelled,refresh_reprice,2026-03-19 00:33:52.137664124+00:00,2026-03-19 00:33:52.387664124+00:00
2026-03-19 00:33:52.392115392+00:00,884,placed,ask,2198.6,0.11060265308057585,2026-03-19 00:33:52.642115392+00:00,281.72299999999996,2026-03-19 00:33:52.392115392+00:00,pending_new,,,
2026-03-19 00:33:52.591647261+00:00,883,cancelled,bid,2197.3,0.08939734691942416,2026-03-19 00:33:52.387664124+00:00,165.816,2026-03-19 00:33:52.137664124+00:00,cancelled,pressure_stop_bid,2026-03-19 00:33:52.341647261+00:00,2026-03-19 00:33:52.591647261+00:00
2026-03-19 00:33:52.851716031+00:00,884,cancel_requested,ask,2198.6,0.11060265308057585,2026-03-19 00:33:52.642115392+00:00,281.72299999999996,2026-03-19 00:33:52.392115392+00:00,pending_cancel,refresh_reprice,2026-03-19 00:33:52.851716031+00:00,2026-03-19 00:33:53.101716031+00:00
2026-03-19 00:33:53.098835127+00:00,885,placed,bid,2196.7,0.08939734691942416,2026-03-19 00:33:53.348835127+00:00,177.348,2026-03-19 00:33:53.098835127+00:00,pending_new,,,
2026-03-19 00:33:53.101716031+00:00,884,cancelled,ask,2198.6,0.11060265308057585,2026-03-19 00:33:52.642115392+00:00,281.72299999999996,2026-03-19 00:33:52.392115392+00:00,cancelled,refresh_reprice,2026-03-19 00:33:52.851716031+00:00,2026-03-19 00:33:53.101716031+00:00
2026-03-19 00:33:53.137551177+00:00,886,placed,ask,2198.1,0.11060265308057585,2026-03-19 00:33:53.387551177+00:00,210.047,2026-03-19 00:33:53.137551177+00:00,pending_new,,,
2026-03-19 00:33:53.387392244+00:00,885,cancel_requested,bid,2196.7,0.08939734691942416,2026-03-19 00:33:53.348835127+00:00,177.348,2026-03-19 00:33:53.098835127+00:00,pending_cancel,pressure_stop_bid,2026-03-19 00:33:53.387392244+00:00,2026-03-19 00:33:53.637392244+00:00
2026-03-19 00:33:53.565187945+00:00,886,cancel_requested,ask,2198.1,0.11060265308057585,2026-03-19 00:33:53.387551177+00:00,210.047,2026-03-19 00:33:53.137551177+00:00,pending_cancel,refresh_reprice,2026-03-19 00:33:53.565187945+00:00,2026-03-19 00:33:53.815187945+00:00
2026-03-19 00:33:53.637392244+00:00,885,cancelled,bid,2196.7,0.08939734691942416,2026-03-19 00:33:53.348835127+00:00,177.348,2026-03-19 00:33:53.098835127+00:00,cancelled,pressure_stop_bid,2026-03-19 00:33:53.387392244+00:00,2026-03-19 00:33:53.637392244+00:00
2026-03-19 00:33:53.815187945+00:00,886,cancelled,ask,2198.1,0.11060265308057585,2026-03-19 00:33:53.387551177+00:00,210.047,2026-03-19 00:33:53.137551177+00:00,cancelled,refresh_reprice,2026-03-19 00:33:53.565187945+00:00,2026-03-19 00:33:53.815187945+00:00
2026-03-19 00:33:53.862448121+00:00,887,placed,ask,2197.6,0.11060265308057585,2026-03-19 00:33:54.112448121+00:00,224.92600000000002,2026-03-19 00:33:53.862448121+00:00,pending_new,,,
2026-03-19 00:33:54.635236786+00:00,887,cancel_requested,ask,2197.6,0.11060265308057585,2026-03-19 00:33:54.112448121+00:00,224.92600000000002,2026-03-19 00:33:53.862448121+00:00,pending_cancel,refresh_reprice,2026-03-19 00:33:54.635236786+00:00,2026-03-19 00:33:54.885236786+00:00
2026-03-19 00:33:54.885236786+00:00,887,cancelled,ask,2197.6,0.11060265308057585,2026-03-19 00:33:54.112448121+00:00,224.92600000000002,2026-03-19 00:33:53.862448121+00:00,cancelled,refresh_reprice,2026-03-19 00:33:54.635236786+00:00,2026-03-19 00:33:54.885236786+00:00
2026-03-19 00:33:54.885430285+00:00,888,placed,ask,2197.2,0.11060265308057585,2026-03-19 00:33:55.135430285+00:00,224.988,2026-03-19 00:33:54.885430285+00:00,pending_new,,,
2026-03-19 00:33:57.797136696+00:00,888,cancel_requested,ask,2197.2,0.11060265308057585,2026-03-19 00:33:55.135430285+00:00,224.988,2026-03-19 00:33:54.885430285+00:00,pending_cancel,refresh_reprice,2026-03-19 00:33:57.797136696+00:00,2026-03-19 00:33:58.047136696+00:00
2026-03-19 00:33:58.047136696+00:00,888,cancelled,ask,2197.2,0.11060265308057585,2026-03-19 00:33:55.135430285+00:00,224.988,2026-03-19 00:33:54.885430285+00:00,cancelled,refresh_reprice,2026-03-19 00:33:57.797136696+00:00,2026-03-19 00:33:58.047136696+00:00
2026-03-19 00:33:58.056529865+00:00,889,placed,ask,2196.7,0.11121470849703248,2026-03-19 00:33:58.306529865+00:00,106.46100000000001,2026-03-19 00:33:58.056529865+00:00,pending_new,,,
2026-03-19 00:34:00.403383796+00:00,890,placed,bid,2195.1,0.08878529150296754,2026-03-19 00:34:00.653383796+00:00,152.235,2026-03-19 00:34:00.403383796+00:00,pending_new,,,
2026-03-19 00:34:00.598655953+00:00,890,cancel_requested,bid,2195.1,0.08878529150296754,2026-03-19 00:34:00.653383796+00:00,152.235,2026-03-19 00:34:00.403383796+00:00,pending_cancel,pressure_stop_bid,2026-03-19 00:34:00.598655953+00:00,2026-03-19 00:34:00.848655953+00:00
2026-03-19 00:34:00.848655953+00:00,890,cancelled,bid,2195.1,0.08878529150296754,2026-03-19 00:34:00.653383796+00:00,152.235,2026-03-19 00:34:00.403383796+00:00,cancelled,pressure_stop_bid,2026-03-19 00:34:00.598655953+00:00,2026-03-19 00:34:00.848655953+00:00
2026-03-19 00:34:00.862482762+00:00,891,placed,bid,2195.2,0.08878529150296754,2026-03-19 00:34:01.112482762+00:00,150.14999999999998,2026-03-19 00:34:00.862482762+00:00,pending_new,,,
2026-03-19 00:34:01.466846119+00:00,891,cancel_requested,bid,2195.2,0.08878529150296754,2026-03-19 00:34:01.112482762+00:00,150.14999999999998,2026-03-19 00:34:00.862482762+00:00,pending_cancel,pressure_stop_bid,2026-03-19 00:34:01.466846119+00:00,2026-03-19 00:34:01.716846119+00:00
2026-03-19 00:34:01.466846119+00:00,889,cancel_requested,ask,2196.7,0.11121470849703248,2026-03-19 00:33:58.306529865+00:00,106.46100000000001,2026-03-19 00:33:58.056529865+00:00,pending_cancel,refresh_reprice,2026-03-19 00:34:01.466846119+00:00,2026-03-19 00:34:01.716846119+00:00
2026-03-19 00:34:01.716846119+00:00,891,cancelled,bid,2195.2,0.08878529150296754,2026-03-19 00:34:01.112482762+00:00,150.14999999999998,2026-03-19 00:34:00.862482762+00:00,cancelled,pressure_stop_bid,2026-03-19 00:34:01.466846119+00:00,2026-03-19 00:34:01.716846119+00:00
2026-03-19 00:34:01.716846119+00:00,889,cancelled,ask,2196.7,0.11121470849703248,2026-03-19 00:33:58.306529865+00:00,106.46100000000001,2026-03-19 00:33:58.056529865+00:00,cancelled,refresh_reprice,2026-03-19 00:34:01.466846119+00:00,2026-03-19 00:34:01.716846119+00:00
2026-03-19 00:34:01.775540050+00:00,892,placed,ask,2196.4,0.11121470849703248,2026-03-19 00:34:02.025540050+00:00,223.02500000000003,2026-03-19 00:34:01.775540050+00:00,pending_new,,,
2026-03-19 00:34:02.339169721+00:00,892,cancel_requested,ask,2196.4,0.11121470849703248,2026-03-19 00:34:02.025540050+00:00,223.02500000000003,2026-03-19 00:34:01.775540050+00:00,pending_cancel,pressure_stop_ask,2026-03-19 00:34:02.339169721+00:00,2026-03-19 00:34:02.589169721+00:00
2026-03-19 00:34:02.339169721+00:00,893,placed,bid,2195.0,0.08878529150296754,2026-03-19 00:34:02.589169721+00:00,184.552,2026-03-19 00:34:02.339169721+00:00,pending_new,,,
2026-03-19 00:34:02.589169721+00:00,892,cancelled,ask,2196.4,0.11121470849703248,2026-03-19 00:34:02.025540050+00:00,223.02500000000003,2026-03-19 00:34:01.775540050+00:00,cancelled,pressure_stop_ask,2026-03-19 00:34:02.339169721+00:00,2026-03-19 00:34:02.589169721+00:00
2026-03-19 00:34:05.193110683+00:00,893,cancel_requested,bid,2195.0,0.08878529150296754,2026-03-19 00:34:02.589169721+00:00,184.552,2026-03-19 00:34:02.339169721+00:00,pending_cancel,pressure_stop_bid,2026-03-19 00:34:05.193110683+00:00,2026-03-19 00:34:05.443110683+00:00
2026-03-19 00:34:05.193110683+00:00,894,placed,ask,2196.5,0.11121470849703248,2026-03-19 00:34:05.443110683+00:00,245.568,2026-03-19 00:34:05.193110683+00:00,pending_new,,,
2026-03-19 00:34:05.443110683+00:00,893,cancelled,bid,2195.0,0.08878529150296754,2026-03-19 00:34:02.589169721+00:00,184.552,2026-03-19 00:34:02.339169721+00:00,cancelled,pressure_stop_bid,2026-03-19 00:34:05.193110683+00:00,2026-03-19 00:34:05.443110683+00:00
2026-03-19 00:34:05.492917033+00:00,895,placed,bid,2195.0,0.08878529150296754,2026-03-19 00:34:05.742917033+00:00,208.00999999999996,2026-03-19 00:34:05.492917033+00:00,pending_new,,,
2026-03-19 00:34:05.966700786+00:00,895,cancel_requested,bid,2195.0,0.08878529150296754,2026-03-19 00:34:05.742917033+00:00,208.00999999999996,2026-03-19 00:34:05.492917033+00:00,pending_cancel,pressure_stop_bid,2026-03-19 00:34:05.966700786+00:00,2026-03-19 00:34:06.216700786+00:00
2026-03-19 00:34:06.216700786+00:00,895,cancelled,bid,2195.0,0.08878529150296754,2026-03-19 00:34:05.742917033+00:00,208.00999999999996,2026-03-19 00:34:05.492917033+00:00,cancelled,pressure_stop_bid,2026-03-19 00:34:05.966700786+00:00,2026-03-19 00:34:06.216700786+00:00
2026-03-19 00:34:06.322274256+00:00,896,placed,bid,2194.6,0.08878529150296754,2026-03-19 00:34:06.572274256+00:00,140.827,2026-03-19 00:34:06.322274256+00:00,pending_new,,,
2026-03-19 00:34:06.322274256+00:00,894,cancel_requested,ask,2196.5,0.11121470849703248,2026-03-19 00:34:05.443110683+00:00,245.568,2026-03-19 00:34:05.193110683+00:00,pending_cancel,refresh_reprice,2026-03-19 00:34:06.322274256+00:00,2026-03-19 00:34:06.572274256+00:00
2026-03-19 00:34:06.373205014+00:00,896,cancel_requested,bid,2194.6,0.08878529150296754,2026-03-19 00:34:06.572274256+00:00,140.827,2026-03-19 00:34:06.322274256+00:00,pending_cancel,pressure_stop_bid,2026-03-19 00:34:06.373205014+00:00,2026-03-19 00:34:06.623205014+00:00
2026-03-19 00:34:06.572274256+00:00,894,cancelled,ask,2196.5,0.11121470849703248,2026-03-19 00:34:05.443110683+00:00,245.568,2026-03-19 00:34:05.193110683+00:00,cancelled,refresh_reprice,2026-03-19 00:34:06.322274256+00:00,2026-03-19 00:34:06.572274256+00:00
2026-03-19 00:34:06.577483768+00:00,897,placed,ask,2196.0,0.11121470849703248,2026-03-19 00:34:06.827483768+00:00,197.876,2026-03-19 00:34:06.577483768+00:00,pending_new,,,
2026-03-19 00:34:06.623205014+00:00,896,cancelled,bid,2194.6,0.08878529150296754,2026-03-19 00:34:06.572274256+00:00,140.827,2026-03-19 00:34:06.322274256+00:00,cancelled,pressure_stop_bid,2026-03-19 00:34:06.373205014+00:00,2026-03-19 00:34:06.623205014+00:00
2026-03-19 00:34:06.661198809+00:00,898,placed,bid,2194.5,0.08878529150296754,2026-03-19 00:34:06.911198809+00:00,159.10000000000002,2026-03-19 00:34:06.661198809+00:00,pending_new,,,
2026-03-19 00:34:07.697852959+00:00,898,cancel_requested,bid,2194.5,0.08878529150296754,2026-03-19 00:34:06.911198809+00:00,159.10000000000002,2026-03-19 00:34:06.661198809+00:00,pending_cancel,pressure_stop_bid,2026-03-19 00:34:07.697852959+00:00,2026-03-19 00:34:07.947852959+00:00
2026-03-19 00:34:07.947852959+00:00,898,cancelled,bid,2194.5,0.08878529150296754,2026-03-19 00:34:06.911198809+00:00,159.10000000000002,2026-03-19 00:34:06.661198809+00:00,cancelled,pressure_stop_bid,2026-03-19 00:34:07.697852959+00:00,2026-03-19 00:34:07.947852959+00:00
2026-03-19 00:34:13.035291712+00:00,899,placed,bid,2194.5,0.08878529150296754,2026-03-19 00:34:13.285291712+00:00,216.91699999999997,2026-03-19 00:34:13.035291712+00:00,pending_new,,,
2026-03-19 00:34:13.317218559+00:00,899,cancel_requested,bid,2194.5,0.08878529150296754,2026-03-19 00:34:13.285291712+00:00,216.91699999999997,2026-03-19 00:34:13.035291712+00:00,pending_cancel,pressure_stop_bid,2026-03-19 00:34:13.317218559+00:00,2026-03-19 00:34:13.567218559+00:00
2026-03-19 00:34:13.317218559+00:00,897,cancel_requested,ask,2196.0,0.11121470849703248,2026-03-19 00:34:06.827483768+00:00,197.876,2026-03-19 00:34:06.577483768+00:00,pending_cancel,refresh_reprice,2026-03-19 00:34:13.317218559+00:00,2026-03-19 00:34:13.567218559+00:00
2026-03-19 00:34:13.567218559+00:00,899,cancelled,bid,2194.5,0.08878529150296754,2026-03-19 00:34:13.285291712+00:00,216.91699999999997,2026-03-19 00:34:13.035291712+00:00,cancelled,pressure_stop_bid,2026-03-19 00:34:13.317218559+00:00,2026-03-19 00:34:13.567218559+00:00
2026-03-19 00:34:13.567218559+00:00,897,cancelled,ask,2196.0,0.11121470849703248,2026-03-19 00:34:06.827483768+00:00,197.876,2026-03-19 00:34:06.577483768+00:00,cancelled,refresh_reprice,2026-03-19 00:34:13.317218559+00:00,2026-03-19 00:34:13.567218559+00:00
2026-03-19 00:34:13.671042282+00:00,900,placed,bid,2193.6,0.08878529150296754,2026-03-19 00:34:13.921042282+00:00,149.71200000000002,2026-03-19 00:34:13.671042282+00:00,pending_new,,,
2026-03-19 00:34:13.671042282+00:00,901,placed,ask,2195.3,0.11121470849703248,2026-03-19 00:34:13.921042282+00:00,215.132,2026-03-19 00:34:13.671042282+00:00,pending_new,,,
2026-03-19 00:34:13.877999688+00:00,900,cancel_requested,bid,2193.6,0.08878529150296754,2026-03-19 00:34:13.921042282+00:00,149.71200000000002,2026-03-19 00:34:13.671042282+00:00,pending_cancel,refresh_reprice,2026-03-19 00:34:13.877999688+00:00,2026-03-19 00:34:14.127999688+00:00
2026-03-19 00:34:13.877999688+00:00,901,cancel_requested,ask,2195.3,0.11121470849703248,2026-03-19 00:34:13.921042282+00:00,215.132,2026-03-19 00:34:13.671042282+00:00,pending_cancel,refresh_reprice,2026-03-19 00:34:13.877999688+00:00,2026-03-19 00:34:14.127999688+00:00
2026-03-19 00:34:14.127999688+00:00,900,cancelled,bid,2193.6,0.08878529150296754,2026-03-19 00:34:13.921042282+00:00,149.71200000000002,2026-03-19 00:34:13.671042282+00:00,cancelled,refresh_reprice,2026-03-19 00:34:13.877999688+00:00,2026-03-19 00:34:14.127999688+00:00
2026-03-19 00:34:14.127999688+00:00,901,cancelled,ask,2195.3,0.11121470849703248,2026-03-19 00:34:13.921042282+00:00,215.132,2026-03-19 00:34:13.671042282+00:00,cancelled,refresh_reprice,2026-03-19 00:34:13.877999688+00:00,2026-03-19 00:34:14.127999688+00:00
2026-03-19 00:34:14.132531377+00:00,902,placed,bid,2194.0,0.08878529150296754,2026-03-19 00:34:14.382531377+00:00,140.82500000000002,2026-03-19 00:34:14.132531377+00:00,pending_new,,,
2026-03-19 00:34:14.132531377+00:00,903,placed,ask,2195.8,0.11121470849703248,2026-03-19 00:34:14.382531377+00:00,217.75099999999998,2026-03-19 00:34:14.132531377+00:00,pending_new,,,
2026-03-19 00:34:14.797868564+00:00,903,cancel_requested,ask,2195.8,0.11121470849703248,2026-03-19 00:34:14.382531377+00:00,217.75099999999998,2026-03-19 00:34:14.132531377+00:00,pending_cancel,pressure_stop_ask,2026-03-19 00:34:14.797868564+00:00,2026-03-19 00:34:15.047868564+00:00
2026-03-19 00:34:15.047868564+00:00,903,cancelled,ask,2195.8,0.11121470849703248,2026-03-19 00:34:14.382531377+00:00,217.75099999999998,2026-03-19 00:34:14.132531377+00:00,cancelled,pressure_stop_ask,2026-03-19 00:34:14.797868564+00:00,2026-03-19 00:34:15.047868564+00:00
2026-03-19 00:34:15.088067428+00:00,904,placed,ask,2196.0,0.11121470849703248,2026-03-19 00:34:15.338067428+00:00,222.40200000000004,2026-03-19 00:34:15.088067428+00:00,pending_new,,,
2026-03-19 00:34:15.975811023+00:00,902,cancel_requested,bid,2194.0,0.08878529150296754,2026-03-19 00:34:14.382531377+00:00,140.82500000000002,2026-03-19 00:34:14.132531377+00:00,pending_cancel,pressure_stop_bid,2026-03-19 00:34:15.975811023+00:00,2026-03-19 00:34:16.225811023+00:00
2026-03-19 00:34:16.225811023+00:00,902,cancelled,bid,2194.0,0.08878529150296754,2026-03-19 00:34:14.382531377+00:00,140.82500000000002,2026-03-19 00:34:14.132531377+00:00,cancelled,pressure_stop_bid,2026-03-19 00:34:15.975811023+00:00,2026-03-19 00:34:16.225811023+00:00
2026-03-19 00:34:16.226622654+00:00,904,cancel_requested,ask,2196.0,0.11121470849703248,2026-03-19 00:34:15.338067428+00:00,222.40200000000004,2026-03-19 00:34:15.088067428+00:00,pending_cancel,refresh_reprice,2026-03-19 00:34:16.226622654+00:00,2026-03-19 00:34:16.476622654+00:00
2026-03-19 00:34:16.476622654+00:00,904,cancelled,ask,2196.0,0.11121470849703248,2026-03-19 00:34:15.338067428+00:00,222.40200000000004,2026-03-19 00:34:15.088067428+00:00,cancelled,refresh_reprice,2026-03-19 00:34:16.226622654+00:00,2026-03-19 00:34:16.476622654+00:00
2026-03-19 00:34:16.485345563+00:00,905,placed,ask,2195.7,0.11121470849703248,2026-03-19 00:34:16.735345563+00:00,232.76399999999998,2026-03-19 00:34:16.485345563+00:00,pending_new,,,
2026-03-19 00:34:17.711449068+00:00,906,placed,bid,2194.2,0.08880784338540187,2026-03-19 00:34:17.961449068+00:00,172.228,2026-03-19 00:34:17.711449068+00:00,pending_new,,,
2026-03-19 00:34:17.711449068+00:00,905,cancel_requested,ask,2195.7,0.11121470849703248,2026-03-19 00:34:16.735345563+00:00,232.76399999999998,2026-03-19 00:34:16.485345563+00:00,pending_cancel,refresh_reprice,2026-03-19 00:34:17.711449068+00:00,2026-03-19 00:34:17.961449068+00:00
2026-03-19 00:34:17.961449068+00:00,905,cancelled,ask,2195.7,0.11121470849703248,2026-03-19 00:34:16.735345563+00:00,232.76399999999998,2026-03-19 00:34:16.485345563+00:00,cancelled,refresh_reprice,2026-03-19 00:34:17.711449068+00:00,2026-03-19 00:34:17.961449068+00:00
2026-03-19 00:34:18.162086263+00:00,906,cancel_requested,bid,2194.2,0.08880784338540187,2026-03-19 00:34:17.961449068+00:00,172.228,2026-03-19 00:34:17.711449068+00:00,pending_cancel,refresh_reprice,2026-03-19 00:34:18.162086263+00:00,2026-03-19 00:34:18.412086263+00:00
2026-03-19 00:34:18.412086263+00:00,906,cancelled,bid,2194.2,0.08880784338540187,2026-03-19 00:34:17.961449068+00:00,172.228,2026-03-19 00:34:17.711449068+00:00,cancelled,refresh_reprice,2026-03-19 00:34:18.162086263+00:00,2026-03-19 00:34:18.412086263+00:00
2026-03-19 00:34:18.417397904+00:00,907,placed,bid,2194.4,0.08880784338540187,2026-03-19 00:34:18.667397904+00:00,219.32999999999998,2026-03-19 00:34:18.417397904+00:00,pending_new,,,
2026-03-19 00:34:19.340527195+00:00,907,cancel_requested,bid,2194.4,0.08880784338540187,2026-03-19 00:34:18.667397904+00:00,219.32999999999998,2026-03-19 00:34:18.417397904+00:00,pending_cancel,refresh_reprice,2026-03-19 00:34:19.340527195+00:00,2026-03-19 00:34:19.590527195+00:00
2026-03-19 00:34:19.340527195+00:00,908,placed,ask,2195.9,0.11119215661459814,2026-03-19 00:34:19.590527195+00:00,69.237,2026-03-19 00:34:19.340527195+00:00,pending_new,,,
2026-03-19 00:34:19.590527195+00:00,907,cancelled,bid,2194.4,0.08880784338540187,2026-03-19 00:34:18.667397904+00:00,219.32999999999998,2026-03-19 00:34:18.417397904+00:00,cancelled,refresh_reprice,2026-03-19 00:34:19.340527195+00:00,2026-03-19 00:34:19.590527195+00:00
2026-03-19 00:34:19.593541116+00:00,909,placed,bid,2194.9,0.08880784338540187,2026-03-19 00:34:19.843541116+00:00,166.96999999999997,2026-03-19 00:34:19.593541116+00:00,pending_new,,,
2026-03-19 00:34:20.094984888+00:00,909,cancel_requested,bid,2194.9,0.08880784338540187,2026-03-19 00:34:19.843541116+00:00,166.96999999999997,2026-03-19 00:34:19.593541116+00:00,pending_cancel,pressure_stop_bid,2026-03-19 00:34:20.094984888+00:00,2026-03-19 00:34:20.344984888+00:00
2026-03-19 00:34:20.344984888+00:00,909,cancelled,bid,2194.9,0.08880784338540187,2026-03-19 00:34:19.843541116+00:00,166.96999999999997,2026-03-19 00:34:19.593541116+00:00,cancelled,pressure_stop_bid,2026-03-19 00:34:20.094984888+00:00,2026-03-19 00:34:20.344984888+00:00
2026-03-19 00:34:20.349389686+00:00,910,placed,bid,2194.8,0.08880784338540187,2026-03-19 00:34:20.599389686+00:00,145.346,2026-03-19 00:34:20.349389686+00:00,pending_new,,,
2026-03-19 00:34:20.670357475+00:00,908,cancel_requested,ask,2195.9,0.11119215661459814,2026-03-19 00:34:19.590527195+00:00,69.237,2026-03-19 00:34:19.340527195+00:00,pending_cancel,pressure_stop_ask,2026-03-19 00:34:20.670357475+00:00,2026-03-19 00:34:20.920357475+00:00
2026-03-19 00:34:20.920357475+00:00,908,cancelled,ask,2195.9,0.11119215661459814,2026-03-19 00:34:19.590527195+00:00,69.237,2026-03-19 00:34:19.340527195+00:00,cancelled,pressure_stop_ask,2026-03-19 00:34:20.670357475+00:00,2026-03-19 00:34:20.920357475+00:00
2026-03-19 00:34:20.960493080+00:00,911,placed,ask,2196.0,0.11119215661459814,2026-03-19 00:34:21.210493080+00:00,111.201,2026-03-19 00:34:20.960493080+00:00,pending_new,,,
2026-03-19 00:34:22.178135669+00:00,911,cancel_requested,ask,2196.0,0.11119215661459814,2026-03-19 00:34:21.210493080+00:00,111.201,2026-03-19 00:34:20.960493080+00:00,pending_cancel,pressure_stop_ask,2026-03-19 00:34:22.178135669+00:00,2026-03-19 00:34:22.428135669+00:00
2026-03-19 00:34:22.428135669+00:00,911,cancelled,ask,2196.0,0.11119215661459814,2026-03-19 00:34:21.210493080+00:00,111.201,2026-03-19 00:34:20.960493080+00:00,cancelled,pressure_stop_ask,2026-03-19 00:34:22.178135669+00:00,2026-03-19 00:34:22.428135669+00:00
2026-03-19 00:34:23.630249201+00:00,910,cancel_requested,bid,2194.8,0.08880784338540187,2026-03-19 00:34:20.599389686+00:00,145.346,2026-03-19 00:34:20.349389686+00:00,pending_cancel,pressure_stop_bid,2026-03-19 00:34:23.630249201+00:00,2026-03-19 00:34:23.880249201+00:00
2026-03-19 00:34:23.630249201+00:00,912,placed,ask,2195.9,0.11119215661459814,2026-03-19 00:34:23.880249201+00:00,146.368,2026-03-19 00:34:23.630249201+00:00,pending_new,,,
2026-03-19 00:34:23.880249201+00:00,910,cancelled,bid,2194.8,0.08880784338540187,2026-03-19 00:34:20.599389686+00:00,145.346,2026-03-19 00:34:20.349389686+00:00,cancelled,pressure_stop_bid,2026-03-19 00:34:23.630249201+00:00,2026-03-19 00:34:23.880249201+00:00
2026-03-19 00:34:23.935308684+00:00,913,placed,bid,2194.9,0.08880784338540187,2026-03-19 00:34:24.185308684+00:00,148.879,2026-03-19 00:34:23.935308684+00:00,pending_new,,,
2026-03-19 00:34:24.036856298+00:00,913,cancel_requested,bid,2194.9,0.08880784338540187,2026-03-19 00:34:24.185308684+00:00,148.879,2026-03-19 00:34:23.935308684+00:00,pending_cancel,pressure_stop_bid,2026-03-19 00:34:24.036856298+00:00,2026-03-19 00:34:24.286856298+00:00
2026-03-19 00:34:24.286856298+00:00,913,cancelled,bid,2194.9,0.08880784338540187,2026-03-19 00:34:24.185308684+00:00,148.879,2026-03-19 00:34:23.935308684+00:00,cancelled,pressure_stop_bid,2026-03-19 00:34:24.036856298+00:00,2026-03-19 00:34:24.286856298+00:00
2026-03-19 00:34:24.339993401+00:00,914,placed,bid,2194.9,0.08880784338540187,2026-03-19 00:34:24.589993401+00:00,157.475,2026-03-19 00:34:24.339993401+00:00,pending_new,,,
2026-03-19 00:34:25.317434920+00:00,912,cancel_requested,ask,2195.9,0.11119215661459814,2026-03-19 00:34:23.880249201+00:00,146.368,2026-03-19 00:34:23.630249201+00:00,pending_cancel,pressure_stop_ask,2026-03-19 00:34:25.317434920+00:00,2026-03-19 00:34:25.567434920+00:00
2026-03-19 00:34:25.567434920+00:00,912,cancelled,ask,2195.9,0.11119215661459814,2026-03-19 00:34:23.880249201+00:00,146.368,2026-03-19 00:34:23.630249201+00:00,cancelled,pressure_stop_ask,2026-03-19 00:34:25.317434920+00:00,2026-03-19 00:34:25.567434920+00:00
2026-03-19 00:34:25.623207265+00:00,915,placed,ask,2196.1,0.11119215661459814,2026-03-19 00:34:25.873207265+00:00,73.004,2026-03-19 00:34:25.623207265+00:00,pending_new,,,
2026-03-19 00:34:26.439170060+00:00,914,cancel_requested,bid,2194.9,0.08880784338540187,2026-03-19 00:34:24.589993401+00:00,157.475,2026-03-19 00:34:24.339993401+00:00,pending_cancel,pressure_stop_bid,2026-03-19 00:34:26.439170060+00:00,2026-03-19 00:34:26.689170060+00:00
2026-03-19 00:34:26.689170060+00:00,914,cancelled,bid,2194.9,0.08880784338540187,2026-03-19 00:34:24.589993401+00:00,157.475,2026-03-19 00:34:24.339993401+00:00,cancelled,pressure_stop_bid,2026-03-19 00:34:26.439170060+00:00,2026-03-19 00:34:26.689170060+00:00
2026-03-19 00:34:31.492211925+00:00,915,cancel_requested,ask,2196.1,0.11119215661459814,2026-03-19 00:34:25.873207265+00:00,73.004,2026-03-19 00:34:25.623207265+00:00,pending_cancel,pressure_stop_ask,2026-03-19 00:34:31.492211925+00:00,2026-03-19 00:34:31.742211925+00:00
2026-03-19 00:34:31.492211925+00:00,916,placed,bid,2194.9,0.08880784338540187,2026-03-19 00:34:31.742211925+00:00,195.359,2026-03-19 00:34:31.492211925+00:00,pending_new,,,
2026-03-19 00:34:31.594386262+00:00,916,cancel_requested,bid,2194.9,0.08880784338540187,2026-03-19 00:34:31.742211925+00:00,195.359,2026-03-19 00:34:31.492211925+00:00,pending_cancel,pressure_stop_bid,2026-03-19 00:34:31.594386262+00:00,2026-03-19 00:34:31.844386262+00:00
2026-03-19 00:34:31.742211925+00:00,915,cancelled,ask,2196.1,0.11119215661459814,2026-03-19 00:34:25.873207265+00:00,73.004,2026-03-19 00:34:25.623207265+00:00,cancelled,pressure_stop_ask,2026-03-19 00:34:31.492211925+00:00,2026-03-19 00:34:31.742211925+00:00
2026-03-19 00:34:31.797508849+00:00,917,placed,ask,2195.9,0.11119215661459814,2026-03-19 00:34:32.047508849+00:00,130.758,2026-03-19 00:34:31.797508849+00:00,pending_new,,,
2026-03-19 00:34:31.844386262+00:00,916,cancelled,bid,2194.9,0.08880784338540187,2026-03-19 00:34:31.742211925+00:00,195.359,2026-03-19 00:34:31.492211925+00:00,cancelled,pressure_stop_bid,2026-03-19 00:34:31.594386262+00:00,2026-03-19 00:34:31.844386262+00:00
2026-03-19 00:34:34.808565501+00:00,917,cancel_requested,ask,2195.9,0.11119215661459814,2026-03-19 00:34:32.047508849+00:00,130.758,2026-03-19 00:34:31.797508849+00:00,pending_cancel,pressure_stop_ask,2026-03-19 00:34:34.808565501+00:00,2026-03-19 00:34:35.058565501+00:00
2026-03-19 00:34:34.808565501+00:00,918,placed,bid,2195.1,0.08880784338540187,2026-03-19 00:34:35.058565501+00:00,161.341,2026-03-19 00:34:34.808565501+00:00,pending_new,,,
2026-03-19 00:34:35.058565501+00:00,917,cancelled,ask,2195.9,0.11119215661459814,2026-03-19 00:34:32.047508849+00:00,130.758,2026-03-19 00:34:31.797508849+00:00,cancelled,pressure_stop_ask,2026-03-19 00:34:34.808565501+00:00,2026-03-19 00:34:35.058565501+00:00
2026-03-19 00:34:35.063163509+00:00,919,placed,ask,2196.2,0.11119215661459814,2026-03-19 00:34:35.313163509+00:00,112.218,2026-03-19 00:34:35.063163509+00:00,pending_new,,,
2026-03-19 00:34:35.408835760+00:00,918,cancel_requested,bid,2195.1,0.08880784338540187,2026-03-19 00:34:35.058565501+00:00,161.341,2026-03-19 00:34:34.808565501+00:00,pending_cancel,refresh_reprice,2026-03-19 00:34:35.408835760+00:00,2026-03-19 00:34:35.658835760+00:00
2026-03-19 00:34:35.408835760+00:00,919,cancel_requested,ask,2196.2,0.11119215661459814,2026-03-19 00:34:35.313163509+00:00,112.218,2026-03-19 00:34:35.063163509+00:00,pending_cancel,refresh_reprice,2026-03-19 00:34:35.408835760+00:00,2026-03-19 00:34:35.658835760+00:00
2026-03-19 00:34:35.658835760+00:00,918,cancelled,bid,2195.1,0.08880784338540187,2026-03-19 00:34:35.058565501+00:00,161.341,2026-03-19 00:34:34.808565501+00:00,cancelled,refresh_reprice,2026-03-19 00:34:35.408835760+00:00,2026-03-19 00:34:35.658835760+00:00
2026-03-19 00:34:35.658835760+00:00,919,cancelled,ask,2196.2,0.11119215661459814,2026-03-19 00:34:35.313163509+00:00,112.218,2026-03-19 00:34:35.063163509+00:00,cancelled,refresh_reprice,2026-03-19 00:34:35.408835760+00:00,2026-03-19 00:34:35.658835760+00:00
2026-03-19 00:34:35.706922631+00:00,920,placed,bid,2194.8,0.08880784338540187,2026-03-19 00:34:35.956922631+00:00,200.064,2026-03-19 00:34:35.706922631+00:00,pending_new,,,
2026-03-19 00:34:35.706922631+00:00,921,placed,ask,2196.6,0.11119215661459814,2026-03-19 00:34:35.956922631+00:00,272.11699999999996,2026-03-19 00:34:35.706922631+00:00,pending_new,,,
2026-03-19 00:34:35.825343373+00:00,921,cancel_requested,ask,2196.6,0.11119215661459814,2026-03-19 00:34:35.956922631+00:00,272.11699999999996,2026-03-19 00:34:35.706922631+00:00,pending_cancel,pressure_stop_ask,2026-03-19 00:34:35.825343373+00:00,2026-03-19 00:34:36.075343373+00:00
2026-03-19 00:34:35.980956539+00:00,920,cancel_requested,bid,2194.8,0.08880784338540187,2026-03-19 00:34:35.956922631+00:00,200.064,2026-03-19 00:34:35.706922631+00:00,pending_cancel,refresh_reprice,2026-03-19 00:34:35.980956539+00:00,2026-03-19 00:34:36.230956539+00:00
2026-03-19 00:34:36.075343373+00:00,921,cancelled,ask,2196.6,0.11119215661459814,2026-03-19 00:34:35.956922631+00:00,272.11699999999996,2026-03-19 00:34:35.706922631+00:00,cancelled,pressure_stop_ask,2026-03-19 00:34:35.825343373+00:00,2026-03-19 00:34:36.075343373+00:00
2026-03-19 00:34:36.075477430+00:00,922,placed,ask,2197.1,0.11119215661459814,2026-03-19 00:34:36.325477430+00:00,225.159,2026-03-19 00:34:36.075477430+00:00,pending_new,,,
2026-03-19 00:34:36.230956539+00:00,920,cancelled,bid,2194.8,0.08880784338540187,2026-03-19 00:34:35.956922631+00:00,200.064,2026-03-19 00:34:35.706922631+00:00,cancelled,refresh_reprice,2026-03-19 00:34:35.980956539+00:00,2026-03-19 00:34:36.230956539+00:00
2026-03-19 00:34:36.236241189+00:00,923,placed,bid,2195.2,0.08880784338540187,2026-03-19 00:34:36.486241189+00:00,232.866,2026-03-19 00:34:36.236241189+00:00,pending_new,,,
2026-03-19 00:34:41.335816145+00:00,922,resized,ask,2197.1,0.11104667380585378,2026-03-19 00:34:36.325477430+00:00,225.159,,,preserve_queue_priority,,
2026-03-19 00:34:42.106116123+00:00,923,cancel_requested,bid,2195.2,0.08880784338540187,2026-03-19 00:34:36.486241189+00:00,232.866,2026-03-19 00:34:36.236241189+00:00,pending_cancel,refresh_reprice,2026-03-19 00:34:42.106116123+00:00,2026-03-19 00:34:42.356116123+00:00
2026-03-19 00:34:42.106116123+00:00,922,cancel_requested,ask,2197.1,0.11104667380585378,2026-03-19 00:34:36.325477430+00:00,225.159,2026-03-19 00:34:36.075477430+00:00,pending_cancel,refresh_reprice,2026-03-19 00:34:42.106116123+00:00,2026-03-19 00:34:42.356116123+00:00
2026-03-19 00:34:42.356116123+00:00,923,cancelled,bid,2195.2,0.08880784338540187,2026-03-19 00:34:36.486241189+00:00,232.866,2026-03-19 00:34:36.236241189+00:00,cancelled,refresh_reprice,2026-03-19 00:34:42.106116123+00:00,2026-03-19 00:34:42.356116123+00:00
2026-03-19 00:34:42.356116123+00:00,922,cancelled,ask,2197.1,0.11104667380585378,2026-03-19 00:34:36.325477430+00:00,225.159,2026-03-19 00:34:36.075477430+00:00,cancelled,refresh_reprice,2026-03-19 00:34:42.106116123+00:00,2026-03-19 00:34:42.356116123+00:00
2026-03-19 00:34:42.382240907+00:00,924,placed,bid,2195.7,0.08895332619414624,2026-03-19 00:34:42.632240907+00:00,173.57299999999998,2026-03-19 00:34:42.382240907+00:00,pending_new,,,
2026-03-19 00:34:42.382240907+00:00,925,placed,ask,2196.6,0.11104667380585378,2026-03-19 00:34:42.632240907+00:00,82.82399999999998,2026-03-19 00:34:42.382240907+00:00,pending_new,,,
2026-03-19 00:34:45.626433703+00:00,925,cancel_requested,ask,2196.6,0.11104667380585378,2026-03-19 00:34:42.632240907+00:00,82.82399999999998,2026-03-19 00:34:42.382240907+00:00,pending_cancel,pressure_stop_ask,2026-03-19 00:34:45.626433703+00:00,2026-03-19 00:34:45.876433703+00:00
2026-03-19 00:34:45.876433703+00:00,925,cancelled,ask,2196.6,0.11104667380585378,2026-03-19 00:34:42.632240907+00:00,82.82399999999998,2026-03-19 00:34:42.382240907+00:00,cancelled,pressure_stop_ask,2026-03-19 00:34:45.626433703+00:00,2026-03-19 00:34:45.876433703+00:00
2026-03-19 00:34:48.489671295+00:00,924,cancel_requested,bid,2195.7,0.08895332619414624,2026-03-19 00:34:42.632240907+00:00,173.57299999999998,2026-03-19 00:34:42.382240907+00:00,pending_cancel,pressure_stop_bid,2026-03-19 00:34:48.489671295+00:00,2026-03-19 00:34:48.739671295+00:00
2026-03-19 00:34:48.489671295+00:00,926,placed,ask,2196.6,0.11104667380585378,2026-03-19 00:34:48.739671295+00:00,262.43199999999996,2026-03-19 00:34:48.489671295+00:00,pending_new,,,
2026-03-19 00:34:48.739671295+00:00,924,cancelled,bid,2195.7,0.08895332619414624,2026-03-19 00:34:42.632240907+00:00,173.57299999999998,2026-03-19 00:34:42.382240907+00:00,cancelled,pressure_stop_bid,2026-03-19 00:34:48.489671295+00:00,2026-03-19 00:34:48.739671295+00:00
2026-03-19 00:34:50.883050765+00:00,926,cancel_requested,ask,2196.6,0.11104667380585378,2026-03-19 00:34:48.739671295+00:00,262.43199999999996,2026-03-19 00:34:48.489671295+00:00,pending_cancel,pressure_stop_ask,2026-03-19 00:34:50.883050765+00:00,2026-03-19 00:34:51.133050765+00:00
2026-03-19 00:34:50.883050765+00:00,927,placed,bid,2195.7,0.08895332619414624,2026-03-19 00:34:51.133050765+00:00,180.293,2026-03-19 00:34:50.883050765+00:00,pending_new,,,
2026-03-19 00:34:51.133050765+00:00,926,cancelled,ask,2196.6,0.11104667380585378,2026-03-19 00:34:48.739671295+00:00,262.43199999999996,2026-03-19 00:34:48.489671295+00:00,cancelled,pressure_stop_ask,2026-03-19 00:34:50.883050765+00:00,2026-03-19 00:34:51.133050765+00:00
2026-03-19 00:34:53.898824753+00:00,927,cancel_requested,bid,2195.7,0.08895332619414624,2026-03-19 00:34:51.133050765+00:00,180.293,2026-03-19 00:34:50.883050765+00:00,pending_cancel,pressure_stop_bid,2026-03-19 00:34:53.898824753+00:00,2026-03-19 00:34:54.148824753+00:00
2026-03-19 00:34:53.898824753+00:00,928,placed,ask,2196.5,0.11104667380585378,2026-03-19 00:34:54.148824753+00:00,180.03400000000002,2026-03-19 00:34:53.898824753+00:00,pending_new,,,
2026-03-19 00:34:53.950439325+00:00,928,cancel_requested,ask,2196.5,0.11104667380585378,2026-03-19 00:34:54.148824753+00:00,180.03400000000002,2026-03-19 00:34:53.898824753+00:00,pending_cancel,refresh_reprice,2026-03-19 00:34:53.950439325+00:00,2026-03-19 00:34:54.200439325+00:00
2026-03-19 00:34:54.148824753+00:00,927,cancelled,bid,2195.7,0.08895332619414624,2026-03-19 00:34:51.133050765+00:00,180.293,2026-03-19 00:34:50.883050765+00:00,cancelled,pressure_stop_bid,2026-03-19 00:34:53.898824753+00:00,2026-03-19 00:34:54.148824753+00:00
2026-03-19 00:34:54.200439325+00:00,928,cancelled,ask,2196.5,0.11104667380585378,2026-03-19 00:34:54.148824753+00:00,180.03400000000002,2026-03-19 00:34:53.898824753+00:00,cancelled,refresh_reprice,2026-03-19 00:34:53.950439325+00:00,2026-03-19 00:34:54.200439325+00:00
2026-03-19 00:34:54.203204529+00:00,929,placed,ask,2195.6,0.11104667380585378,2026-03-19 00:34:54.453204529+00:00,146.804,2026-03-19 00:34:54.203204529+00:00,pending_new,,,
2026-03-19 00:34:54.456891529+00:00,929,cancel_requested,ask,2195.6,0.11104667380585378,2026-03-19 00:34:54.453204529+00:00,146.804,2026-03-19 00:34:54.203204529+00:00,pending_cancel,refresh_reprice,2026-03-19 00:34:54.456891529+00:00,2026-03-19 00:34:54.706891529+00:00
2026-03-19 00:34:54.706891529+00:00,929,cancelled,ask,2195.6,0.11104667380585378,2026-03-19 00:34:54.453204529+00:00,146.804,2026-03-19 00:34:54.203204529+00:00,cancelled,refresh_reprice,2026-03-19 00:34:54.456891529+00:00,2026-03-19 00:34:54.706891529+00:00
2026-03-19 00:34:54.708700061+00:00,930,placed,ask,2195.3,0.11104667380585378,2026-03-19 00:34:54.958700061+00:00,95.22699999999999,2026-03-19 00:34:54.708700061+00:00,pending_new,,,
2026-03-19 00:34:56.654610998+00:00,931,placed,bid,2193.6,0.08895332619414624,2026-03-19 00:34:56.904610998+00:00,141.272,2026-03-19 00:34:56.654610998+00:00,pending_new,,,
2026-03-19 00:34:56.909219723+00:00,930,cancel_requested,ask,2195.3,0.11104667380585378,2026-03-19 00:34:54.958700061+00:00,95.22699999999999,2026-03-19 00:34:54.708700061+00:00,pending_cancel,pressure_stop_ask,2026-03-19 00:34:56.909219723+00:00,2026-03-19 00:34:57.159219723+00:00
2026-03-19 00:34:57.159219723+00:00,930,cancelled,ask,2195.3,0.11104667380585378,2026-03-19 00:34:54.958700061+00:00,95.22699999999999,2026-03-19 00:34:54.708700061+00:00,cancelled,pressure_stop_ask,2026-03-19 00:34:56.909219723+00:00,2026-03-19 00:34:57.159219723+00:00
2026-03-19 00:34:57.164172479+00:00,931,resized,bid,2193.6,0.08889591352692933,2026-03-19 00:34:56.904610998+00:00,141.272,,,preserve_queue_priority,,
2026-03-19 00:34:57.164172479+00:00,932,placed,ask,2195.4,0.11110408647307068,2026-03-19 00:34:57.414172479+00:00,262.431,2026-03-19 00:34:57.164172479+00:00,pending_new,,,
2026-03-19 00:34:57.368287846+00:00,931,cancel_requested,bid,2193.6,0.08889591352692933,2026-03-19 00:34:56.904610998+00:00,141.272,2026-03-19 00:34:56.654610998+00:00,pending_cancel,pressure_stop_bid,2026-03-19 00:34:57.368287846+00:00,2026-03-19 00:34:57.618287846+00:00
2026-03-19 00:34:57.368287846+00:00,932,cancel_requested,ask,2195.4,0.11110408647307068,2026-03-19 00:34:57.414172479+00:00,262.431,2026-03-19 00:34:57.164172479+00:00,pending_cancel,refresh_reprice,2026-03-19 00:34:57.368287846+00:00,2026-03-19 00:34:57.618287846+00:00
2026-03-19 00:34:57.618287846+00:00,931,cancelled,bid,2193.6,0.08889591352692933,2026-03-19 00:34:56.904610998+00:00,141.272,2026-03-19 00:34:56.654610998+00:00,cancelled,pressure_stop_bid,2026-03-19 00:34:57.368287846+00:00,2026-03-19 00:34:57.618287846+00:00
2026-03-19 00:34:57.618287846+00:00,932,cancelled,ask,2195.4,0.11110408647307068,2026-03-19 00:34:57.414172479+00:00,262.431,2026-03-19 00:34:57.164172479+00:00,cancelled,refresh_reprice,2026-03-19 00:34:57.368287846+00:00,2026-03-19 00:34:57.618287846+00:00
2026-03-19 00:34:57.622892560+00:00,933,placed,ask,2195.1,0.11110408647307068,2026-03-19 00:34:57.872892560+00:00,213.63799999999998,2026-03-19 00:34:57.622892560+00:00,pending_new,,,
2026-03-19 00:34:59.359315084+00:00,934,placed,bid,2192.6,0.08889591352692933,2026-03-19 00:34:59.609315084+00:00,127.517,2026-03-19 00:34:59.359315084+00:00,pending_new,,,
2026-03-19 00:34:59.359315084+00:00,933,cancel_requested,ask,2195.1,0.11110408647307068,2026-03-19 00:34:57.872892560+00:00,213.63799999999998,2026-03-19 00:34:57.622892560+00:00,pending_cancel,refresh_reprice,2026-03-19 00:34:59.359315084+00:00,2026-03-19 00:34:59.609315084+00:00
2026-03-19 00:34:59.609315084+00:00,933,cancelled,ask,2195.1,0.11110408647307068,2026-03-19 00:34:57.872892560+00:00,213.63799999999998,2026-03-19 00:34:57.622892560+00:00,cancelled,refresh_reprice,2026-03-19 00:34:59.359315084+00:00,2026-03-19 00:34:59.609315084+00:00
2026-03-19 00:34:59.613711307+00:00,935,placed,ask,2194.8,0.11110408647307068,2026-03-19 00:34:59.863711307+00:00,249.45400000000004,2026-03-19 00:34:59.613711307+00:00,pending_new,,,
2026-03-19 00:34:59.716400779+00:00,935,cancel_requested,ask,2194.8,0.11110408647307068,2026-03-19 00:34:59.863711307+00:00,249.45400000000004,2026-03-19 00:34:59.613711307+00:00,pending_cancel,pressure_stop_ask,2026-03-19 00:34:59.716400779+00:00,2026-03-19 00:34:59.966400779+00:00
2026-03-19 00:34:59.966400779+00:00,935,cancelled,ask,2194.8,0.11110408647307068,2026-03-19 00:34:59.863711307+00:00,249.45400000000004,2026-03-19 00:34:59.613711307+00:00,cancelled,pressure_stop_ask,2026-03-19 00:34:59.716400779+00:00,2026-03-19 00:34:59.966400779+00:00
2026-03-19 00:34:59.968994724+00:00,934,cancel_requested,bid,2192.6,0.08889591352692933,2026-03-19 00:34:59.609315084+00:00,127.517,2026-03-19 00:34:59.359315084+00:00,pending_cancel,refresh_reprice,2026-03-19 00:34:59.968994724+00:00,2026-03-19 00:35:00.218994724+00:00
2026-03-19 00:35:00.218994724+00:00,934,cancelled,bid,2192.6,0.08889591352692933,2026-03-19 00:34:59.609315084+00:00,127.517,2026-03-19 00:34:59.359315084+00:00,cancelled,refresh_reprice,2026-03-19 00:34:59.968994724+00:00,2026-03-19 00:35:00.218994724+00:00
2026-03-19 00:35:00.328714731+00:00,936,placed,bid,2192.9,0.08889591352692933,2026-03-19 00:35:00.578714731+00:00,216.934,2026-03-19 00:35:00.328714731+00:00,pending_new,,,
2026-03-19 00:35:03.132041960+00:00,936,cancel_requested,bid,2192.9,0.08889591352692933,2026-03-19 00:35:00.578714731+00:00,216.934,2026-03-19 00:35:00.328714731+00:00,pending_cancel,refresh_reprice,2026-03-19 00:35:03.132041960+00:00,2026-03-19 00:35:03.382041960+00:00
2026-03-19 00:35:03.382041960+00:00,936,cancelled,bid,2192.9,0.08889591352692933,2026-03-19 00:35:00.578714731+00:00,216.934,2026-03-19 00:35:00.328714731+00:00,cancelled,refresh_reprice,2026-03-19 00:35:03.132041960+00:00,2026-03-19 00:35:03.382041960+00:00
2026-03-19 00:35:03.439249801+00:00,937,placed,bid,2193.4,0.08889591352692933,2026-03-19 00:35:03.689249801+00:00,164.719,2026-03-19 00:35:03.439249801+00:00,pending_new,,,
2026-03-19 00:35:03.439249801+00:00,938,placed,ask,2194.5,0.11110408647307068,2026-03-19 00:35:03.689249801+00:00,101.297,2026-03-19 00:35:03.439249801+00:00,pending_new,,,
2026-03-19 00:35:03.694287157+00:00,937,cancel_requested,bid,2193.4,0.08889591352692933,2026-03-19 00:35:03.689249801+00:00,164.719,2026-03-19 00:35:03.439249801+00:00,pending_cancel,pressure_stop_bid,2026-03-19 00:35:03.694287157+00:00,2026-03-19 00:35:03.944287157+00:00
2026-03-19 00:35:03.694287157+00:00,938,cancel_requested,ask,2194.5,0.11110408647307068,2026-03-19 00:35:03.689249801+00:00,101.297,2026-03-19 00:35:03.439249801+00:00,pending_cancel,refresh_reprice,2026-03-19 00:35:03.694287157+00:00,2026-03-19 00:35:03.944287157+00:00
2026-03-19 00:35:03.944287157+00:00,937,cancelled,bid,2193.4,0.08889591352692933,2026-03-19 00:35:03.689249801+00:00,164.719,2026-03-19 00:35:03.439249801+00:00,cancelled,pressure_stop_bid,2026-03-19 00:35:03.694287157+00:00,2026-03-19 00:35:03.944287157+00:00
2026-03-19 00:35:03.944287157+00:00,938,cancelled,ask,2194.5,0.11110408647307068,2026-03-19 00:35:03.689249801+00:00,101.297,2026-03-19 00:35:03.439249801+00:00,cancelled,refresh_reprice,2026-03-19 00:35:03.694287157+00:00,2026-03-19 00:35:03.944287157+00:00
2026-03-19 00:35:03.945125604+00:00,939,placed,bid,2192.6,0.08889591352692933,2026-03-19 00:35:04.195125604+00:00,201.29500000000002,2026-03-19 00:35:03.945125604+00:00,pending_new,,,
2026-03-19 00:35:04.051633363+00:00,940,placed,ask,2194.7,0.11110408647307068,2026-03-19 00:35:04.301633363+00:00,223.24,2026-03-19 00:35:04.051633363+00:00,pending_new,,,
2026-03-19 00:35:04.201833878+00:00,940,cancel_requested,ask,2194.7,0.11110408647307068,2026-03-19 00:35:04.301633363+00:00,223.24,2026-03-19 00:35:04.051633363+00:00,pending_cancel,pressure_stop_ask,2026-03-19 00:35:04.201833878+00:00,2026-03-19 00:35:04.451833878+00:00
2026-03-19 00:35:04.451833878+00:00,940,cancelled,ask,2194.7,0.11110408647307068,2026-03-19 00:35:04.301633363+00:00,223.24,2026-03-19 00:35:04.051633363+00:00,cancelled,pressure_stop_ask,2026-03-19 00:35:04.201833878+00:00,2026-03-19 00:35:04.451833878+00:00
2026-03-19 00:35:04.757108333+00:00,939,cancel_requested,bid,2192.6,0.08889591352692933,2026-03-19 00:35:04.195125604+00:00,201.29500000000002,2026-03-19 00:35:03.945125604+00:00,pending_cancel,refresh_reprice,2026-03-19 00:35:04.757108333+00:00,2026-03-19 00:35:05.007108333+00:00
2026-03-19 00:35:05.007108333+00:00,939,cancelled,bid,2192.6,0.08889591352692933,2026-03-19 00:35:04.195125604+00:00,201.29500000000002,2026-03-19 00:35:03.945125604+00:00,cancelled,refresh_reprice,2026-03-19 00:35:04.757108333+00:00,2026-03-19 00:35:05.007108333+00:00
2026-03-19 00:35:05.009791377+00:00,941,placed,bid,2192.4,0.08889591352692933,2026-03-19 00:35:05.259791377+00:00,104.332,2026-03-19 00:35:05.009791377+00:00,pending_new,,,
2026-03-19 00:35:05.071321036+00:00,941,cancel_requested,bid,2192.4,0.08889591352692933,2026-03-19 00:35:05.259791377+00:00,104.332,2026-03-19 00:35:05.009791377+00:00,pending_cancel,pressure_stop_bid,2026-03-19 00:35:05.071321036+00:00,2026-03-19 00:35:05.321321036+00:00
2026-03-19 00:35:05.071321036+00:00,942,placed,ask,2193.9,0.11110408647307068,2026-03-19 00:35:05.321321036+00:00,152.136,2026-03-19 00:35:05.071321036+00:00,pending_new,,,
2026-03-19 00:35:05.321321036+00:00,941,cancelled,bid,2192.4,0.08889591352692933,2026-03-19 00:35:05.259791377+00:00,104.332,2026-03-19 00:35:05.009791377+00:00,cancelled,pressure_stop_bid,2026-03-19 00:35:05.071321036+00:00,2026-03-19 00:35:05.321321036+00:00
2026-03-19 00:35:05.377484892+00:00,943,placed,bid,2191.1,0.08889591352692933,2026-03-19 00:35:05.627484892+00:00,141.759,2026-03-19 00:35:05.377484892+00:00,pending_new,,,
2026-03-19 00:35:05.377484892+00:00,942,cancel_requested,ask,2193.9,0.11110408647307068,2026-03-19 00:35:05.321321036+00:00,152.136,2026-03-19 00:35:05.071321036+00:00,pending_cancel,refresh_reprice,2026-03-19 00:35:05.377484892+00:00,2026-03-19 00:35:05.627484892+00:00
2026-03-19 00:35:05.425717698+00:00,943,cancel_requested,bid,2191.1,0.08889591352692933,2026-03-19 00:35:05.627484892+00:00,141.759,2026-03-19 00:35:05.377484892+00:00,pending_cancel,pressure_stop_bid,2026-03-19 00:35:05.425717698+00:00,2026-03-19 00:35:05.675717698+00:00
2026-03-19 00:35:05.627484892+00:00,942,cancelled,ask,2193.9,0.11110408647307068,2026-03-19 00:35:05.321321036+00:00,152.136,2026-03-19 00:35:05.071321036+00:00,cancelled,refresh_reprice,2026-03-19 00:35:05.377484892+00:00,2026-03-19 00:35:05.627484892+00:00
2026-03-19 00:35:05.675717698+00:00,943,cancelled,bid,2191.1,0.08889591352692933,2026-03-19 00:35:05.627484892+00:00,141.759,2026-03-19 00:35:05.377484892+00:00,cancelled,pressure_stop_bid,2026-03-19 00:35:05.425717698+00:00,2026-03-19 00:35:05.675717698+00:00
2026-03-19 00:35:05.681193166+00:00,944,placed,bid,2191.5,0.08889591352692933,2026-03-19 00:35:05.931193166+00:00,180.158,2026-03-19 00:35:05.681193166+00:00,pending_new,,,
2026-03-19 00:35:05.681193166+00:00,945,placed,ask,2193.9,0.11110408647307068,2026-03-19 00:35:05.931193166+00:00,241.872,2026-03-19 00:35:05.681193166+00:00,pending_new,,,
2026-03-19 00:35:06.900552066+00:00,945,cancel_requested,ask,2193.9,0.11110408647307068,2026-03-19 00:35:05.931193166+00:00,241.872,2026-03-19 00:35:05.681193166+00:00,pending_cancel,pressure_stop_ask,2026-03-19 00:35:06.900552066+00:00,2026-03-19 00:35:07.150552066+00:00
2026-03-19 00:35:06.900552066+00:00,944,cancel_requested,bid,2191.5,0.08889591352692933,2026-03-19 00:35:05.931193166+00:00,180.158,2026-03-19 00:35:05.681193166+00:00,pending_cancel,refresh_reprice,2026-03-19 00:35:06.900552066+00:00,2026-03-19 00:35:07.150552066+00:00
2026-03-19 00:35:07.150552066+00:00,944,cancelled,bid,2191.5,0.08889591352692933,2026-03-19 00:35:05.931193166+00:00,180.158,2026-03-19 00:35:05.681193166+00:00,cancelled,refresh_reprice,2026-03-19 00:35:06.900552066+00:00,2026-03-19 00:35:07.150552066+00:00
2026-03-19 00:35:07.150552066+00:00,945,cancelled,ask,2193.9,0.11110408647307068,2026-03-19 00:35:05.931193166+00:00,241.872,2026-03-19 00:35:05.681193166+00:00,cancelled,pressure_stop_ask,2026-03-19 00:35:06.900552066+00:00,2026-03-19 00:35:07.150552066+00:00
2026-03-19 00:35:07.162443104+00:00,946,placed,bid,2191.8,0.08889591352692933,2026-03-19 00:35:07.412443104+00:00,224.46099999999998,2026-03-19 00:35:07.162443104+00:00,pending_new,,,
2026-03-19 00:35:07.162443104+00:00,947,placed,ask,2194.0,0.11110408647307068,2026-03-19 00:35:07.412443104+00:00,228.23199999999997,2026-03-19 00:35:07.162443104+00:00,pending_new,,,
2026-03-19 00:35:07.214215367+00:00,946,cancel_requested,bid,2191.8,0.08889591352692933,2026-03-19 00:35:07.412443104+00:00,224.46099999999998,2026-03-19 00:35:07.162443104+00:00,pending_cancel,pressure_stop_bid,2026-03-19 00:35:07.214215367+00:00,2026-03-19 00:35:07.464215367+00:00
2026-03-19 00:35:07.464215367+00:00,946,cancelled,bid,2191.8,0.08889591352692933,2026-03-19 00:35:07.412443104+00:00,224.46099999999998,2026-03-19 00:35:07.162443104+00:00,cancelled,pressure_stop_bid,2026-03-19 00:35:07.214215367+00:00,2026-03-19 00:35:07.464215367+00:00
2026-03-19 00:35:07.519012207+00:00,948,placed,bid,2191.8,0.08889591352692933,2026-03-19 00:35:07.769012207+00:00,202.669,2026-03-19 00:35:07.519012207+00:00,pending_new,,,
2026-03-19 00:35:07.823075263+00:00,947,cancel_requested,ask,2194.0,0.11110408647307068,2026-03-19 00:35:07.412443104+00:00,228.23199999999997,2026-03-19 00:35:07.162443104+00:00,pending_cancel,pressure_stop_ask,2026-03-19 00:35:07.823075263+00:00,2026-03-19 00:35:08.073075263+00:00
2026-03-19 00:35:08.073075263+00:00,947,cancelled,ask,2194.0,0.11110408647307068,2026-03-19 00:35:07.412443104+00:00,228.23199999999997,2026-03-19 00:35:07.162443104+00:00,cancelled,pressure_stop_ask,2026-03-19 00:35:07.823075263+00:00,2026-03-19 00:35:08.073075263+00:00
2026-03-19 00:35:08.281582644+00:00,948,cancel_requested,bid,2191.8,0.08889591352692933,2026-03-19 00:35:07.769012207+00:00,202.669,2026-03-19 00:35:07.519012207+00:00,pending_cancel,refresh_reprice,2026-03-19 00:35:08.281582644+00:00,2026-03-19 00:35:08.531582644+00:00
2026-03-19 00:35:08.531582644+00:00,948,cancelled,bid,2191.8,0.08889591352692933,2026-03-19 00:35:07.769012207+00:00,202.669,2026-03-19 00:35:07.519012207+00:00,cancelled,refresh_reprice,2026-03-19 00:35:08.281582644+00:00,2026-03-19 00:35:08.531582644+00:00
2026-03-19 00:35:08.537402073+00:00,949,placed,bid,2191.8,0.08889591352692933,2026-03-19 00:35:08.787402073+00:00,235.32600000000002,2026-03-19 00:35:08.537402073+00:00,pending_new,,,
2026-03-19 00:35:08.722284500+00:00,949,cancel_requested,bid,2191.8,0.08889591352692933,2026-03-19 00:35:08.787402073+00:00,235.32600000000002,2026-03-19 00:35:08.537402073+00:00,pending_cancel,refresh_reprice,2026-03-19 00:35:08.722284500+00:00,2026-03-19 00:35:08.972284500+00:00
2026-03-19 00:35:08.972284500+00:00,949,cancelled,bid,2191.8,0.08889591352692933,2026-03-19 00:35:08.787402073+00:00,235.32600000000002,2026-03-19 00:35:08.537402073+00:00,cancelled,refresh_reprice,2026-03-19 00:35:08.722284500+00:00,2026-03-19 00:35:08.972284500+00:00
2026-03-19 00:35:08.999057528+00:00,950,placed,bid,2192.3,0.08889591352692933,2026-03-19 00:35:09.249057528+00:00,175.367,2026-03-19 00:35:08.999057528+00:00,pending_new,,,
2026-03-19 00:35:09.757172545+00:00,950,cancel_requested,bid,2192.3,0.08889591352692933,2026-03-19 00:35:09.249057528+00:00,175.367,2026-03-19 00:35:08.999057528+00:00,pending_cancel,pressure_stop_bid,2026-03-19 00:35:09.757172545+00:00,2026-03-19 00:35:10.007172545+00:00
2026-03-19 00:35:09.757172545+00:00,951,placed,ask,2193.5,0.11110408647307068,2026-03-19 00:35:10.007172545+00:00,158.51399999999998,2026-03-19 00:35:09.757172545+00:00,pending_new,,,
2026-03-19 00:35:10.007172545+00:00,950,cancelled,bid,2192.3,0.08889591352692933,2026-03-19 00:35:09.249057528+00:00,175.367,2026-03-19 00:35:08.999057528+00:00,cancelled,pressure_stop_bid,2026-03-19 00:35:09.757172545+00:00,2026-03-19 00:35:10.007172545+00:00
2026-03-19 00:35:10.683588417+00:00,951,cancel_requested,ask,2193.5,0.11110408647307068,2026-03-19 00:35:10.007172545+00:00,158.51399999999998,2026-03-19 00:35:09.757172545+00:00,pending_cancel,pressure_stop_ask,2026-03-19 00:35:10.683588417+00:00,2026-03-19 00:35:10.933588417+00:00
2026-03-19 00:35:10.683588417+00:00,952,placed,bid,2192.4,0.08889591352692933,2026-03-19 00:35:10.933588417+00:00,162.093,2026-03-19 00:35:10.683588417+00:00,pending_new,,,
2026-03-19 00:35:10.933588417+00:00,951,cancelled,ask,2193.5,0.11110408647307068,2026-03-19 00:35:10.007172545+00:00,158.51399999999998,2026-03-19 00:35:09.757172545+00:00,cancelled,pressure_stop_ask,2026-03-19 00:35:10.683588417+00:00,2026-03-19 00:35:10.933588417+00:00
2026-03-19 00:35:10.936514422+00:00,953,placed,ask,2193.7,0.11110408647307068,2026-03-19 00:35:11.186514422+00:00,174.152,2026-03-19 00:35:10.936514422+00:00,pending_new,,,
2026-03-19 00:35:11.991998629+00:00,953,cancel_requested,ask,2193.7,0.11110408647307068,2026-03-19 00:35:11.186514422+00:00,174.152,2026-03-19 00:35:10.936514422+00:00,pending_cancel,pressure_stop_ask,2026-03-19 00:35:11.991998629+00:00,2026-03-19 00:35:12.241998629+00:00
2026-03-19 00:35:12.241998629+00:00,953,cancelled,ask,2193.7,0.11110408647307068,2026-03-19 00:35:11.186514422+00:00,174.152,2026-03-19 00:35:10.936514422+00:00,cancelled,pressure_stop_ask,2026-03-19 00:35:11.991998629+00:00,2026-03-19 00:35:12.241998629+00:00
2026-03-19 00:35:12.417577276+00:00,952,cancel_requested,bid,2192.4,0.08889591352692933,2026-03-19 00:35:10.933588417+00:00,162.093,2026-03-19 00:35:10.683588417+00:00,pending_cancel,refresh_reprice,2026-03-19 00:35:12.417577276+00:00,2026-03-19 00:35:12.667577276+00:00
2026-03-19 00:35:12.417577276+00:00,954,placed,ask,2193.9,0.11110408647307068,2026-03-19 00:35:12.667577276+00:00,105.418,2026-03-19 00:35:12.417577276+00:00,pending_new,,,
2026-03-19 00:35:12.467218327+00:00,954,cancel_requested,ask,2193.9,0.11110408647307068,2026-03-19 00:35:12.667577276+00:00,105.418,2026-03-19 00:35:12.417577276+00:00,pending_cancel,pressure_stop_ask,2026-03-19 00:35:12.467218327+00:00,2026-03-19 00:35:12.717218327+00:00
2026-03-19 00:35:12.667577276+00:00,952,cancelled,bid,2192.4,0.08889591352692933,2026-03-19 00:35:10.933588417+00:00,162.093,2026-03-19 00:35:10.683588417+00:00,cancelled,refresh_reprice,2026-03-19 00:35:12.417577276+00:00,2026-03-19 00:35:12.667577276+00:00
2026-03-19 00:35:12.708783650+00:00,955,placed,bid,2192.7,0.08889591352692933,2026-03-19 00:35:12.958783650+00:00,200.74599999999998,2026-03-19 00:35:12.708783650+00:00,pending_new,,,
2026-03-19 00:35:12.717218327+00:00,954,cancelled,ask,2193.9,0.11110408647307068,2026-03-19 00:35:12.667577276+00:00,105.418,2026-03-19 00:35:12.417577276+00:00,cancelled,pressure_stop_ask,2026-03-19 00:35:12.467218327+00:00,2026-03-19 00:35:12.717218327+00:00
2026-03-19 00:35:13.336237896+00:00,955,cancel_requested,bid,2192.7,0.08889591352692933,2026-03-19 00:35:12.958783650+00:00,200.74599999999998,2026-03-19 00:35:12.708783650+00:00,pending_cancel,refresh_reprice,2026-03-19 00:35:13.336237896+00:00,2026-03-19 00:35:13.586237896+00:00
2026-03-19 00:35:13.383632987+00:00,956,placed,ask,2194.3,0.11110408647307068,2026-03-19 00:35:13.633632987+00:00,171.673,2026-03-19 00:35:13.383632987+00:00,pending_new,,,
2026-03-19 00:35:13.438817743+00:00,956,cancel_requested,ask,2194.3,0.11110408647307068,2026-03-19 00:35:13.633632987+00:00,171.673,2026-03-19 00:35:13.383632987+00:00,pending_cancel,pressure_stop_ask,2026-03-19 00:35:13.438817743+00:00,2026-03-19 00:35:13.688817743+00:00
2026-03-19 00:35:13.586237896+00:00,955,cancelled,bid,2192.7,0.08889591352692933,2026-03-19 00:35:12.958783650+00:00,200.74599999999998,2026-03-19 00:35:12.708783650+00:00,cancelled,refresh_reprice,2026-03-19 00:35:13.336237896+00:00,2026-03-19 00:35:13.586237896+00:00
2026-03-19 00:35:13.638400321+00:00,957,placed,bid,2193.4,0.08889591352692933,2026-03-19 00:35:13.888400321+00:00,123.451,2026-03-19 00:35:13.638400321+00:00,pending_new,,,
2026-03-19 00:35:13.688817743+00:00,956,cancelled,ask,2194.3,0.11110408647307068,2026-03-19 00:35:13.633632987+00:00,171.673,2026-03-19 00:35:13.383632987+00:00,cancelled,pressure_stop_ask,2026-03-19 00:35:13.438817743+00:00,2026-03-19 00:35:13.688817743+00:00
2026-03-19 00:35:13.735363771+00:00,958,placed,ask,2194.5,0.11110408647307068,2026-03-19 00:35:13.985363771+00:00,197.04699999999997,2026-03-19 00:35:13.735363771+00:00,pending_new,,,
2026-03-19 00:35:14.049794003+00:00,958,cancel_requested,ask,2194.5,0.11110408647307068,2026-03-19 00:35:13.985363771+00:00,197.04699999999997,2026-03-19 00:35:13.735363771+00:00,pending_cancel,pressure_stop_ask,2026-03-19 00:35:14.049794003+00:00,2026-03-19 00:35:14.299794003+00:00
2026-03-19 00:35:14.299794003+00:00,958,cancelled,ask,2194.5,0.11110408647307068,2026-03-19 00:35:13.985363771+00:00,197.04699999999997,2026-03-19 00:35:13.735363771+00:00,cancelled,pressure_stop_ask,2026-03-19 00:35:14.049794003+00:00,2026-03-19 00:35:14.299794003+00:00
2026-03-19 00:35:14.325319124+00:00,959,placed,ask,2194.6,0.11110408647307068,2026-03-19 00:35:14.575319124+00:00,149.948,2026-03-19 00:35:14.325319124+00:00,pending_new,,,
2026-03-19 00:35:14.557957115+00:00,959,cancel_requested,ask,2194.6,0.11110408647307068,2026-03-19 00:35:14.575319124+00:00,149.948,2026-03-19 00:35:14.325319124+00:00,pending_cancel,pressure_stop_ask,2026-03-19 00:35:14.557957115+00:00,2026-03-19 00:35:14.807957115+00:00
2026-03-19 00:35:14.807957115+00:00,959,cancelled,ask,2194.6,0.11110408647307068,2026-03-19 00:35:14.575319124+00:00,149.948,2026-03-19 00:35:14.325319124+00:00,cancelled,pressure_stop_ask,2026-03-19 00:35:14.557957115+00:00,2026-03-19 00:35:14.807957115+00:00
2026-03-19 00:35:15.275909882+00:00,957,cancel_requested,bid,2193.4,0.08889591352692933,2026-03-19 00:35:13.888400321+00:00,123.451,2026-03-19 00:35:13.638400321+00:00,pending_cancel,pressure_stop_bid,2026-03-19 00:35:15.275909882+00:00,2026-03-19 00:35:15.525909882+00:00
2026-03-19 00:35:15.275909882+00:00,960,placed,ask,2194.5,0.11110408647307068,2026-03-19 00:35:15.525909882+00:00,95.68,2026-03-19 00:35:15.275909882+00:00,pending_new,,,
2026-03-19 00:35:15.327703253+00:00,960,cancel_requested,ask,2194.5,0.11110408647307068,2026-03-19 00:35:15.525909882+00:00,95.68,2026-03-19 00:35:15.275909882+00:00,pending_cancel,refresh_reprice,2026-03-19 00:35:15.327703253+00:00,2026-03-19 00:35:15.577703253+00:00
2026-03-19 00:35:15.525909882+00:00,957,cancelled,bid,2193.4,0.08889591352692933,2026-03-19 00:35:13.888400321+00:00,122.60799999999999,2026-03-19 00:35:13.638400321+00:00,cancelled,pressure_stop_bid,2026-03-19 00:35:15.275909882+00:00,2026-03-19 00:35:15.525909882+00:00
2026-03-19 00:35:15.577703253+00:00,960,cancelled,ask,2194.5,0.11110408647307068,2026-03-19 00:35:15.525909882+00:00,95.68,2026-03-19 00:35:15.275909882+00:00,cancelled,refresh_reprice,2026-03-19 00:35:15.327703253+00:00,2026-03-19 00:35:15.577703253+00:00
2026-03-19 00:35:15.582223326+00:00,961,placed,ask,2193.0,0.11110408647307068,2026-03-19 00:35:15.832223326+00:00,194.757,2026-03-19 00:35:15.582223326+00:00,pending_new,,,
2026-03-19 00:35:15.633151163+00:00,961,cancel_requested,ask,2193.0,0.11110408647307068,2026-03-19 00:35:15.832223326+00:00,194.757,2026-03-19 00:35:15.582223326+00:00,pending_cancel,refresh_reprice,2026-03-19 00:35:15.633151163+00:00,2026-03-19 00:35:15.883151163+00:00
2026-03-19 00:35:15.883151163+00:00,961,cancelled,ask,2193.0,0.11110408647307068,2026-03-19 00:35:15.832223326+00:00,194.757,2026-03-19 00:35:15.582223326+00:00,cancelled,refresh_reprice,2026-03-19 00:35:15.633151163+00:00,2026-03-19 00:35:15.883151163+00:00
2026-03-19 00:35:15.939458606+00:00,962,placed,bid,2190.3,0.08889591352692933,2026-03-19 00:35:16.189458606+00:00,169.397,2026-03-19 00:35:15.939458606+00:00,pending_new,,,
2026-03-19 00:35:16.041487510+00:00,962,cancel_requested,bid,2190.3,0.08889591352692933,2026-03-19 00:35:16.189458606+00:00,169.397,2026-03-19 00:35:15.939458606+00:00,pending_cancel,refresh_reprice,2026-03-19 00:35:16.041487510+00:00,2026-03-19 00:35:16.291487510+00:00
2026-03-19 00:35:16.291487510+00:00,962,cancelled,bid,2190.3,0.08889591352692933,2026-03-19 00:35:16.189458606+00:00,169.397,2026-03-19 00:35:15.939458606+00:00,cancelled,refresh_reprice,2026-03-19 00:35:16.041487510+00:00,2026-03-19 00:35:16.291487510+00:00
2026-03-19 00:35:16.342221328+00:00,963,placed,bid,2190.8,0.08889591352692933,2026-03-19 00:35:16.592221328+00:00,205.708,2026-03-19 00:35:16.342221328+00:00,pending_new,,,
2026-03-19 00:35:18.385392035+00:00,963,resized,bid,2190.8,0.08878645818136004,2026-03-19 00:35:16.592221328+00:00,205.708,,,preserve_queue_priority,,
2026-03-19 00:35:18.487261159+00:00,963,cancel_requested,bid,2190.8,0.08878645818136004,2026-03-19 00:35:16.592221328+00:00,205.708,2026-03-19 00:35:16.342221328+00:00,pending_cancel,refresh_reprice,2026-03-19 00:35:18.487261159+00:00,2026-03-19 00:35:18.737261159+00:00
2026-03-19 00:35:18.487261159+00:00,964,placed,ask,2193.9,0.11121354181863999,2026-03-19 00:35:18.737261159+00:00,227.64899999999997,2026-03-19 00:35:18.487261159+00:00,pending_new,,,
2026-03-19 00:35:18.737261159+00:00,963,cancelled,bid,2190.8,0.08878645818136004,2026-03-19 00:35:16.592221328+00:00,205.708,2026-03-19 00:35:16.342221328+00:00,cancelled,refresh_reprice,2026-03-19 00:35:18.487261159+00:00,2026-03-19 00:35:18.737261159+00:00
2026-03-19 00:35:18.743962612+00:00,965,placed,bid,2191.3,0.08878645818136004,2026-03-19 00:35:18.993962612+00:00,267.643,2026-03-19 00:35:18.743962612+00:00,pending_new,,,
2026-03-19 00:35:18.897540556+00:00,965,cancel_requested,bid,2191.3,0.08878645818136004,2026-03-19 00:35:18.993962612+00:00,267.643,2026-03-19 00:35:18.743962612+00:00,pending_cancel,pressure_stop_bid,2026-03-19 00:35:18.897540556+00:00,2026-03-19 00:35:19.147540556+00:00
2026-03-19 00:35:19.147540556+00:00,965,cancelled,bid,2191.3,0.08878645818136004,2026-03-19 00:35:18.993962612+00:00,267.643,2026-03-19 00:35:18.743962612+00:00,cancelled,pressure_stop_bid,2026-03-19 00:35:18.897540556+00:00,2026-03-19 00:35:19.147540556+00:00
2026-03-19 00:35:21.640214393+00:00,964,cancel_requested,ask,2193.9,0.11121354181863999,2026-03-19 00:35:18.737261159+00:00,227.64899999999997,2026-03-19 00:35:18.487261159+00:00,pending_cancel,pressure_stop_ask,2026-03-19 00:35:21.640214393+00:00,2026-03-19 00:35:21.890214393+00:00
2026-03-19 00:35:21.640214393+00:00,966,placed,bid,2191.3,0.08878645818136004,2026-03-19 00:35:21.890214393+00:00,234.942,2026-03-19 00:35:21.640214393+00:00,pending_new,,,
2026-03-19 00:35:21.890214393+00:00,964,cancelled,ask,2193.9,0.11121354181863999,2026-03-19 00:35:18.737261159+00:00,227.64899999999997,2026-03-19 00:35:18.487261159+00:00,cancelled,pressure_stop_ask,2026-03-19 00:35:21.640214393+00:00,2026-03-19 00:35:21.890214393+00:00
2026-03-19 00:35:22.035652481+00:00,966,cancel_requested,bid,2191.3,0.08878645818136004,2026-03-19 00:35:21.890214393+00:00,234.942,2026-03-19 00:35:21.640214393+00:00,pending_cancel,refresh_reprice,2026-03-19 00:35:22.035652481+00:00,2026-03-19 00:35:22.285652481+00:00
2026-03-19 00:35:22.285652481+00:00,966,cancelled,bid,2191.3,0.08878645818136004,2026-03-19 00:35:21.890214393+00:00,234.942,2026-03-19 00:35:21.640214393+00:00,cancelled,refresh_reprice,2026-03-19 00:35:22.035652481+00:00,2026-03-19 00:35:22.285652481+00:00
2026-03-19 00:35:22.307258094+00:00,967,placed,bid,2192.0,0.08878645818136004,2026-03-19 00:35:22.557258094+00:00,177.788,2026-03-19 00:35:22.307258094+00:00,pending_new,,,
2026-03-19 00:35:22.307258094+00:00,968,placed,ask,2193.4,0.11121354181863999,2026-03-19 00:35:22.557258094+00:00,208.031,2026-03-19 00:35:22.307258094+00:00,pending_new,,,
2026-03-19 00:35:22.983267425+00:00,968,cancel_requested,ask,2193.4,0.11121354181863999,2026-03-19 00:35:22.557258094+00:00,208.031,2026-03-19 00:35:22.307258094+00:00,pending_cancel,pressure_stop_ask,2026-03-19 00:35:22.983267425+00:00,2026-03-19 00:35:23.233267425+00:00
2026-03-19 00:35:23.233267425+00:00,968,cancelled,ask,2193.4,0.11121354181863999,2026-03-19 00:35:22.557258094+00:00,208.031,2026-03-19 00:35:22.307258094+00:00,cancelled,pressure_stop_ask,2026-03-19 00:35:22.983267425+00:00,2026-03-19 00:35:23.233267425+00:00
2026-03-19 00:35:23.433908720+00:00,967,cancel_requested,bid,2192.0,0.08878645818136004,2026-03-19 00:35:22.557258094+00:00,177.788,2026-03-19 00:35:22.307258094+00:00,pending_cancel,refresh_reprice,2026-03-19 00:35:23.433908720+00:00,2026-03-19 00:35:23.683908720+00:00
2026-03-19 00:35:23.433908720+00:00,969,placed,ask,2194.2,0.11121354181863999,2026-03-19 00:35:23.683908720+00:00,235.11199999999997,2026-03-19 00:35:23.433908720+00:00,pending_new,,,
2026-03-19 00:35:23.683908720+00:00,967,cancelled,bid,2192.0,0.08878645818136004,2026-03-19 00:35:22.557258094+00:00,177.788,2026-03-19 00:35:22.307258094+00:00,cancelled,refresh_reprice,2026-03-19 00:35:23.433908720+00:00,2026-03-19 00:35:23.683908720+00:00
2026-03-19 00:35:23.698641+00:00,970,placed,bid,2191.6,0.08878645818136004,2026-03-19 00:35:23.948641+00:00,269.668,2026-03-19 00:35:23.698641+00:00,pending_new,,,
2026-03-19 00:35:25.891056101+00:00,969,cancel_requested,ask,2194.2,0.11121354181863999,2026-03-19 00:35:23.683908720+00:00,235.11199999999997,2026-03-19 00:35:23.433908720+00:00,pending_cancel,pressure_stop_ask,2026-03-19 00:35:25.891056101+00:00,2026-03-19 00:35:26.141056101+00:00
2026-03-19 00:35:25.942152729+00:00,970,cancel_requested,bid,2191.6,0.08878645818136004,2026-03-19 00:35:23.948641+00:00,269.668,2026-03-19 00:35:23.698641+00:00,pending_cancel,refresh_reprice,2026-03-19 00:35:25.942152729+00:00,2026-03-19 00:35:26.192152729+00:00
2026-03-19 00:35:26.141056101+00:00,969,cancelled,ask,2194.2,0.11121354181863999,2026-03-19 00:35:23.683908720+00:00,235.11199999999997,2026-03-19 00:35:23.433908720+00:00,cancelled,pressure_stop_ask,2026-03-19 00:35:25.891056101+00:00,2026-03-19 00:35:26.141056101+00:00
2026-03-19 00:35:26.192152729+00:00,970,cancelled,bid,2191.6,0.08878645818136004,2026-03-19 00:35:23.948641+00:00,269.668,2026-03-19 00:35:23.698641+00:00,cancelled,refresh_reprice,2026-03-19 00:35:25.942152729+00:00,2026-03-19 00:35:26.192152729+00:00
2026-03-19 00:35:26.236187345+00:00,971,placed,bid,2191.8,0.08878645818136004,2026-03-19 00:35:26.486187345+00:00,288.623,2026-03-19 00:35:26.236187345+00:00,pending_new,,,
2026-03-19 00:35:26.299433629+00:00,972,placed,ask,2194.6,0.11121354181863999,2026-03-19 00:35:26.549433629+00:00,218.742,2026-03-19 00:35:26.299433629+00:00,pending_new,,,
2026-03-19 00:35:26.658618668+00:00,971,cancel_requested,bid,2191.8,0.08878645818136004,2026-03-19 00:35:26.486187345+00:00,288.623,2026-03-19 00:35:26.236187345+00:00,pending_cancel,pressure_stop_bid,2026-03-19 00:35:26.658618668+00:00,2026-03-19 00:35:26.908618668+00:00
2026-03-19 00:35:26.860347716+00:00,972,cancel_requested,ask,2194.6,0.11121354181863999,2026-03-19 00:35:26.549433629+00:00,218.742,2026-03-19 00:35:26.299433629+00:00,pending_cancel,refresh_reprice,2026-03-19 00:35:26.860347716+00:00,2026-03-19 00:35:27.110347716+00:00
2026-03-19 00:35:26.908618668+00:00,971,cancelled,bid,2191.8,0.08878645818136004,2026-03-19 00:35:26.486187345+00:00,288.623,2026-03-19 00:35:26.236187345+00:00,cancelled,pressure_stop_bid,2026-03-19 00:35:26.658618668+00:00,2026-03-19 00:35:26.908618668+00:00
2026-03-19 00:35:27.110347716+00:00,972,cancelled,ask,2194.6,0.11121354181863999,2026-03-19 00:35:26.549433629+00:00,218.742,2026-03-19 00:35:26.299433629+00:00,cancelled,refresh_reprice,2026-03-19 00:35:26.860347716+00:00,2026-03-19 00:35:27.110347716+00:00
2026-03-19 00:35:27.162257909+00:00,973,placed,ask,2194.3,0.11121354181863999,2026-03-19 00:35:27.412257909+00:00,281.12600000000003,2026-03-19 00:35:27.162257909+00:00,pending_new,,,
2026-03-19 00:35:28.496928583+00:00,973,cancel_requested,ask,2194.3,0.11121354181863999,2026-03-19 00:35:27.412257909+00:00,281.12600000000003,2026-03-19 00:35:27.162257909+00:00,pending_cancel,pressure_stop_ask,2026-03-19 00:35:28.496928583+00:00,2026-03-19 00:35:28.746928583+00:00
2026-03-19 00:35:28.496928583+00:00,974,placed,bid,2191.7,0.08878645818136004,2026-03-19 00:35:28.746928583+00:00,176.776,2026-03-19 00:35:28.496928583+00:00,pending_new,,,
2026-03-19 00:35:28.746928583+00:00,973,cancelled,ask,2194.3,0.11121354181863999,2026-03-19 00:35:27.412257909+00:00,281.12600000000003,2026-03-19 00:35:27.162257909+00:00,cancelled,pressure_stop_ask,2026-03-19 00:35:28.496928583+00:00,2026-03-19 00:35:28.746928583+00:00
2026-03-19 00:35:30.836942919+00:00,974,cancel_requested,bid,2191.7,0.08878645818136004,2026-03-19 00:35:28.746928583+00:00,176.776,2026-03-19 00:35:28.496928583+00:00,pending_cancel,refresh_reprice,2026-03-19 00:35:30.836942919+00:00,2026-03-19 00:35:31.086942919+00:00
2026-03-19 00:35:30.836942919+00:00,975,placed,ask,2194.0,0.11121354181863999,2026-03-19 00:35:31.086942919+00:00,236.023,2026-03-19 00:35:30.836942919+00:00,pending_new,,,
2026-03-19 00:35:31.086942919+00:00,974,cancelled,bid,2191.7,0.08878645818136004,2026-03-19 00:35:28.746928583+00:00,176.776,2026-03-19 00:35:28.496928583+00:00,cancelled,refresh_reprice,2026-03-19 00:35:30.836942919+00:00,2026-03-19 00:35:31.086942919+00:00
2026-03-19 00:35:31.135193355+00:00,976,placed,bid,2192.6,0.08878645818136004,2026-03-19 00:35:31.385193355+00:00,200.56099999999998,2026-03-19 00:35:31.135193355+00:00,pending_new,,,
2026-03-19 00:35:31.762533281+00:00,975,cancel_requested,ask,2194.0,0.11121354181863999,2026-03-19 00:35:31.086942919+00:00,236.023,2026-03-19 00:35:30.836942919+00:00,pending_cancel,pressure_stop_ask,2026-03-19 00:35:31.762533281+00:00,2026-03-19 00:35:32.012533281+00:00
2026-03-19 00:35:32.012533281+00:00,975,cancelled,ask,2194.0,0.11121354181863999,2026-03-19 00:35:31.086942919+00:00,236.023,2026-03-19 00:35:30.836942919+00:00,cancelled,pressure_stop_ask,2026-03-19 00:35:31.762533281+00:00,2026-03-19 00:35:32.012533281+00:00
2026-03-19 00:35:32.017664388+00:00,976,cancel_requested,bid,2192.6,0.08878645818136004,2026-03-19 00:35:31.385193355+00:00,200.56099999999998,2026-03-19 00:35:31.135193355+00:00,pending_cancel,refresh_reprice,2026-03-19 00:35:32.017664388+00:00,2026-03-19 00:35:32.267664388+00:00
2026-03-19 00:35:32.170400617+00:00,977,placed,ask,2194.9,0.11121354181863999,2026-03-19 00:35:32.420400617+00:00,219.5,2026-03-19 00:35:32.170400617+00:00,pending_new,,,
2026-03-19 00:35:32.267664388+00:00,976,cancelled,bid,2192.6,0.08878645818136004,2026-03-19 00:35:31.385193355+00:00,200.56099999999998,2026-03-19 00:35:31.135193355+00:00,cancelled,refresh_reprice,2026-03-19 00:35:32.017664388+00:00,2026-03-19 00:35:32.267664388+00:00
2026-03-19 00:35:32.335592045+00:00,978,placed,bid,2192.3,0.08878645818136004,2026-03-19 00:35:32.585592045+00:00,232.636,2026-03-19 00:35:32.335592045+00:00,pending_new,,,
2026-03-19 00:35:32.681618703+00:00,977,cancel_requested,ask,2194.9,0.11121354181863999,2026-03-19 00:35:32.420400617+00:00,219.5,2026-03-19 00:35:32.170400617+00:00,pending_cancel,pressure_stop_ask,2026-03-19 00:35:32.681618703+00:00,2026-03-19 00:35:32.931618703+00:00
2026-03-19 00:35:32.783669648+00:00,978,cancel_requested,bid,2192.3,0.08878645818136004,2026-03-19 00:35:32.585592045+00:00,232.636,2026-03-19 00:35:32.335592045+00:00,pending_cancel,refresh_reprice,2026-03-19 00:35:32.783669648+00:00,2026-03-19 00:35:33.033669648+00:00
2026-03-19 00:35:32.931618703+00:00,977,cancelled,ask,2194.9,0.11121354181863999,2026-03-19 00:35:32.420400617+00:00,219.5,2026-03-19 00:35:32.170400617+00:00,cancelled,pressure_stop_ask,2026-03-19 00:35:32.681618703+00:00,2026-03-19 00:35:32.931618703+00:00
2026-03-19 00:35:33.033669648+00:00,978,cancelled,bid,2192.3,0.08878645818136004,2026-03-19 00:35:32.585592045+00:00,232.636,2026-03-19 00:35:32.335592045+00:00,cancelled,refresh_reprice,2026-03-19 00:35:32.783669648+00:00,2026-03-19 00:35:33.033669648+00:00
2026-03-19 00:35:33.053142491+00:00,979,placed,bid,2192.8,0.08878645818136004,2026-03-19 00:35:33.303142491+00:00,263.616,2026-03-19 00:35:33.053142491+00:00,pending_new,,,
2026-03-19 00:35:33.952078538+00:00,979,cancel_requested,bid,2192.8,0.08878645818136004,2026-03-19 00:35:33.303142491+00:00,263.616,2026-03-19 00:35:33.053142491+00:00,pending_cancel,pressure_stop_bid,2026-03-19 00:35:33.952078538+00:00,2026-03-19 00:35:34.202078538+00:00
2026-03-19 00:35:33.952078538+00:00,980,placed,ask,2195.4,0.11121354181863999,2026-03-19 00:35:34.202078538+00:00,277.47499999999997,2026-03-19 00:35:33.952078538+00:00,pending_new,,,
2026-03-19 00:35:34.202078538+00:00,979,cancelled,bid,2192.8,0.08878645818136004,2026-03-19 00:35:33.303142491+00:00,263.616,2026-03-19 00:35:33.053142491+00:00,cancelled,pressure_stop_bid,2026-03-19 00:35:33.952078538+00:00,2026-03-19 00:35:34.202078538+00:00
2026-03-19 00:35:34.360917838+00:00,981,placed,bid,2192.5,0.08878645818136004,2026-03-19 00:35:34.610917838+00:00,386.069,2026-03-19 00:35:34.360917838+00:00,pending_new,,,
2026-03-19 00:35:34.465653525+00:00,981,cancel_requested,bid,2192.5,0.08878645818136004,2026-03-19 00:35:34.610917838+00:00,386.069,2026-03-19 00:35:34.360917838+00:00,pending_cancel,pressure_stop_bid,2026-03-19 00:35:34.465653525+00:00,2026-03-19 00:35:34.715653525+00:00
2026-03-19 00:35:34.715653525+00:00,981,cancelled,bid,2192.5,0.08878645818136004,2026-03-19 00:35:34.610917838+00:00,386.069,2026-03-19 00:35:34.360917838+00:00,cancelled,pressure_stop_bid,2026-03-19 00:35:34.465653525+00:00,2026-03-19 00:35:34.715653525+00:00
2026-03-19 00:35:36.048535083+00:00,980,cancel_requested,ask,2195.4,0.11121354181863999,2026-03-19 00:35:34.202078538+00:00,277.47499999999997,2026-03-19 00:35:33.952078538+00:00,pending_cancel,pressure_stop_ask,2026-03-19 00:35:36.048535083+00:00,2026-03-19 00:35:36.298535083+00:00
2026-03-19 00:35:36.048535083+00:00,982,placed,bid,2192.9,0.08878645818136004,2026-03-19 00:35:36.298535083+00:00,262.17199999999997,2026-03-19 00:35:36.048535083+00:00,pending_new,,,
2026-03-19 00:35:36.273406618+00:00,982,cancel_requested,bid,2192.9,0.08878645818136004,2026-03-19 00:35:36.298535083+00:00,262.17199999999997,2026-03-19 00:35:36.048535083+00:00,pending_cancel,refresh_reprice,2026-03-19 00:35:36.273406618+00:00,2026-03-19 00:35:36.523406618+00:00
2026-03-19 00:35:36.298535083+00:00,980,cancelled,ask,2195.4,0.11121354181863999,2026-03-19 00:35:34.202078538+00:00,277.47499999999997,2026-03-19 00:35:33.952078538+00:00,cancelled,pressure_stop_ask,2026-03-19 00:35:36.048535083+00:00,2026-03-19 00:35:36.298535083+00:00
2026-03-19 00:35:36.523406618+00:00,982,cancelled,bid,2192.9,0.08878645818136004,2026-03-19 00:35:36.298535083+00:00,262.17199999999997,2026-03-19 00:35:36.048535083+00:00,cancelled,refresh_reprice,2026-03-19 00:35:36.273406618+00:00,2026-03-19 00:35:36.523406618+00:00
2026-03-19 00:35:36.557917921+00:00,983,placed,bid,2193.7,0.08878645818136004,2026-03-19 00:35:36.807917921+00:00,191.894,2026-03-19 00:35:36.557917921+00:00,pending_new,,,
2026-03-19 00:35:37.016309541+00:00,983,cancel_requested,bid,2193.7,0.08878645818136004,2026-03-19 00:35:36.807917921+00:00,191.894,2026-03-19 00:35:36.557917921+00:00,pending_cancel,pressure_stop_bid,2026-03-19 00:35:37.016309541+00:00,2026-03-19 00:35:37.266309541+00:00
2026-03-19 00:35:37.016309541+00:00,984,placed,ask,2195.1,0.11069710756427352,2026-03-19 00:35:37.266309541+00:00,168.269,2026-03-19 00:35:37.016309541+00:00,pending_new,,,
2026-03-19 00:35:37.266309541+00:00,983,cancelled,bid,2193.7,0.08878645818136004,2026-03-19 00:35:36.807917921+00:00,191.894,2026-03-19 00:35:36.557917921+00:00,cancelled,pressure_stop_bid,2026-03-19 00:35:37.016309541+00:00,2026-03-19 00:35:37.266309541+00:00
2026-03-19 00:35:37.274974013+00:00,985,placed,bid,2193.5,0.08930289243572648,2026-03-19 00:35:37.524974013+00:00,197.15699999999998,2026-03-19 00:35:37.274974013+00:00,pending_new,,,
2026-03-19 00:35:39.470188277+00:00,985,cancel_requested,bid,2193.5,0.08930289243572648,2026-03-19 00:35:37.524974013+00:00,197.15699999999998,2026-03-19 00:35:37.274974013+00:00,pending_cancel,pressure_stop_bid,2026-03-19 00:35:39.470188277+00:00,2026-03-19 00:35:39.720188277+00:00
2026-03-19 00:35:39.623873651+00:00,984,cancel_requested,ask,2195.1,0.11069710756427352,2026-03-19 00:35:37.266309541+00:00,168.269,2026-03-19 00:35:37.016309541+00:00,pending_cancel,refresh_reprice,2026-03-19 00:35:39.623873651+00:00,2026-03-19 00:35:39.873873651+00:00
2026-03-19 00:35:39.720188277+00:00,985,cancelled,bid,2193.5,0.08930289243572648,2026-03-19 00:35:37.524974013+00:00,197.15699999999998,2026-03-19 00:35:37.274974013+00:00,cancelled,pressure_stop_bid,2026-03-19 00:35:39.470188277+00:00,2026-03-19 00:35:39.720188277+00:00
2026-03-19 00:35:39.873873651+00:00,984,cancelled,ask,2195.1,0.11069710756427352,2026-03-19 00:35:37.266309541+00:00,168.269,2026-03-19 00:35:37.016309541+00:00,cancelled,refresh_reprice,2026-03-19 00:35:39.623873651+00:00,2026-03-19 00:35:39.873873651+00:00
2026-03-19 00:35:39.910370543+00:00,986,placed,ask,2194.8,0.11069710756427352,2026-03-19 00:35:40.160370543+00:00,247.60899999999998,2026-03-19 00:35:39.910370543+00:00,pending_new,,,
2026-03-19 00:35:45.663100106+00:00,987,placed,bid,2193.3,0.08930289243572648,2026-03-19 00:35:45.913100106+00:00,204.45700000000002,2026-03-19 00:35:45.663100106+00:00,pending_new,,,
2026-03-19 00:35:49.113218838+00:00,987,cancel_requested,bid,2193.3,0.08930289243572648,2026-03-19 00:35:45.913100106+00:00,204.45700000000002,2026-03-19 00:35:45.663100106+00:00,pending_cancel,pressure_stop_bid,2026-03-19 00:35:49.113218838+00:00,2026-03-19 00:35:49.363218838+00:00
2026-03-19 00:35:49.363218838+00:00,987,cancelled,bid,2193.3,0.08930289243572648,2026-03-19 00:35:45.913100106+00:00,204.45700000000002,2026-03-19 00:35:45.663100106+00:00,cancelled,pressure_stop_bid,2026-03-19 00:35:49.113218838+00:00,2026-03-19 00:35:49.363218838+00:00
2026-03-19 00:35:49.910370543+00:00,986,cancel_requested,ask,2194.8,0.11069710756427352,2026-03-19 00:35:40.160370543+00:00,247.60899999999998,2026-03-19 00:35:39.910370543+00:00,pending_cancel,quote_age_expired,2026-03-19 00:35:49.910370543+00:00,2026-03-19 00:35:50.160370543+00:00
2026-03-19 00:35:50.160370543+00:00,986,cancelled,ask,2194.8,0.11069710756427352,2026-03-19 00:35:40.160370543+00:00,247.60899999999998,2026-03-19 00:35:39.910370543+00:00,cancelled,quote_age_expired,2026-03-19 00:35:49.910370543+00:00,2026-03-19 00:35:50.160370543+00:00
2026-03-19 00:35:50.169569566+00:00,988,placed,ask,2194.8,0.11069710756427352,2026-03-19 00:35:50.419569566+00:00,259.327,2026-03-19 00:35:50.169569566+00:00,pending_new,,,
2026-03-19 00:35:55.183312968+00:00,989,placed,bid,2193.3,0.08930289243572648,2026-03-19 00:35:55.433312968+00:00,169.45,2026-03-19 00:35:55.183312968+00:00,pending_new,,,
2026-03-19 00:35:58.855817151+00:00,988,cancel_requested,ask,2194.8,0.11069710756427352,2026-03-19 00:35:50.419569566+00:00,259.327,2026-03-19 00:35:50.169569566+00:00,pending_cancel,pressure_stop_ask,2026-03-19 00:35:58.855817151+00:00,2026-03-19 00:35:59.105817151+00:00
2026-03-19 00:35:59.105817151+00:00,988,cancelled,ask,2194.8,0.11069710756427352,2026-03-19 00:35:50.419569566+00:00,259.327,2026-03-19 00:35:50.169569566+00:00,cancelled,pressure_stop_ask,2026-03-19 00:35:58.855817151+00:00,2026-03-19 00:35:59.105817151+00:00
2026-03-19 00:35:59.529480344+00:00,989,cancel_requested,bid,2193.3,0.08930289243572648,2026-03-19 00:35:55.433312968+00:00,169.45,2026-03-19 00:35:55.183312968+00:00,pending_cancel,refresh_reprice,2026-03-19 00:35:59.529480344+00:00,2026-03-19 00:35:59.779480344+00:00
2026-03-19 00:35:59.779480344+00:00,989,cancelled,bid,2193.3,0.08930289243572648,2026-03-19 00:35:55.433312968+00:00,169.45,2026-03-19 00:35:55.183312968+00:00,cancelled,refresh_reprice,2026-03-19 00:35:59.529480344+00:00,2026-03-19 00:35:59.779480344+00:00
2026-03-19 00:35:59.836597564+00:00,990,placed,bid,2193.7,0.08931390962384332,2026-03-19 00:36:00.086597564+00:00,205.31800000000004,2026-03-19 00:35:59.836597564+00:00,pending_new,,,
2026-03-19 00:36:00.754590758+00:00,990,cancel_requested,bid,2193.7,0.08931390962384332,2026-03-19 00:36:00.086597564+00:00,205.31800000000004,2026-03-19 00:35:59.836597564+00:00,pending_cancel,refresh_reprice,2026-03-19 00:36:00.754590758+00:00,2026-03-19 00:36:01.004590758+00:00
2026-03-19 00:36:00.754590758+00:00,991,placed,ask,2195.5,0.11068609037615669,2026-03-19 00:36:01.004590758+00:00,100.757,2026-03-19 00:36:00.754590758+00:00,pending_new,,,
2026-03-19 00:36:00.892788943+00:00,991,cancel_requested,ask,2195.5,0.11068609037615669,2026-03-19 00:36:01.004590758+00:00,100.757,2026-03-19 00:36:00.754590758+00:00,pending_cancel,pressure_stop_ask,2026-03-19 00:36:00.892788943+00:00,2026-03-19 00:36:01.142788943+00:00
2026-03-19 00:36:01.004590758+00:00,990,cancelled,bid,2193.7,0.08931390962384332,2026-03-19 00:36:00.086597564+00:00,205.31800000000004,2026-03-19 00:35:59.836597564+00:00,cancelled,refresh_reprice,2026-03-19 00:36:00.754590758+00:00,2026-03-19 00:36:01.004590758+00:00
2026-03-19 00:36:01.057400679+00:00,992,placed,bid,2194.1,0.08931390962384332,2026-03-19 00:36:01.307400679+00:00,215.041,2026-03-19 00:36:01.057400679+00:00,pending_new,,,
2026-03-19 00:36:01.142788943+00:00,991,cancelled,ask,2195.5,0.11068609037615669,2026-03-19 00:36:01.004590758+00:00,100.757,2026-03-19 00:36:00.754590758+00:00,cancelled,pressure_stop_ask,2026-03-19 00:36:00.892788943+00:00,2026-03-19 00:36:01.142788943+00:00
2026-03-19 00:36:01.468466406+00:00,992,cancel_requested,bid,2194.1,0.08931390962384332,2026-03-19 00:36:01.307400679+00:00,215.041,2026-03-19 00:36:01.057400679+00:00,pending_cancel,refresh_reprice,2026-03-19 00:36:01.468466406+00:00,2026-03-19 00:36:01.718466406+00:00
2026-03-19 00:36:01.621677329+00:00,993,placed,ask,2195.8,0.11068609037615669,2026-03-19 00:36:01.871677329+00:00,124.88300000000001,2026-03-19 00:36:01.621677329+00:00,pending_new,,,
2026-03-19 00:36:01.718067981+00:00,993,cancel_requested,ask,2195.8,0.11068609037615669,2026-03-19 00:36:01.871677329+00:00,124.88300000000001,2026-03-19 00:36:01.621677329+00:00,pending_cancel,pressure_stop_ask,2026-03-19 00:36:01.718067981+00:00,2026-03-19 00:36:01.968067981+00:00
2026-03-19 00:36:01.718466406+00:00,992,cancelled,bid,2194.1,0.08931390962384332,2026-03-19 00:36:01.307400679+00:00,215.041,2026-03-19 00:36:01.057400679+00:00,cancelled,refresh_reprice,2026-03-19 00:36:01.468466406+00:00,2026-03-19 00:36:01.718466406+00:00
2026-03-19 00:36:01.767961621+00:00,994,placed,bid,2194.5,0.08931390962384332,2026-03-19 00:36:02.017961621+00:00,212.023,2026-03-19 00:36:01.767961621+00:00,pending_new,,,
2026-03-19 00:36:01.968067981+00:00,993,cancelled,ask,2195.8,0.11068609037615669,2026-03-19 00:36:01.871677329+00:00,124.88300000000001,2026-03-19 00:36:01.621677329+00:00,cancelled,pressure_stop_ask,2026-03-19 00:36:01.718067981+00:00,2026-03-19 00:36:01.968067981+00:00
2026-03-19 00:36:03.813833872+00:00,994,cancel_requested,bid,2194.5,0.08931390962384332,2026-03-19 00:36:02.017961621+00:00,212.023,2026-03-19 00:36:01.767961621+00:00,pending_cancel,pressure_stop_bid,2026-03-19 00:36:03.813833872+00:00,2026-03-19 00:36:04.063833872+00:00
2026-03-19 00:36:03.813833872+00:00,995,placed,ask,2195.8,0.11068609037615669,2026-03-19 00:36:04.063833872+00:00,277.923,2026-03-19 00:36:03.813833872+00:00,pending_new,,,
2026-03-19 00:36:04.063833872+00:00,994,cancelled,bid,2194.5,0.08931390962384332,2026-03-19 00:36:02.017961621+00:00,212.023,2026-03-19 00:36:01.767961621+00:00,cancelled,pressure_stop_bid,2026-03-19 00:36:03.813833872+00:00,2026-03-19 00:36:04.063833872+00:00
2026-03-19 00:36:09.431773883+00:00,995,cancel_requested,ask,2195.8,0.11068609037615669,2026-03-19 00:36:04.063833872+00:00,277.923,2026-03-19 00:36:03.813833872+00:00,pending_cancel,refresh_reprice,2026-03-19 00:36:09.431773883+00:00,2026-03-19 00:36:09.681773883+00:00
2026-03-19 00:36:09.681773883+00:00,995,cancelled,ask,2195.8,0.11068609037615669,2026-03-19 00:36:04.063833872+00:00,277.923,2026-03-19 00:36:03.813833872+00:00,cancelled,refresh_reprice,2026-03-19 00:36:09.431773883+00:00,2026-03-19 00:36:09.681773883+00:00
2026-03-19 00:36:09.689200965+00:00,996,placed,ask,2195.3,0.11068609037615669,2026-03-19 00:36:09.939200965+00:00,203.673,2026-03-19 00:36:09.689200965+00:00,pending_new,,,
2026-03-19 00:36:09.790119598+00:00,996,cancel_requested,ask,2195.3,0.11068609037615669,2026-03-19 00:36:09.939200965+00:00,203.673,2026-03-19 00:36:09.689200965+00:00,pending_cancel,refresh_reprice,2026-03-19 00:36:09.790119598+00:00,2026-03-19 00:36:10.040119598+00:00
2026-03-19 00:36:10.040119598+00:00,996,cancelled,ask,2195.3,0.11068609037615669,2026-03-19 00:36:09.939200965+00:00,203.673,2026-03-19 00:36:09.689200965+00:00,cancelled,refresh_reprice,2026-03-19 00:36:09.790119598+00:00,2026-03-19 00:36:10.040119598+00:00
2026-03-19 00:36:10.044598977+00:00,997,placed,bid,2193.7,0.08931390962384332,2026-03-19 00:36:10.294598977+00:00,156.801,2026-03-19 00:36:10.044598977+00:00,pending_new,,,
2026-03-19 00:36:10.044598977+00:00,998,placed,ask,2195.0,0.11068609037615669,2026-03-19 00:36:10.294598977+00:00,189.756,2026-03-19 00:36:10.044598977+00:00,pending_new,,,
2026-03-19 00:36:10.296929505+00:00,998,cancel_requested,ask,2195.0,0.11068609037615669,2026-03-19 00:36:10.294598977+00:00,189.756,2026-03-19 00:36:10.044598977+00:00,pending_cancel,pressure_stop_ask,2026-03-19 00:36:10.296929505+00:00,2026-03-19 00:36:10.546929505+00:00
2026-03-19 00:36:10.546929505+00:00,998,cancelled,ask,2195.0,0.11068609037615669,2026-03-19 00:36:10.294598977+00:00,189.756,2026-03-19 00:36:10.044598977+00:00,cancelled,pressure_stop_ask,2026-03-19 00:36:10.296929505+00:00,2026-03-19 00:36:10.546929505+00:00
2026-03-19 00:36:10.862172600+00:00,997,cancel_requested,bid,2193.7,0.08931390962384332,2026-03-19 00:36:10.294598977+00:00,156.801,2026-03-19 00:36:10.044598977+00:00,pending_cancel,refresh_reprice,2026-03-19 00:36:10.862172600+00:00,2026-03-19 00:36:11.112172600+00:00
2026-03-19 00:36:10.862172600+00:00,999,placed,ask,2195.4,0.11068609037615669,2026-03-19 00:36:11.112172600+00:00,200.53699999999998,2026-03-19 00:36:10.862172600+00:00,pending_new,,,
2026-03-19 00:36:11.110882962+00:00,999,cancel_requested,ask,2195.4,0.11068609037615669,2026-03-19 00:36:11.112172600+00:00,200.53699999999998,2026-03-19 00:36:10.862172600+00:00,pending_cancel,pressure_stop_ask,2026-03-19 00:36:11.110882962+00:00,2026-03-19 00:36:11.360882962+00:00
2026-03-19 00:36:11.112172600+00:00,997,cancelled,bid,2193.7,0.08931390962384332,2026-03-19 00:36:10.294598977+00:00,156.801,2026-03-19 00:36:10.044598977+00:00,cancelled,refresh_reprice,2026-03-19 00:36:10.862172600+00:00,2026-03-19 00:36:11.112172600+00:00
2026-03-19 00:36:11.157506556+00:00,1000,placed,bid,2194.1,0.08931390962384332,2026-03-19 00:36:11.407506556+00:00,206.838,2026-03-19 00:36:11.157506556+00:00,pending_new,,,
2026-03-19 00:36:11.360882962+00:00,999,cancelled,ask,2195.4,0.11068609037615669,2026-03-19 00:36:11.112172600+00:00,200.53699999999998,2026-03-19 00:36:10.862172600+00:00,cancelled,pressure_stop_ask,2026-03-19 00:36:11.110882962+00:00,2026-03-19 00:36:11.360882962+00:00
2026-03-19 00:36:14.742366933+00:00,1000,cancel_requested,bid,2194.1,0.08931390962384332,2026-03-19 00:36:11.407506556+00:00,206.838,2026-03-19 00:36:11.157506556+00:00,pending_cancel,pressure_stop_bid,2026-03-19 00:36:14.742366933+00:00,2026-03-19 00:36:14.992366933+00:00
2026-03-19 00:36:14.742366933+00:00,1001,placed,ask,2195.2,0.11068609037615669,2026-03-19 00:36:14.992366933+00:00,184.697,2026-03-19 00:36:14.742366933+00:00,pending_new,,,
2026-03-19 00:36:14.992366933+00:00,1000,cancelled,bid,2194.1,0.08931390962384332,2026-03-19 00:36:11.407506556+00:00,206.838,2026-03-19 00:36:11.157506556+00:00,cancelled,pressure_stop_bid,2026-03-19 00:36:14.742366933+00:00,2026-03-19 00:36:14.992366933+00:00
2026-03-19 00:36:18.621010131+00:00,1001,cancel_requested,ask,2195.2,0.11068609037615669,2026-03-19 00:36:14.992366933+00:00,184.697,2026-03-19 00:36:14.742366933+00:00,pending_cancel,pressure_stop_ask,2026-03-19 00:36:18.621010131+00:00,2026-03-19 00:36:18.871010131+00:00
2026-03-19 00:36:18.621010131+00:00,1002,placed,bid,2194.3,0.08951547752189404,2026-03-19 00:36:18.871010131+00:00,139.277,2026-03-19 00:36:18.621010131+00:00,pending_new,,,
2026-03-19 00:36:18.871010131+00:00,1001,cancelled,ask,2195.2,0.11068609037615669,2026-03-19 00:36:14.992366933+00:00,184.697,2026-03-19 00:36:14.742366933+00:00,cancelled,pressure_stop_ask,2026-03-19 00:36:18.621010131+00:00,2026-03-19 00:36:18.871010131+00:00
2026-03-19 00:36:19.742759276+00:00,1003,placed,ask,2195.3,0.11048452247810597,2026-03-19 00:36:19.992759276+00:00,126.24199999999999,2026-03-19 00:36:19.742759276+00:00,pending_new,,,
2026-03-19 00:36:19.866343838+00:00,1003,cancel_requested,ask,2195.3,0.11048452247810597,2026-03-19 00:36:19.992759276+00:00,126.24199999999999,2026-03-19 00:36:19.742759276+00:00,pending_cancel,pressure_stop_ask,2026-03-19 00:36:19.866343838+00:00,2026-03-19 00:36:20.116343838+00:00
2026-03-19 00:36:20.116343838+00:00,1003,cancelled,ask,2195.3,0.11048452247810597,2026-03-19 00:36:19.992759276+00:00,126.24199999999999,2026-03-19 00:36:19.742759276+00:00,cancelled,pressure_stop_ask,2026-03-19 00:36:19.866343838+00:00,2026-03-19 00:36:20.116343838+00:00
2026-03-19 00:36:20.304759457+00:00,1002,cancel_requested,bid,2194.3,0.08951547752189404,2026-03-19 00:36:18.871010131+00:00,139.277,2026-03-19 00:36:18.621010131+00:00,pending_cancel,refresh_reprice,2026-03-19 00:36:20.304759457+00:00,2026-03-19 00:36:20.554759457+00:00
2026-03-19 00:36:20.304759457+00:00,1004,placed,ask,2195.5,0.11048452247810597,2026-03-19 00:36:20.554759457+00:00,56.435,2026-03-19 00:36:20.304759457+00:00,pending_new,,,
2026-03-19 00:36:20.554759457+00:00,1002,cancelled,bid,2194.3,0.08951547752189404,2026-03-19 00:36:18.871010131+00:00,139.277,2026-03-19 00:36:18.621010131+00:00,cancelled,refresh_reprice,2026-03-19 00:36:20.304759457+00:00,2026-03-19 00:36:20.554759457+00:00
2026-03-19 00:36:20.581955461+00:00,1005,placed,bid,2194.7,0.08951547752189404,2026-03-19 00:36:20.831955461+00:00,125.698,2026-03-19 00:36:20.581955461+00:00,pending_new,,,
2026-03-19 00:36:20.807292984+00:00,1004,cancel_requested,ask,2195.5,0.11048452247810597,2026-03-19 00:36:20.554759457+00:00,56.435,2026-03-19 00:36:20.304759457+00:00,pending_cancel,pressure_stop_ask,2026-03-19 00:36:20.807292984+00:00,2026-03-19 00:36:21.057292984+00:00
2026-03-19 00:36:21.057292984+00:00,1004,cancelled,ask,2195.5,0.11048452247810597,2026-03-19 00:36:20.554759457+00:00,56.435,2026-03-19 00:36:20.304759457+00:00,cancelled,pressure_stop_ask,2026-03-19 00:36:20.807292984+00:00,2026-03-19 00:36:21.057292984+00:00
2026-03-19 00:36:22.652563920+00:00,1005,cancel_requested,bid,2194.7,0.08951547752189404,2026-03-19 00:36:20.831955461+00:00,125.698,2026-03-19 00:36:20.581955461+00:00,pending_cancel,refresh_reprice,2026-03-19 00:36:22.652563920+00:00,2026-03-19 00:36:22.902563920+00:00
2026-03-19 00:36:22.754140400+00:00,1006,placed,ask,2196.7,0.11048452247810597,2026-03-19 00:36:23.004140400+00:00,91.764,2026-03-19 00:36:22.754140400+00:00,pending_new,,,
2026-03-19 00:36:22.856458394+00:00,1006,cancel_requested,ask,2196.7,0.11048452247810597,2026-03-19 00:36:23.004140400+00:00,91.764,2026-03-19 00:36:22.754140400+00:00,pending_cancel,pressure_stop_ask,2026-03-19 00:36:22.856458394+00:00,2026-03-19 00:36:23.106458394+00:00
2026-03-19 00:36:22.902563920+00:00,1005,cancelled,bid,2194.7,0.08951547752189404,2026-03-19 00:36:20.831955461+00:00,125.698,2026-03-19 00:36:20.581955461+00:00,cancelled,refresh_reprice,2026-03-19 00:36:22.652563920+00:00,2026-03-19 00:36:22.902563920+00:00
2026-03-19 00:36:22.907419280+00:00,1007,placed,bid,2195.9,0.08951547752189404,2026-03-19 00:36:23.157419280+00:00,108.702,2026-03-19 00:36:22.907419280+00:00,pending_new,,,
2026-03-19 00:36:23.106458394+00:00,1006,cancelled,ask,2196.7,0.11048452247810597,2026-03-19 00:36:23.004140400+00:00,91.764,2026-03-19 00:36:22.754140400+00:00,cancelled,pressure_stop_ask,2026-03-19 00:36:22.856458394+00:00,2026-03-19 00:36:23.106458394+00:00
2026-03-19 00:36:25.714727999+00:00,1007,cancel_requested,bid,2195.9,0.08951547752189404,2026-03-19 00:36:23.157419280+00:00,108.702,2026-03-19 00:36:22.907419280+00:00,pending_cancel,refresh_reprice,2026-03-19 00:36:25.714727999+00:00,2026-03-19 00:36:25.964727999+00:00
2026-03-19 00:36:25.714727999+00:00,1008,placed,ask,2197.2,0.11048452247810597,2026-03-19 00:36:25.964727999+00:00,98.07,2026-03-19 00:36:25.714727999+00:00,pending_new,,,
2026-03-19 00:36:25.764892491+00:00,1008,cancel_requested,ask,2197.2,0.11048452247810597,2026-03-19 00:36:25.964727999+00:00,98.07,2026-03-19 00:36:25.714727999+00:00,pending_cancel,pressure_stop_ask,2026-03-19 00:36:25.764892491+00:00,2026-03-19 00:36:26.014892491+00:00
2026-03-19 00:36:25.964727999+00:00,1007,cancelled,bid,2195.9,0.08951547752189404,2026-03-19 00:36:23.157419280+00:00,108.702,2026-03-19 00:36:22.907419280+00:00,cancelled,refresh_reprice,2026-03-19 00:36:25.714727999+00:00,2026-03-19 00:36:25.964727999+00:00
2026-03-19 00:36:26.014892491+00:00,1008,cancelled,ask,2197.2,0.11048452247810597,2026-03-19 00:36:25.964727999+00:00,98.07,2026-03-19 00:36:25.714727999+00:00,cancelled,pressure_stop_ask,2026-03-19 00:36:25.764892491+00:00,2026-03-19 00:36:26.014892491+00:00
2026-03-19 00:36:26.017295440+00:00,1009,placed,bid,2196.3,0.08951547752189404,2026-03-19 00:36:26.267295440+00:00,154.19,2026-03-19 00:36:26.017295440+00:00,pending_new,,,
2026-03-19 00:36:27.600934333+00:00,1009,cancel_requested,bid,2196.3,0.08951547752189404,2026-03-19 00:36:26.267295440+00:00,154.19,2026-03-19 00:36:26.017295440+00:00,pending_cancel,refresh_reprice,2026-03-19 00:36:27.600934333+00:00,2026-03-19 00:36:27.850934333+00:00
2026-03-19 00:36:27.600934333+00:00,1010,placed,ask,2197.9,0.11048452247810597,2026-03-19 00:36:27.850934333+00:00,139.821,2026-03-19 00:36:27.600934333+00:00,pending_new,,,
2026-03-19 00:36:27.850934333+00:00,1009,cancelled,bid,2196.3,0.08951547752189404,2026-03-19 00:36:26.267295440+00:00,154.19,2026-03-19 00:36:26.017295440+00:00,cancelled,refresh_reprice,2026-03-19 00:36:27.600934333+00:00,2026-03-19 00:36:27.850934333+00:00
2026-03-19 00:36:27.853391752+00:00,1011,placed,bid,2196.9,0.08951547752189404,2026-03-19 00:36:28.103391752+00:00,154.18,2026-03-19 00:36:27.853391752+00:00,pending_new,,,
2026-03-19 00:36:28.928678401+00:00,1010,cancel_requested,ask,2197.9,0.11048452247810597,2026-03-19 00:36:27.850934333+00:00,139.821,2026-03-19 00:36:27.600934333+00:00,pending_cancel,pressure_stop_ask,2026-03-19 00:36:28.928678401+00:00,2026-03-19 00:36:29.178678401+00:00
2026-03-19 00:36:29.178678401+00:00,1010,cancelled,ask,2197.9,0.11048452247810597,2026-03-19 00:36:27.850934333+00:00,139.821,2026-03-19 00:36:27.600934333+00:00,cancelled,pressure_stop_ask,2026-03-19 00:36:28.928678401+00:00,2026-03-19 00:36:29.178678401+00:00
2026-03-19 00:36:29.183593342+00:00,1012,placed,ask,2198.1,0.11048452247810597,2026-03-19 00:36:29.433593342+00:00,83.378,2026-03-19 00:36:29.183593342+00:00,pending_new,,,
2026-03-19 00:36:29.438657263+00:00,1012,cancel_requested,ask,2198.1,0.11048452247810597,2026-03-19 00:36:29.433593342+00:00,83.378,2026-03-19 00:36:29.183593342+00:00,pending_cancel,pressure_stop_ask,2026-03-19 00:36:29.438657263+00:00,2026-03-19 00:36:29.688657263+00:00
2026-03-19 00:36:29.688657263+00:00,1012,cancelled,ask,2198.1,0.11048452247810597,2026-03-19 00:36:29.433593342+00:00,83.378,2026-03-19 00:36:29.183593342+00:00,cancelled,pressure_stop_ask,2026-03-19 00:36:29.438657263+00:00,2026-03-19 00:36:29.688657263+00:00
2026-03-19 00:36:29.694151616+00:00,1013,placed,ask,2198.2,0.11048452247810597,2026-03-19 00:36:29.944151616+00:00,134.516,2026-03-19 00:36:29.694151616+00:00,pending_new,,,
2026-03-19 00:36:29.897292476+00:00,1011,cancel_requested,bid,2196.9,0.08951547752189404,2026-03-19 00:36:28.103391752+00:00,154.18,2026-03-19 00:36:27.853391752+00:00,pending_cancel,pressure_stop_bid,2026-03-19 00:36:29.897292476+00:00,2026-03-19 00:36:30.147292476+00:00
2026-03-19 00:36:30.147292476+00:00,1011,cancelled,bid,2196.9,0.08951547752189404,2026-03-19 00:36:28.103391752+00:00,154.18,2026-03-19 00:36:27.853391752+00:00,cancelled,pressure_stop_bid,2026-03-19 00:36:29.897292476+00:00,2026-03-19 00:36:30.147292476+00:00
2026-03-19 00:36:35.106614645+00:00,1013,cancel_requested,ask,2198.2,0.11048452247810597,2026-03-19 00:36:29.944151616+00:00,134.516,2026-03-19 00:36:29.694151616+00:00,pending_cancel,refresh_reprice,2026-03-19 00:36:35.106614645+00:00,2026-03-19 00:36:35.356614645+00:00
2026-03-19 00:36:35.356614645+00:00,1013,cancelled,ask,2198.2,0.11048452247810597,2026-03-19 00:36:29.944151616+00:00,134.516,2026-03-19 00:36:29.694151616+00:00,cancelled,refresh_reprice,2026-03-19 00:36:35.106614645+00:00,2026-03-19 00:36:35.356614645+00:00
2026-03-19 00:36:35.397396258+00:00,1014,placed,ask,2197.7,0.11048452247810597,2026-03-19 00:36:35.647396258+00:00,97.643,2026-03-19 00:36:35.397396258+00:00,pending_new,,,
2026-03-19 00:36:36.740908152+00:00,1014,cancel_requested,ask,2197.7,0.11048452247810597,2026-03-19 00:36:35.647396258+00:00,97.643,2026-03-19 00:36:35.397396258+00:00,pending_cancel,refresh_reprice,2026-03-19 00:36:36.740908152+00:00,2026-03-19 00:36:36.990908152+00:00
2026-03-19 00:36:36.990908152+00:00,1014,cancelled,ask,2197.7,0.11048452247810597,2026-03-19 00:36:35.647396258+00:00,97.643,2026-03-19 00:36:35.397396258+00:00,cancelled,refresh_reprice,2026-03-19 00:36:36.740908152+00:00,2026-03-19 00:36:36.990908152+00:00
2026-03-19 00:36:36.999297785+00:00,1015,placed,ask,2197.3,0.11048452247810597,2026-03-19 00:36:37.249297785+00:00,172.26299999999998,2026-03-19 00:36:36.999297785+00:00,pending_new,,,
2026-03-19 00:36:38.068315041+00:00,1015,cancel_requested,ask,2197.3,0.11048452247810597,2026-03-19 00:36:37.249297785+00:00,172.26299999999998,2026-03-19 00:36:36.999297785+00:00,pending_cancel,pressure_stop_ask,2026-03-19 00:36:38.068315041+00:00,2026-03-19 00:36:38.318315041+00:00
2026-03-19 00:36:38.068315041+00:00,1016,placed,bid,2196.4,0.08993487962431823,2026-03-19 00:36:38.318315041+00:00,194.444,2026-03-19 00:36:38.068315041+00:00,pending_new,,,
2026-03-19 00:36:38.318315041+00:00,1015,cancelled,ask,2197.3,0.11048452247810597,2026-03-19 00:36:37.249297785+00:00,172.26299999999998,2026-03-19 00:36:36.999297785+00:00,cancelled,pressure_stop_ask,2026-03-19 00:36:38.068315041+00:00,2026-03-19 00:36:38.318315041+00:00
2026-03-19 00:36:38.323594299+00:00,1017,placed,ask,2197.5,0.11006512037568178,2026-03-19 00:36:38.573594299+00:00,144.132,2026-03-19 00:36:38.323594299+00:00,pending_new,,,
2026-03-19 00:36:39.140579742+00:00,1016,cancel_requested,bid,2196.4,0.08993487962431823,2026-03-19 00:36:38.318315041+00:00,194.444,2026-03-19 00:36:38.068315041+00:00,pending_cancel,pressure_stop_bid,2026-03-19 00:36:39.140579742+00:00,2026-03-19 00:36:39.390579742+00:00
2026-03-19 00:36:39.338659377+00:00,1017,cancel_requested,ask,2197.5,0.11006512037568178,2026-03-19 00:36:38.573594299+00:00,144.132,2026-03-19 00:36:38.323594299+00:00,pending_cancel,refresh_reprice,2026-03-19 00:36:39.338659377+00:00,2026-03-19 00:36:39.588659377+00:00
2026-03-19 00:36:39.390579742+00:00,1016,cancelled,bid,2196.4,0.08993487962431823,2026-03-19 00:36:38.318315041+00:00,194.444,2026-03-19 00:36:38.068315041+00:00,cancelled,pressure_stop_bid,2026-03-19 00:36:39.140579742+00:00,2026-03-19 00:36:39.390579742+00:00
2026-03-19 00:36:39.588659377+00:00,1017,cancelled,ask,2197.5,0.11006512037568178,2026-03-19 00:36:38.573594299+00:00,144.132,2026-03-19 00:36:38.323594299+00:00,cancelled,refresh_reprice,2026-03-19 00:36:39.338659377+00:00,2026-03-19 00:36:39.588659377+00:00
2026-03-19 00:36:39.595758894+00:00,1018,placed,ask,2197.0,0.11006512037568178,2026-03-19 00:36:39.845758894+00:00,137.196,2026-03-19 00:36:39.595758894+00:00,pending_new,,,
2026-03-19 00:36:40.410546426+00:00,1018,cancel_requested,ask,2197.0,0.11006512037568178,2026-03-19 00:36:39.845758894+00:00,137.196,2026-03-19 00:36:39.595758894+00:00,pending_cancel,pressure_stop_ask,2026-03-19 00:36:40.410546426+00:00,2026-03-19 00:36:40.660546426+00:00
2026-03-19 00:36:40.410546426+00:00,1019,placed,bid,2196.1,0.08993487962431823,2026-03-19 00:36:40.660546426+00:00,174.763,2026-03-19 00:36:40.410546426+00:00,pending_new,,,
2026-03-19 00:36:40.660546426+00:00,1018,cancelled,ask,2197.0,0.11006512037568178,2026-03-19 00:36:39.845758894+00:00,137.196,2026-03-19 00:36:39.595758894+00:00,cancelled,pressure_stop_ask,2026-03-19 00:36:40.410546426+00:00,2026-03-19 00:36:40.660546426+00:00
2026-03-19 00:36:43.882935170+00:00,1019,cancel_requested,bid,2196.1,0.08993487962431823,2026-03-19 00:36:40.660546426+00:00,174.763,2026-03-19 00:36:40.410546426+00:00,pending_cancel,pressure_stop_bid,2026-03-19 00:36:43.882935170+00:00,2026-03-19 00:36:44.132935170+00:00
2026-03-19 00:36:43.882935170+00:00,1020,placed,ask,2197.0,0.11006512037568178,2026-03-19 00:36:44.132935170+00:00,167.457,2026-03-19 00:36:43.882935170+00:00,pending_new,,,
2026-03-19 00:36:44.039140402+00:00,1020,cancel_requested,ask,2197.0,0.11006512037568178,2026-03-19 00:36:44.132935170+00:00,167.457,2026-03-19 00:36:43.882935170+00:00,pending_cancel,refresh_reprice,2026-03-19 00:36:44.039140402+00:00,2026-03-19 00:36:44.289140402+00:00
2026-03-19 00:36:44.132935170+00:00,1019,cancelled,bid,2196.1,0.08993487962431823,2026-03-19 00:36:40.660546426+00:00,174.763,2026-03-19 00:36:40.410546426+00:00,cancelled,pressure_stop_bid,2026-03-19 00:36:43.882935170+00:00,2026-03-19 00:36:44.132935170+00:00
2026-03-19 00:36:44.140554110+00:00,1021,placed,bid,2195.6,0.08993487962431823,2026-03-19 00:36:44.390554110+00:00,135.341,2026-03-19 00:36:44.140554110+00:00,pending_new,,,
2026-03-19 00:36:44.289140402+00:00,1020,cancelled,ask,2197.0,0.11006512037568178,2026-03-19 00:36:44.132935170+00:00,167.457,2026-03-19 00:36:43.882935170+00:00,cancelled,refresh_reprice,2026-03-19 00:36:44.039140402+00:00,2026-03-19 00:36:44.289140402+00:00
2026-03-19 00:36:44.335501480+00:00,1022,placed,ask,2196.6,0.11006512037568178,2026-03-19 00:36:44.585501480+00:00,89.066,2026-03-19 00:36:44.335501480+00:00,pending_new,,,
2026-03-19 00:36:44.497796069+00:00,1021,cancel_requested,bid,2195.6,0.08993487962431823,2026-03-19 00:36:44.390554110+00:00,135.341,2026-03-19 00:36:44.140554110+00:00,pending_cancel,pressure_stop_bid,2026-03-19 00:36:44.497796069+00:00,2026-03-19 00:36:44.747796069+00:00
2026-03-19 00:36:44.747796069+00:00,1021,cancelled,bid,2195.6,0.08993487962431823,2026-03-19 00:36:44.390554110+00:00,135.341,2026-03-19 00:36:44.140554110+00:00,cancelled,pressure_stop_bid,2026-03-19 00:36:44.497796069+00:00,2026-03-19 00:36:44.747796069+00:00
2026-03-19 00:36:48.581795637+00:00,1023,placed,bid,2195.1,0.08993487962431823,2026-03-19 00:36:48.831795637+00:00,170.559,2026-03-19 00:36:48.581795637+00:00,pending_new,,,
2026-03-19 00:36:48.581795637+00:00,1022,cancel_requested,ask,2196.6,0.11006512037568178,2026-03-19 00:36:44.585501480+00:00,89.066,2026-03-19 00:36:44.335501480+00:00,pending_cancel,refresh_reprice,2026-03-19 00:36:48.581795637+00:00,2026-03-19 00:36:48.831795637+00:00
2026-03-19 00:36:48.632075115+00:00,1023,cancel_requested,bid,2195.1,0.08993487962431823,2026-03-19 00:36:48.831795637+00:00,170.559,2026-03-19 00:36:48.581795637+00:00,pending_cancel,pressure_stop_bid,2026-03-19 00:36:48.632075115+00:00,2026-03-19 00:36:48.882075115+00:00
2026-03-19 00:36:48.831795637+00:00,1022,cancelled,ask,2196.6,0.11006512037568178,2026-03-19 00:36:44.585501480+00:00,89.066,2026-03-19 00:36:44.335501480+00:00,cancelled,refresh_reprice,2026-03-19 00:36:48.581795637+00:00,2026-03-19 00:36:48.831795637+00:00
2026-03-19 00:36:48.834273561+00:00,1024,placed,ask,2196.0,0.11006512037568178,2026-03-19 00:36:49.084273561+00:00,223.56,2026-03-19 00:36:48.834273561+00:00,pending_new,,,
2026-03-19 00:36:48.882075115+00:00,1023,cancelled,bid,2195.1,0.08993487962431823,2026-03-19 00:36:48.831795637+00:00,170.559,2026-03-19 00:36:48.581795637+00:00,cancelled,pressure_stop_bid,2026-03-19 00:36:48.632075115+00:00,2026-03-19 00:36:48.882075115+00:00
2026-03-19 00:36:52.201986083+00:00,1024,cancel_requested,ask,2196.0,0.11006512037568178,2026-03-19 00:36:49.084273561+00:00,223.56,2026-03-19 00:36:48.834273561+00:00,pending_cancel,refresh_reprice,2026-03-19 00:36:52.201986083+00:00,2026-03-19 00:36:52.451986083+00:00
2026-03-19 00:36:52.451986083+00:00,1024,cancelled,ask,2196.0,0.11006512037568178,2026-03-19 00:36:49.084273561+00:00,223.56,2026-03-19 00:36:48.834273561+00:00,cancelled,refresh_reprice,2026-03-19 00:36:52.201986083+00:00,2026-03-19 00:36:52.451986083+00:00
2026-03-19 00:36:52.477825982+00:00,1025,placed,ask,2195.7,0.11006512037568178,2026-03-19 00:36:52.727825982+00:00,232.949,2026-03-19 00:36:52.477825982+00:00,pending_new,,,
2026-03-19 00:36:53.222869909+00:00,1026,placed,bid,2194.5,0.08993487962431823,2026-03-19 00:36:53.472869909+00:00,179.304,2026-03-19 00:36:53.222869909+00:00,pending_new,,,
2026-03-19 00:36:53.274490443+00:00,1026,cancel_requested,bid,2194.5,0.08993487962431823,2026-03-19 00:36:53.472869909+00:00,179.304,2026-03-19 00:36:53.222869909+00:00,pending_cancel,pressure_stop_bid,2026-03-19 00:36:53.274490443+00:00,2026-03-19 00:36:53.524490443+00:00
2026-03-19 00:36:53.524490443+00:00,1026,cancelled,bid,2194.5,0.08993487962431823,2026-03-19 00:36:53.472869909+00:00,179.304,2026-03-19 00:36:53.222869909+00:00,cancelled,pressure_stop_bid,2026-03-19 00:36:53.274490443+00:00,2026-03-19 00:36:53.524490443+00:00
2026-03-19 00:36:53.529018116+00:00,1025,cancel_requested,ask,2195.7,0.11006512037568178,2026-03-19 00:36:52.727825982+00:00,232.949,2026-03-19 00:36:52.477825982+00:00,pending_cancel,refresh_reprice,2026-03-19 00:36:53.529018116+00:00,2026-03-19 00:36:53.779018116+00:00
2026-03-19 00:36:53.779018116+00:00,1025,cancelled,ask,2195.7,0.11006512037568178,2026-03-19 00:36:52.727825982+00:00,232.949,2026-03-19 00:36:52.477825982+00:00,cancelled,refresh_reprice,2026-03-19 00:36:53.529018116+00:00,2026-03-19 00:36:53.779018116+00:00
2026-03-19 00:36:53.887590721+00:00,1027,placed,ask,2195.4,0.11006512037568178,2026-03-19 00:36:54.137590721+00:00,223.67,2026-03-19 00:36:53.887590721+00:00,pending_new,,,
2026-03-19 00:36:57.972180122+00:00,1027,cancel_requested,ask,2195.4,0.11006512037568178,2026-03-19 00:36:54.137590721+00:00,223.67,2026-03-19 00:36:53.887590721+00:00,pending_cancel,pressure_stop_ask,2026-03-19 00:36:57.972180122+00:00,2026-03-19 00:36:58.222180122+00:00
2026-03-19 00:36:57.972180122+00:00,1028,placed,bid,2194.3,0.08966370094901963,2026-03-19 00:36:58.222180122+00:00,165.12699999999998,2026-03-19 00:36:57.972180122+00:00,pending_new,,,
2026-03-19 00:36:58.222180122+00:00,1027,cancelled,ask,2195.4,0.11006512037568178,2026-03-19 00:36:54.137590721+00:00,223.67,2026-03-19 00:36:53.887590721+00:00,cancelled,pressure_stop_ask,2026-03-19 00:36:57.972180122+00:00,2026-03-19 00:36:58.222180122+00:00
2026-03-19 00:37:00.522534259+00:00,1029,placed,ask,2195.6,0.1103362990509804,2026-03-19 00:37:00.772534259+00:00,161.90300000000002,2026-03-19 00:37:00.522534259+00:00,pending_new,,,
2026-03-19 00:37:00.572994748+00:00,1029,cancel_requested,ask,2195.6,0.1103362990509804,2026-03-19 00:37:00.772534259+00:00,161.90300000000002,2026-03-19 00:37:00.522534259+00:00,pending_cancel,pressure_stop_ask,2026-03-19 00:37:00.572994748+00:00,2026-03-19 00:37:00.822994748+00:00
2026-03-19 00:37:00.572994748+00:00,1028,cancel_requested,bid,2194.3,0.08966370094901963,2026-03-19 00:36:58.222180122+00:00,165.12699999999998,2026-03-19 00:36:57.972180122+00:00,pending_cancel,refresh_reprice,2026-03-19 00:37:00.572994748+00:00,2026-03-19 00:37:00.822994748+00:00
2026-03-19 00:37:00.822994748+00:00,1028,cancelled,bid,2194.3,0.08966370094901963,2026-03-19 00:36:58.222180122+00:00,165.12699999999998,2026-03-19 00:36:57.972180122+00:00,cancelled,refresh_reprice,2026-03-19 00:37:00.572994748+00:00,2026-03-19 00:37:00.822994748+00:00
2026-03-19 00:37:00.822994748+00:00,1029,cancelled,ask,2195.6,0.1103362990509804,2026-03-19 00:37:00.772534259+00:00,161.90300000000002,2026-03-19 00:37:00.522534259+00:00,cancelled,pressure_stop_ask,2026-03-19 00:37:00.572994748+00:00,2026-03-19 00:37:00.822994748+00:00
2026-03-19 00:37:00.825560983+00:00,1030,placed,bid,2194.8,0.08966370094901963,2026-03-19 00:37:01.075560983+00:00,119.355,2026-03-19 00:37:00.825560983+00:00,pending_new,,,
2026-03-19 00:37:06.034543805+00:00,1030,cancel_requested,bid,2194.8,0.08966370094901963,2026-03-19 00:37:01.075560983+00:00,119.355,2026-03-19 00:37:00.825560983+00:00,pending_cancel,pressure_stop_bid,2026-03-19 00:37:06.034543805+00:00,2026-03-19 00:37:06.284543805+00:00
2026-03-19 00:37:06.034543805+00:00,1031,placed,ask,2196.1,0.1103362990509804,2026-03-19 00:37:06.284543805+00:00,150.37800000000001,2026-03-19 00:37:06.034543805+00:00,pending_new,,,
2026-03-19 00:37:06.284543805+00:00,1030,cancelled,bid,2194.8,0.08966370094901963,2026-03-19 00:37:01.075560983+00:00,119.355,2026-03-19 00:37:00.825560983+00:00,cancelled,pressure_stop_bid,2026-03-19 00:37:06.034543805+00:00,2026-03-19 00:37:06.284543805+00:00
2026-03-19 00:37:06.851907021+00:00,1032,placed,bid,2194.8,0.08966370094901963,2026-03-19 00:37:07.101907021+00:00,171.328,2026-03-19 00:37:06.851907021+00:00,pending_new,,,
2026-03-19 00:37:09.195519792+00:00,1032,cancel_requested,bid,2194.8,0.08966370094901963,2026-03-19 00:37:07.101907021+00:00,171.328,2026-03-19 00:37:06.851907021+00:00,pending_cancel,pressure_stop_bid,2026-03-19 00:37:09.195519792+00:00,2026-03-19 00:37:09.445519792+00:00
2026-03-19 00:37:09.195519792+00:00,1031,cancel_requested,ask,2196.1,0.1103362990509804,2026-03-19 00:37:06.284543805+00:00,150.37800000000001,2026-03-19 00:37:06.034543805+00:00,pending_cancel,refresh_reprice,2026-03-19 00:37:09.195519792+00:00,2026-03-19 00:37:09.445519792+00:00
2026-03-19 00:37:09.445519792+00:00,1032,cancelled,bid,2194.8,0.08966370094901963,2026-03-19 00:37:07.101907021+00:00,171.328,2026-03-19 00:37:06.851907021+00:00,cancelled,pressure_stop_bid,2026-03-19 00:37:09.195519792+00:00,2026-03-19 00:37:09.445519792+00:00
2026-03-19 00:37:09.445519792+00:00,1031,cancelled,ask,2196.1,0.1103362990509804,2026-03-19 00:37:06.284543805+00:00,150.37800000000001,2026-03-19 00:37:06.034543805+00:00,cancelled,refresh_reprice,2026-03-19 00:37:09.195519792+00:00,2026-03-19 00:37:09.445519792+00:00
2026-03-19 00:37:09.552090500+00:00,1033,placed,ask,2195.8,0.1103362990509804,2026-03-19 00:37:09.802090500+00:00,101.96000000000001,2026-03-19 00:37:09.552090500+00:00,pending_new,,,
2026-03-19 00:37:14.507755291+00:00,1033,cancel_requested,ask,2195.8,0.1103362990509804,2026-03-19 00:37:09.802090500+00:00,101.96000000000001,2026-03-19 00:37:09.552090500+00:00,pending_cancel,pressure_stop_ask,2026-03-19 00:37:14.507755291+00:00,2026-03-19 00:37:14.757755291+00:00
2026-03-19 00:37:14.507755291+00:00,1034,placed,bid,2195.0,0.08966370094901963,2026-03-19 00:37:14.757755291+00:00,198.608,2026-03-19 00:37:14.507755291+00:00,pending_new,,,
2026-03-19 00:37:14.757755291+00:00,1033,cancelled,ask,2195.8,0.1103362990509804,2026-03-19 00:37:09.802090500+00:00,101.96000000000001,2026-03-19 00:37:09.552090500+00:00,cancelled,pressure_stop_ask,2026-03-19 00:37:14.507755291+00:00,2026-03-19 00:37:14.757755291+00:00
2026-03-19 00:37:19.838118472+00:00,1035,placed,ask,2196.0,0.11018570548705456,2026-03-19 00:37:20.088118472+00:00,61.646,2026-03-19 00:37:19.838118472+00:00,pending_new,,,
2026-03-19 00:37:21.712925573+00:00,1035,cancel_requested,ask,2196.0,0.11018570548705456,2026-03-19 00:37:20.088118472+00:00,61.646,2026-03-19 00:37:19.838118472+00:00,pending_cancel,pressure_stop_ask,2026-03-19 00:37:21.712925573+00:00,2026-03-19 00:37:21.962925573+00:00
2026-03-19 00:37:21.762241219+00:00,1034,cancel_requested,bid,2195.0,0.08966370094901963,2026-03-19 00:37:14.757755291+00:00,198.608,2026-03-19 00:37:14.507755291+00:00,pending_cancel,refresh_reprice,2026-03-19 00:37:21.762241219+00:00,2026-03-19 00:37:22.012241219+00:00
2026-03-19 00:37:21.962925573+00:00,1035,cancelled,ask,2196.0,0.11018570548705456,2026-03-19 00:37:20.088118472+00:00,61.646,2026-03-19 00:37:19.838118472+00:00,cancelled,pressure_stop_ask,2026-03-19 00:37:21.712925573+00:00,2026-03-19 00:37:21.962925573+00:00
2026-03-19 00:37:21.965251729+00:00,1036,placed,ask,2196.4,0.11018570548705456,2026-03-19 00:37:22.215251729+00:00,118.89,2026-03-19 00:37:21.965251729+00:00,pending_new,,,
2026-03-19 00:37:22.012241219+00:00,1034,cancelled,bid,2195.0,0.08966370094901963,2026-03-19 00:37:14.757755291+00:00,198.608,2026-03-19 00:37:14.507755291+00:00,cancelled,refresh_reprice,2026-03-19 00:37:21.762241219+00:00,2026-03-19 00:37:22.012241219+00:00
2026-03-19 00:37:22.017991091+00:00,1037,placed,bid,2195.4,0.08981429451294547,2026-03-19 00:37:22.267991091+00:00,190.592,2026-03-19 00:37:22.017991091+00:00,pending_new,,,
2026-03-19 00:37:22.785877559+00:00,1036,cancel_requested,ask,2196.4,0.11018570548705456,2026-03-19 00:37:22.215251729+00:00,118.89,2026-03-19 00:37:21.965251729+00:00,pending_cancel,pressure_stop_ask,2026-03-19 00:37:22.785877559+00:00,2026-03-19 00:37:23.035877559+00:00
2026-03-19 00:37:23.035877559+00:00,1036,cancelled,ask,2196.4,0.11018570548705456,2026-03-19 00:37:22.215251729+00:00,118.89,2026-03-19 00:37:21.965251729+00:00,cancelled,pressure_stop_ask,2026-03-19 00:37:22.785877559+00:00,2026-03-19 00:37:23.035877559+00:00
2026-03-19 00:37:25.127802381+00:00,1037,cancel_requested,bid,2195.4,0.08981429451294547,2026-03-19 00:37:22.267991091+00:00,190.592,2026-03-19 00:37:22.017991091+00:00,pending_cancel,pressure_stop_bid,2026-03-19 00:37:25.127802381+00:00,2026-03-19 00:37:25.377802381+00:00
2026-03-19 00:37:25.127802381+00:00,1038,placed,ask,2196.3,0.11018570548705456,2026-03-19 00:37:25.377802381+00:00,90.416,2026-03-19 00:37:25.127802381+00:00,pending_new,,,
2026-03-19 00:37:25.377802381+00:00,1037,cancelled,bid,2195.4,0.08981429451294547,2026-03-19 00:37:22.267991091+00:00,190.592,2026-03-19 00:37:22.017991091+00:00,cancelled,pressure_stop_bid,2026-03-19 00:37:25.127802381+00:00,2026-03-19 00:37:25.377802381+00:00
2026-03-19 00:37:26.305656548+00:00,1038,cancel_requested,ask,2196.3,0.11018570548705456,2026-03-19 00:37:25.377802381+00:00,90.416,2026-03-19 00:37:25.127802381+00:00,pending_cancel,refresh_reprice,2026-03-19 00:37:26.305656548+00:00,2026-03-19 00:37:26.555656548+00:00
2026-03-19 00:37:26.555656548+00:00,1038,cancelled,ask,2196.3,0.11018570548705456,2026-03-19 00:37:25.377802381+00:00,90.416,2026-03-19 00:37:25.127802381+00:00,cancelled,refresh_reprice,2026-03-19 00:37:26.305656548+00:00,2026-03-19 00:37:26.555656548+00:00
2026-03-19 00:37:26.561524611+00:00,1039,placed,ask,2195.9,0.11018570548705456,2026-03-19 00:37:26.811524611+00:00,159.59199999999998,2026-03-19 00:37:26.561524611+00:00,pending_new,,,
2026-03-19 00:37:27.735211959+00:00,1039,cancel_requested,ask,2195.9,0.11018570548705456,2026-03-19 00:37:26.811524611+00:00,159.59199999999998,2026-03-19 00:37:26.561524611+00:00,pending_cancel,refresh_reprice,2026-03-19 00:37:27.735211959+00:00,2026-03-19 00:37:27.985211959+00:00
2026-03-19 00:37:27.985211959+00:00,1039,cancelled,ask,2195.9,0.11018570548705456,2026-03-19 00:37:26.811524611+00:00,159.59199999999998,2026-03-19 00:37:26.561524611+00:00,cancelled,refresh_reprice,2026-03-19 00:37:27.735211959+00:00,2026-03-19 00:37:27.985211959+00:00
2026-03-19 00:37:28.040223037+00:00,1040,placed,bid,2194.8,0.08981429451294547,2026-03-19 00:37:28.290223037+00:00,104.718,2026-03-19 00:37:28.040223037+00:00,pending_new,,,
2026-03-19 00:37:28.040223037+00:00,1041,placed,ask,2195.5,0.11018570548705456,2026-03-19 00:37:28.290223037+00:00,37.160000000000004,2026-03-19 00:37:28.040223037+00:00,pending_new,,,
2026-03-19 00:37:28.138438626+00:00,1041,cancel_requested,ask,2195.5,0.11018570548705456,2026-03-19 00:37:28.290223037+00:00,37.160000000000004,2026-03-19 00:37:28.040223037+00:00,pending_cancel,expected_edge_ask,2026-03-19 00:37:28.138438626+00:00,2026-03-19 00:37:28.388438626+00:00
2026-03-19 00:37:28.388438626+00:00,1041,cancelled,ask,2195.5,0.11018570548705456,2026-03-19 00:37:28.290223037+00:00,37.160000000000004,2026-03-19 00:37:28.040223037+00:00,cancelled,expected_edge_ask,2026-03-19 00:37:28.138438626+00:00,2026-03-19 00:37:28.388438626+00:00
2026-03-19 00:37:29.862362036+00:00,1040,cancel_requested,bid,2194.8,0.08981429451294547,2026-03-19 00:37:28.290223037+00:00,104.718,2026-03-19 00:37:28.040223037+00:00,pending_cancel,pressure_stop_bid,2026-03-19 00:37:29.862362036+00:00,2026-03-19 00:37:30.112362036+00:00
2026-03-19 00:37:29.862362036+00:00,1042,placed,ask,2195.7,0.11018570548705456,2026-03-19 00:37:30.112362036+00:00,139.089,2026-03-19 00:37:29.862362036+00:00,pending_new,,,
2026-03-19 00:37:30.112362036+00:00,1040,cancelled,bid,2194.8,0.08981429451294547,2026-03-19 00:37:28.290223037+00:00,104.718,2026-03-19 00:37:28.040223037+00:00,cancelled,pressure_stop_bid,2026-03-19 00:37:29.862362036+00:00,2026-03-19 00:37:30.112362036+00:00
2026-03-19 00:37:30.135962920+00:00,1043,placed,bid,2195.0,0.08981429451294547,2026-03-19 00:37:30.385962920+00:00,120.608,2026-03-19 00:37:30.135962920+00:00,pending_new,,,
2026-03-19 00:37:30.736005049+00:00,1042,cancel_requested,ask,2195.7,0.11018570548705456,2026-03-19 00:37:30.112362036+00:00,139.089,2026-03-19 00:37:29.862362036+00:00,pending_cancel,expected_edge_ask,2026-03-19 00:37:30.736005049+00:00,2026-03-19 00:37:30.986005049+00:00
2026-03-19 00:37:30.986005049+00:00,1042,cancelled,ask,2195.7,0.11018570548705456,2026-03-19 00:37:30.112362036+00:00,139.089,2026-03-19 00:37:29.862362036+00:00,cancelled,expected_edge_ask,2026-03-19 00:37:30.736005049+00:00,2026-03-19 00:37:30.986005049+00:00
2026-03-19 00:37:31.035501182+00:00,1044,placed,ask,2195.7,0.11018570548705456,2026-03-19 00:37:31.285501182+00:00,63.407999999999994,2026-03-19 00:37:31.035501182+00:00,pending_new,,,
2026-03-19 00:37:31.463281192+00:00,1043,cancel_requested,bid,2195.0,0.08981429451294547,2026-03-19 00:37:30.385962920+00:00,120.608,2026-03-19 00:37:30.135962920+00:00,pending_cancel,pressure_stop_bid,2026-03-19 00:37:31.463281192+00:00,2026-03-19 00:37:31.713281192+00:00
2026-03-19 00:37:31.713281192+00:00,1043,cancelled,bid,2195.0,0.08981429451294547,2026-03-19 00:37:30.385962920+00:00,120.608,2026-03-19 00:37:30.135962920+00:00,cancelled,pressure_stop_bid,2026-03-19 00:37:31.463281192+00:00,2026-03-19 00:37:31.713281192+00:00
2026-03-19 00:37:32.227487473+00:00,1044,cancel_requested,ask,2195.7,0.11018570548705456,2026-03-19 00:37:31.285501182+00:00,63.407999999999994,2026-03-19 00:37:31.035501182+00:00,pending_cancel,pressure_stop_ask,2026-03-19 00:37:32.227487473+00:00,2026-03-19 00:37:32.477487473+00:00
2026-03-19 00:37:32.227487473+00:00,1045,placed,bid,2195.1,0.08981429451294547,2026-03-19 00:37:32.477487473+00:00,186.34300000000002,2026-03-19 00:37:32.227487473+00:00,pending_new,,,
2026-03-19 00:37:32.477487473+00:00,1044,cancelled,ask,2195.7,0.11018570548705456,2026-03-19 00:37:31.285501182+00:00,63.407999999999994,2026-03-19 00:37:31.035501182+00:00,cancelled,pressure_stop_ask,2026-03-19 00:37:32.227487473+00:00,2026-03-19 00:37:32.477487473+00:00
2026-03-19 00:37:34.260871811+00:00,1045,cancel_requested,bid,2195.1,0.08981429451294547,2026-03-19 00:37:32.477487473+00:00,186.34300000000002,2026-03-19 00:37:32.227487473+00:00,pending_cancel,refresh_reprice,2026-03-19 00:37:34.260871811+00:00,2026-03-19 00:37:34.510871811+00:00
2026-03-19 00:37:34.510871811+00:00,1045,cancelled,bid,2195.1,0.08981429451294547,2026-03-19 00:37:32.477487473+00:00,186.34300000000002,2026-03-19 00:37:32.227487473+00:00,cancelled,refresh_reprice,2026-03-19 00:37:34.260871811+00:00,2026-03-19 00:37:34.510871811+00:00
2026-03-19 00:37:34.526777140+00:00,1046,placed,bid,2195.3,0.08981429451294547,2026-03-19 00:37:34.776777140+00:00,117.71700000000001,2026-03-19 00:37:34.526777140+00:00,pending_new,,,
2026-03-19 00:37:38.554810143+00:00,1047,placed,ask,2196.1,0.11009802640382625,2026-03-19 00:37:38.804810143+00:00,86.87800000000001,2026-03-19 00:37:38.554810143+00:00,pending_new,,,
2026-03-19 00:37:38.868714136+00:00,1047,cancel_requested,ask,2196.1,0.11009802640382625,2026-03-19 00:37:38.804810143+00:00,86.87800000000001,2026-03-19 00:37:38.554810143+00:00,pending_cancel,pressure_stop_ask,2026-03-19 00:37:38.868714136+00:00,2026-03-19 00:37:39.118714136+00:00
2026-03-19 00:37:39.118714136+00:00,1047,cancelled,ask,2196.1,0.11009802640382625,2026-03-19 00:37:38.804810143+00:00,86.87800000000001,2026-03-19 00:37:38.554810143+00:00,cancelled,pressure_stop_ask,2026-03-19 00:37:38.868714136+00:00,2026-03-19 00:37:39.118714136+00:00
2026-03-19 00:37:40.500346068+00:00,1046,cancel_requested,bid,2195.3,0.08981429451294547,2026-03-19 00:37:34.776777140+00:00,117.71700000000001,2026-03-19 00:37:34.526777140+00:00,pending_cancel,refresh_reprice,2026-03-19 00:37:40.500346068+00:00,2026-03-19 00:37:40.750346068+00:00
2026-03-19 00:37:40.500346068+00:00,1048,placed,ask,2196.4,0.11009802640382625,2026-03-19 00:37:40.750346068+00:00,50.3,2026-03-19 00:37:40.500346068+00:00,pending_new,,,
2026-03-19 00:37:40.550689334+00:00,1048,cancel_requested,ask,2196.4,0.11009802640382625,2026-03-19 00:37:40.750346068+00:00,50.3,2026-03-19 00:37:40.500346068+00:00,pending_cancel,expected_edge_ask,2026-03-19 00:37:40.550689334+00:00,2026-03-19 00:37:40.800689334+00:00
2026-03-19 00:37:40.750346068+00:00,1046,cancelled,bid,2195.3,0.08981429451294547,2026-03-19 00:37:34.776777140+00:00,117.71700000000001,2026-03-19 00:37:34.526777140+00:00,cancelled,refresh_reprice,2026-03-19 00:37:40.500346068+00:00,2026-03-19 00:37:40.750346068+00:00
2026-03-19 00:37:40.800689334+00:00,1048,cancelled,ask,2196.4,0.11009802640382625,2026-03-19 00:37:40.750346068+00:00,50.3,2026-03-19 00:37:40.500346068+00:00,cancelled,expected_edge_ask,2026-03-19 00:37:40.550689334+00:00,2026-03-19 00:37:40.800689334+00:00
2026-03-19 00:37:40.803574052+00:00,1049,placed,bid,2195.9,0.08990197359617375,2026-03-19 00:37:41.053574052+00:00,46.727,2026-03-19 00:37:40.803574052+00:00,pending_new,,,
2026-03-19 00:37:45.910806613+00:00,1049,cancel_requested,bid,2195.9,0.08990197359617375,2026-03-19 00:37:41.053574052+00:00,46.727,2026-03-19 00:37:40.803574052+00:00,pending_cancel,refresh_reprice,2026-03-19 00:37:45.910806613+00:00,2026-03-19 00:37:46.160806613+00:00
2026-03-19 00:37:45.910806613+00:00,1050,placed,ask,2197.0,0.11009802640382625,2026-03-19 00:37:46.160806613+00:00,34.502,2026-03-19 00:37:45.910806613+00:00,pending_new,,,
2026-03-19 00:37:46.089714012+00:00,1050,cancel_requested,ask,2197.0,0.11009802640382625,2026-03-19 00:37:46.160806613+00:00,34.502,2026-03-19 00:37:45.910806613+00:00,pending_cancel,expected_edge_ask,2026-03-19 00:37:46.089714012+00:00,2026-03-19 00:37:46.339714012+00:00
2026-03-19 00:37:46.160806613+00:00,1049,cancelled,bid,2195.9,0.08990197359617375,2026-03-19 00:37:41.053574052+00:00,46.727,2026-03-19 00:37:40.803574052+00:00,cancelled,refresh_reprice,2026-03-19 00:37:45.910806613+00:00,2026-03-19 00:37:46.160806613+00:00
2026-03-19 00:37:46.164610484+00:00,1051,placed,bid,2196.3,0.08990197359617375,2026-03-19 00:37:46.414610484+00:00,40.72,2026-03-19 00:37:46.164610484+00:00,pending_new,,,
2026-03-19 00:37:46.339714012+00:00,1050,cancelled,ask,2197.0,0.11009802640382625,2026-03-19 00:37:46.160806613+00:00,34.502,2026-03-19 00:37:45.910806613+00:00,cancelled,expected_edge_ask,2026-03-19 00:37:46.089714012+00:00,2026-03-19 00:37:46.339714012+00:00
2026-03-19 00:37:50.039114037+00:00,1051,cancel_requested,bid,2196.3,0.08990197359617375,2026-03-19 00:37:46.414610484+00:00,40.72,2026-03-19 00:37:46.164610484+00:00,pending_cancel,pressure_stop_bid,2026-03-19 00:37:50.039114037+00:00,2026-03-19 00:37:50.289114037+00:00
2026-03-19 00:37:50.039114037+00:00,1052,placed,ask,2196.9,0.11009802640382625,2026-03-19 00:37:50.289114037+00:00,106.344,2026-03-19 00:37:50.039114037+00:00,pending_new,,,
2026-03-19 00:37:50.289114037+00:00,1051,cancelled,bid,2196.3,0.08990197359617375,2026-03-19 00:37:46.414610484+00:00,40.72,2026-03-19 00:37:46.164610484+00:00,cancelled,pressure_stop_bid,2026-03-19 00:37:50.039114037+00:00,2026-03-19 00:37:50.289114037+00:00
2026-03-19 00:37:53.446435084+00:00,1052,cancel_requested,ask,2196.9,0.11009802640382625,2026-03-19 00:37:50.289114037+00:00,106.344,2026-03-19 00:37:50.039114037+00:00,pending_cancel,expected_edge_ask,2026-03-19 00:37:53.446435084+00:00,2026-03-19 00:37:53.696435084+00:00
2026-03-19 00:37:53.446435084+00:00,1053,placed,bid,2196.3,0.08990197359617375,2026-03-19 00:37:53.696435084+00:00,54.905,2026-03-19 00:37:53.446435084+00:00,pending_new,,,
2026-03-19 00:37:53.696435084+00:00,1052,cancelled,ask,2196.9,0.11009802640382625,2026-03-19 00:37:50.289114037+00:00,106.344,2026-03-19 00:37:50.039114037+00:00,cancelled,expected_edge_ask,2026-03-19 00:37:53.446435084+00:00,2026-03-19 00:37:53.696435084+00:00
2026-03-19 00:37:57.038206056+00:00,1053,cancel_requested,bid,2196.3,0.08990197359617375,2026-03-19 00:37:53.696435084+00:00,54.905,2026-03-19 00:37:53.446435084+00:00,pending_cancel,pressure_stop_bid,2026-03-19 00:37:57.038206056+00:00,2026-03-19 00:37:57.288206056+00:00
2026-03-19 00:37:57.038206056+00:00,1054,placed,ask,2196.9,0.11009802640382625,2026-03-19 00:37:57.288206056+00:00,144.639,2026-03-19 00:37:57.038206056+00:00,pending_new,,,
2026-03-19 00:37:57.288206056+00:00,1053,cancelled,bid,2196.3,0.08990197359617375,2026-03-19 00:37:53.696435084+00:00,54.905,2026-03-19 00:37:53.446435084+00:00,cancelled,pressure_stop_bid,2026-03-19 00:37:57.038206056+00:00,2026-03-19 00:37:57.288206056+00:00
2026-03-19 00:38:00.611491933+00:00,1055,placed,bid,2196.0,0.09009847284463879,2026-03-19 00:38:00.861491933+00:00,62.532,2026-03-19 00:38:00.611491933+00:00,pending_new,,,
2026-03-19 00:38:00.611491933+00:00,1054,cancel_requested,ask,2196.9,0.11009802640382625,2026-03-19 00:37:57.288206056+00:00,144.639,2026-03-19 00:37:57.038206056+00:00,pending_cancel,refresh_reprice,2026-03-19 00:38:00.611491933+00:00,2026-03-19 00:38:00.861491933+00:00
2026-03-19 00:38:00.861491933+00:00,1054,cancelled,ask,2196.9,0.11009802640382625,2026-03-19 00:37:57.288206056+00:00,144.639,2026-03-19 00:37:57.038206056+00:00,cancelled,refresh_reprice,2026-03-19 00:38:00.611491933+00:00,2026-03-19 00:38:00.861491933+00:00
2026-03-19 00:38:00.898724606+00:00,1056,placed,ask,2196.6,0.10990152715536122,2026-03-19 00:38:01.148724606+00:00,48.102,2026-03-19 00:38:00.898724606+00:00,pending_new,,,
2026-03-19 00:38:01.069241768+00:00,1055,cancel_requested,bid,2196.0,0.09009847284463879,2026-03-19 00:38:00.861491933+00:00,62.532,2026-03-19 00:38:00.611491933+00:00,pending_cancel,pressure_stop_bid,2026-03-19 00:38:01.069241768+00:00,2026-03-19 00:38:01.319241768+00:00
2026-03-19 00:38:01.117615093+00:00,1056,cancel_requested,ask,2196.6,0.10990152715536122,2026-03-19 00:38:01.148724606+00:00,48.102,2026-03-19 00:38:00.898724606+00:00,pending_cancel,expected_edge_ask,2026-03-19 00:38:01.117615093+00:00,2026-03-19 00:38:01.367615093+00:00
2026-03-19 00:38:01.319241768+00:00,1055,cancelled,bid,2196.0,0.09009847284463879,2026-03-19 00:38:00.861491933+00:00,62.532,2026-03-19 00:38:00.611491933+00:00,cancelled,pressure_stop_bid,2026-03-19 00:38:01.069241768+00:00,2026-03-19 00:38:01.319241768+00:00
2026-03-19 00:38:01.367615093+00:00,1056,cancelled,ask,2196.6,0.10990152715536122,2026-03-19 00:38:01.148724606+00:00,48.102,2026-03-19 00:38:00.898724606+00:00,cancelled,expected_edge_ask,2026-03-19 00:38:01.117615093+00:00,2026-03-19 00:38:01.367615093+00:00
2026-03-19 00:38:01.367851174+00:00,1057,placed,bid,2195.9,0.09009847284463879,2026-03-19 00:38:01.617851174+00:00,84.654,2026-03-19 00:38:01.367851174+00:00,pending_new,,,
2026-03-19 00:38:06.390376519+00:00,1058,placed,ask,2196.6,0.10990152715536122,2026-03-19 00:38:06.640376519+00:00,51.96,2026-03-19 00:38:06.390376519+00:00,pending_new,,,
2026-03-19 00:38:06.600522374+00:00,1058,cancel_requested,ask,2196.6,0.10990152715536122,2026-03-19 00:38:06.640376519+00:00,51.96,2026-03-19 00:38:06.390376519+00:00,pending_cancel,expected_edge_ask,2026-03-19 00:38:06.600522374+00:00,2026-03-19 00:38:06.850522374+00:00
2026-03-19 00:38:06.850522374+00:00,1058,cancelled,ask,2196.6,0.10990152715536122,2026-03-19 00:38:06.640376519+00:00,51.96,2026-03-19 00:38:06.390376519+00:00,cancelled,expected_edge_ask,2026-03-19 00:38:06.600522374+00:00,2026-03-19 00:38:06.850522374+00:00
2026-03-19 00:38:08.260282799+00:00,1059,placed,ask,2196.7,0.10990152715536122,2026-03-19 00:38:08.510282799+00:00,47.230000000000004,2026-03-19 00:38:08.260282799+00:00,pending_new,,,
2026-03-19 00:38:08.777361110+00:00,1057,cancel_requested,bid,2195.9,0.09009847284463879,2026-03-19 00:38:01.617851174+00:00,84.654,2026-03-19 00:38:01.367851174+00:00,pending_cancel,pressure_stop_bid,2026-03-19 00:38:08.777361110+00:00,2026-03-19 00:38:09.027361110+00:00
2026-03-19 00:38:09.027361110+00:00,1057,cancelled,bid,2195.9,0.09009847284463879,2026-03-19 00:38:01.617851174+00:00,84.654,2026-03-19 00:38:01.367851174+00:00,cancelled,pressure_stop_bid,2026-03-19 00:38:08.777361110+00:00,2026-03-19 00:38:09.027361110+00:00
2026-03-19 00:38:09.032072787+00:00,1059,cancel_requested,ask,2196.7,0.10990152715536122,2026-03-19 00:38:08.510282799+00:00,47.230000000000004,2026-03-19 00:38:08.260282799+00:00,pending_cancel,expected_edge_ask,2026-03-19 00:38:09.032072787+00:00,2026-03-19 00:38:09.282072787+00:00
2026-03-19 00:38:09.032072787+00:00,1060,placed,bid,2196.0,0.09009847284463879,2026-03-19 00:38:09.282072787+00:00,83.033,2026-03-19 00:38:09.032072787+00:00,pending_new,,,
2026-03-19 00:38:09.237110143+00:00,1060,cancel_requested,bid,2196.0,0.09009847284463879,2026-03-19 00:38:09.282072787+00:00,83.033,2026-03-19 00:38:09.032072787+00:00,pending_cancel,pressure_stop_bid,2026-03-19 00:38:09.237110143+00:00,2026-03-19 00:38:09.487110143+00:00
2026-03-19 00:38:09.282072787+00:00,1059,cancelled,ask,2196.7,0.10990152715536122,2026-03-19 00:38:08.510282799+00:00,47.230000000000004,2026-03-19 00:38:08.260282799+00:00,cancelled,expected_edge_ask,2026-03-19 00:38:09.032072787+00:00,2026-03-19 00:38:09.282072787+00:00
2026-03-19 00:38:09.339216779+00:00,1061,placed,ask,2196.5,0.10990152715536122,2026-03-19 00:38:09.589216779+00:00,74.977,2026-03-19 00:38:09.339216779+00:00,pending_new,,,
2026-03-19 00:38:09.487110143+00:00,1060,cancelled,bid,2196.0,0.09009847284463879,2026-03-19 00:38:09.282072787+00:00,83.033,2026-03-19 00:38:09.032072787+00:00,cancelled,pressure_stop_bid,2026-03-19 00:38:09.237110143+00:00,2026-03-19 00:38:09.487110143+00:00
2026-03-19 00:38:11.278203149+00:00,1061,cancel_requested,ask,2196.5,0.10990152715536122,2026-03-19 00:38:09.589216779+00:00,74.977,2026-03-19 00:38:09.339216779+00:00,pending_cancel,expected_edge_ask,2026-03-19 00:38:11.278203149+00:00,2026-03-19 00:38:11.528203149+00:00
2026-03-19 00:38:11.278203149+00:00,1062,placed,bid,2195.9,0.09009847284463879,2026-03-19 00:38:11.528203149+00:00,95.072,2026-03-19 00:38:11.278203149+00:00,pending_new,,,
2026-03-19 00:38:11.528203149+00:00,1061,cancelled,ask,2196.5,0.10990152715536122,2026-03-19 00:38:09.589216779+00:00,74.977,2026-03-19 00:38:09.339216779+00:00,cancelled,expected_edge_ask,2026-03-19 00:38:11.278203149+00:00,2026-03-19 00:38:11.528203149+00:00
2026-03-19 00:38:12.606450551+00:00,1062,cancel_requested,bid,2195.9,0.09009847284463879,2026-03-19 00:38:11.528203149+00:00,95.072,2026-03-19 00:38:11.278203149+00:00,pending_cancel,pressure_stop_bid,2026-03-19 00:38:12.606450551+00:00,2026-03-19 00:38:12.856450551+00:00
2026-03-19 00:38:12.606450551+00:00,1063,placed,ask,2196.3,0.10990152715536122,2026-03-19 00:38:12.856450551+00:00,74.735,2026-03-19 00:38:12.606450551+00:00,pending_new,,,
2026-03-19 00:38:12.706744239+00:00,1063,cancel_requested,ask,2196.3,0.10990152715536122,2026-03-19 00:38:12.856450551+00:00,74.735,2026-03-19 00:38:12.606450551+00:00,pending_cancel,expected_edge_ask,2026-03-19 00:38:12.706744239+00:00,2026-03-19 00:38:12.956744239+00:00
2026-03-19 00:38:12.856450551+00:00,1062,cancelled,bid,2195.9,0.09009847284463879,2026-03-19 00:38:11.528203149+00:00,95.072,2026-03-19 00:38:11.278203149+00:00,cancelled,pressure_stop_bid,2026-03-19 00:38:12.606450551+00:00,2026-03-19 00:38:12.856450551+00:00
2026-03-19 00:38:12.956744239+00:00,1063,cancelled,ask,2196.3,0.10990152715536122,2026-03-19 00:38:12.856450551+00:00,74.735,2026-03-19 00:38:12.606450551+00:00,cancelled,expected_edge_ask,2026-03-19 00:38:12.706744239+00:00,2026-03-19 00:38:12.956744239+00:00
2026-03-19 00:38:12.993049164+00:00,1064,placed,ask,2196.2,0.10990152715536122,2026-03-19 00:38:13.243049164+00:00,62.636,2026-03-19 00:38:12.993049164+00:00,pending_new,,,
2026-03-19 00:38:14.646264891+00:00,1064,cancel_requested,ask,2196.2,0.10990152715536122,2026-03-19 00:38:13.243049164+00:00,62.636,2026-03-19 00:38:12.993049164+00:00,pending_cancel,expected_edge_ask,2026-03-19 00:38:14.646264891+00:00,2026-03-19 00:38:14.896264891+00:00
2026-03-19 00:38:14.646264891+00:00,1065,placed,bid,2195.5,0.09009847284463879,2026-03-19 00:38:14.896264891+00:00,64.269,2026-03-19 00:38:14.646264891+00:00,pending_new,,,
2026-03-19 00:38:14.896264891+00:00,1064,cancelled,ask,2196.2,0.10990152715536122,2026-03-19 00:38:13.243049164+00:00,62.636,2026-03-19 00:38:12.993049164+00:00,cancelled,expected_edge_ask,2026-03-19 00:38:14.646264891+00:00,2026-03-19 00:38:14.896264891+00:00
2026-03-19 00:38:14.939796719+00:00,1066,placed,ask,2196.2,0.10990152715536122,2026-03-19 00:38:15.189796719+00:00,66.813,2026-03-19 00:38:14.939796719+00:00,pending_new,,,
2026-03-19 00:38:15.568642141+00:00,1066,cancel_requested,ask,2196.2,0.10990152715536122,2026-03-19 00:38:15.189796719+00:00,66.813,2026-03-19 00:38:14.939796719+00:00,pending_cancel,expected_edge_ask,2026-03-19 00:38:15.568642141+00:00,2026-03-19 00:38:15.818642141+00:00
2026-03-19 00:38:15.818642141+00:00,1066,cancelled,ask,2196.2,0.10990152715536122,2026-03-19 00:38:15.189796719+00:00,66.813,2026-03-19 00:38:14.939796719+00:00,cancelled,expected_edge_ask,2026-03-19 00:38:15.568642141+00:00,2026-03-19 00:38:15.818642141+00:00
2026-03-19 00:38:16.638357928+00:00,1065,cancel_requested,bid,2195.5,0.09009847284463879,2026-03-19 00:38:14.896264891+00:00,64.269,2026-03-19 00:38:14.646264891+00:00,pending_cancel,pressure_stop_bid,2026-03-19 00:38:16.638357928+00:00,2026-03-19 00:38:16.888357928+00:00
2026-03-19 00:38:16.638357928+00:00,1067,placed,ask,2196.2,0.10990152715536122,2026-03-19 00:38:16.888357928+00:00,84.839,2026-03-19 00:38:16.638357928+00:00,pending_new,,,
2026-03-19 00:38:16.888357928+00:00,1065,cancelled,bid,2195.5,0.09009847284463879,2026-03-19 00:38:14.896264891+00:00,64.269,2026-03-19 00:38:14.646264891+00:00,cancelled,pressure_stop_bid,2026-03-19 00:38:16.638357928+00:00,2026-03-19 00:38:16.888357928+00:00
2026-03-19 00:38:17.457688278+00:00,1067,cancel_requested,ask,2196.2,0.10990152715536122,2026-03-19 00:38:16.888357928+00:00,84.839,2026-03-19 00:38:16.638357928+00:00,pending_cancel,refresh_reprice,2026-03-19 00:38:17.457688278+00:00,2026-03-19 00:38:17.707688278+00:00
2026-03-19 00:38:17.707688278+00:00,1067,cancelled,ask,2196.2,0.10990152715536122,2026-03-19 00:38:16.888357928+00:00,84.839,2026-03-19 00:38:16.638357928+00:00,cancelled,refresh_reprice,2026-03-19 00:38:17.457688278+00:00,2026-03-19 00:38:17.707688278+00:00
2026-03-19 00:38:17.736744490+00:00,1068,placed,ask,2195.9,0.10990152715536122,2026-03-19 00:38:17.986744490+00:00,158.002,2026-03-19 00:38:17.736744490+00:00,pending_new,,,
2026-03-19 00:38:17.866502334+00:00,1069,placed,bid,2194.9,0.09009847284463879,2026-03-19 00:38:18.116502334+00:00,134.553,2026-03-19 00:38:17.866502334+00:00,pending_new,,,
2026-03-19 00:38:17.866502334+00:00,1068,cancel_requested,ask,2195.9,0.10990152715536122,2026-03-19 00:38:17.986744490+00:00,158.002,2026-03-19 00:38:17.736744490+00:00,pending_cancel,refresh_reprice,2026-03-19 00:38:17.866502334+00:00,2026-03-19 00:38:18.116502334+00:00
2026-03-19 00:38:18.116502334+00:00,1068,cancelled,ask,2195.9,0.10990152715536122,2026-03-19 00:38:17.986744490+00:00,158.002,2026-03-19 00:38:17.736744490+00:00,cancelled,refresh_reprice,2026-03-19 00:38:17.866502334+00:00,2026-03-19 00:38:18.116502334+00:00
2026-03-19 00:38:18.117646125+00:00,1069,resized,bid,2194.9,0.09006211407771081,2026-03-19 00:38:18.116502334+00:00,134.553,,,preserve_queue_priority,,
2026-03-19 00:38:18.117646125+00:00,1070,placed,ask,2195.8,0.1099378859222892,2026-03-19 00:38:18.367646125+00:00,38.098,2026-03-19 00:38:18.117646125+00:00,pending_new,,,
2026-03-19 00:38:18.163804081+00:00,1070,cancel_requested,ask,2195.8,0.1099378859222892,2026-03-19 00:38:18.367646125+00:00,38.098,2026-03-19 00:38:18.117646125+00:00,pending_cancel,expected_edge_ask,2026-03-19 00:38:18.163804081+00:00,2026-03-19 00:38:18.413804081+00:00
2026-03-19 00:38:18.413804081+00:00,1070,cancelled,ask,2195.8,0.1099378859222892,2026-03-19 00:38:18.367646125+00:00,38.098,2026-03-19 00:38:18.117646125+00:00,cancelled,expected_edge_ask,2026-03-19 00:38:18.163804081+00:00,2026-03-19 00:38:18.413804081+00:00
2026-03-19 00:38:18.427663240+00:00,1069,cancel_requested,bid,2194.9,0.09006211407771081,2026-03-19 00:38:18.116502334+00:00,134.553,2026-03-19 00:38:17.866502334+00:00,pending_cancel,pressure_stop_bid,2026-03-19 00:38:18.427663240+00:00,2026-03-19 00:38:18.677663240+00:00
2026-03-19 00:38:18.427663240+00:00,1071,placed,ask,2195.7,0.1099378859222892,2026-03-19 00:38:18.677663240+00:00,57.44800000000001,2026-03-19 00:38:18.427663240+00:00,pending_new,,,
2026-03-19 00:38:18.677663240+00:00,1069,cancelled,bid,2194.9,0.09006211407771081,2026-03-19 00:38:18.116502334+00:00,134.553,2026-03-19 00:38:17.866502334+00:00,cancelled,pressure_stop_bid,2026-03-19 00:38:18.427663240+00:00,2026-03-19 00:38:18.677663240+00:00
2026-03-19 00:38:20.619189598+00:00,1071,cancel_requested,ask,2195.7,0.1099378859222892,2026-03-19 00:38:18.677663240+00:00,57.44800000000001,2026-03-19 00:38:18.427663240+00:00,pending_cancel,pressure_stop_ask,2026-03-19 00:38:20.619189598+00:00,2026-03-19 00:38:20.869189598+00:00
2026-03-19 00:38:20.619189598+00:00,1072,placed,bid,2195.0,0.09006211407771081,2026-03-19 00:38:20.869189598+00:00,93.92500000000001,2026-03-19 00:38:20.619189598+00:00,pending_new,,,
2026-03-19 00:38:20.827985161+00:00,1072,cancel_requested,bid,2195.0,0.09006211407771081,2026-03-19 00:38:20.869189598+00:00,93.92500000000001,2026-03-19 00:38:20.619189598+00:00,pending_cancel,pressure_stop_bid,2026-03-19 00:38:20.827985161+00:00,2026-03-19 00:38:21.077985161+00:00
2026-03-19 00:38:20.869189598+00:00,1071,cancelled,ask,2195.7,0.1099378859222892,2026-03-19 00:38:18.677663240+00:00,57.44800000000001,2026-03-19 00:38:18.427663240+00:00,cancelled,pressure_stop_ask,2026-03-19 00:38:20.619189598+00:00,2026-03-19 00:38:20.869189598+00:00
2026-03-19 00:38:20.922583142+00:00,1073,placed,ask,2195.6,0.1099378859222892,2026-03-19 00:38:21.172583142+00:00,82.525,2026-03-19 00:38:20.922583142+00:00,pending_new,,,
2026-03-19 00:38:21.077985161+00:00,1072,cancelled,bid,2195.0,0.09006211407771081,2026-03-19 00:38:20.869189598+00:00,93.92500000000001,2026-03-19 00:38:20.619189598+00:00,cancelled,pressure_stop_bid,2026-03-19 00:38:20.827985161+00:00,2026-03-19 00:38:21.077985161+00:00
2026-03-19 00:38:21.439880114+00:00,1073,cancel_requested,ask,2195.6,0.1099378859222892,2026-03-19 00:38:21.172583142+00:00,82.525,2026-03-19 00:38:20.922583142+00:00,pending_cancel,expected_edge_ask,2026-03-19 00:38:21.439880114+00:00,2026-03-19 00:38:21.689880114+00:00
2026-03-19 00:38:21.439880114+00:00,1074,placed,bid,2195.0,0.09006211407771081,2026-03-19 00:38:21.689880114+00:00,88.172,2026-03-19 00:38:21.439880114+00:00,pending_new,,,
2026-03-19 00:38:21.689880114+00:00,1073,cancelled,ask,2195.6,0.1099378859222892,2026-03-19 00:38:21.172583142+00:00,82.525,2026-03-19 00:38:20.922583142+00:00,cancelled,expected_edge_ask,2026-03-19 00:38:21.439880114+00:00,2026-03-19 00:38:21.689880114+00:00
2026-03-19 00:38:21.742184603+00:00,1075,placed,ask,2195.7,0.1099378859222892,2026-03-19 00:38:21.992184603+00:00,73.863,2026-03-19 00:38:21.742184603+00:00,pending_new,,,
2026-03-19 00:38:21.788356658+00:00,1075,cancel_requested,ask,2195.7,0.1099378859222892,2026-03-19 00:38:21.992184603+00:00,73.863,2026-03-19 00:38:21.742184603+00:00,pending_cancel,expected_edge_ask,2026-03-19 00:38:21.788356658+00:00,2026-03-19 00:38:22.038356658+00:00
2026-03-19 00:38:22.038356658+00:00,1075,cancelled,ask,2195.7,0.1099378859222892,2026-03-19 00:38:21.992184603+00:00,73.863,2026-03-19 00:38:21.742184603+00:00,cancelled,expected_edge_ask,2026-03-19 00:38:21.788356658+00:00,2026-03-19 00:38:22.038356658+00:00
2026-03-19 00:38:25.624984578+00:00,1074,cancel_requested,bid,2195.0,0.09006211407771081,2026-03-19 00:38:21.689880114+00:00,88.172,2026-03-19 00:38:21.439880114+00:00,pending_cancel,pressure_stop_bid,2026-03-19 00:38:25.624984578+00:00,2026-03-19 00:38:25.874984578+00:00
2026-03-19 00:38:25.624984578+00:00,1076,placed,ask,2195.6,0.1099378859222892,2026-03-19 00:38:25.874984578+00:00,182.851,2026-03-19 00:38:25.624984578+00:00,pending_new,,,
2026-03-19 00:38:25.874984578+00:00,1074,cancelled,bid,2195.0,0.09006211407771081,2026-03-19 00:38:21.689880114+00:00,88.172,2026-03-19 00:38:21.439880114+00:00,cancelled,pressure_stop_bid,2026-03-19 00:38:25.624984578+00:00,2026-03-19 00:38:25.874984578+00:00
2026-03-19 00:38:35.624984578+00:00,1076,cancel_requested,ask,2195.6,0.1099378859222892,2026-03-19 00:38:25.874984578+00:00,182.851,2026-03-19 00:38:25.624984578+00:00,pending_cancel,quote_age_expired,2026-03-19 00:38:35.624984578+00:00,2026-03-19 00:38:35.874984578+00:00
2026-03-19 00:38:35.874984578+00:00,1076,cancelled,ask,2195.6,0.1099378859222892,2026-03-19 00:38:25.874984578+00:00,182.851,2026-03-19 00:38:25.624984578+00:00,cancelled,quote_age_expired,2026-03-19 00:38:35.624984578+00:00,2026-03-19 00:38:35.874984578+00:00
2026-03-19 00:38:35.878519209+00:00,1077,placed,ask,2195.5,0.1099378859222892,2026-03-19 00:38:36.128519209+00:00,90.01599999999999,2026-03-19 00:38:35.878519209+00:00,pending_new,,,
2026-03-19 00:38:39.047608074+00:00,1077,cancel_requested,ask,2195.5,0.1099378859222892,2026-03-19 00:38:36.128519209+00:00,90.01599999999999,2026-03-19 00:38:35.878519209+00:00,pending_cancel,refresh_reprice,2026-03-19 00:38:39.047608074+00:00,2026-03-19 00:38:39.297608074+00:00
2026-03-19 00:38:39.297608074+00:00,1077,cancelled,ask,2195.5,0.1099378859222892,2026-03-19 00:38:36.128519209+00:00,90.01599999999999,2026-03-19 00:38:35.878519209+00:00,cancelled,refresh_reprice,2026-03-19 00:38:39.047608074+00:00,2026-03-19 00:38:39.297608074+00:00
2026-03-19 00:38:39.357027770+00:00,1078,placed,bid,2194.3,0.0899524225718143,2026-03-19 00:38:39.607027770+00:00,59.137,2026-03-19 00:38:39.357027770+00:00,pending_new,,,
2026-03-19 00:38:39.357027770+00:00,1079,placed,ask,2195.0,0.11004757742818572,2026-03-19 00:38:39.607027770+00:00,100.795,2026-03-19 00:38:39.357027770+00:00,pending_new,,,
2026-03-19 00:38:39.505205168+00:00,1078,cancel_requested,bid,2194.3,0.0899524225718143,2026-03-19 00:38:39.607027770+00:00,59.137,2026-03-19 00:38:39.357027770+00:00,pending_cancel,pressure_stop_bid,2026-03-19 00:38:39.505205168+00:00,2026-03-19 00:38:39.755205168+00:00
2026-03-19 00:38:39.755205168+00:00,1078,cancelled,bid,2194.3,0.0899524225718143,2026-03-19 00:38:39.607027770+00:00,59.137,2026-03-19 00:38:39.357027770+00:00,cancelled,pressure_stop_bid,2026-03-19 00:38:39.505205168+00:00,2026-03-19 00:38:39.755205168+00:00
2026-03-19 00:38:39.762540491+00:00,1079,cancel_requested,ask,2195.0,0.11004757742818572,2026-03-19 00:38:39.607027770+00:00,100.795,2026-03-19 00:38:39.357027770+00:00,pending_cancel,expected_edge_ask,2026-03-19 00:38:39.762540491+00:00,2026-03-19 00:38:40.012540491+00:00
2026-03-19 00:38:39.762540491+00:00,1080,placed,bid,2194.4,0.0899524225718143,2026-03-19 00:38:40.012540491+00:00,81.884,2026-03-19 00:38:39.762540491+00:00,pending_new,,,
2026-03-19 00:38:40.012540491+00:00,1079,cancelled,ask,2195.0,0.11004757742818572,2026-03-19 00:38:39.607027770+00:00,100.795,2026-03-19 00:38:39.357027770+00:00,cancelled,expected_edge_ask,2026-03-19 00:38:39.762540491+00:00,2026-03-19 00:38:40.012540491+00:00
2026-03-19 00:38:41.190843658+00:00,1081,placed,ask,2195.1,0.11004757742818572,2026-03-19 00:38:41.440843658+00:00,48.187999999999995,2026-03-19 00:38:41.190843658+00:00,pending_new,,,
2026-03-19 00:38:41.238233408+00:00,1081,cancel_requested,ask,2195.1,0.11004757742818572,2026-03-19 00:38:41.440843658+00:00,48.187999999999995,2026-03-19 00:38:41.190843658+00:00,pending_cancel,expected_edge_ask,2026-03-19 00:38:41.238233408+00:00,2026-03-19 00:38:41.488233408+00:00
2026-03-19 00:38:41.488233408+00:00,1081,cancelled,ask,2195.1,0.11004757742818572,2026-03-19 00:38:41.440843658+00:00,48.187999999999995,2026-03-19 00:38:41.190843658+00:00,cancelled,expected_edge_ask,2026-03-19 00:38:41.238233408+00:00,2026-03-19 00:38:41.488233408+00:00
2026-03-19 00:38:44.146458626+00:00,1080,cancel_requested,bid,2194.4,0.0899524225718143,2026-03-19 00:38:40.012540491+00:00,81.884,2026-03-19 00:38:39.762540491+00:00,pending_cancel,pressure_stop_bid,2026-03-19 00:38:44.146458626+00:00,2026-03-19 00:38:44.396458626+00:00
2026-03-19 00:38:44.146458626+00:00,1082,placed,ask,2195.0,0.11004757742818572,2026-03-19 00:38:44.396458626+00:00,82.82,2026-03-19 00:38:44.146458626+00:00,pending_new,,,
2026-03-19 00:38:44.396458626+00:00,1080,cancelled,bid,2194.4,0.0899524225718143,2026-03-19 00:38:40.012540491+00:00,81.884,2026-03-19 00:38:39.762540491+00:00,cancelled,pressure_stop_bid,2026-03-19 00:38:44.146458626+00:00,2026-03-19 00:38:44.396458626+00:00
2026-03-19 00:38:45.935245914+00:00,1082,cancel_requested,ask,2195.0,0.11004757742818572,2026-03-19 00:38:44.396458626+00:00,82.82,2026-03-19 00:38:44.146458626+00:00,pending_cancel,expected_edge_ask,2026-03-19 00:38:45.935245914+00:00,2026-03-19 00:38:46.185245914+00:00
2026-03-19 00:38:46.185245914+00:00,1082,cancelled,ask,2195.0,0.11004757742818572,2026-03-19 00:38:44.396458626+00:00,82.82,2026-03-19 00:38:44.146458626+00:00,cancelled,expected_edge_ask,2026-03-19 00:38:45.935245914+00:00,2026-03-19 00:38:46.185245914+00:00
2026-03-19 00:38:51.235193205+00:00,1083,placed,bid,2193.8,0.0899524225718143,2026-03-19 00:38:51.485193205+00:00,50.535,2026-03-19 00:38:51.235193205+00:00,pending_new,,,
2026-03-19 00:38:51.235193205+00:00,1084,placed,ask,2194.4,0.11004757742818572,2026-03-19 00:38:51.485193205+00:00,50.95399999999999,2026-03-19 00:38:51.235193205+00:00,pending_new,,,
2026-03-19 00:38:55.737577168+00:00,1084,cancel_requested,ask,2194.4,0.11004757742818572,2026-03-19 00:38:51.485193205+00:00,50.95399999999999,2026-03-19 00:38:51.235193205+00:00,pending_cancel,pressure_stop_ask,2026-03-19 00:38:55.737577168+00:00,2026-03-19 00:38:55.987577168+00:00
2026-03-19 00:38:55.987577168+00:00,1084,cancelled,ask,2194.4,0.11004757742818572,2026-03-19 00:38:51.485193205+00:00,50.95399999999999,2026-03-19 00:38:51.235193205+00:00,cancelled,pressure_stop_ask,2026-03-19 00:38:55.737577168+00:00,2026-03-19 00:38:55.987577168+00:00
2026-03-19 00:39:01.136318371+00:00,1083,resized,bid,2193.8,0.08993268875739537,2026-03-19 00:38:51.485193205+00:00,50.535,,,preserve_queue_priority,,
2026-03-19 00:39:01.136318371+00:00,1085,placed,ask,2194.4,0.11006731124260466,2026-03-19 00:39:01.386318371+00:00,78.042,2026-03-19 00:39:01.136318371+00:00,pending_new,,,
2026-03-19 00:39:01.235193205+00:00,1083,cancel_requested,bid,2193.8,0.08993268875739537,2026-03-19 00:38:51.485193205+00:00,50.535,2026-03-19 00:38:51.235193205+00:00,pending_cancel,quote_age_expired,2026-03-19 00:39:01.235193205+00:00,2026-03-19 00:39:01.485193205+00:00
2026-03-19 00:39:01.297307397+00:00,1085,cancel_requested,ask,2194.4,0.11006731124260466,2026-03-19 00:39:01.386318371+00:00,78.042,2026-03-19 00:39:01.136318371+00:00,pending_cancel,expected_edge_ask,2026-03-19 00:39:01.297307397+00:00,2026-03-19 00:39:01.547307397+00:00
2026-03-19 00:39:01.485193205+00:00,1083,cancelled,bid,2193.8,0.08993268875739537,2026-03-19 00:38:51.485193205+00:00,50.535,2026-03-19 00:38:51.235193205+00:00,cancelled,quote_age_expired,2026-03-19 00:39:01.235193205+00:00,2026-03-19 00:39:01.485193205+00:00
2026-03-19 00:39:01.504000266+00:00,1086,placed,bid,2193.8,0.08993268875739537,2026-03-19 00:39:01.754000266+00:00,152.926,2026-03-19 00:39:01.504000266+00:00,pending_new,,,
2026-03-19 00:39:01.547307397+00:00,1085,cancelled,ask,2194.4,0.11006731124260466,2026-03-19 00:39:01.386318371+00:00,78.042,2026-03-19 00:39:01.136318371+00:00,cancelled,expected_edge_ask,2026-03-19 00:39:01.297307397+00:00,2026-03-19 00:39:01.547307397+00:00
2026-03-19 00:39:11.504000266+00:00,1086,cancel_requested,bid,2193.8,0.08993268875739537,2026-03-19 00:39:01.754000266+00:00,152.926,2026-03-19 00:39:01.504000266+00:00,pending_cancel,quote_age_expired,2026-03-19 00:39:11.504000266+00:00,2026-03-19 00:39:11.754000266+00:00
2026-03-19 00:39:11.754000266+00:00,1086,cancelled,bid,2193.8,0.08993268875739537,2026-03-19 00:39:01.754000266+00:00,152.926,2026-03-19 00:39:01.504000266+00:00,cancelled,quote_age_expired,2026-03-19 00:39:11.504000266+00:00,2026-03-19 00:39:11.754000266+00:00
2026-03-19 00:39:11.856314089+00:00,1087,placed,bid,2193.9,0.08993268875739537,2026-03-19 00:39:12.106314089+00:00,154.865,2026-03-19 00:39:11.856314089+00:00,pending_new,,,
2026-03-19 00:39:19.318993754+00:00,1087,cancel_requested,bid,2193.9,0.08993268875739537,2026-03-19 00:39:12.106314089+00:00,154.865,2026-03-19 00:39:11.856314089+00:00,pending_cancel,refresh_reprice,2026-03-19 00:39:19.318993754+00:00,2026-03-19 00:39:19.568993754+00:00
2026-03-19 00:39:19.568993754+00:00,1087,cancelled,bid,2193.9,0.08993268875739537,2026-03-19 00:39:12.106314089+00:00,154.865,2026-03-19 00:39:11.856314089+00:00,cancelled,refresh_reprice,2026-03-19 00:39:19.318993754+00:00,2026-03-19 00:39:19.568993754+00:00
2026-03-19 00:39:19.618647102+00:00,1088,placed,bid,2194.3,0.09013570105261641,2026-03-19 00:39:19.868647102+00:00,101.589,2026-03-19 00:39:19.618647102+00:00,pending_new,,,
2026-03-19 00:39:22.785026687+00:00,1089,placed,ask,2195.2,0.10986429894738359,2026-03-19 00:39:23.035026687+00:00,21.08,2026-03-19 00:39:22.785026687+00:00,pending_new,,,
2026-03-19 00:39:22.840986805+00:00,1089,cancel_requested,ask,2195.2,0.10986429894738359,2026-03-19 00:39:23.035026687+00:00,21.08,2026-03-19 00:39:22.785026687+00:00,pending_cancel,pressure_stop_ask,2026-03-19 00:39:22.840986805+00:00,2026-03-19 00:39:23.090986805+00:00
2026-03-19 00:39:23.090986805+00:00,1089,cancelled,ask,2195.2,0.10986429894738359,2026-03-19 00:39:23.035026687+00:00,21.08,2026-03-19 00:39:22.785026687+00:00,cancelled,pressure_stop_ask,2026-03-19 00:39:22.840986805+00:00,2026-03-19 00:39:23.090986805+00:00
2026-03-19 00:39:23.137901371+00:00,1088,cancel_requested,bid,2194.3,0.09013570105261641,2026-03-19 00:39:19.868647102+00:00,101.589,2026-03-19 00:39:19.618647102+00:00,pending_cancel,refresh_reprice,2026-03-19 00:39:23.137901371+00:00,2026-03-19 00:39:23.387901371+00:00
2026-03-19 00:39:23.387901371+00:00,1088,cancelled,bid,2194.3,0.09013570105261641,2026-03-19 00:39:19.868647102+00:00,101.589,2026-03-19 00:39:19.618647102+00:00,cancelled,refresh_reprice,2026-03-19 00:39:23.137901371+00:00,2026-03-19 00:39:23.387901371+00:00
2026-03-19 00:39:23.440058651+00:00,1090,placed,bid,2194.6,0.09013570105261641,2026-03-19 00:39:23.690058651+00:00,124.785,2026-03-19 00:39:23.440058651+00:00,pending_new,,,
2026-03-19 00:39:25.291571638+00:00,1090,cancel_requested,bid,2194.6,0.09013570105261641,2026-03-19 00:39:23.690058651+00:00,124.785,2026-03-19 00:39:23.440058651+00:00,pending_cancel,pressure_stop_bid,2026-03-19 00:39:25.291571638+00:00,2026-03-19 00:39:25.541571638+00:00
2026-03-19 00:39:25.291571638+00:00,1091,placed,ask,2195.2,0.10986429894738359,2026-03-19 00:39:25.541571638+00:00,80.9,2026-03-19 00:39:25.291571638+00:00,pending_new,,,
2026-03-19 00:39:25.541571638+00:00,1090,cancelled,bid,2194.6,0.09013570105261641,2026-03-19 00:39:23.690058651+00:00,124.785,2026-03-19 00:39:23.440058651+00:00,cancelled,pressure_stop_bid,2026-03-19 00:39:25.291571638+00:00,2026-03-19 00:39:25.541571638+00:00
2026-03-19 00:39:32.538268438+00:00,1091,cancel_requested,ask,2195.2,0.10986429894738359,2026-03-19 00:39:25.541571638+00:00,80.9,2026-03-19 00:39:25.291571638+00:00,pending_cancel,refresh_reprice,2026-03-19 00:39:32.538268438+00:00,2026-03-19 00:39:32.788268438+00:00
2026-03-19 00:39:32.788268438+00:00,1091,cancelled,ask,2195.2,0.10986429894738359,2026-03-19 00:39:25.541571638+00:00,80.9,2026-03-19 00:39:25.291571638+00:00,cancelled,refresh_reprice,2026-03-19 00:39:32.538268438+00:00,2026-03-19 00:39:32.788268438+00:00
2026-03-19 00:39:32.837300001+00:00,1092,placed,ask,2194.9,0.10986429894738359,2026-03-19 00:39:33.087300001+00:00,92.611,2026-03-19 00:39:32.837300001+00:00,pending_new,,,
2026-03-19 00:39:34.499304742+00:00,1093,placed,bid,2194.3,0.09013570105261641,2026-03-19 00:39:34.749304742+00:00,91.725,2026-03-19 00:39:34.499304742+00:00,pending_new,,,
2026-03-19 00:39:34.551341106+00:00,1093,cancel_requested,bid,2194.3,0.09013570105261641,2026-03-19 00:39:34.749304742+00:00,91.725,2026-03-19 00:39:34.499304742+00:00,pending_cancel,refresh_reprice,2026-03-19 00:39:34.551341106+00:00,2026-03-19 00:39:34.801341106+00:00
2026-03-19 00:39:34.801341106+00:00,1093,cancelled,bid,2194.3,0.09013570105261641,2026-03-19 00:39:34.749304742+00:00,91.725,2026-03-19 00:39:34.499304742+00:00,cancelled,refresh_reprice,2026-03-19 00:39:34.551341106+00:00,2026-03-19 00:39:34.801341106+00:00
2026-03-19 00:39:34.837449696+00:00,1094,placed,bid,2194.0,0.09013570105261641,2026-03-19 00:39:35.087449696+00:00,194.289,2026-03-19 00:39:34.837449696+00:00,pending_new,,,
2026-03-19 00:39:35.635199059+00:00,1094,cancel_requested,bid,2194.0,0.09013570105261641,2026-03-19 00:39:35.087449696+00:00,194.289,2026-03-19 00:39:34.837449696+00:00,pending_cancel,refresh_reprice,2026-03-19 00:39:35.635199059+00:00,2026-03-19 00:39:35.885199059+00:00
2026-03-19 00:39:35.885199059+00:00,1094,cancelled,bid,2194.0,0.09013570105261641,2026-03-19 00:39:35.087449696+00:00,194.289,2026-03-19 00:39:34.837449696+00:00,cancelled,refresh_reprice,2026-03-19 00:39:35.635199059+00:00,2026-03-19 00:39:35.885199059+00:00
2026-03-19 00:39:35.935637999+00:00,1095,placed,bid,2194.0,0.09013570105261641,2026-03-19 00:39:36.185637999+00:00,198.889,2026-03-19 00:39:35.935637999+00:00,pending_new,,,
2026-03-19 00:39:36.523077614+00:00,1095,cancel_requested,bid,2194.0,0.09013570105261641,2026-03-19 00:39:36.185637999+00:00,198.889,2026-03-19 00:39:35.935637999+00:00,pending_cancel,refresh_reprice,2026-03-19 00:39:36.523077614+00:00,2026-03-19 00:39:36.773077614+00:00
2026-03-19 00:39:36.773077614+00:00,1095,cancelled,bid,2194.0,0.09013570105261641,2026-03-19 00:39:36.185637999+00:00,198.889,2026-03-19 00:39:35.935637999+00:00,cancelled,refresh_reprice,2026-03-19 00:39:36.523077614+00:00,2026-03-19 00:39:36.773077614+00:00
2026-03-19 00:39:36.817965007+00:00,1096,placed,bid,2194.3,0.09013570105261641,2026-03-19 00:39:37.067965007+00:00,94.826,2026-03-19 00:39:36.817965007+00:00,pending_new,,,
2026-03-19 00:39:37.136522244+00:00,1092,cancel_requested,ask,2194.9,0.10986429894738359,2026-03-19 00:39:33.087300001+00:00,92.611,2026-03-19 00:39:32.837300001+00:00,pending_cancel,expected_edge_ask,2026-03-19 00:39:37.136522244+00:00,2026-03-19 00:39:37.386522244+00:00
2026-03-19 00:39:37.386522244+00:00,1092,cancelled,ask,2194.9,0.10986429894738359,2026-03-19 00:39:33.087300001+00:00,92.611,2026-03-19 00:39:32.837300001+00:00,cancelled,expected_edge_ask,2026-03-19 00:39:37.136522244+00:00,2026-03-19 00:39:37.386522244+00:00
2026-03-19 00:39:37.435262595+00:00,1097,placed,ask,2194.9,0.10986429894738359,2026-03-19 00:39:37.685262595+00:00,68.002,2026-03-19 00:39:37.435262595+00:00,pending_new,,,
2026-03-19 00:39:37.646364909+00:00,1097,cancel_requested,ask,2194.9,0.10986429894738359,2026-03-19 00:39:37.685262595+00:00,68.002,2026-03-19 00:39:37.435262595+00:00,pending_cancel,expected_edge_ask,2026-03-19 00:39:37.646364909+00:00,2026-03-19 00:39:37.896364909+00:00
2026-03-19 00:39:37.896364909+00:00,1097,cancelled,ask,2194.9,0.10986429894738359,2026-03-19 00:39:37.685262595+00:00,68.002,2026-03-19 00:39:37.435262595+00:00,cancelled,expected_edge_ask,2026-03-19 00:39:37.646364909+00:00,2026-03-19 00:39:37.896364909+00:00
2026-03-19 00:39:43.135373244+00:00,1098,placed,ask,2194.9,0.10968658558156795,2026-03-19 00:39:43.385373244+00:00,83.969,2026-03-19 00:39:43.135373244+00:00,pending_new,,,
2026-03-19 00:39:43.977380509+00:00,1098,cancel_requested,ask,2194.9,0.10968658558156795,2026-03-19 00:39:43.385373244+00:00,83.969,2026-03-19 00:39:43.135373244+00:00,pending_cancel,expected_edge_ask,2026-03-19 00:39:43.977380509+00:00,2026-03-19 00:39:44.227380509+00:00
2026-03-19 00:39:44.227380509+00:00,1098,cancelled,ask,2194.9,0.10968658558156795,2026-03-19 00:39:43.385373244+00:00,83.969,2026-03-19 00:39:43.135373244+00:00,cancelled,expected_edge_ask,2026-03-19 00:39:43.977380509+00:00,2026-03-19 00:39:44.227380509+00:00
2026-03-19 00:39:46.817965007+00:00,1096,cancel_requested,bid,2194.3,0.09013570105261641,2026-03-19 00:39:37.067965007+00:00,94.826,2026-03-19 00:39:36.817965007+00:00,pending_cancel,quote_age_expired,2026-03-19 00:39:46.817965007+00:00,2026-03-19 00:39:47.067965007+00:00
2026-03-19 00:39:46.886440637+00:00,1099,placed,ask,2195.0,0.10968658558156795,2026-03-19 00:39:47.136440637+00:00,35.022999999999996,2026-03-19 00:39:46.886440637+00:00,pending_new,,,
2026-03-19 00:39:47.067965007+00:00,1096,cancelled,bid,2194.3,0.09013570105261641,2026-03-19 00:39:37.067965007+00:00,94.826,2026-03-19 00:39:36.817965007+00:00,cancelled,quote_age_expired,2026-03-19 00:39:46.817965007+00:00,2026-03-19 00:39:47.067965007+00:00
2026-03-19 00:39:47.179619774+00:00,1100,placed,bid,2194.3,0.09031341441843208,2026-03-19 00:39:47.429619774+00:00,145.29399999999998,2026-03-19 00:39:47.179619774+00:00,pending_new,,,
2026-03-19 00:39:47.535462512+00:00,1099,cancel_requested,ask,2195.0,0.10968658558156795,2026-03-19 00:39:47.136440637+00:00,35.022999999999996,2026-03-19 00:39:46.886440637+00:00,pending_cancel,pressure_stop_ask,2026-03-19 00:39:47.535462512+00:00,2026-03-19 00:39:47.785462512+00:00
2026-03-19 00:39:47.785462512+00:00,1099,cancelled,ask,2195.0,0.10968658558156795,2026-03-19 00:39:47.136440637+00:00,35.022999999999996,2026-03-19 00:39:46.886440637+00:00,cancelled,pressure_stop_ask,2026-03-19 00:39:47.535462512+00:00,2026-03-19 00:39:47.785462512+00:00
2026-03-19 00:39:47.838190412+00:00,1101,placed,ask,2195.0,0.10968658558156795,2026-03-19 00:39:48.088190412+00:00,57.782000000000004,2026-03-19 00:39:47.838190412+00:00,pending_new,,,
2026-03-19 00:39:48.151067130+00:00,1101,cancel_requested,ask,2195.0,0.10968658558156795,2026-03-19 00:39:48.088190412+00:00,57.782000000000004,2026-03-19 00:39:47.838190412+00:00,pending_cancel,pressure_stop_ask,2026-03-19 00:39:48.151067130+00:00,2026-03-19 00:39:48.401067130+00:00
2026-03-19 00:39:48.401067130+00:00,1101,cancelled,ask,2195.0,0.10968658558156795,2026-03-19 00:39:48.088190412+00:00,57.782000000000004,2026-03-19 00:39:47.838190412+00:00,cancelled,pressure_stop_ask,2026-03-19 00:39:48.151067130+00:00,2026-03-19 00:39:48.401067130+00:00
2026-03-19 00:39:51.738756600+00:00,1100,cancel_requested,bid,2194.3,0.09031341441843208,2026-03-19 00:39:47.429619774+00:00,145.29399999999998,2026-03-19 00:39:47.179619774+00:00,pending_cancel,refresh_reprice,2026-03-19 00:39:51.738756600+00:00,2026-03-19 00:39:51.988756600+00:00
2026-03-19 00:39:51.988756600+00:00,1100,cancelled,bid,2194.3,0.09031341441843208,2026-03-19 00:39:47.429619774+00:00,145.29399999999998,2026-03-19 00:39:47.179619774+00:00,cancelled,refresh_reprice,2026-03-19 00:39:51.738756600+00:00,2026-03-19 00:39:51.988756600+00:00
2026-03-19 00:39:52.019128567+00:00,1102,placed,bid,2194.7,0.09031341441843208,2026-03-19 00:39:52.269128567+00:00,48.582,2026-03-19 00:39:52.019128567+00:00,pending_new,,,
2026-03-19 00:39:52.905563468+00:00,1102,cancel_requested,bid,2194.7,0.09031341441843208,2026-03-19 00:39:52.269128567+00:00,48.582,2026-03-19 00:39:52.019128567+00:00,pending_cancel,pressure_stop_bid,2026-03-19 00:39:52.905563468+00:00,2026-03-19 00:39:53.155563468+00:00
2026-03-19 00:39:52.905563468+00:00,1103,placed,ask,2195.1,0.10968658558156795,2026-03-19 00:39:53.155563468+00:00,48.912,2026-03-19 00:39:52.905563468+00:00,pending_new,,,
2026-03-19 00:39:53.155563468+00:00,1102,cancelled,bid,2194.7,0.09031341441843208,2026-03-19 00:39:52.269128567+00:00,48.582,2026-03-19 00:39:52.019128567+00:00,cancelled,pressure_stop_bid,2026-03-19 00:39:52.905563468+00:00,2026-03-19 00:39:53.155563468+00:00
2026-03-19 00:39:53.175334905+00:00,1104,placed,bid,2194.5,0.09031341441843208,2026-03-19 00:39:53.425334905+00:00,38.492999999999995,2026-03-19 00:39:53.175334905+00:00,pending_new,,,
2026-03-19 00:39:53.977564344+00:00,1104,cancel_requested,bid,2194.5,0.09031341441843208,2026-03-19 00:39:53.425334905+00:00,38.492999999999995,2026-03-19 00:39:53.175334905+00:00,pending_cancel,pressure_stop_bid,2026-03-19 00:39:53.977564344+00:00,2026-03-19 00:39:54.227564344+00:00
2026-03-19 00:39:54.084357262+00:00,1103,cancel_requested,ask,2195.1,0.10968658558156795,2026-03-19 00:39:53.155563468+00:00,48.912,2026-03-19 00:39:52.905563468+00:00,pending_cancel,expected_edge_ask,2026-03-19 00:39:54.084357262+00:00,2026-03-19 00:39:54.334357262+00:00
2026-03-19 00:39:54.227564344+00:00,1104,cancelled,bid,2194.5,0.09031341441843208,2026-03-19 00:39:53.425334905+00:00,38.492999999999995,2026-03-19 00:39:53.175334905+00:00,cancelled,pressure_stop_bid,2026-03-19 00:39:53.977564344+00:00,2026-03-19 00:39:54.227564344+00:00
2026-03-19 00:39:54.230658074+00:00,1105,placed,bid,2194.6,0.09031341441843208,2026-03-19 00:39:54.480658074+00:00,61.526,2026-03-19 00:39:54.230658074+00:00,pending_new,,,
2026-03-19 00:39:54.334357262+00:00,1103,cancelled,ask,2195.1,0.10968658558156795,2026-03-19 00:39:53.155563468+00:00,48.912,2026-03-19 00:39:52.905563468+00:00,cancelled,expected_edge_ask,2026-03-19 00:39:54.084357262+00:00,2026-03-19 00:39:54.334357262+00:00
2026-03-19 00:39:55.039437682+00:00,1105,cancel_requested,bid,2194.6,0.09031341441843208,2026-03-19 00:39:54.480658074+00:00,61.526,2026-03-19 00:39:54.230658074+00:00,pending_cancel,expected_edge_bid,2026-03-19 00:39:55.039437682+00:00,2026-03-19 00:39:55.289437682+00:00
2026-03-19 00:39:55.289437682+00:00,1105,cancelled,bid,2194.6,0.09031341441843208,2026-03-19 00:39:54.480658074+00:00,61.526,2026-03-19 00:39:54.230658074+00:00,cancelled,expected_edge_bid,2026-03-19 00:39:55.039437682+00:00,2026-03-19 00:39:55.289437682+00:00
2026-03-19 00:39:55.384124398+00:00,1106,placed,bid,2194.6,0.09031341441843208,2026-03-19 00:39:55.634124398+00:00,67.123,2026-03-19 00:39:55.384124398+00:00,pending_new,,,
2026-03-19 00:39:55.647940948+00:00,1106,cancel_requested,bid,2194.6,0.09031341441843208,2026-03-19 00:39:55.634124398+00:00,67.123,2026-03-19 00:39:55.384124398+00:00,pending_cancel,expected_edge_bid,2026-03-19 00:39:55.647940948+00:00,2026-03-19 00:39:55.897940948+00:00
2026-03-19 00:39:55.897940948+00:00,1106,cancelled,bid,2194.6,0.09031341441843208,2026-03-19 00:39:55.634124398+00:00,67.123,2026-03-19 00:39:55.384124398+00:00,cancelled,expected_edge_bid,2026-03-19 00:39:55.647940948+00:00,2026-03-19 00:39:55.897940948+00:00
2026-03-19 00:39:55.902454294+00:00,1107,placed,bid,2194.8,0.09031341441843208,2026-03-19 00:39:56.152454294+00:00,42.137,2026-03-19 00:39:55.902454294+00:00,pending_new,,,
2026-03-19 00:40:01.386294621+00:00,1107,cancel_requested,bid,2194.8,0.09031341441843208,2026-03-19 00:39:56.152454294+00:00,42.137,2026-03-19 00:39:55.902454294+00:00,pending_cancel,pressure_stop_bid,2026-03-19 00:40:01.386294621+00:00,2026-03-19 00:40:01.636294621+00:00
2026-03-19 00:40:01.386294621+00:00,1108,placed,ask,2195.4,0.1095029647550196,2026-03-19 00:40:01.636294621+00:00,84.00699999999999,2026-03-19 00:40:01.386294621+00:00,pending_new,,,
2026-03-19 00:40:01.636294621+00:00,1107,cancelled,bid,2194.8,0.09031341441843208,2026-03-19 00:39:56.152454294+00:00,42.137,2026-03-19 00:39:55.902454294+00:00,cancelled,pressure_stop_bid,2026-03-19 00:40:01.386294621+00:00,2026-03-19 00:40:01.636294621+00:00
2026-03-19 00:40:01.644710577+00:00,1109,placed,bid,2194.7,0.09049703524498041,2026-03-19 00:40:01.894710577+00:00,35.422999999999995,2026-03-19 00:40:01.644710577+00:00,pending_new,,,
2026-03-19 00:40:01.896258233+00:00,1109,cancel_requested,bid,2194.7,0.09049703524498041,2026-03-19 00:40:01.894710577+00:00,35.422999999999995,2026-03-19 00:40:01.644710577+00:00,pending_cancel,pressure_stop_bid,2026-03-19 00:40:01.896258233+00:00,2026-03-19 00:40:02.146258233+00:00
2026-03-19 00:40:02.146258233+00:00,1109,cancelled,bid,2194.7,0.09049703524498041,2026-03-19 00:40:01.894710577+00:00,35.422999999999995,2026-03-19 00:40:01.644710577+00:00,cancelled,pressure_stop_bid,2026-03-19 00:40:01.896258233+00:00,2026-03-19 00:40:02.146258233+00:00
2026-03-19 00:40:03.479299366+00:00,1108,cancel_requested,ask,2195.4,0.1095029647550196,2026-03-19 00:40:01.636294621+00:00,84.00699999999999,2026-03-19 00:40:01.386294621+00:00,pending_cancel,expected_edge_ask,2026-03-19 00:40:03.479299366+00:00,2026-03-19 00:40:03.729299366+00:00
2026-03-19 00:40:03.479299366+00:00,1110,placed,bid,2194.7,0.09049703524498041,2026-03-19 00:40:03.729299366+00:00,150.67000000000002,2026-03-19 00:40:03.479299366+00:00,pending_new,,,
2026-03-19 00:40:03.729299366+00:00,1108,cancelled,ask,2195.4,0.1095029647550196,2026-03-19 00:40:01.636294621+00:00,84.00699999999999,2026-03-19 00:40:01.386294621+00:00,cancelled,expected_edge_ask,2026-03-19 00:40:03.479299366+00:00,2026-03-19 00:40:03.729299366+00:00
2026-03-19 00:40:11.338192073+00:00,1110,cancel_requested,bid,2194.7,0.09049703524498041,2026-03-19 00:40:03.729299366+00:00,150.67000000000002,2026-03-19 00:40:03.479299366+00:00,pending_cancel,refresh_reprice,2026-03-19 00:40:11.338192073+00:00,2026-03-19 00:40:11.588192073+00:00
2026-03-19 00:40:11.588192073+00:00,1110,cancelled,bid,2194.7,0.09049703524498041,2026-03-19 00:40:03.729299366+00:00,150.67000000000002,2026-03-19 00:40:03.479299366+00:00,cancelled,refresh_reprice,2026-03-19 00:40:11.338192073+00:00,2026-03-19 00:40:11.588192073+00:00
2026-03-19 00:40:11.643984021+00:00,1111,placed,bid,2195.0,0.09049703524498041,2026-03-19 00:40:11.893984021+00:00,152.543,2026-03-19 00:40:11.643984021+00:00,pending_new,,,
2026-03-19 00:40:12.001592041+00:00,1111,cancel_requested,bid,2195.0,0.09049703524498041,2026-03-19 00:40:11.893984021+00:00,152.543,2026-03-19 00:40:11.643984021+00:00,pending_cancel,refresh_reprice,2026-03-19 00:40:12.001592041+00:00,2026-03-19 00:40:12.251592041+00:00
2026-03-19 00:40:12.052434089+00:00,1112,placed,ask,2196.5,0.1095029647550196,2026-03-19 00:40:12.302434089+00:00,174.599,2026-03-19 00:40:12.052434089+00:00,pending_new,,,
2026-03-19 00:40:12.251592041+00:00,1111,cancelled,bid,2195.0,0.09049703524498041,2026-03-19 00:40:11.893984021+00:00,152.543,2026-03-19 00:40:11.643984021+00:00,cancelled,refresh_reprice,2026-03-19 00:40:12.001592041+00:00,2026-03-19 00:40:12.251592041+00:00
2026-03-19 00:40:12.256371512+00:00,1112,cancel_requested,ask,2196.5,0.1095029647550196,2026-03-19 00:40:12.302434089+00:00,174.599,2026-03-19 00:40:12.052434089+00:00,pending_cancel,refresh_reprice,2026-03-19 00:40:12.256371512+00:00,2026-03-19 00:40:12.506371512+00:00
2026-03-19 00:40:12.506371512+00:00,1112,cancelled,ask,2196.5,0.1095029647550196,2026-03-19 00:40:12.302434089+00:00,174.599,2026-03-19 00:40:12.052434089+00:00,cancelled,refresh_reprice,2026-03-19 00:40:12.256371512+00:00,2026-03-19 00:40:12.506371512+00:00
2026-03-19 00:40:12.557116647+00:00,1113,placed,ask,2196.1,0.1095029647550196,2026-03-19 00:40:12.807116647+00:00,218.28400000000002,2026-03-19 00:40:12.557116647+00:00,pending_new,,,
2026-03-19 00:40:16.289210798+00:00,1113,cancel_requested,ask,2196.1,0.1095029647550196,2026-03-19 00:40:12.807116647+00:00,218.28400000000002,2026-03-19 00:40:12.557116647+00:00,pending_cancel,refresh_reprice,2026-03-19 00:40:16.289210798+00:00,2026-03-19 00:40:16.539210798+00:00
2026-03-19 00:40:16.539210798+00:00,1113,cancelled,ask,2196.1,0.1095029647550196,2026-03-19 00:40:12.807116647+00:00,218.28400000000002,2026-03-19 00:40:12.557116647+00:00,cancelled,refresh_reprice,2026-03-19 00:40:16.289210798+00:00,2026-03-19 00:40:16.539210798+00:00
2026-03-19 00:40:16.542593431+00:00,1114,placed,ask,2195.6,0.1095029647550196,2026-03-19 00:40:16.792593431+00:00,251.08100000000005,2026-03-19 00:40:16.542593431+00:00,pending_new,,,
2026-03-19 00:40:19.396900285+00:00,1114,cancel_requested,ask,2195.6,0.1095029647550196,2026-03-19 00:40:16.792593431+00:00,251.08100000000005,2026-03-19 00:40:16.542593431+00:00,pending_cancel,expected_edge_ask,2026-03-19 00:40:19.396900285+00:00,2026-03-19 00:40:19.646900285+00:00
2026-03-19 00:40:19.396900285+00:00,1115,placed,bid,2194.7,0.09055486488257311,2026-03-19 00:40:19.646900285+00:00,145.749,2026-03-19 00:40:19.396900285+00:00,pending_new,,,
2026-03-19 00:40:19.646900285+00:00,1114,cancelled,ask,2195.6,0.1095029647550196,2026-03-19 00:40:16.792593431+00:00,251.08100000000005,2026-03-19 00:40:16.542593431+00:00,cancelled,expected_edge_ask,2026-03-19 00:40:19.396900285+00:00,2026-03-19 00:40:19.646900285+00:00
2026-03-19 00:40:20.470655875+00:00,1115,cancel_requested,bid,2194.7,0.09055486488257311,2026-03-19 00:40:19.646900285+00:00,145.749,2026-03-19 00:40:19.396900285+00:00,pending_cancel,pressure_stop_bid,2026-03-19 00:40:20.470655875+00:00,2026-03-19 00:40:20.720655875+00:00
2026-03-19 00:40:20.470655875+00:00,1116,placed,ask,2195.3,0.10944513511742691,2026-03-19 00:40:20.720655875+00:00,105.567,2026-03-19 00:40:20.470655875+00:00,pending_new,,,
2026-03-19 00:40:20.720655875+00:00,1115,cancelled,bid,2194.7,0.09055486488257311,2026-03-19 00:40:19.646900285+00:00,145.749,2026-03-19 00:40:19.396900285+00:00,cancelled,pressure_stop_bid,2026-03-19 00:40:20.470655875+00:00,2026-03-19 00:40:20.720655875+00:00
2026-03-19 00:40:22.456518491+00:00,1116,cancel_requested,ask,2195.3,0.10944513511742691,2026-03-19 00:40:20.720655875+00:00,105.567,2026-03-19 00:40:20.470655875+00:00,pending_cancel,expected_edge_ask,2026-03-19 00:40:22.456518491+00:00,2026-03-19 00:40:22.706518491+00:00
2026-03-19 00:40:22.456518491+00:00,1117,placed,bid,2194.7,0.09055486488257311,2026-03-19 00:40:22.706518491+00:00,149.175,2026-03-19 00:40:22.456518491+00:00,pending_new,,,
2026-03-19 00:40:22.706518491+00:00,1116,cancelled,ask,2195.3,0.10944513511742691,2026-03-19 00:40:20.720655875+00:00,105.567,2026-03-19 00:40:20.470655875+00:00,cancelled,expected_edge_ask,2026-03-19 00:40:22.456518491+00:00,2026-03-19 00:40:22.706518491+00:00
2026-03-19 00:40:25.734393339+00:00,1117,cancel_requested,bid,2194.7,0.09055486488257311,2026-03-19 00:40:22.706518491+00:00,149.175,2026-03-19 00:40:22.456518491+00:00,pending_cancel,pressure_stop_bid,2026-03-19 00:40:25.734393339+00:00,2026-03-19 00:40:25.984393339+00:00
2026-03-19 00:40:25.734393339+00:00,1118,placed,ask,2195.2,0.10944513511742691,2026-03-19 00:40:25.984393339+00:00,72.005,2026-03-19 00:40:25.734393339+00:00,pending_new,,,
2026-03-19 00:40:25.984393339+00:00,1117,cancelled,bid,2194.7,0.09055486488257311,2026-03-19 00:40:22.706518491+00:00,149.175,2026-03-19 00:40:22.456518491+00:00,cancelled,pressure_stop_bid,2026-03-19 00:40:25.734393339+00:00,2026-03-19 00:40:25.984393339+00:00
2026-03-19 00:40:29.154373566+00:00,1119,placed,bid,2194.3,0.09055486488257311,2026-03-19 00:40:29.404373566+00:00,76.711,2026-03-19 00:40:29.154373566+00:00,pending_new,,,
2026-03-19 00:40:29.154373566+00:00,1118,cancel_requested,ask,2195.2,0.10944513511742691,2026-03-19 00:40:25.984393339+00:00,72.005,2026-03-19 00:40:25.734393339+00:00,pending_cancel,refresh_reprice,2026-03-19 00:40:29.154373566+00:00,2026-03-19 00:40:29.404373566+00:00
2026-03-19 00:40:29.404373566+00:00,1118,cancelled,ask,2195.2,0.10944513511742691,2026-03-19 00:40:25.984393339+00:00,72.005,2026-03-19 00:40:25.734393339+00:00,cancelled,refresh_reprice,2026-03-19 00:40:29.154373566+00:00,2026-03-19 00:40:29.404373566+00:00
2026-03-19 00:40:29.453544913+00:00,1120,placed,ask,2194.9,0.10944513511742691,2026-03-19 00:40:29.703544913+00:00,87.481,2026-03-19 00:40:29.453544913+00:00,pending_new,,,
2026-03-19 00:40:30.133082940+00:00,1119,cancel_requested,bid,2194.3,0.09055486488257311,2026-03-19 00:40:29.404373566+00:00,76.711,2026-03-19 00:40:29.154373566+00:00,pending_cancel,pressure_stop_bid,2026-03-19 00:40:30.133082940+00:00,2026-03-19 00:40:30.383082940+00:00
2026-03-19 00:40:30.383082940+00:00,1119,cancelled,bid,2194.3,0.09055486488257311,2026-03-19 00:40:29.404373566+00:00,76.711,2026-03-19 00:40:29.154373566+00:00,cancelled,pressure_stop_bid,2026-03-19 00:40:30.133082940+00:00,2026-03-19 00:40:30.383082940+00:00
2026-03-19 00:40:33.845574740+00:00,1120,cancel_requested,ask,2194.9,0.10944513511742691,2026-03-19 00:40:29.703544913+00:00,87.481,2026-03-19 00:40:29.453544913+00:00,pending_cancel,refresh_reprice,2026-03-19 00:40:33.845574740+00:00,2026-03-19 00:40:34.095574740+00:00
2026-03-19 00:40:34.095574740+00:00,1120,cancelled,ask,2194.9,0.10944513511742691,2026-03-19 00:40:29.703544913+00:00,87.481,2026-03-19 00:40:29.453544913+00:00,cancelled,refresh_reprice,2026-03-19 00:40:33.845574740+00:00,2026-03-19 00:40:34.095574740+00:00
2026-03-19 00:40:34.142688605+00:00,1121,placed,bid,2194.0,0.09055486488257311,2026-03-19 00:40:34.392688605+00:00,127.61000000000001,2026-03-19 00:40:34.142688605+00:00,pending_new,,,
2026-03-19 00:40:34.142688605+00:00,1122,placed,ask,2194.6,0.10944513511742691,2026-03-19 00:40:34.392688605+00:00,59.629999999999995,2026-03-19 00:40:34.142688605+00:00,pending_new,,,
2026-03-19 00:40:34.462164423+00:00,1121,cancel_requested,bid,2194.0,0.09055486488257311,2026-03-19 00:40:34.392688605+00:00,127.61000000000001,2026-03-19 00:40:34.142688605+00:00,pending_cancel,pressure_stop_bid,2026-03-19 00:40:34.462164423+00:00,2026-03-19 00:40:34.712164423+00:00
2026-03-19 00:40:34.514551825+00:00,1122,cancel_requested,ask,2194.6,0.10944513511742691,2026-03-19 00:40:34.392688605+00:00,59.629999999999995,2026-03-19 00:40:34.142688605+00:00,pending_cancel,pressure_stop_ask,2026-03-19 00:40:34.514551825+00:00,2026-03-19 00:40:34.764551825+00:00
2026-03-19 00:40:34.712164423+00:00,1121,cancelled,bid,2194.0,0.09055486488257311,2026-03-19 00:40:34.392688605+00:00,127.61000000000001,2026-03-19 00:40:34.142688605+00:00,cancelled,pressure_stop_bid,2026-03-19 00:40:34.462164423+00:00,2026-03-19 00:40:34.712164423+00:00
2026-03-19 00:40:34.764551825+00:00,1122,cancelled,ask,2194.6,0.10944513511742691,2026-03-19 00:40:34.392688605+00:00,59.629999999999995,2026-03-19 00:40:34.142688605+00:00,cancelled,pressure_stop_ask,2026-03-19 00:40:34.514551825+00:00,2026-03-19 00:40:34.764551825+00:00
2026-03-19 00:40:34.769727206+00:00,1123,placed,bid,2193.7,0.09055486488257311,2026-03-19 00:40:35.019727206+00:00,95.66300000000001,2026-03-19 00:40:34.769727206+00:00,pending_new,,,
2026-03-19 00:40:34.769727206+00:00,1124,placed,ask,2194.4,0.10944513511742691,2026-03-19 00:40:35.019727206+00:00,56.558,2026-03-19 00:40:34.769727206+00:00,pending_new,,,
2026-03-19 00:40:34.820236040+00:00,1123,cancel_requested,bid,2193.7,0.09055486488257311,2026-03-19 00:40:35.019727206+00:00,95.66300000000001,2026-03-19 00:40:34.769727206+00:00,pending_cancel,pressure_stop_bid,2026-03-19 00:40:34.820236040+00:00,2026-03-19 00:40:35.070236040+00:00
2026-03-19 00:40:35.070236040+00:00,1123,cancelled,bid,2193.7,0.09055486488257311,2026-03-19 00:40:35.019727206+00:00,95.66300000000001,2026-03-19 00:40:34.769727206+00:00,cancelled,pressure_stop_bid,2026-03-19 00:40:34.820236040+00:00,2026-03-19 00:40:35.070236040+00:00
2026-03-19 00:40:36.911775370+00:00,1124,cancel_requested,ask,2194.4,0.10944513511742691,2026-03-19 00:40:35.019727206+00:00,56.558,2026-03-19 00:40:34.769727206+00:00,pending_cancel,expected_edge_ask,2026-03-19 00:40:36.911775370+00:00,2026-03-19 00:40:37.161775370+00:00
2026-03-19 00:40:36.911775370+00:00,1125,placed,bid,2193.8,0.09055486488257311,2026-03-19 00:40:37.161775370+00:00,90.625,2026-03-19 00:40:36.911775370+00:00,pending_new,,,
2026-03-19 00:40:37.161775370+00:00,1124,cancelled,ask,2194.4,0.10944513511742691,2026-03-19 00:40:35.019727206+00:00,56.558,2026-03-19 00:40:34.769727206+00:00,cancelled,expected_edge_ask,2026-03-19 00:40:36.911775370+00:00,2026-03-19 00:40:37.161775370+00:00
2026-03-19 00:40:41.149858004+00:00,1125,cancel_requested,bid,2193.8,0.09055486488257311,2026-03-19 00:40:37.161775370+00:00,90.625,2026-03-19 00:40:36.911775370+00:00,pending_cancel,pressure_stop_bid,2026-03-19 00:40:41.149858004+00:00,2026-03-19 00:40:41.399858004+00:00
2026-03-19 00:40:41.149858004+00:00,1126,placed,ask,2194.3,0.10954376509466755,2026-03-19 00:40:41.399858004+00:00,120.434,2026-03-19 00:40:41.149858004+00:00,pending_new,,,
2026-03-19 00:40:41.399858004+00:00,1125,cancelled,bid,2193.8,0.09055486488257311,2026-03-19 00:40:37.161775370+00:00,90.625,2026-03-19 00:40:36.911775370+00:00,cancelled,pressure_stop_bid,2026-03-19 00:40:41.149858004+00:00,2026-03-19 00:40:41.399858004+00:00
2026-03-19 00:40:41.455594828+00:00,1126,cancel_requested,ask,2194.3,0.10954376509466755,2026-03-19 00:40:41.399858004+00:00,120.434,2026-03-19 00:40:41.149858004+00:00,pending_cancel,refresh_reprice,2026-03-19 00:40:41.455594828+00:00,2026-03-19 00:40:41.705594828+00:00
2026-03-19 00:40:41.705594828+00:00,1126,cancelled,ask,2194.3,0.10954376509466755,2026-03-19 00:40:41.399858004+00:00,120.434,2026-03-19 00:40:41.149858004+00:00,cancelled,refresh_reprice,2026-03-19 00:40:41.455594828+00:00,2026-03-19 00:40:41.705594828+00:00
2026-03-19 00:40:41.735516343+00:00,1127,placed,ask,2194.0,0.10954376509466755,2026-03-19 00:40:41.985516343+00:00,56.705,2026-03-19 00:40:41.735516343+00:00,pending_new,,,
2026-03-19 00:40:42.685128418+00:00,1128,placed,bid,2193.3,0.09045623490533246,2026-03-19 00:40:42.935128418+00:00,70.484,2026-03-19 00:40:42.685128418+00:00,pending_new,,,
2026-03-19 00:40:42.880790944+00:00,1128,cancel_requested,bid,2193.3,0.09045623490533246,2026-03-19 00:40:42.935128418+00:00,70.484,2026-03-19 00:40:42.685128418+00:00,pending_cancel,pressure_stop_bid,2026-03-19 00:40:42.880790944+00:00,2026-03-19 00:40:43.130790944+00:00
2026-03-19 00:40:43.130790944+00:00,1128,cancelled,bid,2193.3,0.09045623490533246,2026-03-19 00:40:42.935128418+00:00,70.484,2026-03-19 00:40:42.685128418+00:00,cancelled,pressure_stop_bid,2026-03-19 00:40:42.880790944+00:00,2026-03-19 00:40:43.130790944+00:00
2026-03-19 00:40:43.650968968+00:00,1127,cancel_requested,ask,2194.0,0.10954376509466755,2026-03-19 00:40:41.985516343+00:00,56.705,2026-03-19 00:40:41.735516343+00:00,pending_cancel,expected_edge_ask,2026-03-19 00:40:43.650968968+00:00,2026-03-19 00:40:43.900968968+00:00
2026-03-19 00:40:43.650968968+00:00,1129,placed,bid,2193.2,0.09045623490533246,2026-03-19 00:40:43.900968968+00:00,68.65100000000001,2026-03-19 00:40:43.650968968+00:00,pending_new,,,
2026-03-19 00:40:43.900968968+00:00,1127,cancelled,ask,2194.0,0.10954376509466755,2026-03-19 00:40:41.985516343+00:00,56.705,2026-03-19 00:40:41.735516343+00:00,cancelled,expected_edge_ask,2026-03-19 00:40:43.650968968+00:00,2026-03-19 00:40:43.900968968+00:00
2026-03-19 00:40:43.957334286+00:00,1130,placed,ask,2193.9,0.10954376509466755,2026-03-19 00:40:44.207334286+00:00,55.646,2026-03-19 00:40:43.957334286+00:00,pending_new,,,
2026-03-19 00:40:44.209275832+00:00,1130,cancel_requested,ask,2193.9,0.10954376509466755,2026-03-19 00:40:44.207334286+00:00,55.646,2026-03-19 00:40:43.957334286+00:00,pending_cancel,pressure_stop_ask,2026-03-19 00:40:44.209275832+00:00,2026-03-19 00:40:44.459275832+00:00
2026-03-19 00:40:44.459275832+00:00,1130,cancelled,ask,2193.9,0.10954376509466755,2026-03-19 00:40:44.207334286+00:00,55.646,2026-03-19 00:40:43.957334286+00:00,cancelled,pressure_stop_ask,2026-03-19 00:40:44.209275832+00:00,2026-03-19 00:40:44.459275832+00:00
2026-03-19 00:40:49.879310091+00:00,1131,placed,ask,2193.9,0.10954376509466755,2026-03-19 00:40:50.129310091+00:00,59.17,2026-03-19 00:40:49.879310091+00:00,pending_new,,,
2026-03-19 00:40:51.208612365+00:00,1131,cancel_requested,ask,2193.9,0.10954376509466755,2026-03-19 00:40:50.129310091+00:00,59.17,2026-03-19 00:40:49.879310091+00:00,pending_cancel,pressure_stop_ask,2026-03-19 00:40:51.208612365+00:00,2026-03-19 00:40:51.458612365+00:00
2026-03-19 00:40:51.258801157+00:00,1129,cancel_requested,bid,2193.2,0.09045623490533246,2026-03-19 00:40:43.900968968+00:00,68.65100000000001,2026-03-19 00:40:43.650968968+00:00,pending_cancel,refresh_reprice,2026-03-19 00:40:51.258801157+00:00,2026-03-19 00:40:51.508801157+00:00
2026-03-19 00:40:51.458612365+00:00,1131,cancelled,ask,2193.9,0.10954376509466755,2026-03-19 00:40:50.129310091+00:00,59.17,2026-03-19 00:40:49.879310091+00:00,cancelled,pressure_stop_ask,2026-03-19 00:40:51.208612365+00:00,2026-03-19 00:40:51.458612365+00:00
2026-03-19 00:40:51.486928689+00:00,1132,placed,ask,2194.2,0.10954376509466755,2026-03-19 00:40:51.736928689+00:00,59.14300000000001,2026-03-19 00:40:51.486928689+00:00,pending_new,,,
2026-03-19 00:40:51.508801157+00:00,1129,cancelled,bid,2193.2,0.09045623490533246,2026-03-19 00:40:43.900968968+00:00,68.65100000000001,2026-03-19 00:40:43.650968968+00:00,cancelled,refresh_reprice,2026-03-19 00:40:51.258801157+00:00,2026-03-19 00:40:51.508801157+00:00
2026-03-19 00:40:51.565287201+00:00,1132,cancel_requested,ask,2194.2,0.10954376509466755,2026-03-19 00:40:51.736928689+00:00,59.14300000000001,2026-03-19 00:40:51.486928689+00:00,pending_cancel,pressure_stop_ask,2026-03-19 00:40:51.565287201+00:00,2026-03-19 00:40:51.815287201+00:00
2026-03-19 00:40:51.565287201+00:00,1133,placed,bid,2193.5,0.09045623490533246,2026-03-19 00:40:51.815287201+00:00,123.06,2026-03-19 00:40:51.565287201+00:00,pending_new,,,
2026-03-19 00:40:51.815287201+00:00,1132,cancelled,ask,2194.2,0.10954376509466755,2026-03-19 00:40:51.736928689+00:00,59.14300000000001,2026-03-19 00:40:51.486928689+00:00,cancelled,pressure_stop_ask,2026-03-19 00:40:51.565287201+00:00,2026-03-19 00:40:51.815287201+00:00
2026-03-19 00:40:51.845204883+00:00,1134,placed,ask,2194.2,0.10954376509466755,2026-03-19 00:40:52.095204883+00:00,43.298,2026-03-19 00:40:51.845204883+00:00,pending_new,,,
2026-03-19 00:40:52.534938364+00:00,1134,cancel_requested,ask,2194.2,0.10954376509466755,2026-03-19 00:40:52.095204883+00:00,43.298,2026-03-19 00:40:51.845204883+00:00,pending_cancel,expected_edge_ask,2026-03-19 00:40:52.534938364+00:00,2026-03-19 00:40:52.784938364+00:00
2026-03-19 00:40:52.784938364+00:00,1134,cancelled,ask,2194.2,0.10954376509466755,2026-03-19 00:40:52.095204883+00:00,43.298,2026-03-19 00:40:51.845204883+00:00,cancelled,expected_edge_ask,2026-03-19 00:40:52.534938364+00:00,2026-03-19 00:40:52.784938364+00:00
2026-03-19 00:40:52.793033625+00:00,1135,placed,ask,2194.1,0.10954376509466755,2026-03-19 00:40:53.043033625+00:00,63.60000000000001,2026-03-19 00:40:52.793033625+00:00,pending_new,,,
2026-03-19 00:40:53.247130230+00:00,1135,cancel_requested,ask,2194.1,0.10954376509466755,2026-03-19 00:40:53.043033625+00:00,63.60000000000001,2026-03-19 00:40:52.793033625+00:00,pending_cancel,expected_edge_ask,2026-03-19 00:40:53.247130230+00:00,2026-03-19 00:40:53.497130230+00:00
2026-03-19 00:40:53.497130230+00:00,1135,cancelled,ask,2194.1,0.10954376509466755,2026-03-19 00:40:53.043033625+00:00,63.60000000000001,2026-03-19 00:40:52.793033625+00:00,cancelled,expected_edge_ask,2026-03-19 00:40:53.247130230+00:00,2026-03-19 00:40:53.497130230+00:00
2026-03-19 00:40:57.233300682+00:00,1133,cancel_requested,bid,2193.5,0.09045623490533246,2026-03-19 00:40:51.815287201+00:00,123.06,2026-03-19 00:40:51.565287201+00:00,pending_cancel,pressure_stop_bid,2026-03-19 00:40:57.233300682+00:00,2026-03-19 00:40:57.483300682+00:00
2026-03-19 00:40:57.233300682+00:00,1136,placed,ask,2194.1,0.10954376509466755,2026-03-19 00:40:57.483300682+00:00,83.75399999999999,2026-03-19 00:40:57.233300682+00:00,pending_new,,,
2026-03-19 00:40:57.483300682+00:00,1133,cancelled,bid,2193.5,0.09045623490533246,2026-03-19 00:40:51.815287201+00:00,123.06,2026-03-19 00:40:51.565287201+00:00,cancelled,pressure_stop_bid,2026-03-19 00:40:57.233300682+00:00,2026-03-19 00:40:57.483300682+00:00
2026-03-19 00:41:01.673473909+00:00,1136,cancel_requested,ask,2194.1,0.10954376509466755,2026-03-19 00:40:57.483300682+00:00,83.75399999999999,2026-03-19 00:40:57.233300682+00:00,pending_cancel,pressure_stop_ask,2026-03-19 00:41:01.673473909+00:00,2026-03-19 00:41:01.923473909+00:00
2026-03-19 00:41:01.673473909+00:00,1137,placed,bid,2193.5,0.0905210648289404,2026-03-19 00:41:01.923473909+00:00,143.973,2026-03-19 00:41:01.673473909+00:00,pending_new,,,
2026-03-19 00:41:01.827650021+00:00,1137,cancel_requested,bid,2193.5,0.0905210648289404,2026-03-19 00:41:01.923473909+00:00,143.973,2026-03-19 00:41:01.673473909+00:00,pending_cancel,refresh_reprice,2026-03-19 00:41:01.827650021+00:00,2026-03-19 00:41:02.077650021+00:00
2026-03-19 00:41:01.923473909+00:00,1136,cancelled,ask,2194.1,0.10954376509466755,2026-03-19 00:40:57.483300682+00:00,83.75399999999999,2026-03-19 00:40:57.233300682+00:00,cancelled,pressure_stop_ask,2026-03-19 00:41:01.673473909+00:00,2026-03-19 00:41:01.923473909+00:00
2026-03-19 00:41:02.077650021+00:00,1137,cancelled,bid,2193.5,0.0905210648289404,2026-03-19 00:41:01.923473909+00:00,143.973,2026-03-19 00:41:01.673473909+00:00,cancelled,refresh_reprice,2026-03-19 00:41:01.827650021+00:00,2026-03-19 00:41:02.077650021+00:00
2026-03-19 00:41:02.082555807+00:00,1138,placed,bid,2193.9,0.0905210648289404,2026-03-19 00:41:02.332555807+00:00,93.436,2026-03-19 00:41:02.082555807+00:00,pending_new,,,
2026-03-19 00:41:02.082555807+00:00,1139,placed,ask,2194.6,0.10947893517105961,2026-03-19 00:41:02.332555807+00:00,39.616,2026-03-19 00:41:02.082555807+00:00,pending_new,,,
2026-03-19 00:41:02.721614515+00:00,1139,cancel_requested,ask,2194.6,0.10947893517105961,2026-03-19 00:41:02.332555807+00:00,39.616,2026-03-19 00:41:02.082555807+00:00,pending_cancel,expected_edge_ask,2026-03-19 00:41:02.721614515+00:00,2026-03-19 00:41:02.971614515+00:00
2026-03-19 00:41:02.971614515+00:00,1139,cancelled,ask,2194.6,0.10947893517105961,2026-03-19 00:41:02.332555807+00:00,39.616,2026-03-19 00:41:02.082555807+00:00,cancelled,expected_edge_ask,2026-03-19 00:41:02.721614515+00:00,2026-03-19 00:41:02.971614515+00:00
2026-03-19 00:41:02.993709590+00:00,1140,placed,ask,2194.5,0.10947893517105961,2026-03-19 00:41:03.243709590+00:00,58.679,2026-03-19 00:41:02.993709590+00:00,pending_new,,,
2026-03-19 00:41:03.150855235+00:00,1138,cancel_requested,bid,2193.9,0.0905210648289404,2026-03-19 00:41:02.332555807+00:00,93.436,2026-03-19 00:41:02.082555807+00:00,pending_cancel,pressure_stop_bid,2026-03-19 00:41:03.150855235+00:00,2026-03-19 00:41:03.400855235+00:00
2026-03-19 00:41:03.400855235+00:00,1138,cancelled,bid,2193.9,0.0905210648289404,2026-03-19 00:41:02.332555807+00:00,93.436,2026-03-19 00:41:02.082555807+00:00,cancelled,pressure_stop_bid,2026-03-19 00:41:03.150855235+00:00,2026-03-19 00:41:03.400855235+00:00
2026-03-19 00:41:08.243195263+00:00,1140,cancel_requested,ask,2194.5,0.10947893517105961,2026-03-19 00:41:03.243709590+00:00,58.679,2026-03-19 00:41:02.993709590+00:00,pending_cancel,expected_edge_ask,2026-03-19 00:41:08.243195263+00:00,2026-03-19 00:41:08.493195263+00:00
2026-03-19 00:41:08.243195263+00:00,1141,placed,bid,2193.7,0.0905210648289404,2026-03-19 00:41:08.493195263+00:00,62.044,2026-03-19 00:41:08.243195263+00:00,pending_new,,,
2026-03-19 00:41:08.493195263+00:00,1140,cancelled,ask,2194.5,0.10947893517105961,2026-03-19 00:41:03.243709590+00:00,58.679,2026-03-19 00:41:02.993709590+00:00,cancelled,expected_edge_ask,2026-03-19 00:41:08.243195263+00:00,2026-03-19 00:41:08.493195263+00:00
2026-03-19 00:41:09.377359971+00:00,1141,cancel_requested,bid,2193.7,0.0905210648289404,2026-03-19 00:41:08.493195263+00:00,62.044,2026-03-19 00:41:08.243195263+00:00,pending_cancel,pressure_stop_bid,2026-03-19 00:41:09.377359971+00:00,2026-03-19 00:41:09.627359971+00:00
2026-03-19 00:41:09.377359971+00:00,1142,placed,ask,2194.3,0.10947893517105961,2026-03-19 00:41:09.627359971+00:00,85.339,2026-03-19 00:41:09.377359971+00:00,pending_new,,,
2026-03-19 00:41:09.627359971+00:00,1141,cancelled,bid,2193.7,0.0905210648289404,2026-03-19 00:41:08.493195263+00:00,62.044,2026-03-19 00:41:08.243195263+00:00,cancelled,pressure_stop_bid,2026-03-19 00:41:09.377359971+00:00,2026-03-19 00:41:09.627359971+00:00
2026-03-19 00:41:11.960452152+00:00,1142,cancel_requested,ask,2194.3,0.10947893517105961,2026-03-19 00:41:09.627359971+00:00,85.339,2026-03-19 00:41:09.377359971+00:00,pending_cancel,refresh_reprice,2026-03-19 00:41:11.960452152+00:00,2026-03-19 00:41:12.210452152+00:00
2026-03-19 00:41:12.210452152+00:00,1142,cancelled,ask,2194.3,0.10947893517105961,2026-03-19 00:41:09.627359971+00:00,85.339,2026-03-19 00:41:09.377359971+00:00,cancelled,refresh_reprice,2026-03-19 00:41:11.960452152+00:00,2026-03-19 00:41:12.210452152+00:00
2026-03-19 00:41:12.236874499+00:00,1143,placed,ask,2193.9,0.10947893517105961,2026-03-19 00:41:12.486874499+00:00,133.147,2026-03-19 00:41:12.236874499+00:00,pending_new,,,
2026-03-19 00:41:16.155029497+00:00,1143,cancel_requested,ask,2193.9,0.10947893517105961,2026-03-19 00:41:12.486874499+00:00,133.147,2026-03-19 00:41:12.236874499+00:00,pending_cancel,expected_edge_ask,2026-03-19 00:41:16.155029497+00:00,2026-03-19 00:41:16.405029497+00:00
2026-03-19 00:41:16.155029497+00:00,1144,placed,bid,2193.2,0.0905210648289404,2026-03-19 00:41:16.405029497+00:00,52.748000000000005,2026-03-19 00:41:16.155029497+00:00,pending_new,,,
2026-03-19 00:41:16.295891487+00:00,1144,cancel_requested,bid,2193.2,0.0905210648289404,2026-03-19 00:41:16.405029497+00:00,52.748000000000005,2026-03-19 00:41:16.155029497+00:00,pending_cancel,expected_edge_bid,2026-03-19 00:41:16.295891487+00:00,2026-03-19 00:41:16.545891487+00:00
2026-03-19 00:41:16.405029497+00:00,1143,cancelled,ask,2193.9,0.10947893517105961,2026-03-19 00:41:12.486874499+00:00,133.147,2026-03-19 00:41:12.236874499+00:00,cancelled,expected_edge_ask,2026-03-19 00:41:16.155029497+00:00,2026-03-19 00:41:16.405029497+00:00
2026-03-19 00:41:16.545891487+00:00,1144,cancelled,bid,2193.2,0.0905210648289404,2026-03-19 00:41:16.405029497+00:00,52.748000000000005,2026-03-19 00:41:16.155029497+00:00,cancelled,expected_edge_bid,2026-03-19 00:41:16.295891487+00:00,2026-03-19 00:41:16.545891487+00:00
2026-03-19 00:41:16.608216030+00:00,1145,placed,bid,2193.2,0.0905210648289404,2026-03-19 00:41:16.858216030+00:00,53.32899999999999,2026-03-19 00:41:16.608216030+00:00,pending_new,,,
2026-03-19 00:41:16.608216030+00:00,1146,placed,ask,2193.8,0.10947893517105961,2026-03-19 00:41:16.858216030+00:00,141.12800000000001,2026-03-19 00:41:16.608216030+00:00,pending_new,,,
2026-03-19 00:41:16.677063538+00:00,1145,cancel_requested,bid,2193.2,0.0905210648289404,2026-03-19 00:41:16.858216030+00:00,53.32899999999999,2026-03-19 00:41:16.608216030+00:00,pending_cancel,expected_edge_bid,2026-03-19 00:41:16.677063538+00:00,2026-03-19 00:41:16.927063538+00:00
2026-03-19 00:41:16.722147586+00:00,1146,cancel_requested,ask,2193.8,0.10947893517105961,2026-03-19 00:41:16.858216030+00:00,141.12800000000001,2026-03-19 00:41:16.608216030+00:00,pending_cancel,expected_edge_ask,2026-03-19 00:41:16.722147586+00:00,2026-03-19 00:41:16.972147586+00:00
2026-03-19 00:41:16.927063538+00:00,1145,cancelled,bid,2193.2,0.0905210648289404,2026-03-19 00:41:16.858216030+00:00,53.32899999999999,2026-03-19 00:41:16.608216030+00:00,cancelled,expected_edge_bid,2026-03-19 00:41:16.677063538+00:00,2026-03-19 00:41:16.927063538+00:00
2026-03-19 00:41:16.972147586+00:00,1146,cancelled,ask,2193.8,0.10947893517105961,2026-03-19 00:41:16.858216030+00:00,141.12800000000001,2026-03-19 00:41:16.608216030+00:00,cancelled,expected_edge_ask,2026-03-19 00:41:16.722147586+00:00,2026-03-19 00:41:16.972147586+00:00
2026-03-19 00:41:22.129982585+00:00,1147,placed,bid,2193.2,0.09041431684930067,2026-03-19 00:41:22.379982585+00:00,109.61500000000001,2026-03-19 00:41:22.129982585+00:00,pending_new,,,
2026-03-19 00:41:22.129982585+00:00,1148,placed,ask,2193.8,0.10958568315069935,2026-03-19 00:41:22.379982585+00:00,75.773,2026-03-19 00:41:22.129982585+00:00,pending_new,,,
2026-03-19 00:41:22.344479575+00:00,1147,cancel_requested,bid,2193.2,0.09041431684930067,2026-03-19 00:41:22.379982585+00:00,109.61500000000001,2026-03-19 00:41:22.129982585+00:00,pending_cancel,pressure_stop_bid,2026-03-19 00:41:22.344479575+00:00,2026-03-19 00:41:22.594479575+00:00
2026-03-19 00:41:22.594479575+00:00,1147,cancelled,bid,2193.2,0.09041431684930067,2026-03-19 00:41:22.379982585+00:00,109.61500000000001,2026-03-19 00:41:22.129982585+00:00,cancelled,pressure_stop_bid,2026-03-19 00:41:22.344479575+00:00,2026-03-19 00:41:22.594479575+00:00
2026-03-19 00:41:22.746786303+00:00,1148,cancel_requested,ask,2193.8,0.10958568315069935,2026-03-19 00:41:22.379982585+00:00,75.773,2026-03-19 00:41:22.129982585+00:00,pending_cancel,refresh_reprice,2026-03-19 00:41:22.746786303+00:00,2026-03-19 00:41:22.996786303+00:00
2026-03-19 00:41:22.793492337+00:00,1149,placed,bid,2192.9,0.09041431684930067,2026-03-19 00:41:23.043492337+00:00,57.09,2026-03-19 00:41:22.793492337+00:00,pending_new,,,
2026-03-19 00:41:22.842828332+00:00,1149,cancel_requested,bid,2192.9,0.09041431684930067,2026-03-19 00:41:23.043492337+00:00,57.09,2026-03-19 00:41:22.793492337+00:00,pending_cancel,pressure_stop_bid,2026-03-19 00:41:22.842828332+00:00,2026-03-19 00:41:23.092828332+00:00
2026-03-19 00:41:22.996786303+00:00,1148,cancelled,ask,2193.8,0.10958568315069935,2026-03-19 00:41:22.379982585+00:00,75.773,2026-03-19 00:41:22.129982585+00:00,cancelled,refresh_reprice,2026-03-19 00:41:22.746786303+00:00,2026-03-19 00:41:22.996786303+00:00
2026-03-19 00:41:23.047177236+00:00,1150,placed,ask,2193.5,0.10958568315069935,2026-03-19 00:41:23.297177236+00:00,50.42400000000001,2026-03-19 00:41:23.047177236+00:00,pending_new,,,
2026-03-19 00:41:23.092828332+00:00,1149,cancelled,bid,2192.9,0.09041431684930067,2026-03-19 00:41:23.043492337+00:00,57.09,2026-03-19 00:41:22.793492337+00:00,cancelled,pressure_stop_bid,2026-03-19 00:41:22.842828332+00:00,2026-03-19 00:41:23.092828332+00:00
2026-03-19 00:41:23.668284034+00:00,1151,placed,bid,2192.8,0.09041431684930067,2026-03-19 00:41:23.918284034+00:00,20.531999999999996,2026-03-19 00:41:23.668284034+00:00,pending_new,,,
2026-03-19 00:41:23.719168686+00:00,1151,cancel_requested,bid,2192.8,0.09041431684930067,2026-03-19 00:41:23.918284034+00:00,20.531999999999996,2026-03-19 00:41:23.668284034+00:00,pending_cancel,pressure_stop_bid,2026-03-19 00:41:23.719168686+00:00,2026-03-19 00:41:23.969168686+00:00
2026-03-19 00:41:23.969168686+00:00,1151,cancelled,bid,2192.8,0.09041431684930067,2026-03-19 00:41:23.918284034+00:00,20.531999999999996,2026-03-19 00:41:23.668284034+00:00,cancelled,pressure_stop_bid,2026-03-19 00:41:23.719168686+00:00,2026-03-19 00:41:23.969168686+00:00
2026-03-19 00:41:26.117133732+00:00,1150,cancel_requested,ask,2193.5,0.10958568315069935,2026-03-19 00:41:23.297177236+00:00,50.42400000000001,2026-03-19 00:41:23.047177236+00:00,pending_cancel,pressure_stop_ask,2026-03-19 00:41:26.117133732+00:00,2026-03-19 00:41:26.367133732+00:00
2026-03-19 00:41:26.117133732+00:00,1152,placed,bid,2192.8,0.09041431684930067,2026-03-19 00:41:26.367133732+00:00,82.57300000000001,2026-03-19 00:41:26.117133732+00:00,pending_new,,,
2026-03-19 00:41:26.367133732+00:00,1150,cancelled,ask,2193.5,0.10958568315069935,2026-03-19 00:41:23.297177236+00:00,50.42400000000001,2026-03-19 00:41:23.047177236+00:00,cancelled,pressure_stop_ask,2026-03-19 00:41:26.117133732+00:00,2026-03-19 00:41:26.367133732+00:00
2026-03-19 00:41:31.637448903+00:00,1153,placed,ask,2193.3,0.10958568315069935,2026-03-19 00:41:31.887448903+00:00,89.283,2026-03-19 00:41:31.637448903+00:00,pending_new,,,
2026-03-19 00:41:31.787621469+00:00,1153,cancel_requested,ask,2193.3,0.10958568315069935,2026-03-19 00:41:31.887448903+00:00,89.283,2026-03-19 00:41:31.637448903+00:00,pending_cancel,expected_edge_ask,2026-03-19 00:41:31.787621469+00:00,2026-03-19 00:41:32.037621469+00:00
2026-03-19 00:41:31.837322856+00:00,1152,cancel_requested,bid,2192.8,0.09041431684930067,2026-03-19 00:41:26.367133732+00:00,82.57300000000001,2026-03-19 00:41:26.117133732+00:00,pending_cancel,expected_edge_bid,2026-03-19 00:41:31.837322856+00:00,2026-03-19 00:41:32.087322856+00:00
2026-03-19 00:41:32.087322856+00:00,1152,cancelled,bid,2192.8,0.09041431684930067,2026-03-19 00:41:26.367133732+00:00,82.57300000000001,2026-03-19 00:41:26.117133732+00:00,cancelled,expected_edge_bid,2026-03-19 00:41:31.837322856+00:00,2026-03-19 00:41:32.087322856+00:00
2026-03-19 00:41:32.037621469+00:00,1153,cancelled,ask,2193.3,0.10958568315069935,2026-03-19 00:41:31.887448903+00:00,89.283,2026-03-19 00:41:31.637448903+00:00,cancelled,expected_edge_ask,2026-03-19 00:41:31.787621469+00:00,2026-03-19 00:41:32.037621469+00:00
2026-03-19 00:41:37.155365664+00:00,1154,placed,bid,2192.8,0.09041431684930067,2026-03-19 00:41:37.405365664+00:00,67.047,2026-03-19 00:41:37.155365664+00:00,pending_new,,,
2026-03-19 00:41:39.392026584+00:00,1154,cancel_requested,bid,2192.8,0.09041431684930067,2026-03-19 00:41:37.405365664+00:00,67.047,2026-03-19 00:41:37.155365664+00:00,pending_cancel,pressure_stop_bid,2026-03-19 00:41:39.392026584+00:00,2026-03-19 00:41:39.642026584+00:00
2026-03-19 00:41:39.392026584+00:00,1155,placed,ask,2193.3,0.10964171562095473,2026-03-19 00:41:39.642026584+00:00,107.592,2026-03-19 00:41:39.392026584+00:00,pending_new,,,
2026-03-19 00:41:39.642026584+00:00,1154,cancelled,bid,2192.8,0.09041431684930067,2026-03-19 00:41:37.405365664+00:00,67.047,2026-03-19 00:41:37.155365664+00:00,cancelled,pressure_stop_bid,2026-03-19 00:41:39.392026584+00:00,2026-03-19 00:41:39.642026584+00:00
2026-03-19 00:41:39.647188168+00:00,1156,placed,bid,2192.7,0.09035828437904528,2026-03-19 00:41:39.897188168+00:00,87.957,2026-03-19 00:41:39.647188168+00:00,pending_new,,,
2026-03-19 00:41:40.517080466+00:00,1156,cancel_requested,bid,2192.7,0.09035828437904528,2026-03-19 00:41:39.897188168+00:00,87.957,2026-03-19 00:41:39.647188168+00:00,pending_cancel,pressure_stop_bid,2026-03-19 00:41:40.517080466+00:00,2026-03-19 00:41:40.767080466+00:00
2026-03-19 00:41:40.767080466+00:00,1156,cancelled,bid,2192.7,0.09035828437904528,2026-03-19 00:41:39.897188168+00:00,87.957,2026-03-19 00:41:39.647188168+00:00,cancelled,pressure_stop_bid,2026-03-19 00:41:40.517080466+00:00,2026-03-19 00:41:40.767080466+00:00
2026-03-19 00:41:49.145862655+00:00,1155,cancel_requested,ask,2193.3,0.10964171562095473,2026-03-19 00:41:39.642026584+00:00,107.592,2026-03-19 00:41:39.392026584+00:00,pending_cancel,refresh_reprice,2026-03-19 00:41:49.145862655+00:00,2026-03-19 00:41:49.395862655+00:00
2026-03-19 00:41:49.395862655+00:00,1155,cancelled,ask,2193.3,0.10964171562095473,2026-03-19 00:41:39.642026584+00:00,107.592,2026-03-19 00:41:39.392026584+00:00,cancelled,refresh_reprice,2026-03-19 00:41:49.145862655+00:00,2026-03-19 00:41:49.395862655+00:00
2026-03-19 00:41:49.437325497+00:00,1157,placed,bid,2191.0,0.09035828437904528,2026-03-19 00:41:49.687325497+00:00,155.881,2026-03-19 00:41:49.437325497+00:00,pending_new,,,
2026-03-19 00:41:49.437325497+00:00,1158,placed,ask,2192.4,0.10964171562095473,2026-03-19 00:41:49.687325497+00:00,135.16500000000002,2026-03-19 00:41:49.437325497+00:00,pending_new,,,
2026-03-19 00:41:49.852339453+00:00,1158,cancel_requested,ask,2192.4,0.10964171562095473,2026-03-19 00:41:49.687325497+00:00,135.16500000000002,2026-03-19 00:41:49.437325497+00:00,pending_cancel,pressure_stop_ask,2026-03-19 00:41:49.852339453+00:00,2026-03-19 00:41:50.102339453+00:00
2026-03-19 00:41:50.102339453+00:00,1158,cancelled,ask,2192.4,0.10964171562095473,2026-03-19 00:41:49.687325497+00:00,135.16500000000002,2026-03-19 00:41:49.437325497+00:00,cancelled,pressure_stop_ask,2026-03-19 00:41:49.852339453+00:00,2026-03-19 00:41:50.102339453+00:00
2026-03-19 00:41:53.431789877+00:00,1157,cancel_requested,bid,2191.0,0.09035828437904528,2026-03-19 00:41:49.687325497+00:00,155.881,2026-03-19 00:41:49.437325497+00:00,pending_cancel,pressure_stop_bid,2026-03-19 00:41:53.431789877+00:00,2026-03-19 00:41:53.681789877+00:00
2026-03-19 00:41:53.431789877+00:00,1159,placed,ask,2192.4,0.10964171562095473,2026-03-19 00:41:53.681789877+00:00,223.625,2026-03-19 00:41:53.431789877+00:00,pending_new,,,
2026-03-19 00:41:53.681789877+00:00,1157,cancelled,bid,2191.0,0.09035828437904528,2026-03-19 00:41:49.687325497+00:00,155.881,2026-03-19 00:41:49.437325497+00:00,cancelled,pressure_stop_bid,2026-03-19 00:41:53.431789877+00:00,2026-03-19 00:41:53.681789877+00:00
2026-03-19 00:41:54.083315601+00:00,1159,cancel_requested,ask,2192.4,0.10964171562095473,2026-03-19 00:41:53.681789877+00:00,223.625,2026-03-19 00:41:53.431789877+00:00,pending_cancel,pressure_stop_ask,2026-03-19 00:41:54.083315601+00:00,2026-03-19 00:41:54.333315601+00:00
2026-03-19 00:41:54.083315601+00:00,1160,placed,bid,2191.1,0.09035828437904528,2026-03-19 00:41:54.333315601+00:00,201.50799999999998,2026-03-19 00:41:54.083315601+00:00,pending_new,,,
2026-03-19 00:41:54.333315601+00:00,1159,cancelled,ask,2192.4,0.10964171562095473,2026-03-19 00:41:53.681789877+00:00,223.625,2026-03-19 00:41:53.431789877+00:00,cancelled,pressure_stop_ask,2026-03-19 00:41:54.083315601+00:00,2026-03-19 00:41:54.333315601+00:00
2026-03-19 00:41:54.340394073+00:00,1161,placed,ask,2192.6,0.10964171562095473,2026-03-19 00:41:54.590394073+00:00,236.247,2026-03-19 00:41:54.340394073+00:00,pending_new,,,
2026-03-19 00:41:54.396412222+00:00,1161,cancel_requested,ask,2192.6,0.10964171562095473,2026-03-19 00:41:54.590394073+00:00,236.247,2026-03-19 00:41:54.340394073+00:00,pending_cancel,pressure_stop_ask,2026-03-19 00:41:54.396412222+00:00,2026-03-19 00:41:54.646412222+00:00
2026-03-19 00:41:54.396412222+00:00,1160,cancel_requested,bid,2191.1,0.09035828437904528,2026-03-19 00:41:54.333315601+00:00,201.50799999999998,2026-03-19 00:41:54.083315601+00:00,pending_cancel,refresh_reprice,2026-03-19 00:41:54.396412222+00:00,2026-03-19 00:41:54.646412222+00:00
2026-03-19 00:41:54.646412222+00:00,1160,cancelled,bid,2191.1,0.09035828437904528,2026-03-19 00:41:54.333315601+00:00,201.50799999999998,2026-03-19 00:41:54.083315601+00:00,cancelled,refresh_reprice,2026-03-19 00:41:54.396412222+00:00,2026-03-19 00:41:54.646412222+00:00
2026-03-19 00:41:54.646412222+00:00,1161,cancelled,ask,2192.6,0.10964171562095473,2026-03-19 00:41:54.590394073+00:00,236.247,2026-03-19 00:41:54.340394073+00:00,cancelled,pressure_stop_ask,2026-03-19 00:41:54.396412222+00:00,2026-03-19 00:41:54.646412222+00:00
2026-03-19 00:41:54.672026356+00:00,1162,placed,bid,2191.3,0.09035828437904528,2026-03-19 00:41:54.922026356+00:00,195.4,2026-03-19 00:41:54.672026356+00:00,pending_new,,,
2026-03-19 00:41:55.162209823+00:00,1162,cancel_requested,bid,2191.3,0.09035828437904528,2026-03-19 00:41:54.922026356+00:00,195.4,2026-03-19 00:41:54.672026356+00:00,pending_cancel,refresh_reprice,2026-03-19 00:41:55.162209823+00:00,2026-03-19 00:41:55.412209823+00:00
2026-03-19 00:41:55.412209823+00:00,1162,cancelled,bid,2191.3,0.09035828437904528,2026-03-19 00:41:54.922026356+00:00,195.4,2026-03-19 00:41:54.672026356+00:00,cancelled,refresh_reprice,2026-03-19 00:41:55.162209823+00:00,2026-03-19 00:41:55.412209823+00:00
2026-03-19 00:41:55.421438472+00:00,1163,placed,bid,2191.6,0.09035828437904528,2026-03-19 00:41:55.671438472+00:00,148.829,2026-03-19 00:41:55.421438472+00:00,pending_new,,,
2026-03-19 00:42:01.645986086+00:00,1163,resized,bid,2191.6,0.09017573070969549,2026-03-19 00:41:55.671438472+00:00,148.829,,,preserve_queue_priority,,
2026-03-19 00:42:01.850287350+00:00,1163,cancel_requested,bid,2191.6,0.09017573070969549,2026-03-19 00:41:55.671438472+00:00,148.829,2026-03-19 00:41:55.421438472+00:00,pending_cancel,refresh_reprice,2026-03-19 00:42:01.850287350+00:00,2026-03-19 00:42:02.100287350+00:00
2026-03-19 00:42:01.850287350+00:00,1164,placed,ask,2193.0,0.10982426929030452,2026-03-19 00:42:02.100287350+00:00,85.544,2026-03-19 00:42:01.850287350+00:00,pending_new,,,
2026-03-19 00:42:02.100287350+00:00,1163,cancelled,bid,2191.6,0.09017573070969549,2026-03-19 00:41:55.671438472+00:00,148.829,2026-03-19 00:41:55.421438472+00:00,cancelled,refresh_reprice,2026-03-19 00:42:01.850287350+00:00,2026-03-19 00:42:02.100287350+00:00
2026-03-19 00:42:02.152259747+00:00,1165,placed,bid,2192.2,0.09017573070969549,2026-03-19 00:42:02.402259747+00:00,97.14599999999999,2026-03-19 00:42:02.152259747+00:00,pending_new,,,
2026-03-19 00:42:02.870948740+00:00,1165,cancel_requested,bid,2192.2,0.09017573070969549,2026-03-19 00:42:02.402259747+00:00,97.14599999999999,2026-03-19 00:42:02.152259747+00:00,pending_cancel,pressure_stop_bid,2026-03-19 00:42:02.870948740+00:00,2026-03-19 00:42:03.120948740+00:00
2026-03-19 00:42:03.120948740+00:00,1165,cancelled,bid,2192.2,0.09017573070969549,2026-03-19 00:42:02.402259747+00:00,97.14599999999999,2026-03-19 00:42:02.152259747+00:00,cancelled,pressure_stop_bid,2026-03-19 00:42:02.870948740+00:00,2026-03-19 00:42:03.120948740+00:00
2026-03-19 00:42:05.372890029+00:00,1166,placed,bid,2192.0,0.09017573070969549,2026-03-19 00:42:05.622890029+00:00,108.42,2026-03-19 00:42:05.372890029+00:00,pending_new,,,
2026-03-19 00:42:05.517223517+00:00,1166,cancel_requested,bid,2192.0,0.09017573070969549,2026-03-19 00:42:05.622890029+00:00,108.42,2026-03-19 00:42:05.372890029+00:00,pending_cancel,pressure_stop_bid,2026-03-19 00:42:05.517223517+00:00,2026-03-19 00:42:05.767223517+00:00
2026-03-19 00:42:05.517223517+00:00,1164,cancel_requested,ask,2193.0,0.10982426929030452,2026-03-19 00:42:02.100287350+00:00,85.544,2026-03-19 00:42:01.850287350+00:00,pending_cancel,refresh_reprice,2026-03-19 00:42:05.517223517+00:00,2026-03-19 00:42:05.767223517+00:00
2026-03-19 00:42:05.767223517+00:00,1166,cancelled,bid,2192.0,0.09017573070969549,2026-03-19 00:42:05.622890029+00:00,108.42,2026-03-19 00:42:05.372890029+00:00,cancelled,pressure_stop_bid,2026-03-19 00:42:05.517223517+00:00,2026-03-19 00:42:05.767223517+00:00
2026-03-19 00:42:05.767223517+00:00,1164,cancelled,ask,2193.0,0.10982426929030452,2026-03-19 00:42:02.100287350+00:00,85.544,2026-03-19 00:42:01.850287350+00:00,cancelled,refresh_reprice,2026-03-19 00:42:05.517223517+00:00,2026-03-19 00:42:05.767223517+00:00
2026-03-19 00:42:05.830963068+00:00,1167,placed,ask,2192.6,0.10982426929030452,2026-03-19 00:42:06.080963068+00:00,150.304,2026-03-19 00:42:05.830963068+00:00,pending_new,,,
2026-03-19 00:42:11.085511963+00:00,1167,cancel_requested,ask,2192.6,0.10982426929030452,2026-03-19 00:42:06.080963068+00:00,150.304,2026-03-19 00:42:05.830963068+00:00,pending_cancel,pressure_stop_ask,2026-03-19 00:42:11.085511963+00:00,2026-03-19 00:42:11.335511963+00:00
2026-03-19 00:42:11.085511963+00:00,1168,placed,bid,2191.9,0.09017573070969549,2026-03-19 00:42:11.335511963+00:00,131.75799999999998,2026-03-19 00:42:11.085511963+00:00,pending_new,,,
2026-03-19 00:42:11.143574693+00:00,1168,cancel_requested,bid,2191.9,0.09017573070969549,2026-03-19 00:42:11.335511963+00:00,131.75799999999998,2026-03-19 00:42:11.085511963+00:00,pending_cancel,refresh_reprice,2026-03-19 00:42:11.143574693+00:00,2026-03-19 00:42:11.393574693+00:00
2026-03-19 00:42:11.335511963+00:00,1167,cancelled,ask,2192.6,0.10982426929030452,2026-03-19 00:42:06.080963068+00:00,150.304,2026-03-19 00:42:05.830963068+00:00,cancelled,pressure_stop_ask,2026-03-19 00:42:11.085511963+00:00,2026-03-19 00:42:11.335511963+00:00
2026-03-19 00:42:11.343050018+00:00,1169,placed,ask,2193.3,0.10982426929030452,2026-03-19 00:42:11.593050018+00:00,138.308,2026-03-19 00:42:11.343050018+00:00,pending_new,,,
2026-03-19 00:42:11.393574693+00:00,1168,cancelled,bid,2191.9,0.09017573070969549,2026-03-19 00:42:11.335511963+00:00,131.75799999999998,2026-03-19 00:42:11.085511963+00:00,cancelled,refresh_reprice,2026-03-19 00:42:11.143574693+00:00,2026-03-19 00:42:11.393574693+00:00
2026-03-19 00:42:11.443442873+00:00,1170,placed,bid,2191.8,0.09017573070969549,2026-03-19 00:42:11.693442873+00:00,217.94699999999997,2026-03-19 00:42:11.443442873+00:00,pending_new,,,
2026-03-19 00:42:11.705668989+00:00,1169,cancel_requested,ask,2193.3,0.10982426929030452,2026-03-19 00:42:11.593050018+00:00,138.308,2026-03-19 00:42:11.343050018+00:00,pending_cancel,pressure_stop_ask,2026-03-19 00:42:11.705668989+00:00,2026-03-19 00:42:11.955668989+00:00
2026-03-19 00:42:11.955668989+00:00,1169,cancelled,ask,2193.3,0.10982426929030452,2026-03-19 00:42:11.593050018+00:00,138.308,2026-03-19 00:42:11.343050018+00:00,cancelled,pressure_stop_ask,2026-03-19 00:42:11.705668989+00:00,2026-03-19 00:42:11.955668989+00:00
2026-03-19 00:42:13.235137720+00:00,1170,cancel_requested,bid,2191.8,0.09017573070969549,2026-03-19 00:42:11.693442873+00:00,217.94699999999997,2026-03-19 00:42:11.443442873+00:00,pending_cancel,refresh_reprice,2026-03-19 00:42:13.235137720+00:00,2026-03-19 00:42:13.485137720+00:00
2026-03-19 00:42:13.485137720+00:00,1170,cancelled,bid,2191.8,0.09017573070969549,2026-03-19 00:42:11.693442873+00:00,217.94699999999997,2026-03-19 00:42:11.443442873+00:00,cancelled,refresh_reprice,2026-03-19 00:42:13.235137720+00:00,2026-03-19 00:42:13.485137720+00:00
2026-03-19 00:42:13.491691110+00:00,1171,placed,bid,2192.2,0.09017573070969549,2026-03-19 00:42:13.741691110+00:00,204.676,2026-03-19 00:42:13.491691110+00:00,pending_new,,,
2026-03-19 00:42:14.052927572+00:00,1172,placed,ask,2193.1,0.10982426929030452,2026-03-19 00:42:14.302927572+00:00,25.796,2026-03-19 00:42:14.052927572+00:00,pending_new,,,
2026-03-19 00:42:14.100778214+00:00,1172,cancel_requested,ask,2193.1,0.10982426929030452,2026-03-19 00:42:14.302927572+00:00,25.796,2026-03-19 00:42:14.052927572+00:00,pending_cancel,pressure_stop_ask,2026-03-19 00:42:14.100778214+00:00,2026-03-19 00:42:14.350778214+00:00
2026-03-19 00:42:14.350778214+00:00,1172,cancelled,ask,2193.1,0.10982426929030452,2026-03-19 00:42:14.302927572+00:00,25.796,2026-03-19 00:42:14.052927572+00:00,cancelled,pressure_stop_ask,2026-03-19 00:42:14.100778214+00:00,2026-03-19 00:42:14.350778214+00:00
2026-03-19 00:42:19.409970097+00:00,1173,placed,ask,2193.1,0.10975076707229255,2026-03-19 00:42:19.659970097+00:00,67.46000000000001,2026-03-19 00:42:19.409970097+00:00,pending_new,,,
2026-03-19 00:42:19.515600868+00:00,1171,cancel_requested,bid,2192.2,0.09017573070969549,2026-03-19 00:42:13.741691110+00:00,204.676,2026-03-19 00:42:13.491691110+00:00,pending_cancel,pressure_stop_bid,2026-03-19 00:42:19.515600868+00:00,2026-03-19 00:42:19.765600868+00:00
2026-03-19 00:42:19.765600868+00:00,1171,cancelled,bid,2192.2,0.09017573070969549,2026-03-19 00:42:13.741691110+00:00,204.676,2026-03-19 00:42:13.491691110+00:00,cancelled,pressure_stop_bid,2026-03-19 00:42:19.515600868+00:00,2026-03-19 00:42:19.765600868+00:00
2026-03-19 00:42:20.128511239+00:00,1174,placed,bid,2191.6,0.09024923292770747,2026-03-19 00:42:20.378511239+00:00,199.82899999999998,2026-03-19 00:42:20.128511239+00:00,pending_new,,,
2026-03-19 00:42:20.176121460+00:00,1174,cancel_requested,bid,2191.6,0.09024923292770747,2026-03-19 00:42:20.378511239+00:00,199.82899999999998,2026-03-19 00:42:20.128511239+00:00,pending_cancel,pressure_stop_bid,2026-03-19 00:42:20.176121460+00:00,2026-03-19 00:42:20.426121460+00:00
2026-03-19 00:42:20.426121460+00:00,1174,cancelled,bid,2191.6,0.09024923292770747,2026-03-19 00:42:20.378511239+00:00,199.82899999999998,2026-03-19 00:42:20.128511239+00:00,cancelled,pressure_stop_bid,2026-03-19 00:42:20.176121460+00:00,2026-03-19 00:42:20.426121460+00:00
2026-03-19 00:42:20.484772251+00:00,1175,placed,bid,2191.5,0.09024923292770747,2026-03-19 00:42:20.734772251+00:00,199.42000000000002,2026-03-19 00:42:20.484772251+00:00,pending_new,,,
2026-03-19 00:42:20.943618388+00:00,1173,cancel_requested,ask,2193.1,0.10975076707229255,2026-03-19 00:42:19.659970097+00:00,67.46000000000001,2026-03-19 00:42:19.409970097+00:00,pending_cancel,pressure_stop_ask,2026-03-19 00:42:20.943618388+00:00,2026-03-19 00:42:21.193618388+00:00
2026-03-19 00:42:21.193618388+00:00,1173,cancelled,ask,2193.1,0.10975076707229255,2026-03-19 00:42:19.659970097+00:00,67.46000000000001,2026-03-19 00:42:19.409970097+00:00,cancelled,pressure_stop_ask,2026-03-19 00:42:20.943618388+00:00,2026-03-19 00:42:21.193618388+00:00
2026-03-19 00:42:21.454635788+00:00,1175,cancel_requested,bid,2191.5,0.09024923292770747,2026-03-19 00:42:20.734772251+00:00,199.42000000000002,2026-03-19 00:42:20.484772251+00:00,pending_cancel,refresh_reprice,2026-03-19 00:42:21.454635788+00:00,2026-03-19 00:42:21.704635788+00:00
2026-03-19 00:42:21.704635788+00:00,1175,cancelled,bid,2191.5,0.09024923292770747,2026-03-19 00:42:20.734772251+00:00,199.42000000000002,2026-03-19 00:42:20.484772251+00:00,cancelled,refresh_reprice,2026-03-19 00:42:21.454635788+00:00,2026-03-19 00:42:21.704635788+00:00
2026-03-19 00:42:21.710202651+00:00,1176,placed,bid,2191.8,0.09024923292770747,2026-03-19 00:42:21.960202651+00:00,202.51599999999996,2026-03-19 00:42:21.710202651+00:00,pending_new,,,
2026-03-19 00:42:22.620571342+00:00,1177,placed,ask,2193.5,0.10975076707229255,2026-03-19 00:42:22.870571342+00:00,229.68800000000002,2026-03-19 00:42:22.620571342+00:00,pending_new,,,
2026-03-19 00:42:23.087425177+00:00,1177,cancel_requested,ask,2193.5,0.10975076707229255,2026-03-19 00:42:22.870571342+00:00,229.68800000000002,2026-03-19 00:42:22.620571342+00:00,pending_cancel,pressure_stop_ask,2026-03-19 00:42:23.087425177+00:00,2026-03-19 00:42:23.337425177+00:00
2026-03-19 00:42:23.337425177+00:00,1177,cancelled,ask,2193.5,0.10975076707229255,2026-03-19 00:42:22.870571342+00:00,229.68800000000002,2026-03-19 00:42:22.620571342+00:00,cancelled,pressure_stop_ask,2026-03-19 00:42:23.087425177+00:00,2026-03-19 00:42:23.337425177+00:00
2026-03-19 00:42:24.154583895+00:00,1176,cancel_requested,bid,2191.8,0.09024923292770747,2026-03-19 00:42:21.960202651+00:00,202.51599999999996,2026-03-19 00:42:21.710202651+00:00,pending_cancel,pressure_stop_bid,2026-03-19 00:42:24.154583895+00:00,2026-03-19 00:42:24.404583895+00:00
2026-03-19 00:42:24.154583895+00:00,1178,placed,ask,2193.5,0.10975076707229255,2026-03-19 00:42:24.404583895+00:00,279.184,2026-03-19 00:42:24.154583895+00:00,pending_new,,,
2026-03-19 00:42:24.404583895+00:00,1176,cancelled,bid,2191.8,0.09024923292770747,2026-03-19 00:42:21.960202651+00:00,202.51599999999996,2026-03-19 00:42:21.710202651+00:00,cancelled,pressure_stop_bid,2026-03-19 00:42:24.154583895+00:00,2026-03-19 00:42:24.404583895+00:00
2026-03-19 00:42:24.457596490+00:00,1179,placed,bid,2192.1,0.09024923292770747,2026-03-19 00:42:24.707596490+00:00,195.981,2026-03-19 00:42:24.457596490+00:00,pending_new,,,
2026-03-19 00:42:24.973619073+00:00,1179,cancel_requested,bid,2192.1,0.09024923292770747,2026-03-19 00:42:24.707596490+00:00,195.981,2026-03-19 00:42:24.457596490+00:00,pending_cancel,refresh_reprice,2026-03-19 00:42:24.973619073+00:00,2026-03-19 00:42:25.223619073+00:00
2026-03-19 00:42:25.223619073+00:00,1179,cancelled,bid,2192.1,0.09024923292770747,2026-03-19 00:42:24.707596490+00:00,195.981,2026-03-19 00:42:24.457596490+00:00,cancelled,refresh_reprice,2026-03-19 00:42:24.973619073+00:00,2026-03-19 00:42:25.223619073+00:00
2026-03-19 00:42:25.227526899+00:00,1180,placed,bid,2192.5,0.09024923292770747,2026-03-19 00:42:25.477526899+00:00,145.02200000000002,2026-03-19 00:42:25.227526899+00:00,pending_new,,,
2026-03-19 00:42:27.781621802+00:00,1180,cancel_requested,bid,2192.5,0.09024923292770747,2026-03-19 00:42:25.477526899+00:00,145.02200000000002,2026-03-19 00:42:25.227526899+00:00,pending_cancel,pressure_stop_bid,2026-03-19 00:42:27.781621802+00:00,2026-03-19 00:42:28.031621802+00:00
2026-03-19 00:42:28.031621802+00:00,1180,cancelled,bid,2192.5,0.09024923292770747,2026-03-19 00:42:25.477526899+00:00,145.02200000000002,2026-03-19 00:42:25.227526899+00:00,cancelled,pressure_stop_bid,2026-03-19 00:42:27.781621802+00:00,2026-03-19 00:42:28.031621802+00:00
2026-03-19 00:42:29.563160887+00:00,1178,cancel_requested,ask,2193.5,0.10975076707229255,2026-03-19 00:42:24.404583895+00:00,279.184,2026-03-19 00:42:24.154583895+00:00,pending_cancel,pressure_stop_ask,2026-03-19 00:42:29.563160887+00:00,2026-03-19 00:42:29.813160887+00:00
2026-03-19 00:42:29.563160887+00:00,1181,placed,bid,2192.5,0.09024923292770747,2026-03-19 00:42:29.813160887+00:00,179.302,2026-03-19 00:42:29.563160887+00:00,pending_new,,,
2026-03-19 00:42:29.813160887+00:00,1178,cancelled,ask,2193.5,0.10975076707229255,2026-03-19 00:42:24.404583895+00:00,279.184,2026-03-19 00:42:24.154583895+00:00,cancelled,pressure_stop_ask,2026-03-19 00:42:29.563160887+00:00,2026-03-19 00:42:29.813160887+00:00
2026-03-19 00:42:29.818985651+00:00,1182,placed,ask,2193.8,0.10975076707229255,2026-03-19 00:42:30.068985651+00:00,230.831,2026-03-19 00:42:29.818985651+00:00,pending_new,,,
2026-03-19 00:42:31.300887300+00:00,1182,cancel_requested,ask,2193.8,0.10975076707229255,2026-03-19 00:42:30.068985651+00:00,230.831,2026-03-19 00:42:29.818985651+00:00,pending_cancel,pressure_stop_ask,2026-03-19 00:42:31.300887300+00:00,2026-03-19 00:42:31.550887300+00:00
2026-03-19 00:42:31.550887300+00:00,1182,cancelled,ask,2193.8,0.10975076707229255,2026-03-19 00:42:30.068985651+00:00,230.831,2026-03-19 00:42:29.818985651+00:00,cancelled,pressure_stop_ask,2026-03-19 00:42:31.300887300+00:00,2026-03-19 00:42:31.550887300+00:00
2026-03-19 00:42:37.886804112+00:00,1183,placed,ask,2194.0,0.10975076707229255,2026-03-19 00:42:38.136804112+00:00,252.502,2026-03-19 00:42:37.886804112+00:00,pending_new,,,
2026-03-19 00:42:39.563160887+00:00,1181,cancel_requested,bid,2192.5,0.09024923292770747,2026-03-19 00:42:29.813160887+00:00,179.302,2026-03-19 00:42:29.563160887+00:00,pending_cancel,quote_age_expired,2026-03-19 00:42:39.563160887+00:00,2026-03-19 00:42:39.813160887+00:00
2026-03-19 00:42:39.637336753+00:00,1183,resized,ask,2194.0,0.1097218914162808,2026-03-19 00:42:38.136804112+00:00,252.502,,,preserve_queue_priority,,
2026-03-19 00:42:39.813160887+00:00,1181,cancelled,bid,2192.5,0.09024923292770747,2026-03-19 00:42:29.813160887+00:00,179.302,2026-03-19 00:42:29.563160887+00:00,cancelled,quote_age_expired,2026-03-19 00:42:39.563160887+00:00,2026-03-19 00:42:39.813160887+00:00
2026-03-19 00:42:39.917073908+00:00,1184,placed,bid,2192.5,0.09027810858371921,2026-03-19 00:42:40.167073908+00:00,223.887,2026-03-19 00:42:39.917073908+00:00,pending_new,,,
2026-03-19 00:42:40.335622355+00:00,1183,cancel_requested,ask,2194.0,0.1097218914162808,2026-03-19 00:42:38.136804112+00:00,252.502,2026-03-19 00:42:37.886804112+00:00,pending_cancel,pressure_stop_ask,2026-03-19 00:42:40.335622355+00:00,2026-03-19 00:42:40.585622355+00:00
2026-03-19 00:42:40.585622355+00:00,1183,cancelled,ask,2194.0,0.1097218914162808,2026-03-19 00:42:38.136804112+00:00,252.502,2026-03-19 00:42:37.886804112+00:00,cancelled,pressure_stop_ask,2026-03-19 00:42:40.335622355+00:00,2026-03-19 00:42:40.585622355+00:00
2026-03-19 00:42:40.795233383+00:00,1184,cancel_requested,bid,2192.5,0.09027810858371921,2026-03-19 00:42:40.167073908+00:00,223.887,2026-03-19 00:42:39.917073908+00:00,pending_cancel,refresh_reprice,2026-03-19 00:42:40.795233383+00:00,2026-03-19 00:42:41.045233383+00:00
2026-03-19 00:42:40.795233383+00:00,1185,placed,ask,2194.4,0.1097218914162808,2026-03-19 00:42:41.045233383+00:00,209.615,2026-03-19 00:42:40.795233383+00:00,pending_new,,,
2026-03-19 00:42:41.045233383+00:00,1184,cancelled,bid,2192.5,0.09027810858371921,2026-03-19 00:42:40.167073908+00:00,223.887,2026-03-19 00:42:39.917073908+00:00,cancelled,refresh_reprice,2026-03-19 00:42:40.795233383+00:00,2026-03-19 00:42:41.045233383+00:00
2026-03-19 00:42:41.052419373+00:00,1186,placed,bid,2192.9,0.09027810858371921,2026-03-19 00:42:41.302419373+00:00,208.721,2026-03-19 00:42:41.052419373+00:00,pending_new,,,
2026-03-19 00:42:41.243406957+00:00,1185,cancel_requested,ask,2194.4,0.1097218914162808,2026-03-19 00:42:41.045233383+00:00,209.615,2026-03-19 00:42:40.795233383+00:00,pending_cancel,pressure_stop_ask,2026-03-19 00:42:41.243406957+00:00,2026-03-19 00:42:41.493406957+00:00
2026-03-19 00:42:41.493406957+00:00,1185,cancelled,ask,2194.4,0.1097218914162808,2026-03-19 00:42:41.045233383+00:00,209.615,2026-03-19 00:42:40.795233383+00:00,cancelled,pressure_stop_ask,2026-03-19 00:42:41.243406957+00:00,2026-03-19 00:42:41.493406957+00:00
2026-03-19 00:42:42.722316102+00:00,1186,cancel_requested,bid,2192.9,0.09027810858371921,2026-03-19 00:42:41.302419373+00:00,208.721,2026-03-19 00:42:41.052419373+00:00,pending_cancel,pressure_stop_bid,2026-03-19 00:42:42.722316102+00:00,2026-03-19 00:42:42.972316102+00:00
2026-03-19 00:42:42.722316102+00:00,1187,placed,ask,2194.4,0.1097218914162808,2026-03-19 00:42:42.972316102+00:00,271.69399999999996,2026-03-19 00:42:42.722316102+00:00,pending_new,,,
2026-03-19 00:42:42.972316102+00:00,1186,cancelled,bid,2192.9,0.09027810858371921,2026-03-19 00:42:41.302419373+00:00,208.721,2026-03-19 00:42:41.052419373+00:00,cancelled,pressure_stop_bid,2026-03-19 00:42:42.722316102+00:00,2026-03-19 00:42:42.972316102+00:00
2026-03-19 00:42:43.602438880+00:00,1188,placed,bid,2192.3,0.09027810858371921,2026-03-19 00:42:43.852438880+00:00,161.523,2026-03-19 00:42:43.602438880+00:00,pending_new,,,
2026-03-19 00:42:43.602438880+00:00,1187,cancel_requested,ask,2194.4,0.1097218914162808,2026-03-19 00:42:42.972316102+00:00,271.69399999999996,2026-03-19 00:42:42.722316102+00:00,pending_cancel,refresh_reprice,2026-03-19 00:42:43.602438880+00:00,2026-03-19 00:42:43.852438880+00:00
2026-03-19 00:42:43.653140812+00:00,1188,cancel_requested,bid,2192.3,0.09027810858371921,2026-03-19 00:42:43.852438880+00:00,161.523,2026-03-19 00:42:43.602438880+00:00,pending_cancel,pressure_stop_bid,2026-03-19 00:42:43.653140812+00:00,2026-03-19 00:42:43.903140812+00:00
2026-03-19 00:42:43.903140812+00:00,1188,cancelled,bid,2192.3,0.09027810858371921,2026-03-19 00:42:43.852438880+00:00,161.523,2026-03-19 00:42:43.602438880+00:00,cancelled,pressure_stop_bid,2026-03-19 00:42:43.653140812+00:00,2026-03-19 00:42:43.903140812+00:00
2026-03-19 00:42:43.852438880+00:00,1187,cancelled,ask,2194.4,0.1097218914162808,2026-03-19 00:42:42.972316102+00:00,271.69399999999996,2026-03-19 00:42:42.722316102+00:00,cancelled,refresh_reprice,2026-03-19 00:42:43.602438880+00:00,2026-03-19 00:42:43.852438880+00:00
2026-03-19 00:42:43.906817752+00:00,1189,placed,ask,2194.0,0.1097218914162808,2026-03-19 00:42:44.156817752+00:00,281.25,2026-03-19 00:42:43.906817752+00:00,pending_new,,,
2026-03-19 00:42:49.207305059+00:00,1189,cancel_requested,ask,2194.0,0.1097218914162808,2026-03-19 00:42:44.156817752+00:00,281.25,2026-03-19 00:42:43.906817752+00:00,pending_cancel,refresh_reprice,2026-03-19 00:42:49.207305059+00:00,2026-03-19 00:42:49.457305059+00:00
2026-03-19 00:42:49.457305059+00:00,1189,cancelled,ask,2194.0,0.1097218914162808,2026-03-19 00:42:44.156817752+00:00,281.25,2026-03-19 00:42:43.906817752+00:00,cancelled,refresh_reprice,2026-03-19 00:42:49.207305059+00:00,2026-03-19 00:42:49.457305059+00:00
2026-03-19 00:42:49.527230622+00:00,1190,placed,ask,2193.5,0.1097218914162808,2026-03-19 00:42:49.777230622+00:00,91.564,2026-03-19 00:42:49.527230622+00:00,pending_new,,,
2026-03-19 00:42:59.527230622+00:00,1190,cancel_requested,ask,2193.5,0.1097218914162808,2026-03-19 00:42:49.777230622+00:00,91.564,2026-03-19 00:42:49.527230622+00:00,pending_cancel,quote_age_expired,2026-03-19 00:42:59.527230622+00:00,2026-03-19 00:42:59.777230622+00:00
2026-03-19 00:42:59.777230622+00:00,1190,cancelled,ask,2193.5,0.1097218914162808,2026-03-19 00:42:49.777230622+00:00,91.564,2026-03-19 00:42:49.527230622+00:00,cancelled,quote_age_expired,2026-03-19 00:42:59.527230622+00:00,2026-03-19 00:42:59.777230622+00:00
2026-03-19 00:42:59.788828261+00:00,1191,placed,ask,2193.5,0.10963992965137653,2026-03-19 00:43:00.038828261+00:00,167.477,2026-03-19 00:42:59.788828261+00:00,pending_new,,,
2026-03-19 00:43:06.012656913+00:00,1191,cancel_requested,ask,2193.5,0.10963992965137653,2026-03-19 00:43:00.038828261+00:00,167.477,2026-03-19 00:42:59.788828261+00:00,pending_cancel,refresh_reprice,2026-03-19 00:43:06.012656913+00:00,2026-03-19 00:43:06.262656913+00:00
2026-03-19 00:43:06.262656913+00:00,1191,cancelled,ask,2193.5,0.10963992965137653,2026-03-19 00:43:00.038828261+00:00,167.477,2026-03-19 00:42:59.788828261+00:00,cancelled,refresh_reprice,2026-03-19 00:43:06.012656913+00:00,2026-03-19 00:43:06.262656913+00:00
2026-03-19 00:43:06.318554723+00:00,1192,placed,bid,2192.7,0.09036007034862348,2026-03-19 00:43:06.568554723+00:00,92.343,2026-03-19 00:43:06.318554723+00:00,pending_new,,,
2026-03-19 00:43:06.318554723+00:00,1193,placed,ask,2193.3,0.10963992965137653,2026-03-19 00:43:06.568554723+00:00,93.963,2026-03-19 00:43:06.318554723+00:00,pending_new,,,
2026-03-19 00:43:07.082512425+00:00,1193,cancel_requested,ask,2193.3,0.10963992965137653,2026-03-19 00:43:06.568554723+00:00,93.963,2026-03-19 00:43:06.318554723+00:00,pending_cancel,expected_edge_ask,2026-03-19 00:43:07.082512425+00:00,2026-03-19 00:43:07.332512425+00:00
2026-03-19 00:43:07.332512425+00:00,1193,cancelled,ask,2193.3,0.10963992965137653,2026-03-19 00:43:06.568554723+00:00,93.963,2026-03-19 00:43:06.318554723+00:00,cancelled,expected_edge_ask,2026-03-19 00:43:07.082512425+00:00,2026-03-19 00:43:07.332512425+00:00
2026-03-19 00:43:12.337397169+00:00,1194,placed,ask,2193.3,0.10963992965137653,2026-03-19 00:43:12.587397169+00:00,65.517,2026-03-19 00:43:12.337397169+00:00,pending_new,,,
2026-03-19 00:43:14.998494298+00:00,1194,cancel_requested,ask,2193.3,0.10963992965137653,2026-03-19 00:43:12.587397169+00:00,65.517,2026-03-19 00:43:12.337397169+00:00,pending_cancel,pressure_stop_ask,2026-03-19 00:43:14.998494298+00:00,2026-03-19 00:43:15.248494298+00:00
2026-03-19 00:43:15.100345547+00:00,1192,cancel_requested,bid,2192.7,0.09036007034862348,2026-03-19 00:43:06.568554723+00:00,92.343,2026-03-19 00:43:06.318554723+00:00,pending_cancel,refresh_reprice,2026-03-19 00:43:15.100345547+00:00,2026-03-19 00:43:15.350345547+00:00
2026-03-19 00:43:15.248494298+00:00,1194,cancelled,ask,2193.3,0.10963992965137653,2026-03-19 00:43:12.587397169+00:00,65.517,2026-03-19 00:43:12.337397169+00:00,cancelled,pressure_stop_ask,2026-03-19 00:43:14.998494298+00:00,2026-03-19 00:43:15.248494298+00:00
2026-03-19 00:43:15.350345547+00:00,1192,cancelled,bid,2192.7,0.09036007034862348,2026-03-19 00:43:06.568554723+00:00,92.343,2026-03-19 00:43:06.318554723+00:00,cancelled,refresh_reprice,2026-03-19 00:43:15.100345547+00:00,2026-03-19 00:43:15.350345547+00:00
2026-03-19 00:43:20.442337681+00:00,1195,placed,bid,2193.3,0.09046384184644507,2026-03-19 00:43:20.692337681+00:00,65.634,2026-03-19 00:43:20.442337681+00:00,pending_new,,,
2026-03-19 00:43:25.950056503+00:00,1195,cancel_requested,bid,2193.3,0.09046384184644507,2026-03-19 00:43:20.692337681+00:00,65.634,2026-03-19 00:43:20.442337681+00:00,pending_cancel,expected_edge_bid,2026-03-19 00:43:25.950056503+00:00,2026-03-19 00:43:26.200056503+00:00
2026-03-19 00:43:26.200056503+00:00,1195,cancelled,bid,2193.3,0.09046384184644507,2026-03-19 00:43:20.692337681+00:00,65.634,2026-03-19 00:43:20.442337681+00:00,cancelled,expected_edge_bid,2026-03-19 00:43:25.950056503+00:00,2026-03-19 00:43:26.200056503+00:00
2026-03-19 00:43:26.272183340+00:00,1196,placed,bid,2193.4,0.09046384184644507,2026-03-19 00:43:26.522183340+00:00,56.254000000000005,2026-03-19 00:43:26.272183340+00:00,pending_new,,,
2026-03-19 00:43:29.547069418+00:00,1196,cancel_requested,bid,2193.4,0.09046384184644507,2026-03-19 00:43:26.522183340+00:00,56.254000000000005,2026-03-19 00:43:26.272183340+00:00,pending_cancel,expected_edge_bid,2026-03-19 00:43:29.547069418+00:00,2026-03-19 00:43:29.797069418+00:00
2026-03-19 00:43:29.797069418+00:00,1196,cancelled,bid,2193.4,0.09046384184644507,2026-03-19 00:43:26.522183340+00:00,56.254000000000005,2026-03-19 00:43:26.272183340+00:00,cancelled,expected_edge_bid,2026-03-19 00:43:29.547069418+00:00,2026-03-19 00:43:29.797069418+00:00
2026-03-19 00:43:34.898325680+00:00,1197,placed,ask,2193.1,0.10953615815355494,2026-03-19 00:43:35.148325680+00:00,92.315,2026-03-19 00:43:34.898325680+00:00,pending_new,,,
2026-03-19 00:43:34.936117085+00:00,1197,cancel_requested,ask,2193.1,0.10953615815355494,2026-03-19 00:43:35.148325680+00:00,92.315,2026-03-19 00:43:34.898325680+00:00,pending_cancel,expected_edge_ask,2026-03-19 00:43:34.936117085+00:00,2026-03-19 00:43:35.186117085+00:00
2026-03-19 00:43:35.186117085+00:00,1197,cancelled,ask,2193.1,0.10953615815355494,2026-03-19 00:43:35.148325680+00:00,92.315,2026-03-19 00:43:34.898325680+00:00,cancelled,expected_edge_ask,2026-03-19 00:43:34.936117085+00:00,2026-03-19 00:43:35.186117085+00:00
2026-03-19 00:43:35.243986867+00:00,1198,placed,ask,2193.1,0.10953615815355494,2026-03-19 00:43:35.493986867+00:00,92.315,2026-03-19 00:43:35.243986867+00:00,pending_new,,,
2026-03-19 00:43:40.336317331+00:00,1198,resized,ask,2193.1,0.10948739407933844,2026-03-19 00:43:35.493986867+00:00,92.315,,,preserve_queue_priority,,
2026-03-19 00:43:45.243986867+00:00,1198,cancel_requested,ask,2193.1,0.10948739407933844,2026-03-19 00:43:35.493986867+00:00,92.315,2026-03-19 00:43:35.243986867+00:00,pending_cancel,quote_age_expired,2026-03-19 00:43:45.243986867+00:00,2026-03-19 00:43:45.493986867+00:00
2026-03-19 00:43:45.269329223+00:00,1199,placed,bid,2192.5,0.09051260592066157,2026-03-19 00:43:45.519329223+00:00,91.649,2026-03-19 00:43:45.269329223+00:00,pending_new,,,
2026-03-19 00:43:45.493986867+00:00,1198,cancelled,ask,2193.1,0.10948739407933844,2026-03-19 00:43:35.493986867+00:00,92.315,2026-03-19 00:43:35.243986867+00:00,cancelled,quote_age_expired,2026-03-19 00:43:45.243986867+00:00,2026-03-19 00:43:45.493986867+00:00
2026-03-19 00:43:45.535348993+00:00,1200,placed,ask,2193.1,0.10948739407933844,2026-03-19 00:43:45.785348993+00:00,69.556,2026-03-19 00:43:45.535348993+00:00,pending_new,,,
2026-03-19 00:43:45.979759335+00:00,1199,cancel_requested,bid,2192.5,0.09051260592066157,2026-03-19 00:43:45.519329223+00:00,91.649,2026-03-19 00:43:45.269329223+00:00,pending_cancel,pressure_stop_bid,2026-03-19 00:43:45.979759335+00:00,2026-03-19 00:43:46.229759335+00:00
2026-03-19 00:43:45.979759335+00:00,1200,cancel_requested,ask,2193.1,0.10948739407933844,2026-03-19 00:43:45.785348993+00:00,69.556,2026-03-19 00:43:45.535348993+00:00,pending_cancel,expected_edge_ask,2026-03-19 00:43:45.979759335+00:00,2026-03-19 00:43:46.229759335+00:00
2026-03-19 00:43:46.229759335+00:00,1199,cancelled,bid,2192.5,0.09051260592066157,2026-03-19 00:43:45.519329223+00:00,91.649,2026-03-19 00:43:45.269329223+00:00,cancelled,pressure_stop_bid,2026-03-19 00:43:45.979759335+00:00,2026-03-19 00:43:46.229759335+00:00
2026-03-19 00:43:46.229759335+00:00,1200,cancelled,ask,2193.1,0.10948739407933844,2026-03-19 00:43:45.785348993+00:00,69.556,2026-03-19 00:43:45.535348993+00:00,cancelled,expected_edge_ask,2026-03-19 00:43:45.979759335+00:00,2026-03-19 00:43:46.229759335+00:00
2026-03-19 00:43:46.237392541+00:00,1201,placed,bid,2192.3,0.09051260592066157,2026-03-19 00:43:46.487392541+00:00,69.71199999999999,2026-03-19 00:43:46.237392541+00:00,pending_new,,,
2026-03-19 00:43:46.237392541+00:00,1202,placed,ask,2192.9,0.10948739407933844,2026-03-19 00:43:46.487392541+00:00,86.925,2026-03-19 00:43:46.237392541+00:00,pending_new,,,
2026-03-19 00:43:47.093441089+00:00,1201,cancel_requested,bid,2192.3,0.09051260592066157,2026-03-19 00:43:46.487392541+00:00,69.71199999999999,2026-03-19 00:43:46.237392541+00:00,pending_cancel,expected_edge_bid,2026-03-19 00:43:47.093441089+00:00,2026-03-19 00:43:47.343441089+00:00
2026-03-19 00:43:47.093441089+00:00,1202,cancel_requested,ask,2192.9,0.10948739407933844,2026-03-19 00:43:46.487392541+00:00,86.925,2026-03-19 00:43:46.237392541+00:00,pending_cancel,expected_edge_ask,2026-03-19 00:43:47.093441089+00:00,2026-03-19 00:43:47.343441089+00:00
2026-03-19 00:43:47.343441089+00:00,1201,cancelled,bid,2192.3,0.09051260592066157,2026-03-19 00:43:46.487392541+00:00,69.71199999999999,2026-03-19 00:43:46.237392541+00:00,cancelled,expected_edge_bid,2026-03-19 00:43:47.093441089+00:00,2026-03-19 00:43:47.343441089+00:00
2026-03-19 00:43:47.343441089+00:00,1202,cancelled,ask,2192.9,0.10948739407933844,2026-03-19 00:43:46.487392541+00:00,86.925,2026-03-19 00:43:46.237392541+00:00,cancelled,expected_edge_ask,2026-03-19 00:43:47.093441089+00:00,2026-03-19 00:43:47.343441089+00:00
2026-03-19 00:44:02.456801710+00:00,1203,placed,bid,2192.6,0.09056824410381731,2026-03-19 00:44:02.706801710+00:00,85.445,2026-03-19 00:44:02.456801710+00:00,pending_new,,,
2026-03-19 00:44:02.456801710+00:00,1204,placed,ask,2193.2,0.10943175589618269,2026-03-19 00:44:02.706801710+00:00,65.174,2026-03-19 00:44:02.456801710+00:00,pending_new,,,
2026-03-19 00:44:04.136495438+00:00,1203,cancel_requested,bid,2192.6,0.09056824410381731,2026-03-19 00:44:02.706801710+00:00,85.445,2026-03-19 00:44:02.456801710+00:00,pending_cancel,expected_edge_bid,2026-03-19 00:44:04.136495438+00:00,2026-03-19 00:44:04.386495438+00:00
2026-03-19 00:44:04.386495438+00:00,1203,cancelled,bid,2192.6,0.09056824410381731,2026-03-19 00:44:02.706801710+00:00,85.445,2026-03-19 00:44:02.456801710+00:00,cancelled,expected_edge_bid,2026-03-19 00:44:04.136495438+00:00,2026-03-19 00:44:04.386495438+00:00
2026-03-19 00:44:06.196115796+00:00,1204,cancel_requested,ask,2193.2,0.10943175589618269,2026-03-19 00:44:02.706801710+00:00,65.174,2026-03-19 00:44:02.456801710+00:00,pending_cancel,pressure_stop_ask,2026-03-19 00:44:06.196115796+00:00,2026-03-19 00:44:06.446115796+00:00
2026-03-19 00:44:06.196115796+00:00,1205,placed,bid,2192.7,0.09056824410381731,2026-03-19 00:44:06.446115796+00:00,63.711999999999996,2026-03-19 00:44:06.196115796+00:00,pending_new,,,
2026-03-19 00:44:06.446115796+00:00,1204,cancelled,ask,2193.2,0.10943175589618269,2026-03-19 00:44:02.706801710+00:00,65.174,2026-03-19 00:44:02.456801710+00:00,cancelled,pressure_stop_ask,2026-03-19 00:44:06.196115796+00:00,2026-03-19 00:44:06.446115796+00:00
2026-03-19 00:44:12.685541800+00:00,1205,cancel_requested,bid,2192.7,0.09056824410381731,2026-03-19 00:44:06.446115796+00:00,63.711999999999996,2026-03-19 00:44:06.196115796+00:00,pending_cancel,refresh_reprice,2026-03-19 00:44:12.685541800+00:00,2026-03-19 00:44:12.935541800+00:00
2026-03-19 00:44:12.935541800+00:00,1205,cancelled,bid,2192.7,0.09056824410381731,2026-03-19 00:44:06.446115796+00:00,63.711999999999996,2026-03-19 00:44:06.196115796+00:00,cancelled,refresh_reprice,2026-03-19 00:44:12.685541800+00:00,2026-03-19 00:44:12.935541800+00:00
2026-03-19 00:44:12.971949898+00:00,1206,placed,bid,2192.9,0.09056824410381731,2026-03-19 00:44:13.221949898+00:00,63.931,2026-03-19 00:44:12.971949898+00:00,pending_new,,,
2026-03-19 00:44:22.971949898+00:00,1206,cancel_requested,bid,2192.9,0.09056824410381731,2026-03-19 00:44:13.221949898+00:00,63.931,2026-03-19 00:44:12.971949898+00:00,pending_cancel,quote_age_expired,2026-03-19 00:44:22.971949898+00:00,2026-03-19 00:44:23.221949898+00:00
2026-03-19 00:44:23.221949898+00:00,1206,cancelled,bid,2192.9,0.09056824410381731,2026-03-19 00:44:13.221949898+00:00,63.931,2026-03-19 00:44:12.971949898+00:00,cancelled,quote_age_expired,2026-03-19 00:44:22.971949898+00:00,2026-03-19 00:44:23.221949898+00:00
2026-03-19 00:44:23.257599522+00:00,1207,placed,bid,2193.0,0.09065934398474006,2026-03-19 00:44:23.507599522+00:00,33.975,2026-03-19 00:44:23.257599522+00:00,pending_new,,,
2026-03-19 00:44:23.257599522+00:00,1208,placed,ask,2193.6,0.10934065601525995,2026-03-19 00:44:23.507599522+00:00,88.618,2026-03-19 00:44:23.257599522+00:00,pending_new,,,
2026-03-19 00:44:23.407459119+00:00,1207,cancel_requested,bid,2193.0,0.09065934398474006,2026-03-19 00:44:23.507599522+00:00,33.975,2026-03-19 00:44:23.257599522+00:00,pending_cancel,expected_edge_bid,2026-03-19 00:44:23.407459119+00:00,2026-03-19 00:44:23.657459119+00:00
2026-03-19 00:44:23.657459119+00:00,1207,cancelled,bid,2193.0,0.09065934398474006,2026-03-19 00:44:23.507599522+00:00,33.975,2026-03-19 00:44:23.257599522+00:00,cancelled,expected_edge_bid,2026-03-19 00:44:23.407459119+00:00,2026-03-19 00:44:23.657459119+00:00
2026-03-19 00:44:25.990881786+00:00,1208,cancel_requested,ask,2193.6,0.10934065601525995,2026-03-19 00:44:23.507599522+00:00,88.618,2026-03-19 00:44:23.257599522+00:00,pending_cancel,expected_edge_ask,2026-03-19 00:44:25.990881786+00:00,2026-03-19 00:44:26.240881786+00:00
2026-03-19 00:44:26.240881786+00:00,1208,cancelled,ask,2193.6,0.10934065601525995,2026-03-19 00:44:23.507599522+00:00,88.618,2026-03-19 00:44:23.257599522+00:00,cancelled,expected_edge_ask,2026-03-19 00:44:25.990881786+00:00,2026-03-19 00:44:26.240881786+00:00
2026-03-19 00:44:31.365343740+00:00,1209,placed,bid,2193.1,0.09065934398474006,2026-03-19 00:44:31.615343740+00:00,70.33600000000001,2026-03-19 00:44:31.365343740+00:00,pending_new,,,
2026-03-19 00:44:35.502898029+00:00,1209,cancel_requested,bid,2193.1,0.09065934398474006,2026-03-19 00:44:31.615343740+00:00,70.33600000000001,2026-03-19 00:44:31.365343740+00:00,pending_cancel,refresh_reprice,2026-03-19 00:44:35.502898029+00:00,2026-03-19 00:44:35.752898029+00:00
2026-03-19 00:44:35.752898029+00:00,1209,cancelled,bid,2193.1,0.09065934398474006,2026-03-19 00:44:31.615343740+00:00,70.33600000000001,2026-03-19 00:44:31.365343740+00:00,cancelled,refresh_reprice,2026-03-19 00:44:35.502898029+00:00,2026-03-19 00:44:35.752898029+00:00
2026-03-19 00:44:35.816968361+00:00,1210,placed,bid,2193.3,0.09065934398474006,2026-03-19 00:44:36.066968361+00:00,75.616,2026-03-19 00:44:35.816968361+00:00,pending_new,,,
2026-03-19 00:44:37.135420510+00:00,1210,cancel_requested,bid,2193.3,0.09065934398474006,2026-03-19 00:44:36.066968361+00:00,75.616,2026-03-19 00:44:35.816968361+00:00,pending_cancel,expected_edge_bid,2026-03-19 00:44:37.135420510+00:00,2026-03-19 00:44:37.385420510+00:00
2026-03-19 00:44:37.385420510+00:00,1210,cancelled,bid,2193.3,0.09065934398474006,2026-03-19 00:44:36.066968361+00:00,75.616,2026-03-19 00:44:35.816968361+00:00,cancelled,expected_edge_bid,2026-03-19 00:44:37.135420510+00:00,2026-03-19 00:44:37.385420510+00:00
2026-03-19 00:44:42.452431408+00:00,1211,placed,ask,2193.2,0.10919394008225491,2026-03-19 00:44:42.702431408+00:00,117.80199999999999,2026-03-19 00:44:42.452431408+00:00,pending_new,,,
2026-03-19 00:44:48.136084235+00:00,1211,cancel_requested,ask,2193.2,0.10919394008225491,2026-03-19 00:44:42.702431408+00:00,117.80199999999999,2026-03-19 00:44:42.452431408+00:00,pending_cancel,expected_edge_ask,2026-03-19 00:44:48.136084235+00:00,2026-03-19 00:44:48.386084235+00:00
2026-03-19 00:44:48.386084235+00:00,1211,cancelled,ask,2193.2,0.10919394008225491,2026-03-19 00:44:42.702431408+00:00,117.80199999999999,2026-03-19 00:44:42.452431408+00:00,cancelled,expected_edge_ask,2026-03-19 00:44:48.136084235+00:00,2026-03-19 00:44:48.386084235+00:00
2026-03-19 00:44:53.457228301+00:00,1212,placed,bid,2192.4,0.0908060599177451,2026-03-19 00:44:53.707228301+00:00,62.760000000000005,2026-03-19 00:44:53.457228301+00:00,pending_new,,,
2026-03-19 00:44:53.457228301+00:00,1213,placed,ask,2193.0,0.10919394008225491,2026-03-19 00:44:53.707228301+00:00,105.236,2026-03-19 00:44:53.457228301+00:00,pending_new,,,
2026-03-19 00:44:54.196505415+00:00,1212,cancel_requested,bid,2192.4,0.0908060599177451,2026-03-19 00:44:53.707228301+00:00,62.760000000000005,2026-03-19 00:44:53.457228301+00:00,pending_cancel,pressure_stop_bid,2026-03-19 00:44:54.196505415+00:00,2026-03-19 00:44:54.446505415+00:00
2026-03-19 00:44:54.446505415+00:00,1212,cancelled,bid,2192.4,0.0908060599177451,2026-03-19 00:44:53.707228301+00:00,62.760000000000005,2026-03-19 00:44:53.457228301+00:00,cancelled,pressure_stop_bid,2026-03-19 00:44:54.196505415+00:00,2026-03-19 00:44:54.446505415+00:00
2026-03-19 00:44:58.535533377+00:00,1213,cancel_requested,ask,2193.0,0.10919394008225491,2026-03-19 00:44:53.707228301+00:00,105.236,2026-03-19 00:44:53.457228301+00:00,pending_cancel,expected_edge_ask,2026-03-19 00:44:58.535533377+00:00,2026-03-19 00:44:58.785533377+00:00
2026-03-19 00:44:58.785533377+00:00,1213,cancelled,ask,2193.0,0.10919394008225491,2026-03-19 00:44:53.707228301+00:00,105.236,2026-03-19 00:44:53.457228301+00:00,cancelled,expected_edge_ask,2026-03-19 00:44:58.535533377+00:00,2026-03-19 00:44:58.785533377+00:00
2026-03-19 00:44:58.840624723+00:00,1214,placed,bid,2192.2,0.0908060599177451,2026-03-19 00:44:59.090624723+00:00,63.319,2026-03-19 00:44:58.840624723+00:00,pending_new,,,
2026-03-19 00:44:58.840624723+00:00,1215,placed,ask,2192.8,0.10919394008225491,2026-03-19 00:44:59.090624723+00:00,98.56700000000001,2026-03-19 00:44:58.840624723+00:00,pending_new,,,
2026-03-19 00:44:59.239482788+00:00,1214,cancel_requested,bid,2192.2,0.0908060599177451,2026-03-19 00:44:59.090624723+00:00,63.319,2026-03-19 00:44:58.840624723+00:00,pending_cancel,pressure_stop_bid,2026-03-19 00:44:59.239482788+00:00,2026-03-19 00:44:59.489482788+00:00
2026-03-19 00:44:59.489482788+00:00,1214,cancelled,bid,2192.2,0.0908060599177451,2026-03-19 00:44:59.090624723+00:00,63.319,2026-03-19 00:44:58.840624723+00:00,cancelled,pressure_stop_bid,2026-03-19 00:44:59.239482788+00:00,2026-03-19 00:44:59.489482788+00:00
2026-03-19 00:45:00.263260854+00:00,1216,placed,bid,2192.0,0.09077827648345874,2026-03-19 00:45:00.513260854+00:00,68.444,2026-03-19 00:45:00.263260854+00:00,pending_new,,,
2026-03-19 00:45:00.263260854+00:00,1215,cancel_requested,ask,2192.8,0.10919394008225491,2026-03-19 00:44:59.090624723+00:00,98.56700000000001,2026-03-19 00:44:58.840624723+00:00,pending_cancel,refresh_reprice,2026-03-19 00:45:00.263260854+00:00,2026-03-19 00:45:00.513260854+00:00
2026-03-19 00:45:00.377276607+00:00,1216,cancel_requested,bid,2192.0,0.09077827648345874,2026-03-19 00:45:00.513260854+00:00,68.444,2026-03-19 00:45:00.263260854+00:00,pending_cancel,expected_edge_bid,2026-03-19 00:45:00.377276607+00:00,2026-03-19 00:45:00.627276607+00:00
2026-03-19 00:45:00.513260854+00:00,1215,cancelled,ask,2192.8,0.10919394008225491,2026-03-19 00:44:59.090624723+00:00,98.56700000000001,2026-03-19 00:44:58.840624723+00:00,cancelled,refresh_reprice,2026-03-19 00:45:00.263260854+00:00,2026-03-19 00:45:00.513260854+00:00
2026-03-19 00:45:00.569014674+00:00,1217,placed,ask,2192.6,0.10922172351654127,2026-03-19 00:45:00.819014674+00:00,105.529,2026-03-19 00:45:00.569014674+00:00,pending_new,,,
2026-03-19 00:45:00.627276607+00:00,1216,cancelled,bid,2192.0,0.09077827648345874,2026-03-19 00:45:00.513260854+00:00,68.444,2026-03-19 00:45:00.263260854+00:00,cancelled,expected_edge_bid,2026-03-19 00:45:00.377276607+00:00,2026-03-19 00:45:00.627276607+00:00
2026-03-19 00:45:00.643217964+00:00,1218,placed,bid,2192.0,0.09077827648345874,2026-03-19 00:45:00.893217964+00:00,48.707,2026-03-19 00:45:00.643217964+00:00,pending_new,,,
2026-03-19 00:45:01.499770625+00:00,1218,cancel_requested,bid,2192.0,0.09077827648345874,2026-03-19 00:45:00.893217964+00:00,48.707,2026-03-19 00:45:00.643217964+00:00,pending_cancel,pressure_stop_bid,2026-03-19 00:45:01.499770625+00:00,2026-03-19 00:45:01.749770625+00:00
2026-03-19 00:45:01.749770625+00:00,1218,cancelled,bid,2192.0,0.09077827648345874,2026-03-19 00:45:00.893217964+00:00,48.707,2026-03-19 00:45:00.643217964+00:00,cancelled,pressure_stop_bid,2026-03-19 00:45:01.499770625+00:00,2026-03-19 00:45:01.749770625+00:00
2026-03-19 00:45:02.111084033+00:00,1217,cancel_requested,ask,2192.6,0.10922172351654127,2026-03-19 00:45:00.819014674+00:00,105.529,2026-03-19 00:45:00.569014674+00:00,pending_cancel,expected_edge_ask,2026-03-19 00:45:02.111084033+00:00,2026-03-19 00:45:02.361084033+00:00
2026-03-19 00:45:02.361084033+00:00,1217,cancelled,ask,2192.6,0.10922172351654127,2026-03-19 00:45:00.819014674+00:00,105.529,2026-03-19 00:45:00.569014674+00:00,cancelled,expected_edge_ask,2026-03-19 00:45:02.111084033+00:00,2026-03-19 00:45:02.361084033+00:00
2026-03-19 00:45:02.436721614+00:00,1219,placed,bid,2192.3,0.09077827648345874,2026-03-19 00:45:02.686721614+00:00,47.881,2026-03-19 00:45:02.436721614+00:00,pending_new,,,
2026-03-19 00:45:10.280738394+00:00,1219,cancel_requested,bid,2192.3,0.09077827648345874,2026-03-19 00:45:02.686721614+00:00,47.881,2026-03-19 00:45:02.436721614+00:00,pending_cancel,pressure_stop_bid,2026-03-19 00:45:10.280738394+00:00,2026-03-19 00:45:10.530738394+00:00
2026-03-19 00:45:10.280738394+00:00,1220,placed,ask,2192.8,0.10922172351654127,2026-03-19 00:45:10.530738394+00:00,134.24599999999998,2026-03-19 00:45:10.280738394+00:00,pending_new,,,
2026-03-19 00:45:10.530738394+00:00,1219,cancelled,bid,2192.3,0.09077827648345874,2026-03-19 00:45:02.686721614+00:00,47.881,2026-03-19 00:45:02.436721614+00:00,cancelled,pressure_stop_bid,2026-03-19 00:45:10.280738394+00:00,2026-03-19 00:45:10.530738394+00:00
2026-03-19 00:45:10.944602131+00:00,1220,cancel_requested,ask,2192.8,0.10922172351654127,2026-03-19 00:45:10.530738394+00:00,134.24599999999998,2026-03-19 00:45:10.280738394+00:00,pending_cancel,refresh_reprice,2026-03-19 00:45:10.944602131+00:00,2026-03-19 00:45:11.194602131+00:00
2026-03-19 00:45:11.194602131+00:00,1220,cancelled,ask,2192.8,0.10922172351654127,2026-03-19 00:45:10.530738394+00:00,134.24599999999998,2026-03-19 00:45:10.280738394+00:00,cancelled,refresh_reprice,2026-03-19 00:45:10.944602131+00:00,2026-03-19 00:45:11.194602131+00:00
2026-03-19 00:45:11.235989957+00:00,1221,placed,ask,2192.6,0.10922172351654127,2026-03-19 00:45:11.485989957+00:00,210.241,2026-03-19 00:45:11.235989957+00:00,pending_new,,,
2026-03-19 00:45:12.169560231+00:00,1222,placed,bid,2191.9,0.09077827648345874,2026-03-19 00:45:12.419560231+00:00,62.748999999999995,2026-03-19 00:45:12.169560231+00:00,pending_new,,,
2026-03-19 00:45:12.316328835+00:00,1222,cancel_requested,bid,2191.9,0.09077827648345874,2026-03-19 00:45:12.419560231+00:00,62.748999999999995,2026-03-19 00:45:12.169560231+00:00,pending_cancel,pressure_stop_bid,2026-03-19 00:45:12.316328835+00:00,2026-03-19 00:45:12.566328835+00:00
2026-03-19 00:45:12.566328835+00:00,1222,cancelled,bid,2191.9,0.09077827648345874,2026-03-19 00:45:12.419560231+00:00,62.748999999999995,2026-03-19 00:45:12.169560231+00:00,cancelled,pressure_stop_bid,2026-03-19 00:45:12.316328835+00:00,2026-03-19 00:45:12.566328835+00:00
2026-03-19 00:45:16.096904591+00:00,1221,cancel_requested,ask,2192.6,0.10922172351654127,2026-03-19 00:45:11.485989957+00:00,210.241,2026-03-19 00:45:11.235989957+00:00,pending_cancel,expected_edge_ask,2026-03-19 00:45:16.096904591+00:00,2026-03-19 00:45:16.346904591+00:00
2026-03-19 00:45:16.096904591+00:00,1223,placed,bid,2192.0,0.09077827648345874,2026-03-19 00:45:16.346904591+00:00,93.852,2026-03-19 00:45:16.096904591+00:00,pending_new,,,
2026-03-19 00:45:16.346904591+00:00,1221,cancelled,ask,2192.6,0.10922172351654127,2026-03-19 00:45:11.485989957+00:00,210.241,2026-03-19 00:45:11.235989957+00:00,cancelled,expected_edge_ask,2026-03-19 00:45:16.096904591+00:00,2026-03-19 00:45:16.346904591+00:00
2026-03-19 00:45:17.167705673+00:00,1223,cancel_requested,bid,2192.0,0.09077827648345874,2026-03-19 00:45:16.346904591+00:00,93.852,2026-03-19 00:45:16.096904591+00:00,pending_cancel,expected_edge_bid,2026-03-19 00:45:17.167705673+00:00,2026-03-19 00:45:17.417705673+00:00
2026-03-19 00:45:17.417705673+00:00,1223,cancelled,bid,2192.0,0.09077827648345874,2026-03-19 00:45:16.346904591+00:00,93.852,2026-03-19 00:45:16.096904591+00:00,cancelled,expected_edge_bid,2026-03-19 00:45:17.167705673+00:00,2026-03-19 00:45:17.417705673+00:00
2026-03-19 00:45:17.423269456+00:00,1224,placed,ask,2192.5,0.10922172351654127,2026-03-19 00:45:17.673269456+00:00,99.361,2026-03-19 00:45:17.423269456+00:00,pending_new,,,
2026-03-19 00:45:18.956920423+00:00,1224,cancel_requested,ask,2192.5,0.10922172351654127,2026-03-19 00:45:17.673269456+00:00,99.361,2026-03-19 00:45:17.423269456+00:00,pending_cancel,expected_edge_ask,2026-03-19 00:45:18.956920423+00:00,2026-03-19 00:45:19.206920423+00:00
2026-03-19 00:45:18.956920423+00:00,1225,placed,bid,2192.0,0.09077827648345874,2026-03-19 00:45:19.206920423+00:00,65.692,2026-03-19 00:45:18.956920423+00:00,pending_new,,,
2026-03-19 00:45:19.206920423+00:00,1224,cancelled,ask,2192.5,0.10922172351654127,2026-03-19 00:45:17.673269456+00:00,99.361,2026-03-19 00:45:17.423269456+00:00,cancelled,expected_edge_ask,2026-03-19 00:45:18.956920423+00:00,2026-03-19 00:45:19.206920423+00:00
2026-03-19 00:45:22.173217580+00:00,1225,cancel_requested,bid,2192.0,0.09077827648345874,2026-03-19 00:45:19.206920423+00:00,65.692,2026-03-19 00:45:18.956920423+00:00,pending_cancel,expected_edge_bid,2026-03-19 00:45:22.173217580+00:00,2026-03-19 00:45:22.423217580+00:00
2026-03-19 00:45:22.173217580+00:00,1226,placed,ask,2192.6,0.10920936084872544,2026-03-19 00:45:22.423217580+00:00,101.671,2026-03-19 00:45:22.173217580+00:00,pending_new,,,
2026-03-19 00:45:22.328156711+00:00,1226,cancel_requested,ask,2192.6,0.10920936084872544,2026-03-19 00:45:22.423217580+00:00,101.671,2026-03-19 00:45:22.173217580+00:00,pending_cancel,expected_edge_ask,2026-03-19 00:45:22.328156711+00:00,2026-03-19 00:45:22.578156711+00:00
2026-03-19 00:45:22.423217580+00:00,1225,cancelled,bid,2192.0,0.09077827648345874,2026-03-19 00:45:19.206920423+00:00,65.692,2026-03-19 00:45:18.956920423+00:00,cancelled,expected_edge_bid,2026-03-19 00:45:22.173217580+00:00,2026-03-19 00:45:22.423217580+00:00
2026-03-19 00:45:22.462625028+00:00,1227,placed,bid,2191.9,0.09079063915127457,2026-03-19 00:45:22.712625028+00:00,47.026,2026-03-19 00:45:22.462625028+00:00,pending_new,,,
2026-03-19 00:45:22.532249587+00:00,1227,cancel_requested,bid,2191.9,0.09079063915127457,2026-03-19 00:45:22.712625028+00:00,47.026,2026-03-19 00:45:22.462625028+00:00,pending_cancel,expected_edge_bid,2026-03-19 00:45:22.532249587+00:00,2026-03-19 00:45:22.782249587+00:00
2026-03-19 00:45:22.578156711+00:00,1226,cancelled,ask,2192.6,0.10920936084872544,2026-03-19 00:45:22.423217580+00:00,101.671,2026-03-19 00:45:22.173217580+00:00,cancelled,expected_edge_ask,2026-03-19 00:45:22.328156711+00:00,2026-03-19 00:45:22.578156711+00:00
2026-03-19 00:45:22.589807091+00:00,1228,placed,ask,2192.5,0.10920936084872544,2026-03-19 00:45:22.839807091+00:00,102.705,2026-03-19 00:45:22.589807091+00:00,pending_new,,,
2026-03-19 00:45:22.782249587+00:00,1227,cancelled,bid,2191.9,0.09079063915127457,2026-03-19 00:45:22.712625028+00:00,47.026,2026-03-19 00:45:22.462625028+00:00,cancelled,expected_edge_bid,2026-03-19 00:45:22.532249587+00:00,2026-03-19 00:45:22.782249587+00:00
2026-03-19 00:45:24.110531439+00:00,1229,placed,bid,2191.8,0.09079063915127457,2026-03-19 00:45:24.360531439+00:00,45.62,2026-03-19 00:45:24.110531439+00:00,pending_new,,,
2026-03-19 00:45:24.144053782+00:00,1229,cancel_requested,bid,2191.8,0.09079063915127457,2026-03-19 00:45:24.360531439+00:00,45.62,2026-03-19 00:45:24.110531439+00:00,pending_cancel,pressure_stop_bid,2026-03-19 00:45:24.144053782+00:00,2026-03-19 00:45:24.394053782+00:00
2026-03-19 00:45:24.394053782+00:00,1229,cancelled,bid,2191.8,0.09079063915127457,2026-03-19 00:45:24.360531439+00:00,45.62,2026-03-19 00:45:24.110531439+00:00,cancelled,pressure_stop_bid,2026-03-19 00:45:24.144053782+00:00,2026-03-19 00:45:24.394053782+00:00
2026-03-19 00:45:25.235275512+00:00,1230,placed,bid,2191.3,0.09079063915127457,2026-03-19 00:45:25.485275512+00:00,143.12300000000002,2026-03-19 00:45:25.235275512+00:00,pending_new,,,
2026-03-19 00:45:26.711650183+00:00,1228,cancel_requested,ask,2192.5,0.10920936084872544,2026-03-19 00:45:22.839807091+00:00,102.705,2026-03-19 00:45:22.589807091+00:00,pending_cancel,pressure_stop_ask,2026-03-19 00:45:26.711650183+00:00,2026-03-19 00:45:26.961650183+00:00
2026-03-19 00:45:26.961650183+00:00,1228,cancelled,ask,2192.5,0.10920936084872544,2026-03-19 00:45:22.839807091+00:00,102.705,2026-03-19 00:45:22.589807091+00:00,cancelled,pressure_stop_ask,2026-03-19 00:45:26.711650183+00:00,2026-03-19 00:45:26.961650183+00:00
2026-03-19 00:45:31.308406435+00:00,1230,cancel_requested,bid,2191.3,0.09079063915127457,2026-03-19 00:45:25.485275512+00:00,143.12300000000002,2026-03-19 00:45:25.235275512+00:00,pending_cancel,refresh_reprice,2026-03-19 00:45:31.308406435+00:00,2026-03-19 00:45:31.558406435+00:00
2026-03-19 00:45:31.558406435+00:00,1230,cancelled,bid,2191.3,0.09079063915127457,2026-03-19 00:45:25.485275512+00:00,143.12300000000002,2026-03-19 00:45:25.235275512+00:00,cancelled,refresh_reprice,2026-03-19 00:45:31.308406435+00:00,2026-03-19 00:45:31.558406435+00:00
2026-03-19 00:45:31.560037695+00:00,1231,placed,bid,2191.9,0.09079063915127457,2026-03-19 00:45:31.810037695+00:00,80.428,2026-03-19 00:45:31.560037695+00:00,pending_new,,,
2026-03-19 00:45:31.560037695+00:00,1232,placed,ask,2192.8,0.10920936084872544,2026-03-19 00:45:31.810037695+00:00,90.09,2026-03-19 00:45:31.560037695+00:00,pending_new,,,
2026-03-19 00:45:33.912341456+00:00,1231,cancel_requested,bid,2191.9,0.09079063915127457,2026-03-19 00:45:31.810037695+00:00,80.428,2026-03-19 00:45:31.560037695+00:00,pending_cancel,pressure_stop_bid,2026-03-19 00:45:33.912341456+00:00,2026-03-19 00:45:34.162341456+00:00
2026-03-19 00:45:34.162341456+00:00,1231,cancelled,bid,2191.9,0.09079063915127457,2026-03-19 00:45:31.810037695+00:00,80.428,2026-03-19 00:45:31.560037695+00:00,cancelled,pressure_stop_bid,2026-03-19 00:45:33.912341456+00:00,2026-03-19 00:45:34.162341456+00:00
2026-03-19 00:45:36.723066014+00:00,1232,cancel_requested,ask,2192.8,0.10920936084872544,2026-03-19 00:45:31.810037695+00:00,90.09,2026-03-19 00:45:31.560037695+00:00,pending_cancel,expected_edge_ask,2026-03-19 00:45:36.723066014+00:00,2026-03-19 00:45:36.973066014+00:00
2026-03-19 00:45:36.973066014+00:00,1232,cancelled,ask,2192.8,0.10920936084872544,2026-03-19 00:45:31.810037695+00:00,90.09,2026-03-19 00:45:31.560037695+00:00,cancelled,expected_edge_ask,2026-03-19 00:45:36.723066014+00:00,2026-03-19 00:45:36.973066014+00:00
2026-03-19 00:45:42.082739268+00:00,1233,placed,ask,2192.7,0.10913958671263642,2026-03-19 00:45:42.332739268+00:00,92.817,2026-03-19 00:45:42.082739268+00:00,pending_new,,,
2026-03-19 00:45:42.937287867+00:00,1233,cancel_requested,ask,2192.7,0.10913958671263642,2026-03-19 00:45:42.332739268+00:00,92.817,2026-03-19 00:45:42.082739268+00:00,pending_cancel,expected_edge_ask,2026-03-19 00:45:42.937287867+00:00,2026-03-19 00:45:43.187287867+00:00
2026-03-19 00:45:43.187287867+00:00,1233,cancelled,ask,2192.7,0.10913958671263642,2026-03-19 00:45:42.332739268+00:00,92.817,2026-03-19 00:45:42.082739268+00:00,cancelled,expected_edge_ask,2026-03-19 00:45:42.937287867+00:00,2026-03-19 00:45:43.187287867+00:00
2026-03-19 00:45:43.235876153+00:00,1234,placed,bid,2192.1,0.09086041328736359,2026-03-19 00:45:43.485876153+00:00,122.541,2026-03-19 00:45:43.235876153+00:00,pending_new,,,
2026-03-19 00:45:43.235876153+00:00,1235,placed,ask,2192.7,0.10913958671263642,2026-03-19 00:45:43.485876153+00:00,62.072,2026-03-19 00:45:43.235876153+00:00,pending_new,,,
2026-03-19 00:45:44.678372682+00:00,1234,cancel_requested,bid,2192.1,0.09086041328736359,2026-03-19 00:45:43.485876153+00:00,122.541,2026-03-19 00:45:43.235876153+00:00,pending_cancel,expected_edge_bid,2026-03-19 00:45:44.678372682+00:00,2026-03-19 00:45:44.928372682+00:00
2026-03-19 00:45:44.736301607+00:00,1235,cancel_requested,ask,2192.7,0.10913958671263642,2026-03-19 00:45:43.485876153+00:00,62.072,2026-03-19 00:45:43.235876153+00:00,pending_cancel,expected_edge_ask,2026-03-19 00:45:44.736301607+00:00,2026-03-19 00:45:44.986301607+00:00
2026-03-19 00:45:44.928372682+00:00,1234,cancelled,bid,2192.1,0.09086041328736359,2026-03-19 00:45:43.485876153+00:00,122.541,2026-03-19 00:45:43.235876153+00:00,cancelled,expected_edge_bid,2026-03-19 00:45:44.678372682+00:00,2026-03-19 00:45:44.928372682+00:00
2026-03-19 00:45:44.933752420+00:00,1236,placed,bid,2192.1,0.09086041328736359,2026-03-19 00:45:45.183752420+00:00,129.36399999999998,2026-03-19 00:45:44.933752420+00:00,pending_new,,,
2026-03-19 00:45:44.986301607+00:00,1235,cancelled,ask,2192.7,0.10913958671263642,2026-03-19 00:45:43.485876153+00:00,62.072,2026-03-19 00:45:43.235876153+00:00,cancelled,expected_edge_ask,2026-03-19 00:45:44.736301607+00:00,2026-03-19 00:45:44.986301607+00:00
2026-03-19 00:45:44.993390753+00:00,1236,cancel_requested,bid,2192.1,0.09086041328736359,2026-03-19 00:45:45.183752420+00:00,129.36399999999998,2026-03-19 00:45:44.933752420+00:00,pending_cancel,expected_edge_bid,2026-03-19 00:45:44.993390753+00:00,2026-03-19 00:45:45.243390753+00:00
2026-03-19 00:45:45.243390753+00:00,1236,cancelled,bid,2192.1,0.09086041328736359,2026-03-19 00:45:45.183752420+00:00,129.36399999999998,2026-03-19 00:45:44.933752420+00:00,cancelled,expected_edge_bid,2026-03-19 00:45:44.993390753+00:00,2026-03-19 00:45:45.243390753+00:00
2026-03-19 00:45:45.291835978+00:00,1237,placed,bid,2192.3,0.09086041328736359,2026-03-19 00:45:45.541835978+00:00,163.11700000000002,2026-03-19 00:45:45.291835978+00:00,pending_new,,,
2026-03-19 00:45:45.911790683+00:00,1237,cancel_requested,bid,2192.3,0.09086041328736359,2026-03-19 00:45:45.541835978+00:00,163.11700000000002,2026-03-19 00:45:45.291835978+00:00,pending_cancel,expected_edge_bid,2026-03-19 00:45:45.911790683+00:00,2026-03-19 00:45:46.161790683+00:00
2026-03-19 00:45:46.161790683+00:00,1237,cancelled,bid,2192.3,0.09086041328736359,2026-03-19 00:45:45.541835978+00:00,163.11700000000002,2026-03-19 00:45:45.291835978+00:00,cancelled,expected_edge_bid,2026-03-19 00:45:45.911790683+00:00,2026-03-19 00:45:46.161790683+00:00
2026-03-19 00:45:46.197139759+00:00,1238,placed,ask,2192.9,0.10913958671263642,2026-03-19 00:45:46.447139759+00:00,98.669,2026-03-19 00:45:46.197139759+00:00,pending_new,,,
2026-03-19 00:45:48.923898973+00:00,1238,cancel_requested,ask,2192.9,0.10913958671263642,2026-03-19 00:45:46.447139759+00:00,98.669,2026-03-19 00:45:46.197139759+00:00,pending_cancel,pressure_stop_ask,2026-03-19 00:45:48.923898973+00:00,2026-03-19 00:45:49.173898973+00:00
2026-03-19 00:45:48.923898973+00:00,1239,placed,bid,2192.4,0.09086041328736359,2026-03-19 00:45:49.173898973+00:00,72.60000000000001,2026-03-19 00:45:48.923898973+00:00,pending_new,,,
2026-03-19 00:45:49.173898973+00:00,1238,cancelled,ask,2192.9,0.10913958671263642,2026-03-19 00:45:46.447139759+00:00,98.669,2026-03-19 00:45:46.197139759+00:00,cancelled,pressure_stop_ask,2026-03-19 00:45:48.923898973+00:00,2026-03-19 00:45:49.173898973+00:00
2026-03-19 00:45:50.036101930+00:00,1239,cancel_requested,bid,2192.4,0.09086041328736359,2026-03-19 00:45:49.173898973+00:00,72.60000000000001,2026-03-19 00:45:48.923898973+00:00,pending_cancel,expected_edge_bid,2026-03-19 00:45:50.036101930+00:00,2026-03-19 00:45:50.286101930+00:00
2026-03-19 00:45:50.036101930+00:00,1240,placed,ask,2192.9,0.10913958671263642,2026-03-19 00:45:50.286101930+00:00,82.285,2026-03-19 00:45:50.036101930+00:00,pending_new,,,
2026-03-19 00:45:50.286101930+00:00,1239,cancelled,bid,2192.4,0.09086041328736359,2026-03-19 00:45:49.173898973+00:00,72.60000000000001,2026-03-19 00:45:48.923898973+00:00,cancelled,expected_edge_bid,2026-03-19 00:45:50.036101930+00:00,2026-03-19 00:45:50.286101930+00:00
2026-03-19 00:45:52.382443074+00:00,1240,cancel_requested,ask,2192.9,0.10913958671263642,2026-03-19 00:45:50.286101930+00:00,82.285,2026-03-19 00:45:50.036101930+00:00,pending_cancel,pressure_stop_ask,2026-03-19 00:45:52.382443074+00:00,2026-03-19 00:45:52.632443074+00:00
2026-03-19 00:45:52.382443074+00:00,1241,placed,bid,2192.4,0.09086041328736359,2026-03-19 00:45:52.632443074+00:00,70.99,2026-03-19 00:45:52.382443074+00:00,pending_new,,,
2026-03-19 00:45:52.632443074+00:00,1240,cancelled,ask,2192.9,0.10913958671263642,2026-03-19 00:45:50.286101930+00:00,82.285,2026-03-19 00:45:50.036101930+00:00,cancelled,pressure_stop_ask,2026-03-19 00:45:52.382443074+00:00,2026-03-19 00:45:52.632443074+00:00
2026-03-19 00:45:57.240467306+00:00,1241,cancel_requested,bid,2192.4,0.09086041328736359,2026-03-19 00:45:52.632443074+00:00,70.99,2026-03-19 00:45:52.382443074+00:00,pending_cancel,expected_edge_bid,2026-03-19 00:45:57.240467306+00:00,2026-03-19 00:45:57.490467306+00:00
2026-03-19 00:45:57.490467306+00:00,1241,cancelled,bid,2192.4,0.09086041328736359,2026-03-19 00:45:52.632443074+00:00,70.99,2026-03-19 00:45:52.382443074+00:00,cancelled,expected_edge_bid,2026-03-19 00:45:57.240467306+00:00,2026-03-19 00:45:57.490467306+00:00
2026-03-19 00:45:57.550865970+00:00,1242,placed,ask,2192.7,0.10913958671263642,2026-03-19 00:45:57.800865970+00:00,91.495,2026-03-19 00:45:57.550865970+00:00,pending_new,,,
2026-03-19 00:45:58.002084531+00:00,1242,cancel_requested,ask,2192.7,0.10913958671263642,2026-03-19 00:45:57.800865970+00:00,91.495,2026-03-19 00:45:57.550865970+00:00,pending_cancel,expected_edge_ask,2026-03-19 00:45:58.002084531+00:00,2026-03-19 00:45:58.252084531+00:00
2026-03-19 00:45:58.252084531+00:00,1242,cancelled,ask,2192.7,0.10913958671263642,2026-03-19 00:45:57.800865970+00:00,91.495,2026-03-19 00:45:57.550865970+00:00,cancelled,expected_edge_ask,2026-03-19 00:45:58.002084531+00:00,2026-03-19 00:45:58.252084531+00:00
2026-03-19 00:45:58.311366717+00:00,1243,placed,ask,2192.8,0.10913958671263642,2026-03-19 00:45:58.561366717+00:00,88.739,2026-03-19 00:45:58.311366717+00:00,pending_new,,,
2026-03-19 00:45:58.339638445+00:00,1243,cancel_requested,ask,2192.8,0.10913958671263642,2026-03-19 00:45:58.561366717+00:00,88.739,2026-03-19 00:45:58.311366717+00:00,pending_cancel,expected_edge_ask,2026-03-19 00:45:58.339638445+00:00,2026-03-19 00:45:58.589638445+00:00
2026-03-19 00:45:58.339638445+00:00,1244,placed,bid,2192.3,0.09086041328736359,2026-03-19 00:45:58.589638445+00:00,58.939,2026-03-19 00:45:58.339638445+00:00,pending_new,,,
2026-03-19 00:45:58.589638445+00:00,1243,cancelled,ask,2192.8,0.10913958671263642,2026-03-19 00:45:58.561366717+00:00,88.739,2026-03-19 00:45:58.311366717+00:00,cancelled,expected_edge_ask,2026-03-19 00:45:58.339638445+00:00,2026-03-19 00:45:58.589638445+00:00
2026-03-19 00:46:03.927379464+00:00,1245,placed,ask,2193.5,0.10905100264787429,2026-03-19 00:46:04.177379464+00:00,58.409,2026-03-19 00:46:03.927379464+00:00,pending_new,,,
2026-03-19 00:46:03.967333386+00:00,1245,cancel_requested,ask,2193.5,0.10905100264787429,2026-03-19 00:46:04.177379464+00:00,58.409,2026-03-19 00:46:03.927379464+00:00,pending_cancel,pressure_stop_ask,2026-03-19 00:46:03.967333386+00:00,2026-03-19 00:46:04.217333386+00:00
2026-03-19 00:46:04.217333386+00:00,1245,cancelled,ask,2193.5,0.10905100264787429,2026-03-19 00:46:04.177379464+00:00,58.409,2026-03-19 00:46:03.927379464+00:00,cancelled,pressure_stop_ask,2026-03-19 00:46:03.967333386+00:00,2026-03-19 00:46:04.217333386+00:00
2026-03-19 00:46:04.240282397+00:00,1246,placed,ask,2193.5,0.10905100264787429,2026-03-19 00:46:04.490282397+00:00,88.395,2026-03-19 00:46:04.240282397+00:00,pending_new,,,
2026-03-19 00:46:04.591130401+00:00,1244,cancel_requested,bid,2192.3,0.09086041328736359,2026-03-19 00:45:58.589638445+00:00,58.939,2026-03-19 00:45:58.339638445+00:00,pending_cancel,pressure_stop_bid,2026-03-19 00:46:04.591130401+00:00,2026-03-19 00:46:04.841130401+00:00
2026-03-19 00:46:04.841130401+00:00,1244,cancelled,bid,2192.3,0.09086041328736359,2026-03-19 00:45:58.589638445+00:00,58.939,2026-03-19 00:45:58.339638445+00:00,cancelled,pressure_stop_bid,2026-03-19 00:46:04.591130401+00:00,2026-03-19 00:46:04.841130401+00:00
2026-03-19 00:46:06.050523466+00:00,1246,cancel_requested,ask,2193.5,0.10905100264787429,2026-03-19 00:46:04.490282397+00:00,88.395,2026-03-19 00:46:04.240282397+00:00,pending_cancel,refresh_reprice,2026-03-19 00:46:06.050523466+00:00,2026-03-19 00:46:06.300523466+00:00
2026-03-19 00:46:06.300523466+00:00,1246,cancelled,ask,2193.5,0.10905100264787429,2026-03-19 00:46:04.490282397+00:00,88.395,2026-03-19 00:46:04.240282397+00:00,cancelled,refresh_reprice,2026-03-19 00:46:06.050523466+00:00,2026-03-19 00:46:06.300523466+00:00
2026-03-19 00:46:06.316753586+00:00,1247,placed,ask,2193.2,0.10905100264787429,2026-03-19 00:46:06.566753586+00:00,245.586,2026-03-19 00:46:06.316753586+00:00,pending_new,,,
2026-03-19 00:46:10.967443825+00:00,1247,cancel_requested,ask,2193.2,0.10905100264787429,2026-03-19 00:46:06.566753586+00:00,245.586,2026-03-19 00:46:06.316753586+00:00,pending_cancel,expected_edge_ask,2026-03-19 00:46:10.967443825+00:00,2026-03-19 00:46:11.217443825+00:00
2026-03-19 00:46:10.967443825+00:00,1248,placed,bid,2192.5,0.09094899735212571,2026-03-19 00:46:11.217443825+00:00,59.870000000000005,2026-03-19 00:46:10.967443825+00:00,pending_new,,,
2026-03-19 00:46:11.180184802+00:00,1248,cancel_requested,bid,2192.5,0.09094899735212571,2026-03-19 00:46:11.217443825+00:00,59.870000000000005,2026-03-19 00:46:10.967443825+00:00,pending_cancel,expected_edge_bid,2026-03-19 00:46:11.180184802+00:00,2026-03-19 00:46:11.430184802+00:00
2026-03-19 00:46:11.217443825+00:00,1247,cancelled,ask,2193.2,0.10905100264787429,2026-03-19 00:46:06.566753586+00:00,245.586,2026-03-19 00:46:06.316753586+00:00,cancelled,expected_edge_ask,2026-03-19 00:46:10.967443825+00:00,2026-03-19 00:46:11.217443825+00:00
2026-03-19 00:46:11.227183506+00:00,1249,placed,ask,2193.0,0.10905100264787429,2026-03-19 00:46:11.477183506+00:00,101.795,2026-03-19 00:46:11.227183506+00:00,pending_new,,,
2026-03-19 00:46:11.430184802+00:00,1248,cancelled,bid,2192.5,0.09094899735212571,2026-03-19 00:46:11.217443825+00:00,59.870000000000005,2026-03-19 00:46:10.967443825+00:00,cancelled,expected_edge_bid,2026-03-19 00:46:11.180184802+00:00,2026-03-19 00:46:11.430184802+00:00
2026-03-19 00:46:21.227183506+00:00,1249,cancel_requested,ask,2193.0,0.10905100264787429,2026-03-19 00:46:11.477183506+00:00,101.795,2026-03-19 00:46:11.227183506+00:00,pending_cancel,quote_age_expired,2026-03-19 00:46:21.227183506+00:00,2026-03-19 00:46:21.477183506+00:00
2026-03-19 00:46:21.240882765+00:00,1250,placed,bid,2192.4,0.09106493962440446,2026-03-19 00:46:21.490882765+00:00,70.643,2026-03-19 00:46:21.240882765+00:00,pending_new,,,
2026-03-19 00:46:21.477183506+00:00,1249,cancelled,ask,2193.0,0.10905100264787429,2026-03-19 00:46:11.477183506+00:00,101.795,2026-03-19 00:46:11.227183506+00:00,cancelled,quote_age_expired,2026-03-19 00:46:21.227183506+00:00,2026-03-19 00:46:21.477183506+00:00
2026-03-19 00:46:21.584135961+00:00,1251,placed,ask,2193.0,0.10893506037559555,2026-03-19 00:46:21.834135961+00:00,90.464,2026-03-19 00:46:21.584135961+00:00,pending_new,,,
2026-03-19 00:46:21.742904032+00:00,1251,cancel_requested,ask,2193.0,0.10893506037559555,2026-03-19 00:46:21.834135961+00:00,90.464,2026-03-19 00:46:21.584135961+00:00,pending_cancel,pressure_stop_ask,2026-03-19 00:46:21.742904032+00:00,2026-03-19 00:46:21.992904032+00:00
2026-03-19 00:46:21.992904032+00:00,1251,cancelled,ask,2193.0,0.10893506037559555,2026-03-19 00:46:21.834135961+00:00,90.464,2026-03-19 00:46:21.584135961+00:00,cancelled,pressure_stop_ask,2026-03-19 00:46:21.742904032+00:00,2026-03-19 00:46:21.992904032+00:00
2026-03-19 00:46:25.308919404+00:00,1250,cancel_requested,bid,2192.4,0.09106493962440446,2026-03-19 00:46:21.490882765+00:00,70.643,2026-03-19 00:46:21.240882765+00:00,pending_cancel,refresh_reprice,2026-03-19 00:46:25.308919404+00:00,2026-03-19 00:46:25.558919404+00:00
2026-03-19 00:46:25.558919404+00:00,1250,cancelled,bid,2192.4,0.09106493962440446,2026-03-19 00:46:21.490882765+00:00,70.643,2026-03-19 00:46:21.240882765+00:00,cancelled,refresh_reprice,2026-03-19 00:46:25.308919404+00:00,2026-03-19 00:46:25.558919404+00:00
2026-03-19 00:46:25.673657780+00:00,1252,placed,bid,2193.0,0.09106493962440446,2026-03-19 00:46:25.923657780+00:00,38.519999999999996,2026-03-19 00:46:25.673657780+00:00,pending_new,,,
2026-03-19 00:46:35.673657780+00:00,1252,cancel_requested,bid,2193.0,0.09106493962440446,2026-03-19 00:46:25.923657780+00:00,38.519999999999996,2026-03-19 00:46:25.673657780+00:00,pending_cancel,quote_age_expired,2026-03-19 00:46:35.673657780+00:00,2026-03-19 00:46:35.923657780+00:00
2026-03-19 00:46:35.923657780+00:00,1252,cancelled,bid,2193.0,0.09106493962440446,2026-03-19 00:46:25.923657780+00:00,38.519999999999996,2026-03-19 00:46:25.673657780+00:00,cancelled,quote_age_expired,2026-03-19 00:46:35.673657780+00:00,2026-03-19 00:46:35.923657780+00:00
2026-03-19 00:46:35.923675337+00:00,1253,placed,bid,2193.2,0.09106493962440446,2026-03-19 00:46:36.173675337+00:00,76.92999999999999,2026-03-19 00:46:35.923675337+00:00,pending_new,,,
2026-03-19 00:46:37.262043044+00:00,1254,placed,ask,2193.9,0.10893506037559555,2026-03-19 00:46:37.512043044+00:00,97.00200000000001,2026-03-19 00:46:37.262043044+00:00,pending_new,,,
2026-03-19 00:46:37.312132482+00:00,1253,cancel_requested,bid,2193.2,0.09106493962440446,2026-03-19 00:46:36.173675337+00:00,76.92999999999999,2026-03-19 00:46:35.923675337+00:00,pending_cancel,expected_edge_bid,2026-03-19 00:46:37.312132482+00:00,2026-03-19 00:46:37.562132482+00:00
2026-03-19 00:46:37.312132482+00:00,1254,cancel_requested,ask,2193.9,0.10893506037559555,2026-03-19 00:46:37.512043044+00:00,97.00200000000001,2026-03-19 00:46:37.262043044+00:00,pending_cancel,expected_edge_ask,2026-03-19 00:46:37.312132482+00:00,2026-03-19 00:46:37.562132482+00:00
2026-03-19 00:46:37.562132482+00:00,1253,cancelled,bid,2193.2,0.09106493962440446,2026-03-19 00:46:36.173675337+00:00,76.92999999999999,2026-03-19 00:46:35.923675337+00:00,cancelled,expected_edge_bid,2026-03-19 00:46:37.312132482+00:00,2026-03-19 00:46:37.562132482+00:00
2026-03-19 00:46:37.562132482+00:00,1254,cancelled,ask,2193.9,0.10893506037559555,2026-03-19 00:46:37.512043044+00:00,97.00200000000001,2026-03-19 00:46:37.262043044+00:00,cancelled,expected_edge_ask,2026-03-19 00:46:37.312132482+00:00,2026-03-19 00:46:37.562132482+00:00
2026-03-19 00:46:37.616613931+00:00,1255,placed,bid,2193.4,0.09106493962440446,2026-03-19 00:46:37.866613931+00:00,73.676,2026-03-19 00:46:37.616613931+00:00,pending_new,,,
2026-03-19 00:46:42.109589810+00:00,1255,cancel_requested,bid,2193.4,0.09106493962440446,2026-03-19 00:46:37.866613931+00:00,73.676,2026-03-19 00:46:37.616613931+00:00,pending_cancel,refresh_reprice,2026-03-19 00:46:42.109589810+00:00,2026-03-19 00:46:42.359589810+00:00
2026-03-19 00:46:42.359589810+00:00,1255,cancelled,bid,2193.4,0.09106493962440446,2026-03-19 00:46:37.866613931+00:00,73.676,2026-03-19 00:46:37.616613931+00:00,cancelled,refresh_reprice,2026-03-19 00:46:42.109589810+00:00,2026-03-19 00:46:42.359589810+00:00
2026-03-19 00:46:42.416889462+00:00,1256,placed,bid,2193.8,0.09122462128588482,2026-03-19 00:46:42.666889462+00:00,50.699,2026-03-19 00:46:42.416889462+00:00,pending_new,,,
2026-03-19 00:46:42.824694413+00:00,1256,cancel_requested,bid,2193.8,0.09122462128588482,2026-03-19 00:46:42.666889462+00:00,50.699,2026-03-19 00:46:42.416889462+00:00,pending_cancel,pressure_stop_bid,2026-03-19 00:46:42.824694413+00:00,2026-03-19 00:46:43.074694413+00:00
2026-03-19 00:46:42.824694413+00:00,1257,placed,ask,2194.3,0.1087753787141152,2026-03-19 00:46:43.074694413+00:00,70.475,2026-03-19 00:46:42.824694413+00:00,pending_new,,,
2026-03-19 00:46:43.074694413+00:00,1256,cancelled,bid,2193.8,0.09122462128588482,2026-03-19 00:46:42.666889462+00:00,50.699,2026-03-19 00:46:42.416889462+00:00,cancelled,pressure_stop_bid,2026-03-19 00:46:42.824694413+00:00,2026-03-19 00:46:43.074694413+00:00
2026-03-19 00:46:47.977544964+00:00,1257,cancel_requested,ask,2194.3,0.1087753787141152,2026-03-19 00:46:43.074694413+00:00,70.475,2026-03-19 00:46:42.824694413+00:00,pending_cancel,refresh_reprice,2026-03-19 00:46:47.977544964+00:00,2026-03-19 00:46:48.227544964+00:00
2026-03-19 00:46:48.028356534+00:00,1258,placed,bid,2191.6,0.09122462128588482,2026-03-19 00:46:48.278356534+00:00,69.58,2026-03-19 00:46:48.028356534+00:00,pending_new,,,
2026-03-19 00:46:48.079692677+00:00,1258,cancel_requested,bid,2191.6,0.09122462128588482,2026-03-19 00:46:48.278356534+00:00,69.58,2026-03-19 00:46:48.028356534+00:00,pending_cancel,pressure_stop_bid,2026-03-19 00:46:48.079692677+00:00,2026-03-19 00:46:48.329692677+00:00
2026-03-19 00:46:48.227544964+00:00,1257,cancelled,ask,2194.3,0.1087753787141152,2026-03-19 00:46:43.074694413+00:00,70.475,2026-03-19 00:46:42.824694413+00:00,cancelled,refresh_reprice,2026-03-19 00:46:47.977544964+00:00,2026-03-19 00:46:48.227544964+00:00
2026-03-19 00:46:48.232642311+00:00,1259,placed,ask,2193.3,0.1087753787141152,2026-03-19 00:46:48.482642311+00:00,230.82000000000002,2026-03-19 00:46:48.232642311+00:00,pending_new,,,
2026-03-19 00:46:48.329692677+00:00,1258,cancelled,bid,2191.6,0.09122462128588482,2026-03-19 00:46:48.278356534+00:00,69.58,2026-03-19 00:46:48.028356534+00:00,cancelled,pressure_stop_bid,2026-03-19 00:46:48.079692677+00:00,2026-03-19 00:46:48.329692677+00:00
2026-03-19 00:46:48.332528245+00:00,1259,cancel_requested,ask,2193.3,0.1087753787141152,2026-03-19 00:46:48.482642311+00:00,230.82000000000002,2026-03-19 00:46:48.232642311+00:00,pending_cancel,pressure_stop_ask,2026-03-19 00:46:48.332528245+00:00,2026-03-19 00:46:48.582528245+00:00
2026-03-19 00:46:48.332528245+00:00,1260,placed,bid,2191.7,0.09122462128588482,2026-03-19 00:46:48.582528245+00:00,169.922,2026-03-19 00:46:48.332528245+00:00,pending_new,,,
2026-03-19 00:46:48.582528245+00:00,1259,cancelled,ask,2193.3,0.1087753787141152,2026-03-19 00:46:48.482642311+00:00,230.82000000000002,2026-03-19 00:46:48.232642311+00:00,cancelled,pressure_stop_ask,2026-03-19 00:46:48.332528245+00:00,2026-03-19 00:46:48.582528245+00:00
2026-03-19 00:46:48.640258551+00:00,1261,placed,ask,2193.4,0.1087753787141152,2026-03-19 00:46:48.890258551+00:00,232.31000000000003,2026-03-19 00:46:48.640258551+00:00,pending_new,,,
2026-03-19 00:46:48.838354130+00:00,1261,cancel_requested,ask,2193.4,0.1087753787141152,2026-03-19 00:46:48.890258551+00:00,232.31000000000003,2026-03-19 00:46:48.640258551+00:00,pending_cancel,pressure_stop_ask,2026-03-19 00:46:48.838354130+00:00,2026-03-19 00:46:49.088354130+00:00
2026-03-19 00:46:49.088354130+00:00,1261,cancelled,ask,2193.4,0.1087753787141152,2026-03-19 00:46:48.890258551+00:00,232.31000000000003,2026-03-19 00:46:48.640258551+00:00,cancelled,pressure_stop_ask,2026-03-19 00:46:48.838354130+00:00,2026-03-19 00:46:49.088354130+00:00
2026-03-19 00:46:58.332528245+00:00,1260,cancel_requested,bid,2191.7,0.09122462128588482,2026-03-19 00:46:48.582528245+00:00,169.922,2026-03-19 00:46:48.332528245+00:00,pending_cancel,quote_age_expired,2026-03-19 00:46:58.332528245+00:00,2026-03-19 00:46:58.582528245+00:00
2026-03-19 00:46:58.335806291+00:00,1262,placed,ask,2193.3,0.1087753787141152,2026-03-19 00:46:58.585806291+00:00,129.981,2026-03-19 00:46:58.335806291+00:00,pending_new,,,
2026-03-19 00:46:58.582528245+00:00,1260,cancelled,bid,2191.7,0.09122462128588482,2026-03-19 00:46:48.582528245+00:00,169.922,2026-03-19 00:46:48.332528245+00:00,cancelled,quote_age_expired,2026-03-19 00:46:58.332528245+00:00,2026-03-19 00:46:58.582528245+00:00
2026-03-19 00:46:58.635447411+00:00,1263,placed,bid,2191.7,0.09122462128588482,2026-03-19 00:46:58.885447411+00:00,235.134,2026-03-19 00:46:58.635447411+00:00,pending_new,,,
2026-03-19 00:47:02.829019189+00:00,1262,cancel_requested,ask,2193.3,0.1087753787141152,2026-03-19 00:46:58.585806291+00:00,129.981,2026-03-19 00:46:58.335806291+00:00,pending_cancel,pressure_stop_ask,2026-03-19 00:47:02.829019189+00:00,2026-03-19 00:47:03.079019189+00:00
2026-03-19 00:47:02.829019189+00:00,1263,resized,bid,2191.7,0.09121781930395581,2026-03-19 00:46:58.885447411+00:00,235.134,,,preserve_queue_priority,,
2026-03-19 00:47:03.079019189+00:00,1262,cancelled,ask,2193.3,0.1087753787141152,2026-03-19 00:46:58.585806291+00:00,129.981,2026-03-19 00:46:58.335806291+00:00,cancelled,pressure_stop_ask,2026-03-19 00:47:02.829019189+00:00,2026-03-19 00:47:03.079019189+00:00
2026-03-19 00:47:03.134841312+00:00,1263,cancel_requested,bid,2191.7,0.09121781930395581,2026-03-19 00:46:58.885447411+00:00,235.134,2026-03-19 00:46:58.635447411+00:00,pending_cancel,refresh_reprice,2026-03-19 00:47:03.134841312+00:00,2026-03-19 00:47:03.384841312+00:00
2026-03-19 00:47:03.384841312+00:00,1263,cancelled,bid,2191.7,0.09121781930395581,2026-03-19 00:46:58.885447411+00:00,235.134,2026-03-19 00:46:58.635447411+00:00,cancelled,refresh_reprice,2026-03-19 00:47:03.134841312+00:00,2026-03-19 00:47:03.384841312+00:00
2026-03-19 00:47:03.440344293+00:00,1264,placed,bid,2192.1,0.09121781930395581,2026-03-19 00:47:03.690344293+00:00,234.12500000000003,2026-03-19 00:47:03.440344293+00:00,pending_new,,,
2026-03-19 00:47:03.844021808+00:00,1264,cancel_requested,bid,2192.1,0.09121781930395581,2026-03-19 00:47:03.690344293+00:00,234.12500000000003,2026-03-19 00:47:03.440344293+00:00,pending_cancel,pressure_stop_bid,2026-03-19 00:47:03.844021808+00:00,2026-03-19 00:47:04.094021808+00:00
2026-03-19 00:47:03.844021808+00:00,1265,placed,ask,2193.6,0.1087821806960442,2026-03-19 00:47:04.094021808+00:00,245.88099999999997,2026-03-19 00:47:03.844021808+00:00,pending_new,,,
2026-03-19 00:47:03.950584399+00:00,1265,cancel_requested,ask,2193.6,0.1087821806960442,2026-03-19 00:47:04.094021808+00:00,245.88099999999997,2026-03-19 00:47:03.844021808+00:00,pending_cancel,refresh_reprice,2026-03-19 00:47:03.950584399+00:00,2026-03-19 00:47:04.200584399+00:00
2026-03-19 00:47:04.094021808+00:00,1264,cancelled,bid,2192.1,0.09121781930395581,2026-03-19 00:47:03.690344293+00:00,234.12500000000003,2026-03-19 00:47:03.440344293+00:00,cancelled,pressure_stop_bid,2026-03-19 00:47:03.844021808+00:00,2026-03-19 00:47:04.094021808+00:00
2026-03-19 00:47:04.200584399+00:00,1265,cancelled,ask,2193.6,0.1087821806960442,2026-03-19 00:47:04.094021808+00:00,245.88099999999997,2026-03-19 00:47:03.844021808+00:00,cancelled,refresh_reprice,2026-03-19 00:47:03.950584399+00:00,2026-03-19 00:47:04.200584399+00:00
2026-03-19 00:47:04.239391965+00:00,1266,placed,ask,2193.3,0.1087821806960442,2026-03-19 00:47:04.489391965+00:00,134.361,2026-03-19 00:47:04.239391965+00:00,pending_new,,,
2026-03-19 00:47:08.440393955+00:00,1266,cancel_requested,ask,2193.3,0.1087821806960442,2026-03-19 00:47:04.489391965+00:00,134.361,2026-03-19 00:47:04.239391965+00:00,pending_cancel,pressure_stop_ask,2026-03-19 00:47:08.440393955+00:00,2026-03-19 00:47:08.690393955+00:00
2026-03-19 00:47:08.440393955+00:00,1267,placed,bid,2192.4,0.09121781930395581,2026-03-19 00:47:08.690393955+00:00,177.555,2026-03-19 00:47:08.440393955+00:00,pending_new,,,
2026-03-19 00:47:08.690393955+00:00,1266,cancelled,ask,2193.3,0.1087821806960442,2026-03-19 00:47:04.489391965+00:00,134.361,2026-03-19 00:47:04.239391965+00:00,cancelled,pressure_stop_ask,2026-03-19 00:47:08.440393955+00:00,2026-03-19 00:47:08.690393955+00:00
2026-03-19 00:47:15.840521979+00:00,1267,cancel_requested,bid,2192.4,0.09121781930395581,2026-03-19 00:47:08.690393955+00:00,177.555,2026-03-19 00:47:08.440393955+00:00,pending_cancel,pressure_stop_bid,2026-03-19 00:47:15.840521979+00:00,2026-03-19 00:47:16.090521979+00:00
2026-03-19 00:47:15.840521979+00:00,1268,placed,ask,2193.3,0.1087821806960442,2026-03-19 00:47:16.090521979+00:00,189.937,2026-03-19 00:47:15.840521979+00:00,pending_new,,,
2026-03-19 00:47:16.090521979+00:00,1267,cancelled,bid,2192.4,0.09121781930395581,2026-03-19 00:47:08.690393955+00:00,177.555,2026-03-19 00:47:08.440393955+00:00,cancelled,pressure_stop_bid,2026-03-19 00:47:15.840521979+00:00,2026-03-19 00:47:16.090521979+00:00
2026-03-19 00:47:18.287027072+00:00,1268,cancel_requested,ask,2193.3,0.1087821806960442,2026-03-19 00:47:16.090521979+00:00,189.937,2026-03-19 00:47:15.840521979+00:00,pending_cancel,refresh_reprice,2026-03-19 00:47:18.287027072+00:00,2026-03-19 00:47:18.537027072+00:00
2026-03-19 00:47:18.537027072+00:00,1268,cancelled,ask,2193.3,0.1087821806960442,2026-03-19 00:47:16.090521979+00:00,189.937,2026-03-19 00:47:15.840521979+00:00,cancelled,refresh_reprice,2026-03-19 00:47:18.287027072+00:00,2026-03-19 00:47:18.537027072+00:00
2026-03-19 00:47:18.543237263+00:00,1269,placed,ask,2193.1,0.1087821806960442,2026-03-19 00:47:18.793237263+00:00,237.28500000000003,2026-03-19 00:47:18.543237263+00:00,pending_new,,,
2026-03-19 00:47:19.517534345+00:00,1270,placed,bid,2192.2,0.09121781930395581,2026-03-19 00:47:19.767534345+00:00,142.774,2026-03-19 00:47:19.517534345+00:00,pending_new,,,
2026-03-19 00:47:19.569593025+00:00,1270,cancel_requested,bid,2192.2,0.09121781930395581,2026-03-19 00:47:19.767534345+00:00,142.774,2026-03-19 00:47:19.517534345+00:00,pending_cancel,pressure_stop_bid,2026-03-19 00:47:19.569593025+00:00,2026-03-19 00:47:19.819593025+00:00
2026-03-19 00:47:19.764202224+00:00,1269,cancel_requested,ask,2193.1,0.1087821806960442,2026-03-19 00:47:18.793237263+00:00,237.28500000000003,2026-03-19 00:47:18.543237263+00:00,pending_cancel,refresh_reprice,2026-03-19 00:47:19.764202224+00:00,2026-03-19 00:47:20.014202224+00:00
2026-03-19 00:47:19.819593025+00:00,1270,cancelled,bid,2192.2,0.09121781930395581,2026-03-19 00:47:19.767534345+00:00,142.774,2026-03-19 00:47:19.517534345+00:00,cancelled,pressure_stop_bid,2026-03-19 00:47:19.569593025+00:00,2026-03-19 00:47:19.819593025+00:00
2026-03-19 00:47:20.014202224+00:00,1269,cancelled,ask,2193.1,0.1087821806960442,2026-03-19 00:47:18.793237263+00:00,237.28500000000003,2026-03-19 00:47:18.543237263+00:00,cancelled,refresh_reprice,2026-03-19 00:47:19.764202224+00:00,2026-03-19 00:47:20.014202224+00:00
2026-03-19 00:47:20.035551273+00:00,1271,placed,ask,2192.8,0.1086042130590915,2026-03-19 00:47:20.285551273+00:00,113.85100000000001,2026-03-19 00:47:20.035551273+00:00,pending_new,,,
2026-03-19 00:47:25.114542651+00:00,1272,placed,bid,2191.9,0.09139578694090851,2026-03-19 00:47:25.364542651+00:00,174.08499999999998,2026-03-19 00:47:25.114542651+00:00,pending_new,,,
2026-03-19 00:47:30.035551273+00:00,1271,cancel_requested,ask,2192.8,0.1086042130590915,2026-03-19 00:47:20.285551273+00:00,113.85100000000001,2026-03-19 00:47:20.035551273+00:00,pending_cancel,quote_age_expired,2026-03-19 00:47:30.035551273+00:00,2026-03-19 00:47:30.285551273+00:00
2026-03-19 00:47:30.285551273+00:00,1271,cancelled,ask,2192.8,0.1086042130590915,2026-03-19 00:47:20.285551273+00:00,113.85100000000001,2026-03-19 00:47:20.035551273+00:00,cancelled,quote_age_expired,2026-03-19 00:47:30.035551273+00:00,2026-03-19 00:47:30.285551273+00:00
2026-03-19 00:47:30.286243598+00:00,1273,placed,ask,2192.8,0.1086042130590915,2026-03-19 00:47:30.536243598+00:00,110.313,2026-03-19 00:47:30.286243598+00:00,pending_new,,,
2026-03-19 00:47:30.384481542+00:00,1273,cancel_requested,ask,2192.8,0.1086042130590915,2026-03-19 00:47:30.536243598+00:00,110.313,2026-03-19 00:47:30.286243598+00:00,pending_cancel,pressure_stop_ask,2026-03-19 00:47:30.384481542+00:00,2026-03-19 00:47:30.634481542+00:00
2026-03-19 00:47:30.634481542+00:00,1273,cancelled,ask,2192.8,0.1086042130590915,2026-03-19 00:47:30.536243598+00:00,110.313,2026-03-19 00:47:30.286243598+00:00,cancelled,pressure_stop_ask,2026-03-19 00:47:30.384481542+00:00,2026-03-19 00:47:30.634481542+00:00
2026-03-19 00:47:35.114542651+00:00,1272,cancel_requested,bid,2191.9,0.09139578694090851,2026-03-19 00:47:25.364542651+00:00,174.08499999999998,2026-03-19 00:47:25.114542651+00:00,pending_cancel,quote_age_expired,2026-03-19 00:47:35.114542651+00:00,2026-03-19 00:47:35.364542651+00:00
2026-03-19 00:47:35.236274024+00:00,1274,placed,ask,2192.9,0.1086042130590915,2026-03-19 00:47:35.486274024+00:00,115.73500000000001,2026-03-19 00:47:35.236274024+00:00,pending_new,,,
2026-03-19 00:47:35.364542651+00:00,1272,cancelled,bid,2191.9,0.09139578694090851,2026-03-19 00:47:25.364542651+00:00,174.08499999999998,2026-03-19 00:47:25.114542651+00:00,cancelled,quote_age_expired,2026-03-19 00:47:35.114542651+00:00,2026-03-19 00:47:35.364542651+00:00
2026-03-19 00:47:35.462771446+00:00,1275,placed,bid,2192.0,0.09139578694090851,2026-03-19 00:47:35.712771446+00:00,174.584,2026-03-19 00:47:35.462771446+00:00,pending_new,,,
2026-03-19 00:47:36.863631826+00:00,1274,cancel_requested,ask,2192.9,0.1086042130590915,2026-03-19 00:47:35.486274024+00:00,115.73500000000001,2026-03-19 00:47:35.236274024+00:00,pending_cancel,pressure_stop_ask,2026-03-19 00:47:36.863631826+00:00,2026-03-19 00:47:37.113631826+00:00
2026-03-19 00:47:37.113631826+00:00,1274,cancelled,ask,2192.9,0.1086042130590915,2026-03-19 00:47:35.486274024+00:00,115.73500000000001,2026-03-19 00:47:35.236274024+00:00,cancelled,pressure_stop_ask,2026-03-19 00:47:36.863631826+00:00,2026-03-19 00:47:37.113631826+00:00
2026-03-19 00:47:37.587554134+00:00,1275,cancel_requested,bid,2192.0,0.09139578694090851,2026-03-19 00:47:35.712771446+00:00,174.584,2026-03-19 00:47:35.462771446+00:00,pending_cancel,pressure_stop_bid,2026-03-19 00:47:37.587554134+00:00,2026-03-19 00:47:37.837554134+00:00
2026-03-19 00:47:37.587554134+00:00,1276,placed,ask,2193.0,0.1086042130590915,2026-03-19 00:47:37.837554134+00:00,81.828,2026-03-19 00:47:37.587554134+00:00,pending_new,,,
2026-03-19 00:47:37.689079337+00:00,1276,cancel_requested,ask,2193.0,0.1086042130590915,2026-03-19 00:47:37.837554134+00:00,81.828,2026-03-19 00:47:37.587554134+00:00,pending_cancel,pressure_stop_ask,2026-03-19 00:47:37.689079337+00:00,2026-03-19 00:47:37.939079337+00:00
2026-03-19 00:47:37.837554134+00:00,1275,cancelled,bid,2192.0,0.09139578694090851,2026-03-19 00:47:35.712771446+00:00,174.584,2026-03-19 00:47:35.462771446+00:00,cancelled,pressure_stop_bid,2026-03-19 00:47:37.587554134+00:00,2026-03-19 00:47:37.837554134+00:00
2026-03-19 00:47:37.841072519+00:00,1277,placed,bid,2192.5,0.09139578694090851,2026-03-19 00:47:38.091072519+00:00,158.31,2026-03-19 00:47:37.841072519+00:00,pending_new,,,
2026-03-19 00:47:37.939079337+00:00,1276,cancelled,ask,2193.0,0.1086042130590915,2026-03-19 00:47:37.837554134+00:00,81.828,2026-03-19 00:47:37.587554134+00:00,cancelled,pressure_stop_ask,2026-03-19 00:47:37.689079337+00:00,2026-03-19 00:47:37.939079337+00:00
2026-03-19 00:47:47.841072519+00:00,1277,cancel_requested,bid,2192.5,0.09139578694090851,2026-03-19 00:47:38.091072519+00:00,158.31,2026-03-19 00:47:37.841072519+00:00,pending_cancel,quote_age_expired,2026-03-19 00:47:47.841072519+00:00,2026-03-19 00:47:48.091072519+00:00
2026-03-19 00:47:48.091072519+00:00,1277,cancelled,bid,2192.5,0.09139578694090851,2026-03-19 00:47:38.091072519+00:00,158.31,2026-03-19 00:47:37.841072519+00:00,cancelled,quote_age_expired,2026-03-19 00:47:47.841072519+00:00,2026-03-19 00:47:48.091072519+00:00
2026-03-19 00:47:48.104414160+00:00,1278,placed,bid,2192.7,0.09153419126987744,2026-03-19 00:47:48.354414160+00:00,77.83,2026-03-19 00:47:48.104414160+00:00,pending_new,,,
2026-03-19 00:47:50.499440991+00:00,1278,cancel_requested,bid,2192.7,0.09153419126987744,2026-03-19 00:47:48.354414160+00:00,77.83,2026-03-19 00:47:48.104414160+00:00,pending_cancel,refresh_reprice,2026-03-19 00:47:50.499440991+00:00,2026-03-19 00:47:50.749440991+00:00
2026-03-19 00:47:50.749440991+00:00,1278,cancelled,bid,2192.7,0.09153419126987744,2026-03-19 00:47:48.354414160+00:00,77.83,2026-03-19 00:47:48.104414160+00:00,cancelled,refresh_reprice,2026-03-19 00:47:50.499440991+00:00,2026-03-19 00:47:50.749440991+00:00
2026-03-19 00:47:50.752334604+00:00,1279,placed,bid,2193.1,0.09153419126987744,2026-03-19 00:47:51.002334604+00:00,36.312999999999995,2026-03-19 00:47:50.752334604+00:00,pending_new,,,
2026-03-19 00:47:51.417657446+00:00,1279,cancel_requested,bid,2193.1,0.09153419126987744,2026-03-19 00:47:51.002334604+00:00,36.312999999999995,2026-03-19 00:47:50.752334604+00:00,pending_cancel,refresh_reprice,2026-03-19 00:47:51.417657446+00:00,2026-03-19 00:47:51.667657446+00:00
2026-03-19 00:47:51.667657446+00:00,1279,cancelled,bid,2193.1,0.09153419126987744,2026-03-19 00:47:51.002334604+00:00,36.312999999999995,2026-03-19 00:47:50.752334604+00:00,cancelled,refresh_reprice,2026-03-19 00:47:51.417657446+00:00,2026-03-19 00:47:51.667657446+00:00
2026-03-19 00:47:51.668094978+00:00,1280,placed,bid,2193.4,0.09153419126987744,2026-03-19 00:47:51.918094978+00:00,146.07500000000002,2026-03-19 00:47:51.668094978+00:00,pending_new,,,
2026-03-19 00:47:51.978739394+00:00,1281,placed,ask,2194.2,0.10846580873012257,2026-03-19 00:47:52.228739394+00:00,64.72200000000001,2026-03-19 00:47:51.978739394+00:00,pending_new,,,
2026-03-19 00:47:52.029413245+00:00,1281,cancel_requested,ask,2194.2,0.10846580873012257,2026-03-19 00:47:52.228739394+00:00,64.72200000000001,2026-03-19 00:47:51.978739394+00:00,pending_cancel,pressure_stop_ask,2026-03-19 00:47:52.029413245+00:00,2026-03-19 00:47:52.279413245+00:00
2026-03-19 00:47:52.279413245+00:00,1281,cancelled,ask,2194.2,0.10846580873012257,2026-03-19 00:47:52.228739394+00:00,64.72200000000001,2026-03-19 00:47:51.978739394+00:00,cancelled,pressure_stop_ask,2026-03-19 00:47:52.029413245+00:00,2026-03-19 00:47:52.279413245+00:00
2026-03-19 00:47:53.511510871+00:00,1280,cancel_requested,bid,2193.4,0.09153419126987744,2026-03-19 00:47:51.918094978+00:00,146.07500000000002,2026-03-19 00:47:51.668094978+00:00,pending_cancel,refresh_reprice,2026-03-19 00:47:53.511510871+00:00,2026-03-19 00:47:53.761510871+00:00
2026-03-19 00:47:53.511510871+00:00,1282,placed,ask,2194.3,0.10846580873012257,2026-03-19 00:47:53.761510871+00:00,74.053,2026-03-19 00:47:53.511510871+00:00,pending_new,,,
2026-03-19 00:47:53.562443393+00:00,1282,cancel_requested,ask,2194.3,0.10846580873012257,2026-03-19 00:47:53.761510871+00:00,74.053,2026-03-19 00:47:53.511510871+00:00,pending_cancel,expected_edge_ask,2026-03-19 00:47:53.562443393+00:00,2026-03-19 00:47:53.812443393+00:00
2026-03-19 00:47:53.761510871+00:00,1280,cancelled,bid,2193.4,0.09153419126987744,2026-03-19 00:47:51.918094978+00:00,146.07500000000002,2026-03-19 00:47:51.668094978+00:00,cancelled,refresh_reprice,2026-03-19 00:47:53.511510871+00:00,2026-03-19 00:47:53.761510871+00:00
2026-03-19 00:47:53.812443393+00:00,1282,cancelled,ask,2194.3,0.10846580873012257,2026-03-19 00:47:53.761510871+00:00,74.053,2026-03-19 00:47:53.511510871+00:00,cancelled,expected_edge_ask,2026-03-19 00:47:53.562443393+00:00,2026-03-19 00:47:53.812443393+00:00
2026-03-19 00:47:53.818002939+00:00,1283,placed,bid,2193.9,0.09153419126987744,2026-03-19 00:47:54.068002939+00:00,143.551,2026-03-19 00:47:53.818002939+00:00,pending_new,,,
2026-03-19 00:47:57.391335467+00:00,1283,cancel_requested,bid,2193.9,0.09153419126987744,2026-03-19 00:47:54.068002939+00:00,143.551,2026-03-19 00:47:53.818002939+00:00,pending_cancel,refresh_reprice,2026-03-19 00:47:57.391335467+00:00,2026-03-19 00:47:57.641335467+00:00
2026-03-19 00:47:57.641335467+00:00,1283,cancelled,bid,2193.9,0.09153419126987744,2026-03-19 00:47:54.068002939+00:00,143.551,2026-03-19 00:47:53.818002939+00:00,cancelled,refresh_reprice,2026-03-19 00:47:57.391335467+00:00,2026-03-19 00:47:57.641335467+00:00
2026-03-19 00:47:57.642730323+00:00,1284,placed,bid,2194.3,0.09153419126987744,2026-03-19 00:47:57.892730323+00:00,102.459,2026-03-19 00:47:57.642730323+00:00,pending_new,,,
2026-03-19 00:48:00.911611994+00:00,1284,cancel_requested,bid,2194.3,0.09153419126987744,2026-03-19 00:47:57.892730323+00:00,102.459,2026-03-19 00:47:57.642730323+00:00,pending_cancel,refresh_reprice,2026-03-19 00:48:00.911611994+00:00,2026-03-19 00:48:01.161611994+00:00
2026-03-19 00:48:01.161611994+00:00,1284,cancelled,bid,2194.3,0.09153419126987744,2026-03-19 00:47:57.892730323+00:00,102.459,2026-03-19 00:47:57.642730323+00:00,cancelled,refresh_reprice,2026-03-19 00:48:00.911611994+00:00,2026-03-19 00:48:01.161611994+00:00
2026-03-19 00:48:01.162616128+00:00,1285,placed,bid,2195.0,0.09185353041372347,2026-03-19 00:48:01.412616128+00:00,60.04800000000001,2026-03-19 00:48:01.162616128+00:00,pending_new,,,
2026-03-19 00:48:02.954559126+00:00,1285,cancel_requested,bid,2195.0,0.09185353041372347,2026-03-19 00:48:01.412616128+00:00,60.04800000000001,2026-03-19 00:48:01.162616128+00:00,pending_cancel,refresh_reprice,2026-03-19 00:48:02.954559126+00:00,2026-03-19 00:48:03.204559126+00:00
2026-03-19 00:48:03.204559126+00:00,1285,cancelled,bid,2195.0,0.09185353041372347,2026-03-19 00:48:01.412616128+00:00,60.04800000000001,2026-03-19 00:48:01.162616128+00:00,cancelled,refresh_reprice,2026-03-19 00:48:02.954559126+00:00,2026-03-19 00:48:03.204559126+00:00
2026-03-19 00:48:03.240884671+00:00,1286,placed,ask,2196.0,0.10814646958627652,2026-03-19 00:48:03.490884671+00:00,119.102,2026-03-19 00:48:03.240884671+00:00,pending_new,,,
2026-03-19 00:48:08.211316821+00:00,1286,cancel_requested,ask,2196.0,0.10814646958627652,2026-03-19 00:48:03.490884671+00:00,119.102,2026-03-19 00:48:03.240884671+00:00,pending_cancel,refresh_reprice,2026-03-19 00:48:08.211316821+00:00,2026-03-19 00:48:08.461316821+00:00
2026-03-19 00:48:08.461316821+00:00,1286,cancelled,ask,2196.0,0.10814646958627652,2026-03-19 00:48:03.490884671+00:00,119.102,2026-03-19 00:48:03.240884671+00:00,cancelled,refresh_reprice,2026-03-19 00:48:08.211316821+00:00,2026-03-19 00:48:08.461316821+00:00
2026-03-19 00:48:08.517615797+00:00,1287,placed,ask,2195.6,0.10814646958627652,2026-03-19 00:48:08.767615797+00:00,82.33,2026-03-19 00:48:08.517615797+00:00,pending_new,,,
2026-03-19 00:48:13.161054387+00:00,1287,cancel_requested,ask,2195.6,0.10814646958627652,2026-03-19 00:48:08.767615797+00:00,82.33,2026-03-19 00:48:08.517615797+00:00,pending_cancel,refresh_reprice,2026-03-19 00:48:13.161054387+00:00,2026-03-19 00:48:13.411054387+00:00
2026-03-19 00:48:13.411054387+00:00,1287,cancelled,ask,2195.6,0.10814646958627652,2026-03-19 00:48:08.767615797+00:00,82.33,2026-03-19 00:48:08.517615797+00:00,cancelled,refresh_reprice,2026-03-19 00:48:13.161054387+00:00,2026-03-19 00:48:13.411054387+00:00
2026-03-19 00:48:13.422495269+00:00,1288,placed,ask,2195.3,0.10814646958627652,2026-03-19 00:48:13.672495269+00:00,164.686,2026-03-19 00:48:13.422495269+00:00,pending_new,,,
2026-03-19 00:48:14.542499625+00:00,1288,cancel_requested,ask,2195.3,0.10814646958627652,2026-03-19 00:48:13.672495269+00:00,164.686,2026-03-19 00:48:13.422495269+00:00,pending_cancel,pressure_stop_ask,2026-03-19 00:48:14.542499625+00:00,2026-03-19 00:48:14.792499625+00:00
2026-03-19 00:48:14.542499625+00:00,1289,placed,bid,2194.5,0.09185353041372347,2026-03-19 00:48:14.792499625+00:00,150.336,2026-03-19 00:48:14.542499625+00:00,pending_new,,,
2026-03-19 00:48:14.593658956+00:00,1289,cancel_requested,bid,2194.5,0.09185353041372347,2026-03-19 00:48:14.792499625+00:00,150.336,2026-03-19 00:48:14.542499625+00:00,pending_cancel,refresh_reprice,2026-03-19 00:48:14.593658956+00:00,2026-03-19 00:48:14.843658956+00:00
2026-03-19 00:48:14.792499625+00:00,1288,cancelled,ask,2195.3,0.10814646958627652,2026-03-19 00:48:13.672495269+00:00,164.686,2026-03-19 00:48:13.422495269+00:00,cancelled,pressure_stop_ask,2026-03-19 00:48:14.542499625+00:00,2026-03-19 00:48:14.792499625+00:00
2026-03-19 00:48:14.843658956+00:00,1289,cancelled,bid,2194.5,0.09185353041372347,2026-03-19 00:48:14.792499625+00:00,150.336,2026-03-19 00:48:14.542499625+00:00,cancelled,refresh_reprice,2026-03-19 00:48:14.593658956+00:00,2026-03-19 00:48:14.843658956+00:00
2026-03-19 00:48:14.890679830+00:00,1290,placed,bid,2194.6,0.09185353041372347,2026-03-19 00:48:15.140679830+00:00,194.61499999999998,2026-03-19 00:48:14.890679830+00:00,pending_new,,,
2026-03-19 00:48:16.586343158+00:00,1290,cancel_requested,bid,2194.6,0.09185353041372347,2026-03-19 00:48:15.140679830+00:00,194.61499999999998,2026-03-19 00:48:14.890679830+00:00,pending_cancel,refresh_reprice,2026-03-19 00:48:16.586343158+00:00,2026-03-19 00:48:16.836343158+00:00
2026-03-19 00:48:16.836343158+00:00,1290,cancelled,bid,2194.6,0.09185353041372347,2026-03-19 00:48:15.140679830+00:00,194.61499999999998,2026-03-19 00:48:14.890679830+00:00,cancelled,refresh_reprice,2026-03-19 00:48:16.586343158+00:00,2026-03-19 00:48:16.836343158+00:00
2026-03-19 00:48:16.839932835+00:00,1291,placed,ask,2196.4,0.10814646958627652,2026-03-19 00:48:17.089932835+00:00,239.417,2026-03-19 00:48:16.839932835+00:00,pending_new,,,
2026-03-19 00:48:19.540592649+00:00,1291,cancel_requested,ask,2196.4,0.10814646958627652,2026-03-19 00:48:17.089932835+00:00,239.417,2026-03-19 00:48:16.839932835+00:00,pending_cancel,refresh_reprice,2026-03-19 00:48:19.540592649+00:00,2026-03-19 00:48:19.790592649+00:00
2026-03-19 00:48:19.790592649+00:00,1291,cancelled,ask,2196.4,0.10814646958627652,2026-03-19 00:48:17.089932835+00:00,239.417,2026-03-19 00:48:16.839932835+00:00,cancelled,refresh_reprice,2026-03-19 00:48:19.540592649+00:00,2026-03-19 00:48:19.790592649+00:00
2026-03-19 00:48:19.834096216+00:00,1292,placed,ask,2195.8,0.10814646958627652,2026-03-19 00:48:20.084096216+00:00,225.324,2026-03-19 00:48:19.834096216+00:00,pending_new,,,
2026-03-19 00:48:20.147411444+00:00,1292,resized,ask,2195.8,0.10802699749836127,2026-03-19 00:48:20.084096216+00:00,225.324,,,preserve_queue_priority,,
2026-03-19 00:48:29.834096216+00:00,1292,cancel_requested,ask,2195.8,0.10802699749836127,2026-03-19 00:48:20.084096216+00:00,225.324,2026-03-19 00:48:19.834096216+00:00,pending_cancel,quote_age_expired,2026-03-19 00:48:29.834096216+00:00,2026-03-19 00:48:30.084096216+00:00
2026-03-19 00:48:29.839015654+00:00,1293,placed,bid,2194.2,0.09197300250163874,2026-03-19 00:48:30.089015654+00:00,213.53799999999998,2026-03-19 00:48:29.839015654+00:00,pending_new,,,
2026-03-19 00:48:29.865814573+00:00,1293,cancel_requested,bid,2194.2,0.09197300250163874,2026-03-19 00:48:30.089015654+00:00,213.53799999999998,2026-03-19 00:48:29.839015654+00:00,pending_cancel,refresh_reprice,2026-03-19 00:48:29.865814573+00:00,2026-03-19 00:48:30.115814573+00:00
2026-03-19 00:48:30.084096216+00:00,1292,cancelled,ask,2195.8,0.10802699749836127,2026-03-19 00:48:20.084096216+00:00,225.324,2026-03-19 00:48:19.834096216+00:00,cancelled,quote_age_expired,2026-03-19 00:48:29.834096216+00:00,2026-03-19 00:48:30.084096216+00:00
2026-03-19 00:48:30.107394612+00:00,1294,placed,ask,2195.4,0.10802699749836127,2026-03-19 00:48:30.357394612+00:00,106.378,2026-03-19 00:48:30.107394612+00:00,pending_new,,,
2026-03-19 00:48:30.115814573+00:00,1293,cancelled,bid,2194.2,0.09197300250163874,2026-03-19 00:48:30.089015654+00:00,213.53799999999998,2026-03-19 00:48:29.839015654+00:00,cancelled,refresh_reprice,2026-03-19 00:48:29.865814573+00:00,2026-03-19 00:48:30.115814573+00:00
2026-03-19 00:48:30.152379093+00:00,1295,placed,bid,2194.5,0.09197300250163874,2026-03-19 00:48:30.402379093+00:00,164.014,2026-03-19 00:48:30.152379093+00:00,pending_new,,,
2026-03-19 00:48:31.168674512+00:00,1295,cancel_requested,bid,2194.5,0.09197300250163874,2026-03-19 00:48:30.402379093+00:00,164.014,2026-03-19 00:48:30.152379093+00:00,pending_cancel,refresh_reprice,2026-03-19 00:48:31.168674512+00:00,2026-03-19 00:48:31.418674512+00:00
2026-03-19 00:48:31.168674512+00:00,1294,cancel_requested,ask,2195.4,0.10802699749836127,2026-03-19 00:48:30.357394612+00:00,106.378,2026-03-19 00:48:30.107394612+00:00,pending_cancel,refresh_reprice,2026-03-19 00:48:31.168674512+00:00,2026-03-19 00:48:31.418674512+00:00
2026-03-19 00:48:31.418674512+00:00,1295,cancelled,bid,2194.5,0.09197300250163874,2026-03-19 00:48:30.402379093+00:00,164.014,2026-03-19 00:48:30.152379093+00:00,cancelled,refresh_reprice,2026-03-19 00:48:31.168674512+00:00,2026-03-19 00:48:31.418674512+00:00
2026-03-19 00:48:31.418674512+00:00,1294,cancelled,ask,2195.4,0.10802699749836127,2026-03-19 00:48:30.357394612+00:00,106.378,2026-03-19 00:48:30.107394612+00:00,cancelled,refresh_reprice,2026-03-19 00:48:31.168674512+00:00,2026-03-19 00:48:31.418674512+00:00
2026-03-19 00:48:31.486982064+00:00,1296,placed,bid,2194.6,0.09197300250163874,2026-03-19 00:48:31.736982064+00:00,185.682,2026-03-19 00:48:31.486982064+00:00,pending_new,,,
2026-03-19 00:48:31.486982064+00:00,1297,placed,ask,2195.4,0.10802699749836127,2026-03-19 00:48:31.736982064+00:00,73.513,2026-03-19 00:48:31.486982064+00:00,pending_new,,,
2026-03-19 00:48:31.890386336+00:00,1297,cancel_requested,ask,2195.4,0.10802699749836127,2026-03-19 00:48:31.736982064+00:00,73.513,2026-03-19 00:48:31.486982064+00:00,pending_cancel,pressure_stop_ask,2026-03-19 00:48:31.890386336+00:00,2026-03-19 00:48:32.140386336+00:00
2026-03-19 00:48:32.140386336+00:00,1297,cancelled,ask,2195.4,0.10802699749836127,2026-03-19 00:48:31.736982064+00:00,73.513,2026-03-19 00:48:31.486982064+00:00,cancelled,pressure_stop_ask,2026-03-19 00:48:31.890386336+00:00,2026-03-19 00:48:32.140386336+00:00
2026-03-19 00:48:37.236058272+00:00,1298,placed,ask,2195.4,0.10802699749836127,2026-03-19 00:48:37.486058272+00:00,127.44999999999999,2026-03-19 00:48:37.236058272+00:00,pending_new,,,
2026-03-19 00:48:41.486982064+00:00,1296,cancel_requested,bid,2194.6,0.09197300250163874,2026-03-19 00:48:31.736982064+00:00,185.682,2026-03-19 00:48:31.486982064+00:00,pending_cancel,quote_age_expired,2026-03-19 00:48:41.486982064+00:00,2026-03-19 00:48:41.736982064+00:00
2026-03-19 00:48:41.736982064+00:00,1296,cancelled,bid,2194.6,0.09197300250163874,2026-03-19 00:48:31.736982064+00:00,185.682,2026-03-19 00:48:31.486982064+00:00,cancelled,quote_age_expired,2026-03-19 00:48:41.486982064+00:00,2026-03-19 00:48:41.736982064+00:00
2026-03-19 00:48:41.737672996+00:00,1299,placed,bid,2194.6,0.09192607406549758,2026-03-19 00:48:41.987672996+00:00,158.055,2026-03-19 00:48:41.737672996+00:00,pending_new,,,
2026-03-19 00:48:45.088540663+00:00,1298,cancel_requested,ask,2195.4,0.10802699749836127,2026-03-19 00:48:37.486058272+00:00,127.44999999999999,2026-03-19 00:48:37.236058272+00:00,pending_cancel,pressure_stop_ask,2026-03-19 00:48:45.088540663+00:00,2026-03-19 00:48:45.338540663+00:00
2026-03-19 00:48:45.338540663+00:00,1298,cancelled,ask,2195.4,0.10802699749836127,2026-03-19 00:48:37.486058272+00:00,127.44999999999999,2026-03-19 00:48:37.236058272+00:00,cancelled,pressure_stop_ask,2026-03-19 00:48:45.088540663+00:00,2026-03-19 00:48:45.338540663+00:00
2026-03-19 00:48:47.153602567+00:00,1299,cancel_requested,bid,2194.6,0.09192607406549758,2026-03-19 00:48:41.987672996+00:00,158.055,2026-03-19 00:48:41.737672996+00:00,pending_cancel,pressure_stop_bid,2026-03-19 00:48:47.153602567+00:00,2026-03-19 00:48:47.403602567+00:00
2026-03-19 00:48:47.153602567+00:00,1300,placed,ask,2195.5,0.10807392593450244,2026-03-19 00:48:47.403602567+00:00,186.96099999999998,2026-03-19 00:48:47.153602567+00:00,pending_new,,,
2026-03-19 00:48:47.403602567+00:00,1299,cancelled,bid,2194.6,0.09192607406549758,2026-03-19 00:48:41.987672996+00:00,158.055,2026-03-19 00:48:41.737672996+00:00,cancelled,pressure_stop_bid,2026-03-19 00:48:47.153602567+00:00,2026-03-19 00:48:47.403602567+00:00
2026-03-19 00:48:50.272160736+00:00,1300,cancel_requested,ask,2195.5,0.10807392593450244,2026-03-19 00:48:47.403602567+00:00,186.96099999999998,2026-03-19 00:48:47.153602567+00:00,pending_cancel,refresh_reprice,2026-03-19 00:48:50.272160736+00:00,2026-03-19 00:48:50.522160736+00:00
2026-03-19 00:48:50.522160736+00:00,1300,cancelled,ask,2195.5,0.10807392593450244,2026-03-19 00:48:47.403602567+00:00,186.96099999999998,2026-03-19 00:48:47.153602567+00:00,cancelled,refresh_reprice,2026-03-19 00:48:50.272160736+00:00,2026-03-19 00:48:50.522160736+00:00
2026-03-19 00:48:50.525305569+00:00,1301,placed,ask,2195.1,0.10807392593450244,2026-03-19 00:48:50.775305569+00:00,174.476,2026-03-19 00:48:50.525305569+00:00,pending_new,,,
2026-03-19 00:48:53.384469597+00:00,1301,cancel_requested,ask,2195.1,0.10807392593450244,2026-03-19 00:48:50.775305569+00:00,174.476,2026-03-19 00:48:50.525305569+00:00,pending_cancel,pressure_stop_ask,2026-03-19 00:48:53.384469597+00:00,2026-03-19 00:48:53.634469597+00:00
2026-03-19 00:48:53.384469597+00:00,1302,placed,bid,2194.4,0.09192607406549758,2026-03-19 00:48:53.634469597+00:00,173.361,2026-03-19 00:48:53.384469597+00:00,pending_new,,,
2026-03-19 00:48:53.634469597+00:00,1301,cancelled,ask,2195.1,0.10807392593450244,2026-03-19 00:48:50.775305569+00:00,174.476,2026-03-19 00:48:50.525305569+00:00,cancelled,pressure_stop_ask,2026-03-19 00:48:53.384469597+00:00,2026-03-19 00:48:53.634469597+00:00
2026-03-19 00:48:55.776598279+00:00,1303,placed,ask,2195.1,0.10807392593450244,2026-03-19 00:48:56.026598279+00:00,35.689,2026-03-19 00:48:55.776598279+00:00,pending_new,,,
2026-03-19 00:48:55.837613397+00:00,1303,cancel_requested,ask,2195.1,0.10807392593450244,2026-03-19 00:48:56.026598279+00:00,35.689,2026-03-19 00:48:55.776598279+00:00,pending_cancel,pressure_stop_ask,2026-03-19 00:48:55.837613397+00:00,2026-03-19 00:48:56.087613397+00:00
2026-03-19 00:48:56.087613397+00:00,1303,cancelled,ask,2195.1,0.10807392593450244,2026-03-19 00:48:56.026598279+00:00,35.689,2026-03-19 00:48:55.776598279+00:00,cancelled,pressure_stop_ask,2026-03-19 00:48:55.837613397+00:00,2026-03-19 00:48:56.087613397+00:00
2026-03-19 00:48:57.869179458+00:00,1302,cancel_requested,bid,2194.4,0.09192607406549758,2026-03-19 00:48:53.634469597+00:00,173.361,2026-03-19 00:48:53.384469597+00:00,pending_cancel,pressure_stop_bid,2026-03-19 00:48:57.869179458+00:00,2026-03-19 00:48:58.119179458+00:00
2026-03-19 00:48:57.869179458+00:00,1304,placed,ask,2195.2,0.10807392593450244,2026-03-19 00:48:58.119179458+00:00,82.26499999999999,2026-03-19 00:48:57.869179458+00:00,pending_new,,,
2026-03-19 00:48:58.119179458+00:00,1302,cancelled,bid,2194.4,0.09192607406549758,2026-03-19 00:48:53.634469597+00:00,173.361,2026-03-19 00:48:53.384469597+00:00,cancelled,pressure_stop_bid,2026-03-19 00:48:57.869179458+00:00,2026-03-19 00:48:58.119179458+00:00
2026-03-19 00:49:00.275394153+00:00,1304,cancel_requested,ask,2195.2,0.10807392593450244,2026-03-19 00:48:58.119179458+00:00,82.26499999999999,2026-03-19 00:48:57.869179458+00:00,pending_cancel,refresh_reprice,2026-03-19 00:49:00.275394153+00:00,2026-03-19 00:49:00.525394153+00:00
2026-03-19 00:49:00.525394153+00:00,1304,cancelled,ask,2195.2,0.10807392593450244,2026-03-19 00:48:58.119179458+00:00,82.26499999999999,2026-03-19 00:48:57.869179458+00:00,cancelled,refresh_reprice,2026-03-19 00:49:00.275394153+00:00,2026-03-19 00:49:00.525394153+00:00
2026-03-19 00:49:00.533060407+00:00,1305,placed,ask,2194.4,0.10807392593450244,2026-03-19 00:49:00.783060407+00:00,109.298,2026-03-19 00:49:00.533060407+00:00,pending_new,,,
2026-03-19 00:49:00.940130650+00:00,1306,placed,bid,2193.4,0.09192607406549758,2026-03-19 00:49:01.190130650+00:00,126.19900000000001,2026-03-19 00:49:00.940130650+00:00,pending_new,,,
2026-03-19 00:49:00.940130650+00:00,1305,cancel_requested,ask,2194.4,0.10807392593450244,2026-03-19 00:49:00.783060407+00:00,109.298,2026-03-19 00:49:00.533060407+00:00,pending_cancel,refresh_reprice,2026-03-19 00:49:00.940130650+00:00,2026-03-19 00:49:01.190130650+00:00
2026-03-19 00:49:01.190130650+00:00,1305,cancelled,ask,2194.4,0.10807392593450244,2026-03-19 00:49:00.783060407+00:00,109.298,2026-03-19 00:49:00.533060407+00:00,cancelled,refresh_reprice,2026-03-19 00:49:00.940130650+00:00,2026-03-19 00:49:01.190130650+00:00
2026-03-19 00:49:02.419301676+00:00,1306,cancel_requested,bid,2193.4,0.09192607406549758,2026-03-19 00:49:01.190130650+00:00,126.19900000000001,2026-03-19 00:49:00.940130650+00:00,pending_cancel,pressure_stop_bid,2026-03-19 00:49:02.419301676+00:00,2026-03-19 00:49:02.669301676+00:00
2026-03-19 00:49:02.419301676+00:00,1307,placed,ask,2194.1,0.1080712002206456,2026-03-19 00:49:02.669301676+00:00,112.747,2026-03-19 00:49:02.419301676+00:00,pending_new,,,
2026-03-19 00:49:02.669301676+00:00,1306,cancelled,bid,2193.4,0.09192607406549758,2026-03-19 00:49:01.190130650+00:00,126.19900000000001,2026-03-19 00:49:00.940130650+00:00,cancelled,pressure_stop_bid,2026-03-19 00:49:02.419301676+00:00,2026-03-19 00:49:02.669301676+00:00
2026-03-19 00:49:07.737234239+00:00,1308,placed,bid,2193.4,0.0919287997793544,2026-03-19 00:49:07.987234239+00:00,121.52000000000001,2026-03-19 00:49:07.737234239+00:00,pending_new,,,
2026-03-19 00:49:12.176533723+00:00,1307,cancel_requested,ask,2194.1,0.1080712002206456,2026-03-19 00:49:02.669301676+00:00,112.747,2026-03-19 00:49:02.419301676+00:00,pending_cancel,pressure_stop_ask,2026-03-19 00:49:12.176533723+00:00,2026-03-19 00:49:12.426533723+00:00
2026-03-19 00:49:12.426533723+00:00,1307,cancelled,ask,2194.1,0.1080712002206456,2026-03-19 00:49:02.669301676+00:00,112.747,2026-03-19 00:49:02.419301676+00:00,cancelled,pressure_stop_ask,2026-03-19 00:49:12.176533723+00:00,2026-03-19 00:49:12.426533723+00:00
2026-03-19 00:49:13.046264352+00:00,1308,cancel_requested,bid,2193.4,0.0919287997793544,2026-03-19 00:49:07.987234239+00:00,121.52000000000001,2026-03-19 00:49:07.737234239+00:00,pending_cancel,refresh_reprice,2026-03-19 00:49:13.046264352+00:00,2026-03-19 00:49:13.296264352+00:00
2026-03-19 00:49:13.296264352+00:00,1308,cancelled,bid,2193.4,0.0919287997793544,2026-03-19 00:49:07.987234239+00:00,121.52000000000001,2026-03-19 00:49:07.737234239+00:00,cancelled,refresh_reprice,2026-03-19 00:49:13.046264352+00:00,2026-03-19 00:49:13.296264352+00:00
2026-03-19 00:49:13.352374115+00:00,1309,placed,bid,2193.8,0.0919287997793544,2026-03-19 00:49:13.602374115+00:00,126.941,2026-03-19 00:49:13.352374115+00:00,pending_new,,,
2026-03-19 00:49:15.843038186+00:00,1309,cancel_requested,bid,2193.8,0.0919287997793544,2026-03-19 00:49:13.602374115+00:00,126.941,2026-03-19 00:49:13.352374115+00:00,pending_cancel,pressure_stop_bid,2026-03-19 00:49:15.843038186+00:00,2026-03-19 00:49:16.093038186+00:00
2026-03-19 00:49:15.843038186+00:00,1310,placed,ask,2194.4,0.1080712002206456,2026-03-19 00:49:16.093038186+00:00,83.923,2026-03-19 00:49:15.843038186+00:00,pending_new,,,
2026-03-19 00:49:16.093038186+00:00,1309,cancelled,bid,2193.8,0.0919287997793544,2026-03-19 00:49:13.602374115+00:00,126.941,2026-03-19 00:49:13.352374115+00:00,cancelled,pressure_stop_bid,2026-03-19 00:49:15.843038186+00:00,2026-03-19 00:49:16.093038186+00:00
2026-03-19 00:49:16.619538101+00:00,1310,cancel_requested,ask,2194.4,0.1080712002206456,2026-03-19 00:49:16.093038186+00:00,83.923,2026-03-19 00:49:15.843038186+00:00,pending_cancel,refresh_reprice,2026-03-19 00:49:16.619538101+00:00,2026-03-19 00:49:16.869538101+00:00
2026-03-19 00:49:16.869538101+00:00,1310,cancelled,ask,2194.4,0.1080712002206456,2026-03-19 00:49:16.093038186+00:00,83.923,2026-03-19 00:49:15.843038186+00:00,cancelled,refresh_reprice,2026-03-19 00:49:16.619538101+00:00,2026-03-19 00:49:16.869538101+00:00
2026-03-19 00:49:16.872596133+00:00,1311,placed,bid,2193.5,0.0919287997793544,2026-03-19 00:49:17.122596133+00:00,68.397,2026-03-19 00:49:16.872596133+00:00,pending_new,,,
2026-03-19 00:49:16.872596133+00:00,1312,placed,ask,2194.1,0.1080712002206456,2026-03-19 00:49:17.122596133+00:00,62.65299999999999,2026-03-19 00:49:16.872596133+00:00,pending_new,,,
2026-03-19 00:49:17.382296983+00:00,1311,cancel_requested,bid,2193.5,0.0919287997793544,2026-03-19 00:49:17.122596133+00:00,68.397,2026-03-19 00:49:16.872596133+00:00,pending_cancel,pressure_stop_bid,2026-03-19 00:49:17.382296983+00:00,2026-03-19 00:49:17.632296983+00:00
2026-03-19 00:49:17.632296983+00:00,1311,cancelled,bid,2193.5,0.0919287997793544,2026-03-19 00:49:17.122596133+00:00,68.397,2026-03-19 00:49:16.872596133+00:00,cancelled,pressure_stop_bid,2026-03-19 00:49:17.382296983+00:00,2026-03-19 00:49:17.632296983+00:00
2026-03-19 00:49:26.872596133+00:00,1312,cancel_requested,ask,2194.1,0.1080712002206456,2026-03-19 00:49:17.122596133+00:00,62.65299999999999,2026-03-19 00:49:16.872596133+00:00,pending_cancel,quote_age_expired,2026-03-19 00:49:26.872596133+00:00,2026-03-19 00:49:27.122596133+00:00
2026-03-19 00:49:27.122596133+00:00,1312,cancelled,ask,2194.1,0.1080712002206456,2026-03-19 00:49:17.122596133+00:00,62.65299999999999,2026-03-19 00:49:16.872596133+00:00,cancelled,quote_age_expired,2026-03-19 00:49:26.872596133+00:00,2026-03-19 00:49:27.122596133+00:00
2026-03-19 00:49:27.312370697+00:00,1313,placed,ask,2193.9,0.10821465350426916,2026-03-19 00:49:27.562370697+00:00,106.805,2026-03-19 00:49:27.312370697+00:00,pending_new,,,
2026-03-19 00:49:28.152517496+00:00,1313,cancel_requested,ask,2193.9,0.10821465350426916,2026-03-19 00:49:27.562370697+00:00,106.805,2026-03-19 00:49:27.312370697+00:00,pending_cancel,expected_edge_ask,2026-03-19 00:49:28.152517496+00:00,2026-03-19 00:49:28.402517496+00:00
2026-03-19 00:49:28.402517496+00:00,1313,cancelled,ask,2193.9,0.10821465350426916,2026-03-19 00:49:27.562370697+00:00,106.805,2026-03-19 00:49:27.312370697+00:00,cancelled,expected_edge_ask,2026-03-19 00:49:28.152517496+00:00,2026-03-19 00:49:28.402517496+00:00
2026-03-19 00:49:33.434990649+00:00,1314,placed,bid,2193.4,0.09178534649573085,2026-03-19 00:49:33.684990649+00:00,117.311,2026-03-19 00:49:33.434990649+00:00,pending_new,,,
2026-03-19 00:49:37.137501788+00:00,1314,cancel_requested,bid,2193.4,0.09178534649573085,2026-03-19 00:49:33.684990649+00:00,117.311,2026-03-19 00:49:33.434990649+00:00,pending_cancel,expected_edge_bid,2026-03-19 00:49:37.137501788+00:00,2026-03-19 00:49:37.387501788+00:00
2026-03-19 00:49:37.387501788+00:00,1314,cancelled,bid,2193.4,0.09178534649573085,2026-03-19 00:49:33.684990649+00:00,117.311,2026-03-19 00:49:33.434990649+00:00,cancelled,expected_edge_bid,2026-03-19 00:49:37.137501788+00:00,2026-03-19 00:49:37.387501788+00:00
2026-03-19 00:49:42.435309298+00:00,1315,placed,bid,2193.3,0.09189429315488525,2026-03-19 00:49:42.685309298+00:00,171.904,2026-03-19 00:49:42.435309298+00:00,pending_new,,,
2026-03-19 00:49:42.735675418+00:00,1315,cancel_requested,bid,2193.3,0.09189429315488525,2026-03-19 00:49:42.685309298+00:00,171.904,2026-03-19 00:49:42.435309298+00:00,pending_cancel,expected_edge_bid,2026-03-19 00:49:42.735675418+00:00,2026-03-19 00:49:42.985675418+00:00
2026-03-19 00:49:42.985675418+00:00,1315,cancelled,bid,2193.3,0.09189429315488525,2026-03-19 00:49:42.685309298+00:00,171.904,2026-03-19 00:49:42.435309298+00:00,cancelled,expected_edge_bid,2026-03-19 00:49:42.735675418+00:00,2026-03-19 00:49:42.985675418+00:00
2026-03-19 00:49:48.068347585+00:00,1316,placed,bid,2193.1,0.09189429315488525,2026-03-19 00:49:48.318347585+00:00,117.298,2026-03-19 00:49:48.068347585+00:00,pending_new,,,
2026-03-19 00:49:48.068347585+00:00,1317,placed,ask,2193.7,0.10810570684511477,2026-03-19 00:49:48.318347585+00:00,72.609,2026-03-19 00:49:48.068347585+00:00,pending_new,,,
2026-03-19 00:49:48.594237870+00:00,1317,cancel_requested,ask,2193.7,0.10810570684511477,2026-03-19 00:49:48.318347585+00:00,72.609,2026-03-19 00:49:48.068347585+00:00,pending_cancel,expected_edge_ask,2026-03-19 00:49:48.594237870+00:00,2026-03-19 00:49:48.844237870+00:00
2026-03-19 00:49:48.844237870+00:00,1317,cancelled,ask,2193.7,0.10810570684511477,2026-03-19 00:49:48.318347585+00:00,72.609,2026-03-19 00:49:48.068347585+00:00,cancelled,expected_edge_ask,2026-03-19 00:49:48.594237870+00:00,2026-03-19 00:49:48.844237870+00:00
2026-03-19 00:49:54.550469784+00:00,1316,cancel_requested,bid,2193.1,0.09189429315488525,2026-03-19 00:49:48.318347585+00:00,117.298,2026-03-19 00:49:48.068347585+00:00,pending_cancel,refresh_reprice,2026-03-19 00:49:54.550469784+00:00,2026-03-19 00:49:54.800469784+00:00
2026-03-19 00:49:54.800469784+00:00,1316,cancelled,bid,2193.1,0.09189429315488525,2026-03-19 00:49:48.318347585+00:00,117.298,2026-03-19 00:49:48.068347585+00:00,cancelled,refresh_reprice,2026-03-19 00:49:54.550469784+00:00,2026-03-19 00:49:54.800469784+00:00
2026-03-19 00:49:54.843961521+00:00,1318,placed,bid,2193.4,0.09189429315488525,2026-03-19 00:49:55.093961521+00:00,48.981,2026-03-19 00:49:54.843961521+00:00,pending_new,,,
2026-03-19 00:49:55.061902203+00:00,1318,cancel_requested,bid,2193.4,0.09189429315488525,2026-03-19 00:49:55.093961521+00:00,48.981,2026-03-19 00:49:54.843961521+00:00,pending_cancel,pressure_stop_bid,2026-03-19 00:49:55.061902203+00:00,2026-03-19 00:49:55.311902203+00:00
2026-03-19 00:49:55.061902203+00:00,1319,placed,ask,2193.9,0.10810570684511477,2026-03-19 00:49:55.311902203+00:00,94.881,2026-03-19 00:49:55.061902203+00:00,pending_new,,,
2026-03-19 00:49:55.113707119+00:00,1319,cancel_requested,ask,2193.9,0.10810570684511477,2026-03-19 00:49:55.311902203+00:00,94.881,2026-03-19 00:49:55.061902203+00:00,pending_cancel,pressure_stop_ask,2026-03-19 00:49:55.113707119+00:00,2026-03-19 00:49:55.363707119+00:00
2026-03-19 00:49:55.311902203+00:00,1318,cancelled,bid,2193.4,0.09189429315488525,2026-03-19 00:49:55.093961521+00:00,48.981,2026-03-19 00:49:54.843961521+00:00,cancelled,pressure_stop_bid,2026-03-19 00:49:55.061902203+00:00,2026-03-19 00:49:55.311902203+00:00
2026-03-19 00:49:55.363707119+00:00,1319,cancelled,ask,2193.9,0.10810570684511477,2026-03-19 00:49:55.311902203+00:00,94.881,2026-03-19 00:49:55.061902203+00:00,cancelled,pressure_stop_ask,2026-03-19 00:49:55.113707119+00:00,2026-03-19 00:49:55.363707119+00:00
2026-03-19 00:49:55.367671216+00:00,1320,placed,ask,2193.3,0.10810570684511477,2026-03-19 00:49:55.617671216+00:00,73.32900000000001,2026-03-19 00:49:55.367671216+00:00,pending_new,,,
2026-03-19 00:49:56.133797624+00:00,1321,placed,bid,2192.4,0.09189429315488525,2026-03-19 00:49:56.383797624+00:00,108.478,2026-03-19 00:49:56.133797624+00:00,pending_new,,,
2026-03-19 00:49:56.133797624+00:00,1320,cancel_requested,ask,2193.3,0.10810570684511477,2026-03-19 00:49:55.617671216+00:00,73.32900000000001,2026-03-19 00:49:55.367671216+00:00,pending_cancel,refresh_reprice,2026-03-19 00:49:56.133797624+00:00,2026-03-19 00:49:56.383797624+00:00
2026-03-19 00:49:56.183253689+00:00,1321,cancel_requested,bid,2192.4,0.09189429315488525,2026-03-19 00:49:56.383797624+00:00,108.478,2026-03-19 00:49:56.133797624+00:00,pending_cancel,pressure_stop_bid,2026-03-19 00:49:56.183253689+00:00,2026-03-19 00:49:56.433253689+00:00
2026-03-19 00:49:56.383797624+00:00,1320,cancelled,ask,2193.3,0.10810570684511477,2026-03-19 00:49:55.617671216+00:00,73.32900000000001,2026-03-19 00:49:55.367671216+00:00,cancelled,refresh_reprice,2026-03-19 00:49:56.133797624+00:00,2026-03-19 00:49:56.383797624+00:00
2026-03-19 00:49:56.392778203+00:00,1322,placed,ask,2193.1,0.10810570684511477,2026-03-19 00:49:56.642778203+00:00,74.12,2026-03-19 00:49:56.392778203+00:00,pending_new,,,
2026-03-19 00:49:56.433253689+00:00,1321,cancelled,bid,2192.4,0.09189429315488525,2026-03-19 00:49:56.383797624+00:00,108.478,2026-03-19 00:49:56.133797624+00:00,cancelled,pressure_stop_bid,2026-03-19 00:49:56.183253689+00:00,2026-03-19 00:49:56.433253689+00:00
2026-03-19 00:49:56.491570873+00:00,1323,placed,bid,2192.3,0.09189429315488525,2026-03-19 00:49:56.741570873+00:00,147.23000000000002,2026-03-19 00:49:56.491570873+00:00,pending_new,,,
2026-03-19 00:49:56.593711338+00:00,1323,cancel_requested,bid,2192.3,0.09189429315488525,2026-03-19 00:49:56.741570873+00:00,147.23000000000002,2026-03-19 00:49:56.491570873+00:00,pending_cancel,pressure_stop_bid,2026-03-19 00:49:56.593711338+00:00,2026-03-19 00:49:56.843711338+00:00
2026-03-19 00:49:56.843711338+00:00,1323,cancelled,bid,2192.3,0.09189429315488525,2026-03-19 00:49:56.741570873+00:00,147.23000000000002,2026-03-19 00:49:56.491570873+00:00,cancelled,pressure_stop_bid,2026-03-19 00:49:56.593711338+00:00,2026-03-19 00:49:56.843711338+00:00
2026-03-19 00:50:00.112764211+00:00,1324,placed,bid,2192.0,0.09189429315488525,2026-03-19 00:50:00.362764211+00:00,50.690999999999995,2026-03-19 00:50:00.112764211+00:00,pending_new,,,
2026-03-19 00:50:00.112764211+00:00,1322,cancel_requested,ask,2193.1,0.10810570684511477,2026-03-19 00:49:56.642778203+00:00,74.12,2026-03-19 00:49:56.392778203+00:00,pending_cancel,refresh_reprice,2026-03-19 00:50:00.112764211+00:00,2026-03-19 00:50:00.362764211+00:00
2026-03-19 00:50:00.362764211+00:00,1322,cancelled,ask,2193.1,0.10810570684511477,2026-03-19 00:49:56.642778203+00:00,74.12,2026-03-19 00:49:56.392778203+00:00,cancelled,refresh_reprice,2026-03-19 00:50:00.112764211+00:00,2026-03-19 00:50:00.362764211+00:00
2026-03-19 00:50:00.535401655+00:00,1324,cancel_requested,bid,2192.0,0.09189429315488525,2026-03-19 00:50:00.362764211+00:00,50.690999999999995,2026-03-19 00:50:00.112764211+00:00,pending_cancel,expected_edge_bid,2026-03-19 00:50:00.535401655+00:00,2026-03-19 00:50:00.785401655+00:00
2026-03-19 00:50:00.785401655+00:00,1324,cancelled,bid,2192.0,0.09189429315488525,2026-03-19 00:50:00.362764211+00:00,50.690999999999995,2026-03-19 00:50:00.112764211+00:00,cancelled,expected_edge_bid,2026-03-19 00:50:00.535401655+00:00,2026-03-19 00:50:00.785401655+00:00
2026-03-19 00:50:00.825028233+00:00,1325,placed,bid,2192.3,0.09189429315488525,2026-03-19 00:50:01.075028233+00:00,75.229,2026-03-19 00:50:00.825028233+00:00,pending_new,,,
2026-03-19 00:50:01.490727003+00:00,1325,resized,bid,2192.3,0.09187667277456406,2026-03-19 00:50:01.075028233+00:00,75.229,,,preserve_queue_priority,,
2026-03-19 00:50:03.328559266+00:00,1325,cancel_requested,bid,2192.3,0.09187667277456406,2026-03-19 00:50:01.075028233+00:00,75.229,2026-03-19 00:50:00.825028233+00:00,pending_cancel,pressure_stop_bid,2026-03-19 00:50:03.328559266+00:00,2026-03-19 00:50:03.578559266+00:00
2026-03-19 00:50:03.328559266+00:00,1326,placed,ask,2193.2,0.10812332722543597,2026-03-19 00:50:03.578559266+00:00,51.713,2026-03-19 00:50:03.328559266+00:00,pending_new,,,
2026-03-19 00:50:03.372496476+00:00,1326,cancel_requested,ask,2193.2,0.10812332722543597,2026-03-19 00:50:03.578559266+00:00,51.713,2026-03-19 00:50:03.328559266+00:00,pending_cancel,expected_edge_ask,2026-03-19 00:50:03.372496476+00:00,2026-03-19 00:50:03.622496476+00:00
2026-03-19 00:50:03.578559266+00:00,1325,cancelled,bid,2192.3,0.09187667277456406,2026-03-19 00:50:01.075028233+00:00,75.229,2026-03-19 00:50:00.825028233+00:00,cancelled,pressure_stop_bid,2026-03-19 00:50:03.328559266+00:00,2026-03-19 00:50:03.578559266+00:00
2026-03-19 00:50:03.584272060+00:00,1327,placed,bid,2192.6,0.09187667277456406,2026-03-19 00:50:03.834272060+00:00,74.788,2026-03-19 00:50:03.584272060+00:00,pending_new,,,
2026-03-19 00:50:03.622496476+00:00,1326,cancelled,ask,2193.2,0.10812332722543597,2026-03-19 00:50:03.578559266+00:00,51.713,2026-03-19 00:50:03.328559266+00:00,cancelled,expected_edge_ask,2026-03-19 00:50:03.372496476+00:00,2026-03-19 00:50:03.622496476+00:00
2026-03-19 00:50:03.686639586+00:00,1327,cancel_requested,bid,2192.6,0.09187667277456406,2026-03-19 00:50:03.834272060+00:00,74.788,2026-03-19 00:50:03.584272060+00:00,pending_cancel,refresh_reprice,2026-03-19 00:50:03.686639586+00:00,2026-03-19 00:50:03.936639586+00:00
2026-03-19 00:50:03.936639586+00:00,1327,cancelled,bid,2192.6,0.09187667277456406,2026-03-19 00:50:03.834272060+00:00,74.788,2026-03-19 00:50:03.584272060+00:00,cancelled,refresh_reprice,2026-03-19 00:50:03.686639586+00:00,2026-03-19 00:50:03.936639586+00:00
2026-03-19 00:50:03.938420512+00:00,1328,placed,bid,2192.8,0.09187667277456406,2026-03-19 00:50:04.188420512+00:00,48.679,2026-03-19 00:50:03.938420512+00:00,pending_new,,,
2026-03-19 00:50:13.938420512+00:00,1328,cancel_requested,bid,2192.8,0.09187667277456406,2026-03-19 00:50:04.188420512+00:00,48.679,2026-03-19 00:50:03.938420512+00:00,pending_cancel,quote_age_expired,2026-03-19 00:50:13.938420512+00:00,2026-03-19 00:50:14.188420512+00:00
2026-03-19 00:50:14.188420512+00:00,1328,cancelled,bid,2192.8,0.09187667277456406,2026-03-19 00:50:04.188420512+00:00,48.679,2026-03-19 00:50:03.938420512+00:00,cancelled,quote_age_expired,2026-03-19 00:50:13.938420512+00:00,2026-03-19 00:50:14.188420512+00:00
2026-03-19 00:50:14.192737260+00:00,1329,placed,bid,2193.0,0.09187667277456406,2026-03-19 00:50:14.442737260+00:00,185.31199999999998,2026-03-19 00:50:14.192737260+00:00,pending_new,,,
2026-03-19 00:50:20.577940099+00:00,1329,cancel_requested,bid,2193.0,0.09187667277456406,2026-03-19 00:50:14.442737260+00:00,185.31199999999998,2026-03-19 00:50:14.192737260+00:00,pending_cancel,refresh_reprice,2026-03-19 00:50:20.577940099+00:00,2026-03-19 00:50:20.827940099+00:00
2026-03-19 00:50:20.827940099+00:00,1329,cancelled,bid,2193.0,0.09187667277456406,2026-03-19 00:50:14.442737260+00:00,185.31199999999998,2026-03-19 00:50:14.192737260+00:00,cancelled,refresh_reprice,2026-03-19 00:50:20.577940099+00:00,2026-03-19 00:50:20.827940099+00:00
2026-03-19 00:50:20.885306588+00:00,1330,placed,bid,2193.4,0.09187667277456406,2026-03-19 00:50:21.135306588+00:00,139.517,2026-03-19 00:50:20.885306588+00:00,pending_new,,,
2026-03-19 00:50:28.088245689+00:00,1330,cancel_requested,bid,2193.4,0.09187667277456406,2026-03-19 00:50:21.135306588+00:00,139.517,2026-03-19 00:50:20.885306588+00:00,pending_cancel,pressure_stop_bid,2026-03-19 00:50:28.088245689+00:00,2026-03-19 00:50:28.338245689+00:00
2026-03-19 00:50:28.088245689+00:00,1331,placed,ask,2194.0,0.10792081048344933,2026-03-19 00:50:28.338245689+00:00,133.109,2026-03-19 00:50:28.088245689+00:00,pending_new,,,
2026-03-19 00:50:28.338245689+00:00,1330,cancelled,bid,2193.4,0.09187667277456406,2026-03-19 00:50:21.135306588+00:00,139.517,2026-03-19 00:50:20.885306588+00:00,cancelled,pressure_stop_bid,2026-03-19 00:50:28.088245689+00:00,2026-03-19 00:50:28.338245689+00:00
2026-03-19 00:50:32.264400406+00:00,1332,placed,bid,2193.3,0.09207918951655067,2026-03-19 00:50:32.514400406+00:00,51.569,2026-03-19 00:50:32.264400406+00:00,pending_new,,,
2026-03-19 00:50:38.088245689+00:00,1331,cancel_requested,ask,2194.0,0.10792081048344933,2026-03-19 00:50:28.338245689+00:00,133.109,2026-03-19 00:50:28.088245689+00:00,pending_cancel,quote_age_expired,2026-03-19 00:50:38.088245689+00:00,2026-03-19 00:50:38.338245689+00:00
2026-03-19 00:50:38.338245689+00:00,1331,cancelled,ask,2194.0,0.10792081048344933,2026-03-19 00:50:28.338245689+00:00,133.109,2026-03-19 00:50:28.088245689+00:00,cancelled,quote_age_expired,2026-03-19 00:50:38.088245689+00:00,2026-03-19 00:50:38.338245689+00:00
2026-03-19 00:50:38.352884856+00:00,1333,placed,ask,2193.9,0.10792081048344933,2026-03-19 00:50:38.602884856+00:00,82.977,2026-03-19 00:50:38.352884856+00:00,pending_new,,,
2026-03-19 00:50:39.979195242+00:00,1332,cancel_requested,bid,2193.3,0.09207918951655067,2026-03-19 00:50:32.514400406+00:00,51.569,2026-03-19 00:50:32.264400406+00:00,pending_cancel,pressure_stop_bid,2026-03-19 00:50:39.979195242+00:00,2026-03-19 00:50:40.229195242+00:00
2026-03-19 00:50:40.229195242+00:00,1332,cancelled,bid,2193.3,0.09207918951655067,2026-03-19 00:50:32.514400406+00:00,51.569,2026-03-19 00:50:32.264400406+00:00,cancelled,pressure_stop_bid,2026-03-19 00:50:39.979195242+00:00,2026-03-19 00:50:40.229195242+00:00
2026-03-19 00:50:42.275456121+00:00,1333,cancel_requested,ask,2193.9,0.10792081048344933,2026-03-19 00:50:38.602884856+00:00,82.977,2026-03-19 00:50:38.352884856+00:00,pending_cancel,pressure_stop_ask,2026-03-19 00:50:42.275456121+00:00,2026-03-19 00:50:42.525456121+00:00
2026-03-19 00:50:42.275456121+00:00,1334,placed,bid,2193.2,0.09217871973344172,2026-03-19 00:50:42.525456121+00:00,180.296,2026-03-19 00:50:42.275456121+00:00,pending_new,,,
2026-03-19 00:50:42.525456121+00:00,1333,cancelled,ask,2193.9,0.10792081048344933,2026-03-19 00:50:38.602884856+00:00,82.977,2026-03-19 00:50:38.352884856+00:00,cancelled,pressure_stop_ask,2026-03-19 00:50:42.275456121+00:00,2026-03-19 00:50:42.525456121+00:00
2026-03-19 00:50:42.532478012+00:00,1335,placed,ask,2194.6,0.10782128026655831,2026-03-19 00:50:42.782478012+00:00,72.346,2026-03-19 00:50:42.532478012+00:00,pending_new,,,
2026-03-19 00:50:42.583017101+00:00,1335,cancel_requested,ask,2194.6,0.10782128026655831,2026-03-19 00:50:42.782478012+00:00,72.346,2026-03-19 00:50:42.532478012+00:00,pending_cancel,pressure_stop_ask,2026-03-19 00:50:42.583017101+00:00,2026-03-19 00:50:42.833017101+00:00
2026-03-19 00:50:42.583017101+00:00,1334,cancel_requested,bid,2193.2,0.09217871973344172,2026-03-19 00:50:42.525456121+00:00,180.296,2026-03-19 00:50:42.275456121+00:00,pending_cancel,refresh_reprice,2026-03-19 00:50:42.583017101+00:00,2026-03-19 00:50:42.833017101+00:00
2026-03-19 00:50:42.833017101+00:00,1334,cancelled,bid,2193.2,0.09217871973344172,2026-03-19 00:50:42.525456121+00:00,180.296,2026-03-19 00:50:42.275456121+00:00,cancelled,refresh_reprice,2026-03-19 00:50:42.583017101+00:00,2026-03-19 00:50:42.833017101+00:00
2026-03-19 00:50:42.833017101+00:00,1335,cancelled,ask,2194.6,0.10782128026655831,2026-03-19 00:50:42.782478012+00:00,72.346,2026-03-19 00:50:42.532478012+00:00,cancelled,pressure_stop_ask,2026-03-19 00:50:42.583017101+00:00,2026-03-19 00:50:42.833017101+00:00
2026-03-19 00:50:42.867010524+00:00,1336,placed,bid,2193.4,0.09217871973344172,2026-03-19 00:50:43.117010524+00:00,215.489,2026-03-19 00:50:42.867010524+00:00,pending_new,,,
2026-03-19 00:50:44.257878269+00:00,1337,placed,ask,2194.9,0.10782128026655831,2026-03-19 00:50:44.507878269+00:00,214.39,2026-03-19 00:50:44.257878269+00:00,pending_new,,,
2026-03-19 00:50:45.136881343+00:00,1336,cancel_requested,bid,2193.4,0.09217871973344172,2026-03-19 00:50:43.117010524+00:00,215.489,2026-03-19 00:50:42.867010524+00:00,pending_cancel,pressure_stop_bid,2026-03-19 00:50:45.136881343+00:00,2026-03-19 00:50:45.386881343+00:00
2026-03-19 00:50:45.136881343+00:00,1337,cancel_requested,ask,2194.9,0.10782128026655831,2026-03-19 00:50:44.507878269+00:00,214.39,2026-03-19 00:50:44.257878269+00:00,pending_cancel,refresh_reprice,2026-03-19 00:50:45.136881343+00:00,2026-03-19 00:50:45.386881343+00:00
2026-03-19 00:50:45.386881343+00:00,1336,cancelled,bid,2193.4,0.09217871973344172,2026-03-19 00:50:43.117010524+00:00,215.489,2026-03-19 00:50:42.867010524+00:00,cancelled,pressure_stop_bid,2026-03-19 00:50:45.136881343+00:00,2026-03-19 00:50:45.386881343+00:00
2026-03-19 00:50:45.386881343+00:00,1337,cancelled,ask,2194.9,0.10782128026655831,2026-03-19 00:50:44.507878269+00:00,214.39,2026-03-19 00:50:44.257878269+00:00,cancelled,refresh_reprice,2026-03-19 00:50:45.136881343+00:00,2026-03-19 00:50:45.386881343+00:00
2026-03-19 00:50:45.389188992+00:00,1338,placed,bid,2193.1,0.09217871973344172,2026-03-19 00:50:45.639188992+00:00,193.931,2026-03-19 00:50:45.389188992+00:00,pending_new,,,
2026-03-19 00:50:45.389188992+00:00,1339,placed,ask,2194.4,0.10782128026655831,2026-03-19 00:50:45.639188992+00:00,157.02700000000002,2026-03-19 00:50:45.389188992+00:00,pending_new,,,
2026-03-19 00:50:45.696507012+00:00,1338,cancel_requested,bid,2193.1,0.09217871973344172,2026-03-19 00:50:45.639188992+00:00,193.931,2026-03-19 00:50:45.389188992+00:00,pending_cancel,pressure_stop_bid,2026-03-19 00:50:45.696507012+00:00,2026-03-19 00:50:45.946507012+00:00
2026-03-19 00:50:45.946507012+00:00,1338,cancelled,bid,2193.1,0.09217871973344172,2026-03-19 00:50:45.639188992+00:00,193.931,2026-03-19 00:50:45.389188992+00:00,cancelled,pressure_stop_bid,2026-03-19 00:50:45.696507012+00:00,2026-03-19 00:50:45.946507012+00:00
2026-03-19 00:50:45.999956644+00:00,1340,placed,bid,2192.8,0.09217871973344172,2026-03-19 00:50:46.249956644+00:00,155.846,2026-03-19 00:50:45.999956644+00:00,pending_new,,,
2026-03-19 00:50:45.999956644+00:00,1339,cancel_requested,ask,2194.4,0.10782128026655831,2026-03-19 00:50:45.639188992+00:00,157.02700000000002,2026-03-19 00:50:45.389188992+00:00,pending_cancel,refresh_reprice,2026-03-19 00:50:45.999956644+00:00,2026-03-19 00:50:46.249956644+00:00
2026-03-19 00:50:46.103911807+00:00,1340,cancel_requested,bid,2192.8,0.09217871973344172,2026-03-19 00:50:46.249956644+00:00,155.846,2026-03-19 00:50:45.999956644+00:00,pending_cancel,pressure_stop_bid,2026-03-19 00:50:46.103911807+00:00,2026-03-19 00:50:46.353911807+00:00
2026-03-19 00:50:46.249956644+00:00,1339,cancelled,ask,2194.4,0.10782128026655831,2026-03-19 00:50:45.639188992+00:00,157.02700000000002,2026-03-19 00:50:45.389188992+00:00,cancelled,refresh_reprice,2026-03-19 00:50:45.999956644+00:00,2026-03-19 00:50:46.249956644+00:00
2026-03-19 00:50:46.263221462+00:00,1341,placed,ask,2194.2,0.10782128026655831,2026-03-19 00:50:46.513221462+00:00,242.217,2026-03-19 00:50:46.263221462+00:00,pending_new,,,
2026-03-19 00:50:46.353911807+00:00,1340,cancelled,bid,2192.8,0.09217871973344172,2026-03-19 00:50:46.249956644+00:00,155.846,2026-03-19 00:50:45.999956644+00:00,cancelled,pressure_stop_bid,2026-03-19 00:50:46.103911807+00:00,2026-03-19 00:50:46.353911807+00:00
2026-03-19 00:50:49.137436033+00:00,1341,cancel_requested,ask,2194.2,0.10782128026655831,2026-03-19 00:50:46.513221462+00:00,242.217,2026-03-19 00:50:46.263221462+00:00,pending_cancel,refresh_reprice,2026-03-19 00:50:49.137436033+00:00,2026-03-19 00:50:49.387436033+00:00
2026-03-19 00:50:49.387436033+00:00,1341,cancelled,ask,2194.2,0.10782128026655831,2026-03-19 00:50:46.513221462+00:00,242.217,2026-03-19 00:50:46.263221462+00:00,cancelled,refresh_reprice,2026-03-19 00:50:49.137436033+00:00,2026-03-19 00:50:49.387436033+00:00
2026-03-19 00:50:49.477218080+00:00,1342,placed,ask,2194.1,0.10782128026655831,2026-03-19 00:50:49.727218080+00:00,272.351,2026-03-19 00:50:49.477218080+00:00,pending_new,,,
2026-03-19 00:50:50.545789446+00:00,1342,cancel_requested,ask,2194.1,0.10782128026655831,2026-03-19 00:50:49.727218080+00:00,272.351,2026-03-19 00:50:49.477218080+00:00,pending_cancel,pressure_stop_ask,2026-03-19 00:50:50.545789446+00:00,2026-03-19 00:50:50.795789446+00:00
2026-03-19 00:50:50.545789446+00:00,1343,placed,bid,2192.9,0.09217871973344172,2026-03-19 00:50:50.795789446+00:00,203.932,2026-03-19 00:50:50.545789446+00:00,pending_new,,,
2026-03-19 00:50:50.795789446+00:00,1342,cancelled,ask,2194.1,0.10782128026655831,2026-03-19 00:50:49.727218080+00:00,272.351,2026-03-19 00:50:49.477218080+00:00,cancelled,pressure_stop_ask,2026-03-19 00:50:50.545789446+00:00,2026-03-19 00:50:50.795789446+00:00
2026-03-19 00:50:51.666351889+00:00,1343,cancel_requested,bid,2192.9,0.09217871973344172,2026-03-19 00:50:50.795789446+00:00,203.932,2026-03-19 00:50:50.545789446+00:00,pending_cancel,refresh_reprice,2026-03-19 00:50:51.666351889+00:00,2026-03-19 00:50:51.916351889+00:00
2026-03-19 00:50:51.666351889+00:00,1344,placed,ask,2193.9,0.10782128026655831,2026-03-19 00:50:51.916351889+00:00,62.99199999999999,2026-03-19 00:50:51.666351889+00:00,pending_new,,,
2026-03-19 00:50:51.863077965+00:00,1344,cancel_requested,ask,2193.9,0.10782128026655831,2026-03-19 00:50:51.916351889+00:00,62.99199999999999,2026-03-19 00:50:51.666351889+00:00,pending_cancel,pressure_stop_ask,2026-03-19 00:50:51.863077965+00:00,2026-03-19 00:50:52.113077965+00:00
2026-03-19 00:50:51.916351889+00:00,1343,cancelled,bid,2192.9,0.09217871973344172,2026-03-19 00:50:50.795789446+00:00,203.932,2026-03-19 00:50:50.545789446+00:00,cancelled,refresh_reprice,2026-03-19 00:50:51.666351889+00:00,2026-03-19 00:50:51.916351889+00:00
2026-03-19 00:50:51.922858618+00:00,1345,placed,bid,2193.2,0.09217871973344172,2026-03-19 00:50:52.172858618+00:00,134.112,2026-03-19 00:50:51.922858618+00:00,pending_new,,,
2026-03-19 00:50:52.113077965+00:00,1344,cancelled,ask,2193.9,0.10782128026655831,2026-03-19 00:50:51.916351889+00:00,62.99199999999999,2026-03-19 00:50:51.666351889+00:00,cancelled,pressure_stop_ask,2026-03-19 00:50:51.863077965+00:00,2026-03-19 00:50:52.113077965+00:00
2026-03-19 00:51:01.922858618+00:00,1345,cancel_requested,bid,2193.2,0.09217871973344172,2026-03-19 00:50:52.172858618+00:00,134.112,2026-03-19 00:50:51.922858618+00:00,pending_cancel,quote_age_expired,2026-03-19 00:51:01.922858618+00:00,2026-03-19 00:51:02.172858618+00:00
2026-03-19 00:51:02.172858618+00:00,1345,cancelled,bid,2193.2,0.09217871973344172,2026-03-19 00:50:52.172858618+00:00,134.112,2026-03-19 00:50:51.922858618+00:00,cancelled,quote_age_expired,2026-03-19 00:51:01.922858618+00:00,2026-03-19 00:51:02.172858618+00:00
2026-03-19 00:51:02.179961010+00:00,1346,placed,bid,2193.3,0.09221576015429774,2026-03-19 00:51:02.429961010+00:00,176.659,2026-03-19 00:51:02.179961010+00:00,pending_new,,,
2026-03-19 00:51:12.179961010+00:00,1346,cancel_requested,bid,2193.3,0.09221576015429774,2026-03-19 00:51:02.429961010+00:00,176.659,2026-03-19 00:51:02.179961010+00:00,pending_cancel,quote_age_expired,2026-03-19 00:51:12.179961010+00:00,2026-03-19 00:51:12.429961010+00:00
2026-03-19 00:51:12.429961010+00:00,1346,cancelled,bid,2193.3,0.09221576015429774,2026-03-19 00:51:02.429961010+00:00,176.659,2026-03-19 00:51:02.179961010+00:00,cancelled,quote_age_expired,2026-03-19 00:51:12.179961010+00:00,2026-03-19 00:51:12.429961010+00:00
2026-03-19 00:51:12.442408057+00:00,1347,placed,bid,2193.5,0.09221576015429774,2026-03-19 00:51:12.692408057+00:00,88.096,2026-03-19 00:51:12.442408057+00:00,pending_new,,,
2026-03-19 00:51:17.191553686+00:00,1347,cancel_requested,bid,2193.5,0.09221576015429774,2026-03-19 00:51:12.692408057+00:00,88.096,2026-03-19 00:51:12.442408057+00:00,pending_cancel,pressure_stop_bid,2026-03-19 00:51:17.191553686+00:00,2026-03-19 00:51:17.441553686+00:00
2026-03-19 00:51:17.191553686+00:00,1348,placed,ask,2194.0,0.10778423984570228,2026-03-19 00:51:17.441553686+00:00,108.182,2026-03-19 00:51:17.191553686+00:00,pending_new,,,
2026-03-19 00:51:17.441553686+00:00,1347,cancelled,bid,2193.5,0.09221576015429774,2026-03-19 00:51:12.692408057+00:00,88.096,2026-03-19 00:51:12.442408057+00:00,cancelled,pressure_stop_bid,2026-03-19 00:51:17.191553686+00:00,2026-03-19 00:51:17.441553686+00:00
2026-03-19 00:51:18.620193570+00:00,1348,cancel_requested,ask,2194.0,0.10778423984570228,2026-03-19 00:51:17.441553686+00:00,108.182,2026-03-19 00:51:17.191553686+00:00,pending_cancel,refresh_reprice,2026-03-19 00:51:18.620193570+00:00,2026-03-19 00:51:18.870193570+00:00
2026-03-19 00:51:18.723581468+00:00,1349,placed,bid,2193.0,0.09221576015429774,2026-03-19 00:51:18.973581468+00:00,62.88099999999999,2026-03-19 00:51:18.723581468+00:00,pending_new,,,
2026-03-19 00:51:18.870193570+00:00,1348,cancelled,ask,2194.0,0.10778423984570228,2026-03-19 00:51:17.441553686+00:00,108.182,2026-03-19 00:51:17.191553686+00:00,cancelled,refresh_reprice,2026-03-19 00:51:18.620193570+00:00,2026-03-19 00:51:18.870193570+00:00
2026-03-19 00:51:18.923974145+00:00,1350,placed,ask,2193.6,0.10778423984570228,2026-03-19 00:51:19.173974145+00:00,52.257999999999996,2026-03-19 00:51:18.923974145+00:00,pending_new,,,
2026-03-19 00:51:18.953180397+00:00,1349,cancel_requested,bid,2193.0,0.09221576015429774,2026-03-19 00:51:18.973581468+00:00,62.88099999999999,2026-03-19 00:51:18.723581468+00:00,pending_cancel,expected_edge_bid,2026-03-19 00:51:18.953180397+00:00,2026-03-19 00:51:19.203180397+00:00
2026-03-19 00:51:18.953180397+00:00,1350,cancel_requested,ask,2193.6,0.10778423984570228,2026-03-19 00:51:19.173974145+00:00,52.257999999999996,2026-03-19 00:51:18.923974145+00:00,pending_cancel,expected_edge_ask,2026-03-19 00:51:18.953180397+00:00,2026-03-19 00:51:19.203180397+00:00
2026-03-19 00:51:19.203180397+00:00,1349,cancelled,bid,2193.0,0.09221576015429774,2026-03-19 00:51:18.973581468+00:00,62.88099999999999,2026-03-19 00:51:18.723581468+00:00,cancelled,expected_edge_bid,2026-03-19 00:51:18.953180397+00:00,2026-03-19 00:51:19.203180397+00:00
2026-03-19 00:51:19.203180397+00:00,1350,cancelled,ask,2193.6,0.10778423984570228,2026-03-19 00:51:19.173974145+00:00,52.257999999999996,2026-03-19 00:51:18.923974145+00:00,cancelled,expected_edge_ask,2026-03-19 00:51:18.953180397+00:00,2026-03-19 00:51:19.203180397+00:00
2026-03-19 00:51:19.224828636+00:00,1351,placed,ask,2193.5,0.10778423984570228,2026-03-19 00:51:19.474828636+00:00,48.044,2026-03-19 00:51:19.224828636+00:00,pending_new,,,
2026-03-19 00:51:19.291050026+00:00,1351,cancel_requested,ask,2193.5,0.10778423984570228,2026-03-19 00:51:19.474828636+00:00,48.044,2026-03-19 00:51:19.224828636+00:00,pending_cancel,expected_edge_ask,2026-03-19 00:51:19.291050026+00:00,2026-03-19 00:51:19.541050026+00:00
2026-03-19 00:51:19.291050026+00:00,1352,placed,bid,2193.0,0.09221576015429774,2026-03-19 00:51:19.541050026+00:00,56.949,2026-03-19 00:51:19.291050026+00:00,pending_new,,,
2026-03-19 00:51:19.541050026+00:00,1351,cancelled,ask,2193.5,0.10778423984570228,2026-03-19 00:51:19.474828636+00:00,48.044,2026-03-19 00:51:19.224828636+00:00,cancelled,expected_edge_ask,2026-03-19 00:51:19.291050026+00:00,2026-03-19 00:51:19.541050026+00:00
2026-03-19 00:51:20.290955170+00:00,1352,cancel_requested,bid,2193.0,0.09221576015429774,2026-03-19 00:51:19.541050026+00:00,56.949,2026-03-19 00:51:19.291050026+00:00,pending_cancel,expected_edge_bid,2026-03-19 00:51:20.290955170+00:00,2026-03-19 00:51:20.540955170+00:00
2026-03-19 00:51:20.290955170+00:00,1353,placed,ask,2193.5,0.10778423984570228,2026-03-19 00:51:20.540955170+00:00,80.052,2026-03-19 00:51:20.290955170+00:00,pending_new,,,
2026-03-19 00:51:20.540955170+00:00,1352,cancelled,bid,2193.0,0.09221576015429774,2026-03-19 00:51:19.541050026+00:00,56.949,2026-03-19 00:51:19.291050026+00:00,cancelled,expected_edge_bid,2026-03-19 00:51:20.290955170+00:00,2026-03-19 00:51:20.540955170+00:00
2026-03-19 00:51:20.813083520+00:00,1353,cancel_requested,ask,2193.5,0.10778423984570228,2026-03-19 00:51:20.540955170+00:00,80.052,2026-03-19 00:51:20.290955170+00:00,pending_cancel,refresh_reprice,2026-03-19 00:51:20.813083520+00:00,2026-03-19 00:51:21.063083520+00:00
2026-03-19 00:51:21.063083520+00:00,1353,cancelled,ask,2193.5,0.10778423984570228,2026-03-19 00:51:20.540955170+00:00,80.052,2026-03-19 00:51:20.290955170+00:00,cancelled,refresh_reprice,2026-03-19 00:51:20.813083520+00:00,2026-03-19 00:51:21.063083520+00:00
2026-03-19 00:51:21.070806685+00:00,1354,placed,bid,2192.7,0.09235319100558578,2026-03-19 00:51:21.320806685+00:00,42.881,2026-03-19 00:51:21.070806685+00:00,pending_new,,,
2026-03-19 00:51:23.162603698+00:00,1354,cancel_requested,bid,2192.7,0.09235319100558578,2026-03-19 00:51:21.320806685+00:00,42.881,2026-03-19 00:51:21.070806685+00:00,pending_cancel,refresh_reprice,2026-03-19 00:51:23.162603698+00:00,2026-03-19 00:51:23.412603698+00:00
2026-03-19 00:51:23.162603698+00:00,1355,placed,ask,2193.6,0.10764680899441424,2026-03-19 00:51:23.412603698+00:00,43.656,2026-03-19 00:51:23.162603698+00:00,pending_new,,,
2026-03-19 00:51:23.203081650+00:00,1355,cancel_requested,ask,2193.6,0.10764680899441424,2026-03-19 00:51:23.412603698+00:00,43.656,2026-03-19 00:51:23.162603698+00:00,pending_cancel,pressure_stop_ask,2026-03-19 00:51:23.203081650+00:00,2026-03-19 00:51:23.453081650+00:00
2026-03-19 00:51:23.412603698+00:00,1354,cancelled,bid,2192.7,0.09235319100558578,2026-03-19 00:51:21.320806685+00:00,42.881,2026-03-19 00:51:21.070806685+00:00,cancelled,refresh_reprice,2026-03-19 00:51:23.162603698+00:00,2026-03-19 00:51:23.412603698+00:00
2026-03-19 00:51:23.453081650+00:00,1355,cancelled,ask,2193.6,0.10764680899441424,2026-03-19 00:51:23.412603698+00:00,43.656,2026-03-19 00:51:23.162603698+00:00,cancelled,pressure_stop_ask,2026-03-19 00:51:23.203081650+00:00,2026-03-19 00:51:23.453081650+00:00
2026-03-19 00:51:23.463247556+00:00,1356,placed,bid,2193.0,0.09235319100558578,2026-03-19 00:51:23.713247556+00:00,60.613,2026-03-19 00:51:23.463247556+00:00,pending_new,,,
2026-03-19 00:51:24.234468172+00:00,1356,cancel_requested,bid,2193.0,0.09235319100558578,2026-03-19 00:51:23.713247556+00:00,60.613,2026-03-19 00:51:23.463247556+00:00,pending_cancel,pressure_stop_bid,2026-03-19 00:51:24.234468172+00:00,2026-03-19 00:51:24.484468172+00:00
2026-03-19 00:51:24.234468172+00:00,1357,placed,ask,2193.4,0.10764680899441424,2026-03-19 00:51:24.484468172+00:00,81.931,2026-03-19 00:51:24.234468172+00:00,pending_new,,,
2026-03-19 00:51:24.484468172+00:00,1356,cancelled,bid,2193.0,0.09235319100558578,2026-03-19 00:51:23.713247556+00:00,60.613,2026-03-19 00:51:23.463247556+00:00,cancelled,pressure_stop_bid,2026-03-19 00:51:24.234468172+00:00,2026-03-19 00:51:24.484468172+00:00
2026-03-19 00:51:26.528764580+00:00,1357,cancel_requested,ask,2193.4,0.10764680899441424,2026-03-19 00:51:24.484468172+00:00,81.931,2026-03-19 00:51:24.234468172+00:00,pending_cancel,expected_edge_ask,2026-03-19 00:51:26.528764580+00:00,2026-03-19 00:51:26.778764580+00:00
2026-03-19 00:51:26.778764580+00:00,1357,cancelled,ask,2193.4,0.10764680899441424,2026-03-19 00:51:24.484468172+00:00,81.931,2026-03-19 00:51:24.234468172+00:00,cancelled,expected_edge_ask,2026-03-19 00:51:26.528764580+00:00,2026-03-19 00:51:26.778764580+00:00
2026-03-19 00:51:26.820573389+00:00,1358,placed,bid,2192.8,0.09235319100558578,2026-03-19 00:51:27.070573389+00:00,120.833,2026-03-19 00:51:26.820573389+00:00,pending_new,,,
2026-03-19 00:51:26.820573389+00:00,1359,placed,ask,2193.4,0.10764680899441424,2026-03-19 00:51:27.070573389+00:00,82.84100000000001,2026-03-19 00:51:26.820573389+00:00,pending_new,,,
2026-03-19 00:51:26.935877090+00:00,1358,cancel_requested,bid,2192.8,0.09235319100558578,2026-03-19 00:51:27.070573389+00:00,120.833,2026-03-19 00:51:26.820573389+00:00,pending_cancel,expected_edge_bid,2026-03-19 00:51:26.935877090+00:00,2026-03-19 00:51:27.185877090+00:00
2026-03-19 00:51:26.935877090+00:00,1359,cancel_requested,ask,2193.4,0.10764680899441424,2026-03-19 00:51:27.070573389+00:00,82.84100000000001,2026-03-19 00:51:26.820573389+00:00,pending_cancel,expected_edge_ask,2026-03-19 00:51:26.935877090+00:00,2026-03-19 00:51:27.185877090+00:00
2026-03-19 00:51:27.185877090+00:00,1358,cancelled,bid,2192.8,0.09235319100558578,2026-03-19 00:51:27.070573389+00:00,120.833,2026-03-19 00:51:26.820573389+00:00,cancelled,expected_edge_bid,2026-03-19 00:51:26.935877090+00:00,2026-03-19 00:51:27.185877090+00:00
2026-03-19 00:51:27.185877090+00:00,1359,cancelled,ask,2193.4,0.10764680899441424,2026-03-19 00:51:27.070573389+00:00,82.84100000000001,2026-03-19 00:51:26.820573389+00:00,cancelled,expected_edge_ask,2026-03-19 00:51:26.935877090+00:00,2026-03-19 00:51:27.185877090+00:00
2026-03-19 00:51:32.249931196+00:00,1360,placed,bid,2193.2,0.09235319100558578,2026-03-19 00:51:32.499931196+00:00,66.275,2026-03-19 00:51:32.249931196+00:00,pending_new,,,
2026-03-19 00:51:35.768324726+00:00,1360,cancel_requested,bid,2193.2,0.09235319100558578,2026-03-19 00:51:32.499931196+00:00,66.275,2026-03-19 00:51:32.249931196+00:00,pending_cancel,pressure_stop_bid,2026-03-19 00:51:35.768324726+00:00,2026-03-19 00:51:36.018324726+00:00
2026-03-19 00:51:35.768324726+00:00,1361,placed,ask,2193.7,0.10764680899441424,2026-03-19 00:51:36.018324726+00:00,135.368,2026-03-19 00:51:35.768324726+00:00,pending_new,,,
2026-03-19 00:51:36.018324726+00:00,1360,cancelled,bid,2193.2,0.09235319100558578,2026-03-19 00:51:32.499931196+00:00,66.275,2026-03-19 00:51:32.249931196+00:00,cancelled,pressure_stop_bid,2026-03-19 00:51:35.768324726+00:00,2026-03-19 00:51:36.018324726+00:00
2026-03-19 00:51:38.318238289+00:00,1361,cancel_requested,ask,2193.7,0.10764680899441424,2026-03-19 00:51:36.018324726+00:00,135.368,2026-03-19 00:51:35.768324726+00:00,pending_cancel,expected_edge_ask,2026-03-19 00:51:38.318238289+00:00,2026-03-19 00:51:38.568238289+00:00
2026-03-19 00:51:38.318238289+00:00,1362,placed,bid,2193.2,0.09235319100558578,2026-03-19 00:51:38.568238289+00:00,76.161,2026-03-19 00:51:38.318238289+00:00,pending_new,,,
2026-03-19 00:51:38.568238289+00:00,1361,cancelled,ask,2193.7,0.10764680899441424,2026-03-19 00:51:36.018324726+00:00,135.368,2026-03-19 00:51:35.768324726+00:00,cancelled,expected_edge_ask,2026-03-19 00:51:38.318238289+00:00,2026-03-19 00:51:38.568238289+00:00
2026-03-19 00:51:38.578390449+00:00,1363,placed,ask,2193.8,0.10764680899441424,2026-03-19 00:51:38.828390449+00:00,72.257,2026-03-19 00:51:38.578390449+00:00,pending_new,,,
2026-03-19 00:51:38.724513105+00:00,1363,cancel_requested,ask,2193.8,0.10764680899441424,2026-03-19 00:51:38.828390449+00:00,72.257,2026-03-19 00:51:38.578390449+00:00,pending_cancel,pressure_stop_ask,2026-03-19 00:51:38.724513105+00:00,2026-03-19 00:51:38.974513105+00:00
2026-03-19 00:51:38.974513105+00:00,1363,cancelled,ask,2193.8,0.10764680899441424,2026-03-19 00:51:38.828390449+00:00,72.257,2026-03-19 00:51:38.578390449+00:00,cancelled,pressure_stop_ask,2026-03-19 00:51:38.724513105+00:00,2026-03-19 00:51:38.974513105+00:00
2026-03-19 00:51:39.189944473+00:00,1362,cancel_requested,bid,2193.2,0.09235319100558578,2026-03-19 00:51:38.568238289+00:00,76.161,2026-03-19 00:51:38.318238289+00:00,pending_cancel,pressure_stop_bid,2026-03-19 00:51:39.189944473+00:00,2026-03-19 00:51:39.439944473+00:00
2026-03-19 00:51:39.189944473+00:00,1364,placed,ask,2193.7,0.10764680899441424,2026-03-19 00:51:39.439944473+00:00,125.543,2026-03-19 00:51:39.189944473+00:00,pending_new,,,
2026-03-19 00:51:39.439944473+00:00,1362,cancelled,bid,2193.2,0.09235319100558578,2026-03-19 00:51:38.568238289+00:00,76.161,2026-03-19 00:51:38.318238289+00:00,cancelled,pressure_stop_bid,2026-03-19 00:51:39.189944473+00:00,2026-03-19 00:51:39.439944473+00:00
2026-03-19 00:51:44.547710948+00:00,1364,resized,ask,2193.7,0.10754140434748088,2026-03-19 00:51:39.439944473+00:00,125.543,,,preserve_queue_priority,,
2026-03-19 00:51:48.784135526+00:00,1365,placed,bid,2192.9,0.09245859565251913,2026-03-19 00:51:49.034135526+00:00,107.111,2026-03-19 00:51:48.784135526+00:00,pending_new,,,
2026-03-19 00:51:49.147238312+00:00,1365,cancel_requested,bid,2192.9,0.09245859565251913,2026-03-19 00:51:49.034135526+00:00,107.111,2026-03-19 00:51:48.784135526+00:00,pending_cancel,expected_edge_bid,2026-03-19 00:51:49.147238312+00:00,2026-03-19 00:51:49.397238312+00:00
2026-03-19 00:51:49.189944473+00:00,1364,cancel_requested,ask,2193.7,0.10754140434748088,2026-03-19 00:51:39.439944473+00:00,125.543,2026-03-19 00:51:39.189944473+00:00,pending_cancel,quote_age_expired,2026-03-19 00:51:49.189944473+00:00,2026-03-19 00:51:49.439944473+00:00
2026-03-19 00:51:49.397238312+00:00,1365,cancelled,bid,2192.9,0.09245859565251913,2026-03-19 00:51:49.034135526+00:00,107.111,2026-03-19 00:51:48.784135526+00:00,cancelled,expected_edge_bid,2026-03-19 00:51:49.147238312+00:00,2026-03-19 00:51:49.397238312+00:00
2026-03-19 00:51:49.439944473+00:00,1364,cancelled,ask,2193.7,0.10754140434748088,2026-03-19 00:51:39.439944473+00:00,125.543,2026-03-19 00:51:39.189944473+00:00,cancelled,quote_age_expired,2026-03-19 00:51:49.189944473+00:00,2026-03-19 00:51:49.439944473+00:00
2026-03-19 00:51:54.540890067+00:00,1366,placed,ask,2192.8,0.10754140434748088,2026-03-19 00:51:54.790890067+00:00,86.85799999999999,2026-03-19 00:51:54.540890067+00:00,pending_new,,,
2026-03-19 00:51:55.268893169+00:00,1366,cancel_requested,ask,2192.8,0.10754140434748088,2026-03-19 00:51:54.790890067+00:00,86.85799999999999,2026-03-19 00:51:54.540890067+00:00,pending_cancel,expected_edge_ask,2026-03-19 00:51:55.268893169+00:00,2026-03-19 00:51:55.518893169+00:00
2026-03-19 00:51:55.518893169+00:00,1366,cancelled,ask,2192.8,0.10754140434748088,2026-03-19 00:51:54.790890067+00:00,86.85799999999999,2026-03-19 00:51:54.540890067+00:00,cancelled,expected_edge_ask,2026-03-19 00:51:55.268893169+00:00,2026-03-19 00:51:55.518893169+00:00
2026-03-19 00:51:55.577671359+00:00,1367,placed,bid,2192.2,0.09245859565251913,2026-03-19 00:51:55.827671359+00:00,69.078,2026-03-19 00:51:55.577671359+00:00,pending_new,,,
2026-03-19 00:51:55.577671359+00:00,1368,placed,ask,2192.8,0.10754140434748088,2026-03-19 00:51:55.827671359+00:00,64.953,2026-03-19 00:51:55.577671359+00:00,pending_new,,,
2026-03-19 00:51:55.679157399+00:00,1367,cancel_requested,bid,2192.2,0.09245859565251913,2026-03-19 00:51:55.827671359+00:00,69.078,2026-03-19 00:51:55.577671359+00:00,pending_cancel,expected_edge_bid,2026-03-19 00:51:55.679157399+00:00,2026-03-19 00:51:55.929157399+00:00
2026-03-19 00:51:55.728938150+00:00,1368,cancel_requested,ask,2192.8,0.10754140434748088,2026-03-19 00:51:55.827671359+00:00,64.953,2026-03-19 00:51:55.577671359+00:00,pending_cancel,expected_edge_ask,2026-03-19 00:51:55.728938150+00:00,2026-03-19 00:51:55.978938150+00:00
2026-03-19 00:51:55.929157399+00:00,1367,cancelled,bid,2192.2,0.09245859565251913,2026-03-19 00:51:55.827671359+00:00,69.078,2026-03-19 00:51:55.577671359+00:00,cancelled,expected_edge_bid,2026-03-19 00:51:55.679157399+00:00,2026-03-19 00:51:55.929157399+00:00
2026-03-19 00:51:55.935212255+00:00,1369,placed,bid,2192.3,0.09245859565251913,2026-03-19 00:51:56.185212255+00:00,157.034,2026-03-19 00:51:55.935212255+00:00,pending_new,,,
2026-03-19 00:51:55.978938150+00:00,1368,cancelled,ask,2192.8,0.10754140434748088,2026-03-19 00:51:55.827671359+00:00,64.953,2026-03-19 00:51:55.577671359+00:00,cancelled,expected_edge_ask,2026-03-19 00:51:55.728938150+00:00,2026-03-19 00:51:55.978938150+00:00
2026-03-19 00:51:57.363565931+00:00,1369,cancel_requested,bid,2192.3,0.09245859565251913,2026-03-19 00:51:56.185212255+00:00,157.034,2026-03-19 00:51:55.935212255+00:00,pending_cancel,expected_edge_bid,2026-03-19 00:51:57.363565931+00:00,2026-03-19 00:51:57.613565931+00:00
2026-03-19 00:51:57.613565931+00:00,1369,cancelled,bid,2192.3,0.09245859565251913,2026-03-19 00:51:56.185212255+00:00,157.034,2026-03-19 00:51:55.935212255+00:00,cancelled,expected_edge_bid,2026-03-19 00:51:57.363565931+00:00,2026-03-19 00:51:57.613565931+00:00
2026-03-19 00:51:57.616425462+00:00,1370,placed,bid,2192.4,0.09245859565251913,2026-03-19 00:51:57.866425462+00:00,61.122,2026-03-19 00:51:57.616425462+00:00,pending_new,,,
2026-03-19 00:52:00.628747333+00:00,1370,cancel_requested,bid,2192.4,0.09245859565251913,2026-03-19 00:51:57.866425462+00:00,61.122,2026-03-19 00:51:57.616425462+00:00,pending_cancel,refresh_reprice,2026-03-19 00:52:00.628747333+00:00,2026-03-19 00:52:00.878747333+00:00
2026-03-19 00:52:00.878747333+00:00,1370,cancelled,bid,2192.4,0.09245859565251913,2026-03-19 00:51:57.866425462+00:00,61.122,2026-03-19 00:51:57.616425462+00:00,cancelled,refresh_reprice,2026-03-19 00:52:00.628747333+00:00,2026-03-19 00:52:00.878747333+00:00
2026-03-19 00:52:00.896071881+00:00,1371,placed,bid,2192.8,0.09245859565251913,2026-03-19 00:52:01.146071881+00:00,117.892,2026-03-19 00:52:00.896071881+00:00,pending_new,,,
2026-03-19 00:52:05.884723755+00:00,1371,cancel_requested,bid,2192.8,0.09245859565251913,2026-03-19 00:52:01.146071881+00:00,117.892,2026-03-19 00:52:00.896071881+00:00,pending_cancel,expected_edge_bid,2026-03-19 00:52:05.884723755+00:00,2026-03-19 00:52:06.134723755+00:00
2026-03-19 00:52:06.134723755+00:00,1371,cancelled,bid,2192.8,0.09245859565251913,2026-03-19 00:52:01.146071881+00:00,117.892,2026-03-19 00:52:00.896071881+00:00,cancelled,expected_edge_bid,2026-03-19 00:52:05.884723755+00:00,2026-03-19 00:52:06.134723755+00:00
2026-03-19 00:52:11.222212586+00:00,1372,placed,ask,2193.3,0.10747703269559435,2026-03-19 00:52:11.472212586+00:00,147.98399999999998,2026-03-19 00:52:11.222212586+00:00,pending_new,,,
2026-03-19 00:52:12.257267365+00:00,1372,cancel_requested,ask,2193.3,0.10747703269559435,2026-03-19 00:52:11.472212586+00:00,147.98399999999998,2026-03-19 00:52:11.222212586+00:00,pending_cancel,refresh_reprice,2026-03-19 00:52:12.257267365+00:00,2026-03-19 00:52:12.507267365+00:00
2026-03-19 00:52:12.507267365+00:00,1372,cancelled,ask,2193.3,0.10747703269559435,2026-03-19 00:52:11.472212586+00:00,147.98399999999998,2026-03-19 00:52:11.222212586+00:00,cancelled,refresh_reprice,2026-03-19 00:52:12.257267365+00:00,2026-03-19 00:52:12.507267365+00:00
2026-03-19 00:52:12.574022824+00:00,1373,placed,ask,2193.1,0.10747703269559435,2026-03-19 00:52:12.824022824+00:00,114.369,2026-03-19 00:52:12.574022824+00:00,pending_new,,,
2026-03-19 00:52:14.966928500+00:00,1374,placed,bid,2191.5,0.09252296730440566,2026-03-19 00:52:15.216928500+00:00,118.91199999999999,2026-03-19 00:52:14.966928500+00:00,pending_new,,,
2026-03-19 00:52:14.966928500+00:00,1373,cancel_requested,ask,2193.1,0.10747703269559435,2026-03-19 00:52:12.824022824+00:00,114.369,2026-03-19 00:52:12.574022824+00:00,pending_cancel,refresh_reprice,2026-03-19 00:52:14.966928500+00:00,2026-03-19 00:52:15.216928500+00:00
2026-03-19 00:52:15.216928500+00:00,1373,cancelled,ask,2193.1,0.10747703269559435,2026-03-19 00:52:12.824022824+00:00,114.369,2026-03-19 00:52:12.574022824+00:00,cancelled,refresh_reprice,2026-03-19 00:52:14.966928500+00:00,2026-03-19 00:52:15.216928500+00:00
2026-03-19 00:52:15.267312554+00:00,1375,placed,ask,2192.8,0.10747703269559435,2026-03-19 00:52:15.517312554+00:00,203.928,2026-03-19 00:52:15.267312554+00:00,pending_new,,,
2026-03-19 00:52:16.085322297+00:00,1374,cancel_requested,bid,2191.5,0.09252296730440566,2026-03-19 00:52:15.216928500+00:00,118.91199999999999,2026-03-19 00:52:14.966928500+00:00,pending_cancel,pressure_stop_bid,2026-03-19 00:52:16.085322297+00:00,2026-03-19 00:52:16.335322297+00:00
2026-03-19 00:52:16.335322297+00:00,1374,cancelled,bid,2191.5,0.09252296730440566,2026-03-19 00:52:15.216928500+00:00,118.91199999999999,2026-03-19 00:52:14.966928500+00:00,cancelled,pressure_stop_bid,2026-03-19 00:52:16.085322297+00:00,2026-03-19 00:52:16.335322297+00:00
2026-03-19 00:52:16.342481395+00:00,1376,placed,bid,2191.5,0.09252296730440566,2026-03-19 00:52:16.592481395+00:00,170.227,2026-03-19 00:52:16.342481395+00:00,pending_new,,,
2026-03-19 00:52:16.449391380+00:00,1376,cancel_requested,bid,2191.5,0.09252296730440566,2026-03-19 00:52:16.592481395+00:00,170.227,2026-03-19 00:52:16.342481395+00:00,pending_cancel,pressure_stop_bid,2026-03-19 00:52:16.449391380+00:00,2026-03-19 00:52:16.699391380+00:00
2026-03-19 00:52:16.449391380+00:00,1375,cancel_requested,ask,2192.8,0.10747703269559435,2026-03-19 00:52:15.517312554+00:00,203.928,2026-03-19 00:52:15.267312554+00:00,pending_cancel,refresh_reprice,2026-03-19 00:52:16.449391380+00:00,2026-03-19 00:52:16.699391380+00:00
2026-03-19 00:52:16.699391380+00:00,1376,cancelled,bid,2191.5,0.09252296730440566,2026-03-19 00:52:16.592481395+00:00,170.227,2026-03-19 00:52:16.342481395+00:00,cancelled,pressure_stop_bid,2026-03-19 00:52:16.449391380+00:00,2026-03-19 00:52:16.699391380+00:00
2026-03-19 00:52:16.699391380+00:00,1375,cancelled,ask,2192.8,0.10747703269559435,2026-03-19 00:52:15.517312554+00:00,203.928,2026-03-19 00:52:15.267312554+00:00,cancelled,refresh_reprice,2026-03-19 00:52:16.449391380+00:00,2026-03-19 00:52:16.699391380+00:00
2026-03-19 00:52:16.749165902+00:00,1377,placed,ask,2192.4,0.10747703269559435,2026-03-19 00:52:16.999165902+00:00,215.78699999999998,2026-03-19 00:52:16.749165902+00:00,pending_new,,,
2026-03-19 00:52:18.688480998+00:00,1378,placed,bid,2191.4,0.09252296730440566,2026-03-19 00:52:18.938480998+00:00,109.356,2026-03-19 00:52:18.688480998+00:00,pending_new,,,
2026-03-19 00:52:18.688480998+00:00,1377,cancel_requested,ask,2192.4,0.10747703269559435,2026-03-19 00:52:16.999165902+00:00,215.78699999999998,2026-03-19 00:52:16.749165902+00:00,pending_cancel,refresh_reprice,2026-03-19 00:52:18.688480998+00:00,2026-03-19 00:52:18.938480998+00:00
2026-03-19 00:52:18.938480998+00:00,1377,cancelled,ask,2192.4,0.10747703269559435,2026-03-19 00:52:16.999165902+00:00,215.78699999999998,2026-03-19 00:52:16.749165902+00:00,cancelled,refresh_reprice,2026-03-19 00:52:18.688480998+00:00,2026-03-19 00:52:18.938480998+00:00
2026-03-19 00:52:18.949785194+00:00,1379,placed,ask,2192.1,0.10747703269559435,2026-03-19 00:52:19.199785194+00:00,90.881,2026-03-19 00:52:18.949785194+00:00,pending_new,,,
2026-03-19 00:52:21.947021593+00:00,1378,cancel_requested,bid,2191.4,0.09252296730440566,2026-03-19 00:52:18.938480998+00:00,109.356,2026-03-19 00:52:18.688480998+00:00,pending_cancel,pressure_stop_bid,2026-03-19 00:52:21.947021593+00:00,2026-03-19 00:52:22.197021593+00:00
2026-03-19 00:52:22.197021593+00:00,1378,cancelled,bid,2191.4,0.09252296730440566,2026-03-19 00:52:18.938480998+00:00,109.356,2026-03-19 00:52:18.688480998+00:00,cancelled,pressure_stop_bid,2026-03-19 00:52:21.947021593+00:00,2026-03-19 00:52:22.197021593+00:00
2026-03-19 00:52:22.235662124+00:00,1379,resized,ask,2192.1,0.10747327684352502,2026-03-19 00:52:19.199785194+00:00,90.881,,,preserve_queue_priority,,
2026-03-19 00:52:22.673611643+00:00,1380,placed,bid,2191.4,0.09252672315647499,2026-03-19 00:52:22.923611643+00:00,86.89699999999999,2026-03-19 00:52:22.673611643+00:00,pending_new,,,
2026-03-19 00:52:22.723989871+00:00,1379,cancel_requested,ask,2192.1,0.10747327684352502,2026-03-19 00:52:19.199785194+00:00,90.881,2026-03-19 00:52:18.949785194+00:00,pending_cancel,expected_edge_ask,2026-03-19 00:52:22.723989871+00:00,2026-03-19 00:52:22.973989871+00:00
2026-03-19 00:52:22.973989871+00:00,1379,cancelled,ask,2192.1,0.10747327684352502,2026-03-19 00:52:19.199785194+00:00,90.881,2026-03-19 00:52:18.949785194+00:00,cancelled,expected_edge_ask,2026-03-19 00:52:22.723989871+00:00,2026-03-19 00:52:22.973989871+00:00
2026-03-19 00:52:23.642651032+00:00,1380,cancel_requested,bid,2191.4,0.09252672315647499,2026-03-19 00:52:22.923611643+00:00,86.89699999999999,2026-03-19 00:52:22.673611643+00:00,pending_cancel,pressure_stop_bid,2026-03-19 00:52:23.642651032+00:00,2026-03-19 00:52:23.892651032+00:00
2026-03-19 00:52:23.642651032+00:00,1381,placed,ask,2192.0,0.10747327684352502,2026-03-19 00:52:23.892651032+00:00,89.33699999999999,2026-03-19 00:52:23.642651032+00:00,pending_new,,,
2026-03-19 00:52:23.795454146+00:00,1381,cancel_requested,ask,2192.0,0.10747327684352502,2026-03-19 00:52:23.892651032+00:00,89.33699999999999,2026-03-19 00:52:23.642651032+00:00,pending_cancel,refresh_reprice,2026-03-19 00:52:23.795454146+00:00,2026-03-19 00:52:24.045454146+00:00
2026-03-19 00:52:23.892651032+00:00,1380,cancelled,bid,2191.4,0.09252672315647499,2026-03-19 00:52:22.923611643+00:00,86.89699999999999,2026-03-19 00:52:22.673611643+00:00,cancelled,pressure_stop_bid,2026-03-19 00:52:23.642651032+00:00,2026-03-19 00:52:23.892651032+00:00
2026-03-19 00:52:23.897709510+00:00,1382,placed,bid,2191.1,0.09252672315647499,2026-03-19 00:52:24.147709510+00:00,71.472,2026-03-19 00:52:23.897709510+00:00,pending_new,,,
2026-03-19 00:52:24.045454146+00:00,1381,cancelled,ask,2192.0,0.10747327684352502,2026-03-19 00:52:23.892651032+00:00,89.33699999999999,2026-03-19 00:52:23.642651032+00:00,cancelled,refresh_reprice,2026-03-19 00:52:23.795454146+00:00,2026-03-19 00:52:24.045454146+00:00
2026-03-19 00:52:27.825035202+00:00,1382,cancel_requested,bid,2191.1,0.09252672315647499,2026-03-19 00:52:24.147709510+00:00,71.472,2026-03-19 00:52:23.897709510+00:00,pending_cancel,refresh_reprice,2026-03-19 00:52:27.825035202+00:00,2026-03-19 00:52:28.075035202+00:00
2026-03-19 00:52:27.825035202+00:00,1383,placed,ask,2192.0,0.10747327684352502,2026-03-19 00:52:28.075035202+00:00,42.223,2026-03-19 00:52:27.825035202+00:00,pending_new,,,
2026-03-19 00:52:28.075035202+00:00,1382,cancelled,bid,2191.1,0.09252672315647499,2026-03-19 00:52:24.147709510+00:00,71.472,2026-03-19 00:52:23.897709510+00:00,cancelled,refresh_reprice,2026-03-19 00:52:27.825035202+00:00,2026-03-19 00:52:28.075035202+00:00
2026-03-19 00:52:28.133999624+00:00,1384,placed,bid,2191.4,0.09252672315647499,2026-03-19 00:52:28.383999624+00:00,76.327,2026-03-19 00:52:28.133999624+00:00,pending_new,,,
2026-03-19 00:52:28.282332647+00:00,1383,cancel_requested,ask,2192.0,0.10747327684352502,2026-03-19 00:52:28.075035202+00:00,42.223,2026-03-19 00:52:27.825035202+00:00,pending_cancel,expected_edge_ask,2026-03-19 00:52:28.282332647+00:00,2026-03-19 00:52:28.532332647+00:00
2026-03-19 00:52:28.532332647+00:00,1383,cancelled,ask,2192.0,0.10747327684352502,2026-03-19 00:52:28.075035202+00:00,42.223,2026-03-19 00:52:27.825035202+00:00,cancelled,expected_edge_ask,2026-03-19 00:52:28.282332647+00:00,2026-03-19 00:52:28.532332647+00:00
2026-03-19 00:52:28.538531529+00:00,1385,placed,ask,2192.0,0.10747327684352502,2026-03-19 00:52:28.788531529+00:00,70.23400000000001,2026-03-19 00:52:28.538531529+00:00,pending_new,,,
2026-03-19 00:52:29.609166157+00:00,1384,cancel_requested,bid,2191.4,0.09252672315647499,2026-03-19 00:52:28.383999624+00:00,76.327,2026-03-19 00:52:28.133999624+00:00,pending_cancel,pressure_stop_bid,2026-03-19 00:52:29.609166157+00:00,2026-03-19 00:52:29.859166157+00:00
2026-03-19 00:52:29.859166157+00:00,1384,cancelled,bid,2191.4,0.09252672315647499,2026-03-19 00:52:28.383999624+00:00,76.327,2026-03-19 00:52:28.133999624+00:00,cancelled,pressure_stop_bid,2026-03-19 00:52:29.609166157+00:00,2026-03-19 00:52:29.859166157+00:00
2026-03-19 00:52:31.041661016+00:00,1385,cancel_requested,ask,2192.0,0.10747327684352502,2026-03-19 00:52:28.788531529+00:00,70.23400000000001,2026-03-19 00:52:28.538531529+00:00,pending_cancel,expected_edge_ask,2026-03-19 00:52:31.041661016+00:00,2026-03-19 00:52:31.291661016+00:00
2026-03-19 00:52:31.041661016+00:00,1386,placed,bid,2191.4,0.09252672315647499,2026-03-19 00:52:31.291661016+00:00,72.305,2026-03-19 00:52:31.041661016+00:00,pending_new,,,
2026-03-19 00:52:31.291661016+00:00,1385,cancelled,ask,2192.0,0.10747327684352502,2026-03-19 00:52:28.788531529+00:00,70.23400000000001,2026-03-19 00:52:28.538531529+00:00,cancelled,expected_edge_ask,2026-03-19 00:52:31.041661016+00:00,2026-03-19 00:52:31.291661016+00:00
2026-03-19 00:52:31.348739279+00:00,1387,placed,ask,2192.1,0.10747327684352502,2026-03-19 00:52:31.598739279+00:00,56.644000000000005,2026-03-19 00:52:31.348739279+00:00,pending_new,,,
2026-03-19 00:52:31.859184635+00:00,1387,cancel_requested,ask,2192.1,0.10747327684352502,2026-03-19 00:52:31.598739279+00:00,56.644000000000005,2026-03-19 00:52:31.348739279+00:00,pending_cancel,pressure_stop_ask,2026-03-19 00:52:31.859184635+00:00,2026-03-19 00:52:32.109184635+00:00
2026-03-19 00:52:32.109184635+00:00,1387,cancelled,ask,2192.1,0.10747327684352502,2026-03-19 00:52:31.598739279+00:00,56.644000000000005,2026-03-19 00:52:31.348739279+00:00,cancelled,pressure_stop_ask,2026-03-19 00:52:31.859184635+00:00,2026-03-19 00:52:32.109184635+00:00
2026-03-19 00:52:33.288237179+00:00,1386,cancel_requested,bid,2191.4,0.09252672315647499,2026-03-19 00:52:31.291661016+00:00,72.305,2026-03-19 00:52:31.041661016+00:00,pending_cancel,pressure_stop_bid,2026-03-19 00:52:33.288237179+00:00,2026-03-19 00:52:33.538237179+00:00
2026-03-19 00:52:33.288237179+00:00,1388,placed,ask,2191.9,0.10747327684352502,2026-03-19 00:52:33.538237179+00:00,90.11399999999999,2026-03-19 00:52:33.288237179+00:00,pending_new,,,
2026-03-19 00:52:33.339650983+00:00,1388,cancel_requested,ask,2191.9,0.10747327684352502,2026-03-19 00:52:33.538237179+00:00,90.11399999999999,2026-03-19 00:52:33.288237179+00:00,pending_cancel,refresh_reprice,2026-03-19 00:52:33.339650983+00:00,2026-03-19 00:52:33.589650983+00:00
2026-03-19 00:52:33.538237179+00:00,1386,cancelled,bid,2191.4,0.09252672315647499,2026-03-19 00:52:31.291661016+00:00,39.191,2026-03-19 00:52:31.041661016+00:00,cancelled,pressure_stop_bid,2026-03-19 00:52:33.288237179+00:00,2026-03-19 00:52:33.538237179+00:00
2026-03-19 00:52:33.542257402+00:00,1389,placed,bid,2189.9,0.09252672315647499,2026-03-19 00:52:33.792257402+00:00,164.094,2026-03-19 00:52:33.542257402+00:00,pending_new,,,
2026-03-19 00:52:33.589650983+00:00,1388,cancelled,ask,2191.9,0.10747327684352502,2026-03-19 00:52:33.538237179+00:00,90.11399999999999,2026-03-19 00:52:33.288237179+00:00,cancelled,refresh_reprice,2026-03-19 00:52:33.339650983+00:00,2026-03-19 00:52:33.589650983+00:00
