timestamp,order_id,event,side,price,quantity,active_time,queue_ahead,new_order_time,order_state,reason,cancel_requested_time,cancel_effective_time
2026-03-19 00:00:00.004299483+00:00,1,placed,bid,2203.2,0.1,2026-03-19 00:00:00.254299483+00:00,70.171,2026-03-19 00:00:00.004299483+00:00,pending_new,,,
2026-03-19 00:00:00.004299483+00:00,2,placed,ask,2203.8,0.1,2026-03-19 00:00:00.254299483+00:00,88.953,2026-03-19 00:00:00.004299483+00:00,pending_new,,,
2026-03-19 00:00:00.215699386+00:00,2,cancel_requested,ask,2203.8,0.1,2026-03-19 00:00:00.254299483+00:00,88.953,2026-03-19 00:00:00.004299483+00:00,pending_cancel,pressure_stop_ask,2026-03-19 00:00:00.215699386+00:00,2026-03-19 00:00:00.465699386+00:00
2026-03-19 00:00:00.465699386+00:00,2,cancelled,ask,2203.8,0.1,2026-03-19 00:00:00.254299483+00:00,88.953,2026-03-19 00:00:00.004299483+00:00,cancelled,pressure_stop_ask,2026-03-19 00:00:00.215699386+00:00,2026-03-19 00:00:00.465699386+00:00
2026-03-19 00:00:01.079188739+00:00,1,cancel_requested,bid,2203.2,0.1,2026-03-19 00:00:00.254299483+00:00,70.171,2026-03-19 00:00:00.004299483+00:00,pending_cancel,expected_edge_bid,2026-03-19 00:00:01.079188739+00:00,2026-03-19 00:00:01.329188739+00:00
2026-03-19 00:00:01.079188739+00:00,3,placed,ask,2203.7,0.1,2026-03-19 00:00:01.329188739+00:00,63.812999999999995,2026-03-19 00:00:01.079188739+00:00,pending_new,,,
2026-03-19 00:00:01.329188739+00:00,1,cancelled,bid,2203.2,0.1,2026-03-19 00:00:00.254299483+00:00,70.171,2026-03-19 00:00:00.004299483+00:00,cancelled,expected_edge_bid,2026-03-19 00:00:01.079188739+00:00,2026-03-19 00:00:01.329188739+00:00
2026-03-19 00:00:01.582923258+00:00,3,cancel_requested,ask,2203.7,0.1,2026-03-19 00:00:01.329188739+00:00,63.812999999999995,2026-03-19 00:00:01.079188739+00:00,pending_cancel,pressure_stop_ask,2026-03-19 00:00:01.582923258+00:00,2026-03-19 00:00:01.832923258+00:00
2026-03-19 00:00:01.582923258+00:00,4,placed,bid,2203.1,0.1,2026-03-19 00:00:01.832923258+00:00,36.366,2026-03-19 00:00:01.582923258+00:00,pending_new,,,
2026-03-19 00:00:01.832923258+00:00,3,cancelled,ask,2203.7,0.1,2026-03-19 00:00:01.329188739+00:00,63.812999999999995,2026-03-19 00:00:01.079188739+00:00,cancelled,pressure_stop_ask,2026-03-19 00:00:01.582923258+00:00,2026-03-19 00:00:01.832923258+00:00
2026-03-19 00:00:01.947698087+00:00,4,cancel_requested,bid,2203.1,0.1,2026-03-19 00:00:01.832923258+00:00,36.366,2026-03-19 00:00:01.582923258+00:00,pending_cancel,expected_edge_bid,2026-03-19 00:00:01.947698087+00:00,2026-03-19 00:00:02.197698087+00:00
2026-03-19 00:00:01.947698087+00:00,5,placed,ask,2203.6,0.1,2026-03-19 00:00:02.197698087+00:00,32.055,2026-03-19 00:00:01.947698087+00:00,pending_new,,,
2026-03-19 00:00:02.197698087+00:00,4,cancelled,bid,2203.1,0.1,2026-03-19 00:00:01.832923258+00:00,36.366,2026-03-19 00:00:01.582923258+00:00,cancelled,expected_edge_bid,2026-03-19 00:00:01.947698087+00:00,2026-03-19 00:00:02.197698087+00:00
2026-03-19 00:00:03.175728310+00:00,5,cancel_requested,ask,2203.6,0.1,2026-03-19 00:00:02.197698087+00:00,32.055,2026-03-19 00:00:01.947698087+00:00,pending_cancel,expected_edge_ask,2026-03-19 00:00:03.175728310+00:00,2026-03-19 00:00:03.425728310+00:00
2026-03-19 00:00:03.175728310+00:00,6,placed,bid,2203.1,0.1,2026-03-19 00:00:03.425728310+00:00,61.99,2026-03-19 00:00:03.175728310+00:00,pending_new,,,
2026-03-19 00:00:03.425728310+00:00,5,cancelled,ask,2203.6,0.1,2026-03-19 00:00:02.197698087+00:00,32.055,2026-03-19 00:00:01.947698087+00:00,cancelled,expected_edge_ask,2026-03-19 00:00:03.175728310+00:00,2026-03-19 00:00:03.425728310+00:00
2026-03-19 00:00:04.450573566+00:00,6,cancel_requested,bid,2203.1,0.1,2026-03-19 00:00:03.425728310+00:00,61.99,2026-03-19 00:00:03.175728310+00:00,pending_cancel,expected_edge_bid,2026-03-19 00:00:04.450573566+00:00,2026-03-19 00:00:04.700573566+00:00
2026-03-19 00:00:04.450573566+00:00,7,placed,ask,2203.6,0.1,2026-03-19 00:00:04.700573566+00:00,38.694,2026-03-19 00:00:04.450573566+00:00,pending_new,,,
2026-03-19 00:00:04.700573566+00:00,6,cancelled,bid,2203.1,0.1,2026-03-19 00:00:03.425728310+00:00,61.99,2026-03-19 00:00:03.175728310+00:00,cancelled,expected_edge_bid,2026-03-19 00:00:04.450573566+00:00,2026-03-19 00:00:04.700573566+00:00
2026-03-19 00:00:04.959107577+00:00,7,cancel_requested,ask,2203.6,0.1,2026-03-19 00:00:04.700573566+00:00,38.694,2026-03-19 00:00:04.450573566+00:00,pending_cancel,pressure_stop_ask,2026-03-19 00:00:04.959107577+00:00,2026-03-19 00:00:05.209107577+00:00
2026-03-19 00:00:04.959107577+00:00,8,placed,bid,2203.0,0.1,2026-03-19 00:00:05.209107577+00:00,49.4,2026-03-19 00:00:04.959107577+00:00,pending_new,,,
2026-03-19 00:00:05.209107577+00:00,7,cancelled,ask,2203.6,0.1,2026-03-19 00:00:04.700573566+00:00,38.694,2026-03-19 00:00:04.450573566+00:00,cancelled,pressure_stop_ask,2026-03-19 00:00:04.959107577+00:00,2026-03-19 00:00:05.209107577+00:00
2026-03-19 00:00:07.926689966+00:00,8,cancel_requested,bid,2203.0,0.1,2026-03-19 00:00:05.209107577+00:00,49.4,2026-03-19 00:00:04.959107577+00:00,pending_cancel,pressure_stop_bid,2026-03-19 00:00:07.926689966+00:00,2026-03-19 00:00:08.176689966+00:00
2026-03-19 00:00:07.926689966+00:00,9,placed,ask,2203.5,0.1,2026-03-19 00:00:08.176689966+00:00,112.84,2026-03-19 00:00:07.926689966+00:00,pending_new,,,
2026-03-19 00:00:08.023727933+00:00,9,cancel_requested,ask,2203.5,0.1,2026-03-19 00:00:08.176689966+00:00,112.84,2026-03-19 00:00:07.926689966+00:00,pending_cancel,expected_edge_ask,2026-03-19 00:00:08.023727933+00:00,2026-03-19 00:00:08.273727933+00:00
2026-03-19 00:00:08.176689966+00:00,8,cancelled,bid,2203.0,0.1,2026-03-19 00:00:05.209107577+00:00,49.4,2026-03-19 00:00:04.959107577+00:00,cancelled,pressure_stop_bid,2026-03-19 00:00:07.926689966+00:00,2026-03-19 00:00:08.176689966+00:00
2026-03-19 00:00:08.273727933+00:00,9,cancelled,ask,2203.5,0.1,2026-03-19 00:00:08.176689966+00:00,112.84,2026-03-19 00:00:07.926689966+00:00,cancelled,expected_edge_ask,2026-03-19 00:00:08.023727933+00:00,2026-03-19 00:00:08.273727933+00:00
2026-03-19 00:00:08.283281405+00:00,10,placed,bid,2202.9,0.07957592787589501,2026-03-19 00:00:08.533281405+00:00,48.751,2026-03-19 00:00:08.283281405+00:00,pending_new,,,
2026-03-19 00:00:12.106037804+00:00,10,cancel_requested,bid,2202.9,0.07957592787589501,2026-03-19 00:00:08.533281405+00:00,48.751,2026-03-19 00:00:08.283281405+00:00,pending_cancel,pressure_stop_bid,2026-03-19 00:00:12.106037804+00:00,2026-03-19 00:00:12.356037804+00:00
2026-03-19 00:00:12.161787451+00:00,11,placed,ask,2203.3,0.120424072124105,2026-03-19 00:00:12.411787451+00:00,64.629,2026-03-19 00:00:12.161787451+00:00,pending_new,,,
2026-03-19 00:00:12.314092110+00:00,11,cancel_requested,ask,2203.3,0.120424072124105,2026-03-19 00:00:12.411787451+00:00,64.629,2026-03-19 00:00:12.161787451+00:00,pending_cancel,expected_edge_ask,2026-03-19 00:00:12.314092110+00:00,2026-03-19 00:00:12.564092110+00:00
2026-03-19 00:00:12.356037804+00:00,10,cancelled,bid,2202.9,0.07957592787589501,2026-03-19 00:00:08.533281405+00:00,48.751,2026-03-19 00:00:08.283281405+00:00,cancelled,pressure_stop_bid,2026-03-19 00:00:12.106037804+00:00,2026-03-19 00:00:12.356037804+00:00
2026-03-19 00:00:12.564092110+00:00,11,cancelled,ask,2203.3,0.120424072124105,2026-03-19 00:00:12.411787451+00:00,64.629,2026-03-19 00:00:12.161787451+00:00,cancelled,expected_edge_ask,2026-03-19 00:00:12.314092110+00:00,2026-03-19 00:00:12.564092110+00:00
2026-03-19 00:00:12.605220087+00:00,12,placed,bid,2202.8,0.07957592787589501,2026-03-19 00:00:12.855220087+00:00,30.497,2026-03-19 00:00:12.605220087+00:00,pending_new,,,
2026-03-19 00:00:13.742191900+00:00,12,cancel_requested,bid,2202.8,0.07957592787589501,2026-03-19 00:00:12.855220087+00:00,30.497,2026-03-19 00:00:12.605220087+00:00,pending_cancel,pressure_stop_bid,2026-03-19 00:00:13.742191900+00:00,2026-03-19 00:00:13.992191900+00:00
2026-03-19 00:00:13.992191900+00:00,12,cancelled,bid,2202.8,0.07957592787589501,2026-03-19 00:00:12.855220087+00:00,30.497,2026-03-19 00:00:12.605220087+00:00,cancelled,pressure_stop_bid,2026-03-19 00:00:13.742191900+00:00,2026-03-19 00:00:13.992191900+00:00
2026-03-19 00:00:14.043852506+00:00,13,placed,bid,2202.8,0.07957592787589501,2026-03-19 00:00:14.293852506+00:00,50.309,2026-03-19 00:00:14.043852506+00:00,pending_new,,,
2026-03-19 00:00:19.401692576+00:00,13,cancel_requested,bid,2202.8,0.07957592787589501,2026-03-19 00:00:14.293852506+00:00,50.309,2026-03-19 00:00:14.043852506+00:00,pending_cancel,pressure_stop_bid,2026-03-19 00:00:19.401692576+00:00,2026-03-19 00:00:19.651692576+00:00
2026-03-19 00:00:19.651692576+00:00,13,cancelled,bid,2202.8,0.07957592787589501,2026-03-19 00:00:14.293852506+00:00,50.309,2026-03-19 00:00:14.043852506+00:00,cancelled,pressure_stop_bid,2026-03-19 00:00:19.401692576+00:00,2026-03-19 00:00:19.651692576+00:00
2026-03-19 00:00:19.674348799+00:00,14,placed,ask,2203.3,0.120424072124105,2026-03-19 00:00:19.924348799+00:00,118.02700000000002,2026-03-19 00:00:19.674348799+00:00,pending_new,,,
2026-03-19 00:00:19.724636460+00:00,14,cancel_requested,ask,2203.3,0.120424072124105,2026-03-19 00:00:19.924348799+00:00,118.02700000000002,2026-03-19 00:00:19.674348799+00:00,pending_cancel,expected_edge_ask,2026-03-19 00:00:19.724636460+00:00,2026-03-19 00:00:19.974636460+00:00
2026-03-19 00:00:19.724636460+00:00,15,placed,bid,2202.6,0.07957592787589501,2026-03-19 00:00:19.974636460+00:00,64.197,2026-03-19 00:00:19.724636460+00:00,pending_new,,,
2026-03-19 00:00:19.974636460+00:00,14,cancelled,ask,2203.3,0.120424072124105,2026-03-19 00:00:19.924348799+00:00,118.02700000000002,2026-03-19 00:00:19.674348799+00:00,cancelled,expected_edge_ask,2026-03-19 00:00:19.724636460+00:00,2026-03-19 00:00:19.974636460+00:00
2026-03-19 00:00:22.377181023+00:00,15,cancel_requested,bid,2202.6,0.07957592787589501,2026-03-19 00:00:19.974636460+00:00,64.197,2026-03-19 00:00:19.724636460+00:00,pending_cancel,pressure_stop_bid,2026-03-19 00:00:22.377181023+00:00,2026-03-19 00:00:22.627181023+00:00
2026-03-19 00:00:22.377181023+00:00,16,placed,ask,2203.1,0.120424072124105,2026-03-19 00:00:22.627181023+00:00,72.774,2026-03-19 00:00:22.377181023+00:00,pending_new,,,
2026-03-19 00:00:22.530844039+00:00,16,cancel_requested,ask,2203.1,0.120424072124105,2026-03-19 00:00:22.627181023+00:00,72.774,2026-03-19 00:00:22.377181023+00:00,pending_cancel,expected_edge_ask,2026-03-19 00:00:22.530844039+00:00,2026-03-19 00:00:22.780844039+00:00
2026-03-19 00:00:22.627181023+00:00,15,cancelled,bid,2202.6,0.07957592787589501,2026-03-19 00:00:19.974636460+00:00,64.197,2026-03-19 00:00:19.724636460+00:00,cancelled,pressure_stop_bid,2026-03-19 00:00:22.377181023+00:00,2026-03-19 00:00:22.627181023+00:00
2026-03-19 00:00:22.780844039+00:00,16,cancelled,ask,2203.1,0.120424072124105,2026-03-19 00:00:22.627181023+00:00,72.774,2026-03-19 00:00:22.377181023+00:00,cancelled,expected_edge_ask,2026-03-19 00:00:22.530844039+00:00,2026-03-19 00:00:22.780844039+00:00
2026-03-19 00:00:27.840048652+00:00,17,placed,bid,2202.9,0.07957592787589501,2026-03-19 00:00:28.090048652+00:00,224.822,2026-03-19 00:00:27.840048652+00:00,pending_new,,,
2026-03-19 00:00:27.935767972+00:00,17,cancel_requested,bid,2202.9,0.07957592787589501,2026-03-19 00:00:28.090048652+00:00,224.822,2026-03-19 00:00:27.840048652+00:00,pending_cancel,refresh_reprice,2026-03-19 00:00:27.935767972+00:00,2026-03-19 00:00:28.185767972+00:00
2026-03-19 00:00:28.185767972+00:00,17,cancelled,bid,2202.9,0.07957592787589501,2026-03-19 00:00:28.090048652+00:00,224.822,2026-03-19 00:00:27.840048652+00:00,cancelled,refresh_reprice,2026-03-19 00:00:27.935767972+00:00,2026-03-19 00:00:28.185767972+00:00
2026-03-19 00:00:28.235309450+00:00,18,placed,bid,2203.3,0.07920202198249773,2026-03-19 00:00:28.485309450+00:00,143.36200000000002,2026-03-19 00:00:28.235309450+00:00,pending_new,,,
2026-03-19 00:00:28.606596638+00:00,18,cancel_requested,bid,2203.3,0.07920202198249773,2026-03-19 00:00:28.485309450+00:00,143.36200000000002,2026-03-19 00:00:28.235309450+00:00,pending_cancel,pressure_stop_bid,2026-03-19 00:00:28.606596638+00:00,2026-03-19 00:00:28.856596638+00:00
2026-03-19 00:00:28.606596638+00:00,19,placed,ask,2203.9,0.12079797801750228,2026-03-19 00:00:28.856596638+00:00,92.588,2026-03-19 00:00:28.606596638+00:00,pending_new,,,
2026-03-19 00:00:28.856596638+00:00,18,cancelled,bid,2203.3,0.07920202198249773,2026-03-19 00:00:28.485309450+00:00,143.36200000000002,2026-03-19 00:00:28.235309450+00:00,cancelled,pressure_stop_bid,2026-03-19 00:00:28.606596638+00:00,2026-03-19 00:00:28.856596638+00:00
2026-03-19 00:00:29.514950816+00:00,19,cancel_requested,ask,2203.9,0.12079797801750228,2026-03-19 00:00:28.856596638+00:00,92.588,2026-03-19 00:00:28.606596638+00:00,pending_cancel,expected_edge_ask,2026-03-19 00:00:29.514950816+00:00,2026-03-19 00:00:29.764950816+00:00
2026-03-19 00:00:29.514950816+00:00,20,placed,bid,2203.2,0.07920202198249773,2026-03-19 00:00:29.764950816+00:00,55.135,2026-03-19 00:00:29.514950816+00:00,pending_new,,,
2026-03-19 00:00:29.764950816+00:00,19,cancelled,ask,2203.9,0.12079797801750228,2026-03-19 00:00:28.856596638+00:00,92.588,2026-03-19 00:00:28.606596638+00:00,cancelled,expected_edge_ask,2026-03-19 00:00:29.514950816+00:00,2026-03-19 00:00:29.764950816+00:00
2026-03-19 00:00:29.932419516+00:00,20,cancel_requested,bid,2203.2,0.07920202198249773,2026-03-19 00:00:29.764950816+00:00,55.135,2026-03-19 00:00:29.514950816+00:00,pending_cancel,pressure_stop_bid,2026-03-19 00:00:29.932419516+00:00,2026-03-19 00:00:30.182419516+00:00
2026-03-19 00:00:29.932419516+00:00,21,placed,ask,2203.7,0.12079797801750228,2026-03-19 00:00:30.182419516+00:00,89.23400000000001,2026-03-19 00:00:29.932419516+00:00,pending_new,,,
2026-03-19 00:00:30.182419516+00:00,20,cancelled,bid,2203.2,0.07920202198249773,2026-03-19 00:00:29.764950816+00:00,55.135,2026-03-19 00:00:29.514950816+00:00,cancelled,pressure_stop_bid,2026-03-19 00:00:29.932419516+00:00,2026-03-19 00:00:30.182419516+00:00
2026-03-19 00:00:30.189548239+00:00,22,placed,bid,2203.0,0.07920202198249773,2026-03-19 00:00:30.439548239+00:00,81.895,2026-03-19 00:00:30.189548239+00:00,pending_new,,,
2026-03-19 00:00:30.542288912+00:00,21,cancel_requested,ask,2203.7,0.12079797801750228,2026-03-19 00:00:30.182419516+00:00,89.23400000000001,2026-03-19 00:00:29.932419516+00:00,pending_cancel,expected_edge_ask,2026-03-19 00:00:30.542288912+00:00,2026-03-19 00:00:30.792288912+00:00
2026-03-19 00:00:30.792288912+00:00,21,cancelled,ask,2203.7,0.12079797801750228,2026-03-19 00:00:30.182419516+00:00,89.23400000000001,2026-03-19 00:00:29.932419516+00:00,cancelled,expected_edge_ask,2026-03-19 00:00:30.542288912+00:00,2026-03-19 00:00:30.792288912+00:00
2026-03-19 00:00:31.535399191+00:00,22,cancel_requested,bid,2203.0,0.07920202198249773,2026-03-19 00:00:30.439548239+00:00,81.895,2026-03-19 00:00:30.189548239+00:00,pending_cancel,pressure_stop_bid,2026-03-19 00:00:31.535399191+00:00,2026-03-19 00:00:31.785399191+00:00
2026-03-19 00:00:31.535399191+00:00,23,placed,ask,2203.6,0.12079797801750228,2026-03-19 00:00:31.785399191+00:00,85.006,2026-03-19 00:00:31.535399191+00:00,pending_new,,,
2026-03-19 00:00:31.785399191+00:00,22,cancelled,bid,2203.0,0.07920202198249773,2026-03-19 00:00:30.439548239+00:00,81.895,2026-03-19 00:00:30.189548239+00:00,cancelled,pressure_stop_bid,2026-03-19 00:00:31.535399191+00:00,2026-03-19 00:00:31.785399191+00:00
2026-03-19 00:00:31.820338542+00:00,24,placed,bid,2202.9,0.07920202198249773,2026-03-19 00:00:32.070338542+00:00,135.271,2026-03-19 00:00:31.820338542+00:00,pending_new,,,
2026-03-19 00:00:32.537386030+00:00,23,cancel_requested,ask,2203.6,0.12079797801750228,2026-03-19 00:00:31.785399191+00:00,85.006,2026-03-19 00:00:31.535399191+00:00,pending_cancel,expected_edge_ask,2026-03-19 00:00:32.537386030+00:00,2026-03-19 00:00:32.787386030+00:00
2026-03-19 00:00:32.787386030+00:00,23,cancelled,ask,2203.6,0.12079797801750228,2026-03-19 00:00:31.785399191+00:00,85.006,2026-03-19 00:00:31.535399191+00:00,cancelled,expected_edge_ask,2026-03-19 00:00:32.537386030+00:00,2026-03-19 00:00:32.787386030+00:00
2026-03-19 00:00:39.377686737+00:00,25,placed,ask,2203.5,0.12079797801750228,2026-03-19 00:00:39.627686737+00:00,96.485,2026-03-19 00:00:39.377686737+00:00,pending_new,,,
2026-03-19 00:00:39.545401338+00:00,24,cancel_requested,bid,2202.9,0.07920202198249773,2026-03-19 00:00:32.070338542+00:00,135.271,2026-03-19 00:00:31.820338542+00:00,pending_cancel,pressure_stop_bid,2026-03-19 00:00:39.545401338+00:00,2026-03-19 00:00:39.795401338+00:00
2026-03-19 00:00:39.795401338+00:00,24,cancelled,bid,2202.9,0.07920202198249773,2026-03-19 00:00:32.070338542+00:00,135.271,2026-03-19 00:00:31.820338542+00:00,cancelled,pressure_stop_bid,2026-03-19 00:00:39.545401338+00:00,2026-03-19 00:00:39.795401338+00:00
2026-03-19 00:00:39.834733978+00:00,26,placed,bid,2202.8,0.07920202198249773,2026-03-19 00:00:40.084733978+00:00,94.912,2026-03-19 00:00:39.834733978+00:00,pending_new,,,
2026-03-19 00:00:40.384719598+00:00,25,cancel_requested,ask,2203.5,0.12079797801750228,2026-03-19 00:00:39.627686737+00:00,96.485,2026-03-19 00:00:39.377686737+00:00,pending_cancel,expected_edge_ask,2026-03-19 00:00:40.384719598+00:00,2026-03-19 00:00:40.634719598+00:00
2026-03-19 00:00:40.634719598+00:00,25,cancelled,ask,2203.5,0.12079797801750228,2026-03-19 00:00:39.627686737+00:00,96.485,2026-03-19 00:00:39.377686737+00:00,cancelled,expected_edge_ask,2026-03-19 00:00:40.384719598+00:00,2026-03-19 00:00:40.634719598+00:00
2026-03-19 00:00:43.257278635+00:00,26,cancel_requested,bid,2202.8,0.07920202198249773,2026-03-19 00:00:40.084733978+00:00,94.912,2026-03-19 00:00:39.834733978+00:00,pending_cancel,pressure_stop_bid,2026-03-19 00:00:43.257278635+00:00,2026-03-19 00:00:43.507278635+00:00
2026-03-19 00:00:43.257278635+00:00,27,placed,ask,2203.5,0.12079797801750228,2026-03-19 00:00:43.507278635+00:00,126.39599999999999,2026-03-19 00:00:43.257278635+00:00,pending_new,,,
2026-03-19 00:00:43.507278635+00:00,26,cancelled,bid,2202.8,0.07920202198249773,2026-03-19 00:00:40.084733978+00:00,94.912,2026-03-19 00:00:39.834733978+00:00,cancelled,pressure_stop_bid,2026-03-19 00:00:43.257278635+00:00,2026-03-19 00:00:43.507278635+00:00
2026-03-19 00:00:44.330180948+00:00,27,cancel_requested,ask,2203.5,0.12079797801750228,2026-03-19 00:00:43.507278635+00:00,126.39599999999999,2026-03-19 00:00:43.257278635+00:00,pending_cancel,expected_edge_ask,2026-03-19 00:00:44.330180948+00:00,2026-03-19 00:00:44.580180948+00:00
2026-03-19 00:00:44.330180948+00:00,28,placed,bid,2202.7,0.07920202198249773,2026-03-19 00:00:44.580180948+00:00,52.061,2026-03-19 00:00:44.330180948+00:00,pending_new,,,
2026-03-19 00:00:44.580180948+00:00,27,cancelled,ask,2203.5,0.12079797801750228,2026-03-19 00:00:43.507278635+00:00,126.39599999999999,2026-03-19 00:00:43.257278635+00:00,cancelled,expected_edge_ask,2026-03-19 00:00:44.330180948+00:00,2026-03-19 00:00:44.580180948+00:00
2026-03-19 00:00:45.349251645+00:00,28,cancel_requested,bid,2202.7,0.07920202198249773,2026-03-19 00:00:44.580180948+00:00,52.061,2026-03-19 00:00:44.330180948+00:00,pending_cancel,pressure_stop_bid,2026-03-19 00:00:45.349251645+00:00,2026-03-19 00:00:45.599251645+00:00
2026-03-19 00:00:45.349251645+00:00,29,placed,ask,2203.3,0.12079797801750228,2026-03-19 00:00:45.599251645+00:00,93.28800000000001,2026-03-19 00:00:45.349251645+00:00,pending_new,,,
2026-03-19 00:00:45.400681400+00:00,29,cancel_requested,ask,2203.3,0.12079797801750228,2026-03-19 00:00:45.599251645+00:00,93.28800000000001,2026-03-19 00:00:45.349251645+00:00,pending_cancel,expected_edge_ask,2026-03-19 00:00:45.400681400+00:00,2026-03-19 00:00:45.650681400+00:00
2026-03-19 00:00:45.599251645+00:00,28,cancelled,bid,2202.7,0.07920202198249773,2026-03-19 00:00:44.580180948+00:00,52.061,2026-03-19 00:00:44.330180948+00:00,cancelled,pressure_stop_bid,2026-03-19 00:00:45.349251645+00:00,2026-03-19 00:00:45.599251645+00:00
2026-03-19 00:00:45.650681400+00:00,29,cancelled,ask,2203.3,0.12079797801750228,2026-03-19 00:00:45.599251645+00:00,93.28800000000001,2026-03-19 00:00:45.349251645+00:00,cancelled,expected_edge_ask,2026-03-19 00:00:45.400681400+00:00,2026-03-19 00:00:45.650681400+00:00
2026-03-19 00:00:45.655028002+00:00,30,placed,ask,2203.3,0.12079797801750228,2026-03-19 00:00:45.905028002+00:00,96.34300000000002,2026-03-19 00:00:45.655028002+00:00,pending_new,,,
2026-03-19 00:00:47.338516985+00:00,30,cancel_requested,ask,2203.3,0.12079797801750228,2026-03-19 00:00:45.905028002+00:00,96.34300000000002,2026-03-19 00:00:45.655028002+00:00,pending_cancel,pressure_stop_ask,2026-03-19 00:00:47.338516985+00:00,2026-03-19 00:00:47.588516985+00:00
2026-03-19 00:00:47.338516985+00:00,31,placed,bid,2202.7,0.07920202198249773,2026-03-19 00:00:47.588516985+00:00,183.798,2026-03-19 00:00:47.338516985+00:00,pending_new,,,
2026-03-19 00:00:47.588516985+00:00,30,cancelled,ask,2203.3,0.12079797801750228,2026-03-19 00:00:45.905028002+00:00,96.34300000000002,2026-03-19 00:00:45.655028002+00:00,cancelled,pressure_stop_ask,2026-03-19 00:00:47.338516985+00:00,2026-03-19 00:00:47.588516985+00:00
2026-03-19 00:00:48.974611342+00:00,31,cancel_requested,bid,2202.7,0.07920202198249773,2026-03-19 00:00:47.588516985+00:00,183.798,2026-03-19 00:00:47.338516985+00:00,pending_cancel,refresh_reprice,2026-03-19 00:00:48.974611342+00:00,2026-03-19 00:00:49.224611342+00:00
2026-03-19 00:00:49.224611342+00:00,31,cancelled,bid,2202.7,0.07920202198249773,2026-03-19 00:00:47.588516985+00:00,183.798,2026-03-19 00:00:47.338516985+00:00,cancelled,refresh_reprice,2026-03-19 00:00:48.974611342+00:00,2026-03-19 00:00:49.224611342+00:00
2026-03-19 00:00:49.281976117+00:00,32,placed,bid,2203.0,0.07956137409334688,2026-03-19 00:00:49.531976117+00:00,187.163,2026-03-19 00:00:49.281976117+00:00,pending_new,,,
2026-03-19 00:00:51.527691709+00:00,32,cancel_requested,bid,2203.0,0.07956137409334688,2026-03-19 00:00:49.531976117+00:00,187.163,2026-03-19 00:00:49.281976117+00:00,pending_cancel,refresh_reprice,2026-03-19 00:00:51.527691709+00:00,2026-03-19 00:00:51.777691709+00:00
2026-03-19 00:00:51.777691709+00:00,32,cancelled,bid,2203.0,0.07956137409334688,2026-03-19 00:00:49.531976117+00:00,187.163,2026-03-19 00:00:49.281976117+00:00,cancelled,refresh_reprice,2026-03-19 00:00:51.527691709+00:00,2026-03-19 00:00:51.777691709+00:00
2026-03-19 00:00:51.782671224+00:00,33,placed,ask,2204.1,0.12043862590665314,2026-03-19 00:00:52.032671224+00:00,68.608,2026-03-19 00:00:51.782671224+00:00,pending_new,,,
2026-03-19 00:00:51.833732497+00:00,34,placed,bid,2202.6,0.07956137409334688,2026-03-19 00:00:52.083732497+00:00,145.585,2026-03-19 00:00:51.833732497+00:00,pending_new,,,
2026-03-19 00:00:52.087574348+00:00,33,cancel_requested,ask,2204.1,0.12043862590665314,2026-03-19 00:00:52.032671224+00:00,68.608,2026-03-19 00:00:51.782671224+00:00,pending_cancel,pressure_stop_ask,2026-03-19 00:00:52.087574348+00:00,2026-03-19 00:00:52.337574348+00:00
2026-03-19 00:00:52.337574348+00:00,33,cancelled,ask,2204.1,0.12043862590665314,2026-03-19 00:00:52.032671224+00:00,68.608,2026-03-19 00:00:51.782671224+00:00,cancelled,pressure_stop_ask,2026-03-19 00:00:52.087574348+00:00,2026-03-19 00:00:52.337574348+00:00
2026-03-19 00:00:54.892564506+00:00,34,cancel_requested,bid,2202.6,0.07956137409334688,2026-03-19 00:00:52.083732497+00:00,145.585,2026-03-19 00:00:51.833732497+00:00,pending_cancel,refresh_reprice,2026-03-19 00:00:54.892564506+00:00,2026-03-19 00:00:55.142564506+00:00
2026-03-19 00:00:55.142564506+00:00,34,cancelled,bid,2202.6,0.07956137409334688,2026-03-19 00:00:52.083732497+00:00,145.585,2026-03-19 00:00:51.833732497+00:00,cancelled,refresh_reprice,2026-03-19 00:00:54.892564506+00:00,2026-03-19 00:00:55.142564506+00:00
2026-03-19 00:00:55.247358157+00:00,35,placed,bid,2203.2,0.07956137409334688,2026-03-19 00:00:55.497358157+00:00,190.31199999999998,2026-03-19 00:00:55.247358157+00:00,pending_new,,,
2026-03-19 00:00:56.469771613+00:00,35,cancel_requested,bid,2203.2,0.07956137409334688,2026-03-19 00:00:55.497358157+00:00,190.31199999999998,2026-03-19 00:00:55.247358157+00:00,pending_cancel,pressure_stop_bid,2026-03-19 00:00:56.469771613+00:00,2026-03-19 00:00:56.719771613+00:00
2026-03-19 00:00:56.469771613+00:00,36,placed,ask,2203.8,0.12043862590665314,2026-03-19 00:00:56.719771613+00:00,148.273,2026-03-19 00:00:56.469771613+00:00,pending_new,,,
2026-03-19 00:00:56.719771613+00:00,35,cancelled,bid,2203.2,0.07956137409334688,2026-03-19 00:00:55.497358157+00:00,190.31199999999998,2026-03-19 00:00:55.247358157+00:00,cancelled,pressure_stop_bid,2026-03-19 00:00:56.469771613+00:00,2026-03-19 00:00:56.719771613+00:00
2026-03-19 00:00:56.828895057+00:00,36,cancel_requested,ask,2203.8,0.12043862590665314,2026-03-19 00:00:56.719771613+00:00,148.273,2026-03-19 00:00:56.469771613+00:00,pending_cancel,expected_edge_ask,2026-03-19 00:00:56.828895057+00:00,2026-03-19 00:00:57.078895057+00:00
2026-03-19 00:00:56.828895057+00:00,37,placed,bid,2203.1,0.07956137409334688,2026-03-19 00:00:57.078895057+00:00,34.903,2026-03-19 00:00:56.828895057+00:00,pending_new,,,
2026-03-19 00:00:56.879183737+00:00,37,cancel_requested,bid,2203.1,0.07956137409334688,2026-03-19 00:00:57.078895057+00:00,34.903,2026-03-19 00:00:56.828895057+00:00,pending_cancel,pressure_stop_bid,2026-03-19 00:00:56.879183737+00:00,2026-03-19 00:00:57.129183737+00:00
2026-03-19 00:00:57.078895057+00:00,36,cancelled,ask,2203.8,0.12043862590665314,2026-03-19 00:00:56.719771613+00:00,148.273,2026-03-19 00:00:56.469771613+00:00,cancelled,expected_edge_ask,2026-03-19 00:00:56.828895057+00:00,2026-03-19 00:00:57.078895057+00:00
2026-03-19 00:00:57.086894230+00:00,38,placed,ask,2203.6,0.12043862590665314,2026-03-19 00:00:57.336894230+00:00,77.295,2026-03-19 00:00:57.086894230+00:00,pending_new,,,
2026-03-19 00:00:57.129183737+00:00,37,cancelled,bid,2203.1,0.07956137409334688,2026-03-19 00:00:57.078895057+00:00,34.903,2026-03-19 00:00:56.828895057+00:00,cancelled,pressure_stop_bid,2026-03-19 00:00:56.879183737+00:00,2026-03-19 00:00:57.129183737+00:00
2026-03-19 00:00:57.136671338+00:00,39,placed,bid,2202.9,0.07956137409334688,2026-03-19 00:00:57.386671338+00:00,80.225,2026-03-19 00:00:57.136671338+00:00,pending_new,,,
2026-03-19 00:00:57.232346527+00:00,39,cancel_requested,bid,2202.9,0.07956137409334688,2026-03-19 00:00:57.386671338+00:00,80.225,2026-03-19 00:00:57.136671338+00:00,pending_cancel,pressure_stop_bid,2026-03-19 00:00:57.232346527+00:00,2026-03-19 00:00:57.482346527+00:00
2026-03-19 00:00:57.342605543+00:00,38,cancel_requested,ask,2203.6,0.12043862590665314,2026-03-19 00:00:57.336894230+00:00,77.295,2026-03-19 00:00:57.086894230+00:00,pending_cancel,expected_edge_ask,2026-03-19 00:00:57.342605543+00:00,2026-03-19 00:00:57.592605543+00:00
2026-03-19 00:00:57.482346527+00:00,39,cancelled,bid,2202.9,0.07956137409334688,2026-03-19 00:00:57.386671338+00:00,80.225,2026-03-19 00:00:57.136671338+00:00,cancelled,pressure_stop_bid,2026-03-19 00:00:57.232346527+00:00,2026-03-19 00:00:57.482346527+00:00
2026-03-19 00:00:57.495513564+00:00,40,placed,bid,2202.8,0.07956137409334688,2026-03-19 00:00:57.745513564+00:00,113.48,2026-03-19 00:00:57.495513564+00:00,pending_new,,,
2026-03-19 00:00:57.540651111+00:00,40,cancel_requested,bid,2202.8,0.07956137409334688,2026-03-19 00:00:57.745513564+00:00,113.48,2026-03-19 00:00:57.495513564+00:00,pending_cancel,pressure_stop_bid,2026-03-19 00:00:57.540651111+00:00,2026-03-19 00:00:57.790651111+00:00
2026-03-19 00:00:57.592605543+00:00,38,cancelled,ask,2203.6,0.12043862590665314,2026-03-19 00:00:57.336894230+00:00,77.295,2026-03-19 00:00:57.086894230+00:00,cancelled,expected_edge_ask,2026-03-19 00:00:57.342605543+00:00,2026-03-19 00:00:57.592605543+00:00
2026-03-19 00:00:57.638571540+00:00,41,placed,ask,2203.5,0.12043862590665314,2026-03-19 00:00:57.888571540+00:00,85.94200000000001,2026-03-19 00:00:57.638571540+00:00,pending_new,,,
2026-03-19 00:00:57.790651111+00:00,40,cancelled,bid,2202.8,0.07956137409334688,2026-03-19 00:00:57.745513564+00:00,113.48,2026-03-19 00:00:57.495513564+00:00,cancelled,pressure_stop_bid,2026-03-19 00:00:57.540651111+00:00,2026-03-19 00:00:57.790651111+00:00
2026-03-19 00:00:57.801428256+00:00,41,cancel_requested,ask,2203.5,0.12043862590665314,2026-03-19 00:00:57.888571540+00:00,85.94200000000001,2026-03-19 00:00:57.638571540+00:00,pending_cancel,expected_edge_ask,2026-03-19 00:00:57.801428256+00:00,2026-03-19 00:00:58.051428256+00:00
2026-03-19 00:00:57.801428256+00:00,42,placed,bid,2202.7,0.07956137409334688,2026-03-19 00:00:58.051428256+00:00,87.08500000000001,2026-03-19 00:00:57.801428256+00:00,pending_new,,,
2026-03-19 00:00:58.041488496+00:00,42,cancel_requested,bid,2202.7,0.07956137409334688,2026-03-19 00:00:58.051428256+00:00,87.08500000000001,2026-03-19 00:00:57.801428256+00:00,pending_cancel,pressure_stop_bid,2026-03-19 00:00:58.041488496+00:00,2026-03-19 00:00:58.291488496+00:00
2026-03-19 00:00:58.051428256+00:00,41,cancelled,ask,2203.5,0.12043862590665314,2026-03-19 00:00:57.888571540+00:00,85.94200000000001,2026-03-19 00:00:57.638571540+00:00,cancelled,expected_edge_ask,2026-03-19 00:00:57.801428256+00:00,2026-03-19 00:00:58.051428256+00:00
2026-03-19 00:00:58.105981572+00:00,43,placed,ask,2203.4,0.12043862590665314,2026-03-19 00:00:58.355981572+00:00,147.812,2026-03-19 00:00:58.105981572+00:00,pending_new,,,
2026-03-19 00:00:58.157913330+00:00,43,cancel_requested,ask,2203.4,0.12043862590665314,2026-03-19 00:00:58.355981572+00:00,147.812,2026-03-19 00:00:58.105981572+00:00,pending_cancel,expected_edge_ask,2026-03-19 00:00:58.157913330+00:00,2026-03-19 00:00:58.407913330+00:00
2026-03-19 00:00:58.291488496+00:00,42,cancelled,bid,2202.7,0.07956137409334688,2026-03-19 00:00:58.051428256+00:00,87.08500000000001,2026-03-19 00:00:57.801428256+00:00,cancelled,pressure_stop_bid,2026-03-19 00:00:58.041488496+00:00,2026-03-19 00:00:58.291488496+00:00
2026-03-19 00:00:58.407913330+00:00,43,cancelled,ask,2203.4,0.12043862590665314,2026-03-19 00:00:58.355981572+00:00,147.812,2026-03-19 00:00:58.105981572+00:00,cancelled,expected_edge_ask,2026-03-19 00:00:58.157913330+00:00,2026-03-19 00:00:58.407913330+00:00
2026-03-19 00:00:58.511125040+00:00,44,placed,ask,2203.3,0.12043862590665314,2026-03-19 00:00:58.761125040+00:00,110.083,2026-03-19 00:00:58.511125040+00:00,pending_new,,,
2026-03-19 00:01:03.669306462+00:00,45,placed,bid,2201.8,0.07956137409334688,2026-03-19 00:01:03.919306462+00:00,211.728,2026-03-19 00:01:03.669306462+00:00,pending_new,,,
2026-03-19 00:01:03.669306462+00:00,44,cancel_requested,ask,2203.3,0.12043862590665314,2026-03-19 00:00:58.761125040+00:00,110.083,2026-03-19 00:00:58.511125040+00:00,pending_cancel,refresh_reprice,2026-03-19 00:01:03.669306462+00:00,2026-03-19 00:01:03.919306462+00:00
2026-03-19 00:01:03.919306462+00:00,44,cancelled,ask,2203.3,0.12043862590665314,2026-03-19 00:00:58.761125040+00:00,110.083,2026-03-19 00:00:58.511125040+00:00,cancelled,refresh_reprice,2026-03-19 00:01:03.669306462+00:00,2026-03-19 00:01:03.919306462+00:00
2026-03-19 00:01:03.922227332+00:00,46,placed,ask,2203.1,0.12043862590665314,2026-03-19 00:01:04.172227332+00:00,217.898,2026-03-19 00:01:03.922227332+00:00,pending_new,,,
2026-03-19 00:01:05.149653230+00:00,45,cancel_requested,bid,2201.8,0.07956137409334688,2026-03-19 00:01:03.919306462+00:00,211.728,2026-03-19 00:01:03.669306462+00:00,pending_cancel,pressure_stop_bid,2026-03-19 00:01:05.149653230+00:00,2026-03-19 00:01:05.399653230+00:00
2026-03-19 00:01:05.399653230+00:00,45,cancelled,bid,2201.8,0.07956137409334688,2026-03-19 00:01:03.919306462+00:00,211.728,2026-03-19 00:01:03.669306462+00:00,cancelled,pressure_stop_bid,2026-03-19 00:01:05.149653230+00:00,2026-03-19 00:01:05.399653230+00:00
2026-03-19 00:01:13.724417546+00:00,46,cancel_requested,ask,2203.1,0.12043862590665314,2026-03-19 00:01:04.172227332+00:00,217.898,2026-03-19 00:01:03.922227332+00:00,pending_cancel,refresh_reprice,2026-03-19 00:01:13.724417546+00:00,2026-03-19 00:01:13.974417546+00:00
2026-03-19 00:01:13.974417546+00:00,46,cancelled,ask,2203.1,0.12043862590665314,2026-03-19 00:01:04.172227332+00:00,217.898,2026-03-19 00:01:03.922227332+00:00,cancelled,refresh_reprice,2026-03-19 00:01:13.724417546+00:00,2026-03-19 00:01:13.974417546+00:00
2026-03-19 00:01:13.979370798+00:00,47,placed,ask,2202.2,0.12201303299493392,2026-03-19 00:01:14.229370798+00:00,172.892,2026-03-19 00:01:13.979370798+00:00,pending_new,,,
2026-03-19 00:01:14.028305655+00:00,48,placed,bid,2200.7,0.0779869670050661,2026-03-19 00:01:14.278305655+00:00,158.323,2026-03-19 00:01:14.028305655+00:00,pending_new,,,
2026-03-19 00:01:14.285144297+00:00,47,cancel_requested,ask,2202.2,0.12201303299493392,2026-03-19 00:01:14.229370798+00:00,172.892,2026-03-19 00:01:13.979370798+00:00,pending_cancel,pressure_stop_ask,2026-03-19 00:01:14.285144297+00:00,2026-03-19 00:01:14.535144297+00:00
2026-03-19 00:01:14.535144297+00:00,47,cancelled,ask,2202.2,0.12201303299493392,2026-03-19 00:01:14.229370798+00:00,172.892,2026-03-19 00:01:13.979370798+00:00,cancelled,pressure_stop_ask,2026-03-19 00:01:14.285144297+00:00,2026-03-19 00:01:14.535144297+00:00
2026-03-19 00:01:18.365574212+00:00,48,cancel_requested,bid,2200.7,0.0779869670050661,2026-03-19 00:01:14.278305655+00:00,158.323,2026-03-19 00:01:14.028305655+00:00,pending_cancel,refresh_reprice,2026-03-19 00:01:18.365574212+00:00,2026-03-19 00:01:18.615574212+00:00
2026-03-19 00:01:18.615574212+00:00,48,cancelled,bid,2200.7,0.0779869670050661,2026-03-19 00:01:14.278305655+00:00,158.323,2026-03-19 00:01:14.028305655+00:00,cancelled,refresh_reprice,2026-03-19 00:01:18.365574212+00:00,2026-03-19 00:01:18.615574212+00:00
2026-03-19 00:01:18.839036345+00:00,49,placed,bid,2201.0,0.0779869670050661,2026-03-19 00:01:19.089036345+00:00,256.191,2026-03-19 00:01:18.839036345+00:00,pending_new,,,
2026-03-19 00:01:24.326814591+00:00,49,cancel_requested,bid,2201.0,0.0779869670050661,2026-03-19 00:01:19.089036345+00:00,256.191,2026-03-19 00:01:18.839036345+00:00,pending_cancel,refresh_reprice,2026-03-19 00:01:24.326814591+00:00,2026-03-19 00:01:24.576814591+00:00
2026-03-19 00:01:24.576814591+00:00,49,cancelled,bid,2201.0,0.0779869670050661,2026-03-19 00:01:19.089036345+00:00,256.191,2026-03-19 00:01:18.839036345+00:00,cancelled,refresh_reprice,2026-03-19 00:01:24.326814591+00:00,2026-03-19 00:01:24.576814591+00:00
2026-03-19 00:01:24.689735853+00:00,50,placed,bid,2201.6,0.0779869670050661,2026-03-19 00:01:24.939735853+00:00,223.96800000000002,2026-03-19 00:01:24.689735853+00:00,pending_new,,,
2026-03-19 00:01:25.107658230+00:00,50,cancel_requested,bid,2201.6,0.0779869670050661,2026-03-19 00:01:24.939735853+00:00,223.96800000000002,2026-03-19 00:01:24.689735853+00:00,pending_cancel,refresh_reprice,2026-03-19 00:01:25.107658230+00:00,2026-03-19 00:01:25.357658230+00:00
2026-03-19 00:01:25.357658230+00:00,50,cancelled,bid,2201.6,0.0779869670050661,2026-03-19 00:01:24.939735853+00:00,223.96800000000002,2026-03-19 00:01:24.689735853+00:00,cancelled,refresh_reprice,2026-03-19 00:01:25.107658230+00:00,2026-03-19 00:01:25.357658230+00:00
2026-03-19 00:01:25.360165011+00:00,51,placed,bid,2201.9,0.0779869670050661,2026-03-19 00:01:25.610165011+00:00,202.662,2026-03-19 00:01:25.360165011+00:00,pending_new,,,
2026-03-19 00:01:26.946606488+00:00,51,cancel_requested,bid,2201.9,0.0779869670050661,2026-03-19 00:01:25.610165011+00:00,202.662,2026-03-19 00:01:25.360165011+00:00,pending_cancel,refresh_reprice,2026-03-19 00:01:26.946606488+00:00,2026-03-19 00:01:27.196606488+00:00
2026-03-19 00:01:26.946606488+00:00,52,placed,ask,2203.0,0.12201303299493392,2026-03-19 00:01:27.196606488+00:00,18.708,2026-03-19 00:01:26.946606488+00:00,pending_new,,,
2026-03-19 00:01:26.995521395+00:00,52,cancel_requested,ask,2203.0,0.12201303299493392,2026-03-19 00:01:27.196606488+00:00,18.708,2026-03-19 00:01:26.946606488+00:00,pending_cancel,pressure_stop_ask,2026-03-19 00:01:26.995521395+00:00,2026-03-19 00:01:27.245521395+00:00
2026-03-19 00:01:27.196606488+00:00,51,cancelled,bid,2201.9,0.0779869670050661,2026-03-19 00:01:25.610165011+00:00,202.662,2026-03-19 00:01:25.360165011+00:00,cancelled,refresh_reprice,2026-03-19 00:01:26.946606488+00:00,2026-03-19 00:01:27.196606488+00:00
2026-03-19 00:01:27.206284641+00:00,53,placed,bid,2202.2,0.0779869670050661,2026-03-19 00:01:27.456284641+00:00,191.547,2026-03-19 00:01:27.206284641+00:00,pending_new,,,
2026-03-19 00:01:27.245521395+00:00,52,cancelled,ask,2203.0,0.12201303299493392,2026-03-19 00:01:27.196606488+00:00,18.708,2026-03-19 00:01:26.946606488+00:00,cancelled,pressure_stop_ask,2026-03-19 00:01:26.995521395+00:00,2026-03-19 00:01:27.245521395+00:00
2026-03-19 00:01:31.643169748+00:00,53,cancel_requested,bid,2202.2,0.0779869670050661,2026-03-19 00:01:27.456284641+00:00,191.547,2026-03-19 00:01:27.206284641+00:00,pending_cancel,refresh_reprice,2026-03-19 00:01:31.643169748+00:00,2026-03-19 00:01:31.893169748+00:00
2026-03-19 00:01:31.893169748+00:00,53,cancelled,bid,2202.2,0.0779869670050661,2026-03-19 00:01:27.456284641+00:00,191.547,2026-03-19 00:01:27.206284641+00:00,cancelled,refresh_reprice,2026-03-19 00:01:31.643169748+00:00,2026-03-19 00:01:31.893169748+00:00
2026-03-19 00:01:31.897194665+00:00,54,placed,bid,2202.4,0.07909440618036281,2026-03-19 00:01:32.147194665+00:00,170.144,2026-03-19 00:01:31.897194665+00:00,pending_new,,,
2026-03-19 00:01:39.299189638+00:00,54,cancel_requested,bid,2202.4,0.07909440618036281,2026-03-19 00:01:32.147194665+00:00,170.144,2026-03-19 00:01:31.897194665+00:00,pending_cancel,refresh_reprice,2026-03-19 00:01:39.299189638+00:00,2026-03-19 00:01:39.549189638+00:00
2026-03-19 00:01:39.549189638+00:00,54,cancelled,bid,2202.4,0.07909440618036281,2026-03-19 00:01:32.147194665+00:00,170.144,2026-03-19 00:01:31.897194665+00:00,cancelled,refresh_reprice,2026-03-19 00:01:39.299189638+00:00,2026-03-19 00:01:39.549189638+00:00
2026-03-19 00:01:39.553001534+00:00,55,placed,bid,2202.8,0.07909440618036281,2026-03-19 00:01:39.803001534+00:00,162.723,2026-03-19 00:01:39.553001534+00:00,pending_new,,,
2026-03-19 00:01:49.553001534+00:00,55,cancel_requested,bid,2202.8,0.07909440618036281,2026-03-19 00:01:39.803001534+00:00,162.723,2026-03-19 00:01:39.553001534+00:00,pending_cancel,quote_age_expired,2026-03-19 00:01:49.553001534+00:00,2026-03-19 00:01:49.803001534+00:00
2026-03-19 00:01:49.803001534+00:00,55,cancelled,bid,2202.8,0.07909440618036281,2026-03-19 00:01:39.803001534+00:00,162.723,2026-03-19 00:01:39.553001534+00:00,cancelled,quote_age_expired,2026-03-19 00:01:49.553001534+00:00,2026-03-19 00:01:49.803001534+00:00
2026-03-19 00:01:49.824166125+00:00,56,placed,bid,2203.0,0.08147841009426512,2026-03-19 00:01:50.074166125+00:00,181.708,2026-03-19 00:01:49.824166125+00:00,pending_new,,,
2026-03-19 00:01:51.399548634+00:00,56,cancel_requested,bid,2203.0,0.08147841009426512,2026-03-19 00:01:50.074166125+00:00,181.708,2026-03-19 00:01:49.824166125+00:00,pending_cancel,pressure_stop_bid,2026-03-19 00:01:51.399548634+00:00,2026-03-19 00:01:51.649548634+00:00
2026-03-19 00:01:51.399548634+00:00,57,placed,ask,2203.7,0.1185215899057349,2026-03-19 00:01:51.649548634+00:00,134.211,2026-03-19 00:01:51.399548634+00:00,pending_new,,,
2026-03-19 00:01:51.502125955+00:00,57,cancel_requested,ask,2203.7,0.1185215899057349,2026-03-19 00:01:51.649548634+00:00,134.211,2026-03-19 00:01:51.399548634+00:00,pending_cancel,expected_edge_ask,2026-03-19 00:01:51.502125955+00:00,2026-03-19 00:01:51.752125955+00:00
2026-03-19 00:01:51.649548634+00:00,56,cancelled,bid,2203.0,0.08147841009426512,2026-03-19 00:01:50.074166125+00:00,181.708,2026-03-19 00:01:49.824166125+00:00,cancelled,pressure_stop_bid,2026-03-19 00:01:51.399548634+00:00,2026-03-19 00:01:51.649548634+00:00
2026-03-19 00:01:51.752125955+00:00,57,cancelled,ask,2203.7,0.1185215899057349,2026-03-19 00:01:51.649548634+00:00,134.211,2026-03-19 00:01:51.399548634+00:00,cancelled,expected_edge_ask,2026-03-19 00:01:51.502125955+00:00,2026-03-19 00:01:51.752125955+00:00
2026-03-19 00:01:51.757045427+00:00,58,placed,ask,2203.2,0.1185215899057349,2026-03-19 00:01:52.007045427+00:00,74.533,2026-03-19 00:01:51.757045427+00:00,pending_new,,,
2026-03-19 00:01:51.912869663+00:00,58,cancel_requested,ask,2203.2,0.1185215899057349,2026-03-19 00:01:52.007045427+00:00,74.533,2026-03-19 00:01:51.757045427+00:00,pending_cancel,refresh_reprice,2026-03-19 00:01:51.912869663+00:00,2026-03-19 00:01:52.162869663+00:00
2026-03-19 00:01:52.162869663+00:00,58,cancelled,ask,2203.2,0.1185215899057349,2026-03-19 00:01:52.007045427+00:00,74.533,2026-03-19 00:01:51.757045427+00:00,cancelled,refresh_reprice,2026-03-19 00:01:51.912869663+00:00,2026-03-19 00:01:52.162869663+00:00
2026-03-19 00:01:52.211036263+00:00,59,placed,ask,2202.9,0.1185215899057349,2026-03-19 00:01:52.461036263+00:00,73.252,2026-03-19 00:01:52.211036263+00:00,pending_new,,,
2026-03-19 00:01:52.764859799+00:00,59,cancel_requested,ask,2202.9,0.1185215899057349,2026-03-19 00:01:52.461036263+00:00,73.252,2026-03-19 00:01:52.211036263+00:00,pending_cancel,expected_edge_ask,2026-03-19 00:01:52.764859799+00:00,2026-03-19 00:01:53.014859799+00:00
2026-03-19 00:01:52.764859799+00:00,60,placed,bid,2202.1,0.08147841009426512,2026-03-19 00:01:53.014859799+00:00,66.762,2026-03-19 00:01:52.764859799+00:00,pending_new,,,
2026-03-19 00:01:53.014859799+00:00,59,cancelled,ask,2202.9,0.1185215899057349,2026-03-19 00:01:52.461036263+00:00,73.252,2026-03-19 00:01:52.211036263+00:00,cancelled,expected_edge_ask,2026-03-19 00:01:52.764859799+00:00,2026-03-19 00:01:53.014859799+00:00
2026-03-19 00:01:53.033154642+00:00,61,placed,ask,2202.9,0.1185215899057349,2026-03-19 00:01:53.283154642+00:00,78.588,2026-03-19 00:01:53.033154642+00:00,pending_new,,,
2026-03-19 00:01:53.433236030+00:00,60,cancel_requested,bid,2202.1,0.08147841009426512,2026-03-19 00:01:53.014859799+00:00,66.762,2026-03-19 00:01:52.764859799+00:00,pending_cancel,pressure_stop_bid,2026-03-19 00:01:53.433236030+00:00,2026-03-19 00:01:53.683236030+00:00
2026-03-19 00:01:53.683236030+00:00,60,cancelled,bid,2202.1,0.08147841009426512,2026-03-19 00:01:53.014859799+00:00,66.762,2026-03-19 00:01:52.764859799+00:00,cancelled,pressure_stop_bid,2026-03-19 00:01:53.433236030+00:00,2026-03-19 00:01:53.683236030+00:00
2026-03-19 00:01:53.952508427+00:00,62,placed,bid,2201.9,0.08147841009426512,2026-03-19 00:01:54.202508427+00:00,113.458,2026-03-19 00:01:53.952508427+00:00,pending_new,,,
2026-03-19 00:01:53.952508427+00:00,61,cancel_requested,ask,2202.9,0.1185215899057349,2026-03-19 00:01:53.283154642+00:00,78.588,2026-03-19 00:01:53.033154642+00:00,pending_cancel,refresh_reprice,2026-03-19 00:01:53.952508427+00:00,2026-03-19 00:01:54.202508427+00:00
2026-03-19 00:01:54.087978239+00:00,62,cancel_requested,bid,2201.9,0.08147841009426512,2026-03-19 00:01:54.202508427+00:00,113.458,2026-03-19 00:01:53.952508427+00:00,pending_cancel,pressure_stop_bid,2026-03-19 00:01:54.087978239+00:00,2026-03-19 00:01:54.337978239+00:00
2026-03-19 00:01:54.202508427+00:00,61,cancelled,ask,2202.9,0.1185215899057349,2026-03-19 00:01:53.283154642+00:00,78.588,2026-03-19 00:01:53.033154642+00:00,cancelled,refresh_reprice,2026-03-19 00:01:53.952508427+00:00,2026-03-19 00:01:54.202508427+00:00
2026-03-19 00:01:54.258097641+00:00,63,placed,ask,2202.6,0.1185215899057349,2026-03-19 00:01:54.508097641+00:00,93.228,2026-03-19 00:01:54.258097641+00:00,pending_new,,,
2026-03-19 00:01:54.337978239+00:00,62,cancelled,bid,2201.9,0.08147841009426512,2026-03-19 00:01:54.202508427+00:00,113.458,2026-03-19 00:01:53.952508427+00:00,cancelled,pressure_stop_bid,2026-03-19 00:01:54.087978239+00:00,2026-03-19 00:01:54.337978239+00:00
2026-03-19 00:01:54.798514705+00:00,63,cancel_requested,ask,2202.6,0.1185215899057349,2026-03-19 00:01:54.508097641+00:00,93.228,2026-03-19 00:01:54.258097641+00:00,pending_cancel,expected_edge_ask,2026-03-19 00:01:54.798514705+00:00,2026-03-19 00:01:55.048514705+00:00
2026-03-19 00:01:54.798514705+00:00,64,placed,bid,2201.8,0.08147841009426512,2026-03-19 00:01:55.048514705+00:00,117.84100000000001,2026-03-19 00:01:54.798514705+00:00,pending_new,,,
2026-03-19 00:01:55.048514705+00:00,63,cancelled,ask,2202.6,0.1185215899057349,2026-03-19 00:01:54.508097641+00:00,93.228,2026-03-19 00:01:54.258097641+00:00,cancelled,expected_edge_ask,2026-03-19 00:01:54.798514705+00:00,2026-03-19 00:01:55.048514705+00:00
2026-03-19 00:01:55.431050541+00:00,64,cancel_requested,bid,2201.8,0.08147841009426512,2026-03-19 00:01:55.048514705+00:00,117.84100000000001,2026-03-19 00:01:54.798514705+00:00,pending_cancel,pressure_stop_bid,2026-03-19 00:01:55.431050541+00:00,2026-03-19 00:01:55.681050541+00:00
2026-03-19 00:01:55.431050541+00:00,65,placed,ask,2202.4,0.1185215899057349,2026-03-19 00:01:55.681050541+00:00,101.04999999999998,2026-03-19 00:01:55.431050541+00:00,pending_new,,,
2026-03-19 00:01:55.681050541+00:00,64,cancelled,bid,2201.8,0.08147841009426512,2026-03-19 00:01:55.048514705+00:00,117.84100000000001,2026-03-19 00:01:54.798514705+00:00,cancelled,pressure_stop_bid,2026-03-19 00:01:55.431050541+00:00,2026-03-19 00:01:55.681050541+00:00
2026-03-19 00:01:56.198552358+00:00,66,placed,bid,2201.3,0.08147841009426512,2026-03-19 00:01:56.448552358+00:00,112.03,2026-03-19 00:01:56.198552358+00:00,pending_new,,,
2026-03-19 00:01:56.198552358+00:00,65,cancel_requested,ask,2202.4,0.1185215899057349,2026-03-19 00:01:55.681050541+00:00,101.04999999999998,2026-03-19 00:01:55.431050541+00:00,pending_cancel,refresh_reprice,2026-03-19 00:01:56.198552358+00:00,2026-03-19 00:01:56.448552358+00:00
2026-03-19 00:01:56.448552358+00:00,65,cancelled,ask,2202.4,0.1185215899057349,2026-03-19 00:01:55.681050541+00:00,101.04999999999998,2026-03-19 00:01:55.431050541+00:00,cancelled,refresh_reprice,2026-03-19 00:01:56.198552358+00:00,2026-03-19 00:01:56.448552358+00:00
2026-03-19 00:01:56.459997239+00:00,67,placed,ask,2202.2,0.1185215899057349,2026-03-19 00:01:56.709997239+00:00,135.72,2026-03-19 00:01:56.459997239+00:00,pending_new,,,
2026-03-19 00:01:57.416775186+00:00,67,cancel_requested,ask,2202.2,0.1185215899057349,2026-03-19 00:01:56.709997239+00:00,135.72,2026-03-19 00:01:56.459997239+00:00,pending_cancel,expected_edge_ask,2026-03-19 00:01:57.416775186+00:00,2026-03-19 00:01:57.666775186+00:00
2026-03-19 00:01:57.666775186+00:00,67,cancelled,ask,2202.2,0.1185215899057349,2026-03-19 00:01:56.709997239+00:00,135.72,2026-03-19 00:01:56.459997239+00:00,cancelled,expected_edge_ask,2026-03-19 00:01:57.416775186+00:00,2026-03-19 00:01:57.666775186+00:00
2026-03-19 00:01:57.986644435+00:00,66,cancel_requested,bid,2201.3,0.08147841009426512,2026-03-19 00:01:56.448552358+00:00,112.03,2026-03-19 00:01:56.198552358+00:00,pending_cancel,refresh_reprice,2026-03-19 00:01:57.986644435+00:00,2026-03-19 00:01:58.236644435+00:00
2026-03-19 00:01:58.236644435+00:00,66,cancelled,bid,2201.3,0.08147841009426512,2026-03-19 00:01:56.448552358+00:00,112.03,2026-03-19 00:01:56.198552358+00:00,cancelled,refresh_reprice,2026-03-19 00:01:57.986644435+00:00,2026-03-19 00:01:58.236644435+00:00
2026-03-19 00:01:58.294972722+00:00,68,placed,bid,2201.6,0.08147841009426512,2026-03-19 00:01:58.544972722+00:00,196.49699999999999,2026-03-19 00:01:58.294972722+00:00,pending_new,,,
2026-03-19 00:01:58.854339112+00:00,68,cancel_requested,bid,2201.6,0.08147841009426512,2026-03-19 00:01:58.544972722+00:00,196.49699999999999,2026-03-19 00:01:58.294972722+00:00,pending_cancel,refresh_reprice,2026-03-19 00:01:58.854339112+00:00,2026-03-19 00:01:59.104339112+00:00
2026-03-19 00:01:59.104339112+00:00,68,cancelled,bid,2201.6,0.08147841009426512,2026-03-19 00:01:58.544972722+00:00,196.49699999999999,2026-03-19 00:01:58.294972722+00:00,cancelled,refresh_reprice,2026-03-19 00:01:58.854339112+00:00,2026-03-19 00:01:59.104339112+00:00
2026-03-19 00:01:59.104974424+00:00,69,placed,bid,2201.9,0.08147841009426512,2026-03-19 00:01:59.354974424+00:00,156.16,2026-03-19 00:01:59.104974424+00:00,pending_new,,,
2026-03-19 00:02:04.634753276+00:00,69,cancel_requested,bid,2201.9,0.08147841009426512,2026-03-19 00:01:59.354974424+00:00,156.16,2026-03-19 00:01:59.104974424+00:00,pending_cancel,refresh_reprice,2026-03-19 00:02:04.634753276+00:00,2026-03-19 00:02:04.884753276+00:00
2026-03-19 00:02:04.634753276+00:00,70,placed,ask,2203.3,0.1185215899057349,2026-03-19 00:02:04.884753276+00:00,172.149,2026-03-19 00:02:04.634753276+00:00,pending_new,,,
2026-03-19 00:02:04.884753276+00:00,69,cancelled,bid,2201.9,0.08147841009426512,2026-03-19 00:01:59.354974424+00:00,156.16,2026-03-19 00:01:59.104974424+00:00,cancelled,refresh_reprice,2026-03-19 00:02:04.634753276+00:00,2026-03-19 00:02:04.884753276+00:00
2026-03-19 00:02:04.954403651+00:00,71,placed,bid,2201.8,0.08147841009426512,2026-03-19 00:02:05.204403651+00:00,194.19899999999998,2026-03-19 00:02:04.954403651+00:00,pending_new,,,
2026-03-19 00:02:05.129563164+00:00,71,cancel_requested,bid,2201.8,0.08147841009426512,2026-03-19 00:02:05.204403651+00:00,194.19899999999998,2026-03-19 00:02:04.954403651+00:00,pending_cancel,pressure_stop_bid,2026-03-19 00:02:05.129563164+00:00,2026-03-19 00:02:05.379563164+00:00
2026-03-19 00:02:05.379563164+00:00,71,cancelled,bid,2201.8,0.08147841009426512,2026-03-19 00:02:05.204403651+00:00,194.19899999999998,2026-03-19 00:02:04.954403651+00:00,cancelled,pressure_stop_bid,2026-03-19 00:02:05.129563164+00:00,2026-03-19 00:02:05.379563164+00:00
2026-03-19 00:02:06.046222044+00:00,70,cancel_requested,ask,2203.3,0.1185215899057349,2026-03-19 00:02:04.884753276+00:00,172.149,2026-03-19 00:02:04.634753276+00:00,pending_cancel,refresh_reprice,2026-03-19 00:02:06.046222044+00:00,2026-03-19 00:02:06.296222044+00:00
2026-03-19 00:02:06.296222044+00:00,70,cancelled,ask,2203.3,0.1185215899057349,2026-03-19 00:02:04.884753276+00:00,172.149,2026-03-19 00:02:04.634753276+00:00,cancelled,refresh_reprice,2026-03-19 00:02:06.046222044+00:00,2026-03-19 00:02:06.296222044+00:00
2026-03-19 00:02:06.343976639+00:00,72,placed,ask,2202.9,0.1185215899057349,2026-03-19 00:02:06.593976639+00:00,255.019,2026-03-19 00:02:06.343976639+00:00,pending_new,,,
2026-03-19 00:02:07.578223955+00:00,72,cancel_requested,ask,2202.9,0.1185215899057349,2026-03-19 00:02:06.593976639+00:00,255.019,2026-03-19 00:02:06.343976639+00:00,pending_cancel,refresh_reprice,2026-03-19 00:02:07.578223955+00:00,2026-03-19 00:02:07.828223955+00:00
2026-03-19 00:02:07.828223955+00:00,72,cancelled,ask,2202.9,0.1185215899057349,2026-03-19 00:02:06.593976639+00:00,255.019,2026-03-19 00:02:06.343976639+00:00,cancelled,refresh_reprice,2026-03-19 00:02:07.578223955+00:00,2026-03-19 00:02:07.828223955+00:00
2026-03-19 00:02:07.840277866+00:00,73,placed,ask,2202.7,0.1185215899057349,2026-03-19 00:02:08.090277866+00:00,151.18099999999998,2026-03-19 00:02:07.840277866+00:00,pending_new,,,
2026-03-19 00:02:09.920323268+00:00,73,cancel_requested,ask,2202.7,0.1185215899057349,2026-03-19 00:02:08.090277866+00:00,151.18099999999998,2026-03-19 00:02:07.840277866+00:00,pending_cancel,pressure_stop_ask,2026-03-19 00:02:09.920323268+00:00,2026-03-19 00:02:10.170323268+00:00
2026-03-19 00:02:09.920323268+00:00,74,placed,bid,2201.8,0.08100937759832202,2026-03-19 00:02:10.170323268+00:00,185.233,2026-03-19 00:02:09.920323268+00:00,pending_new,,,
2026-03-19 00:02:10.076446784+00:00,74,cancel_requested,bid,2201.8,0.08100937759832202,2026-03-19 00:02:10.170323268+00:00,185.233,2026-03-19 00:02:09.920323268+00:00,pending_cancel,refresh_reprice,2026-03-19 00:02:10.076446784+00:00,2026-03-19 00:02:10.326446784+00:00
2026-03-19 00:02:10.170323268+00:00,73,cancelled,ask,2202.7,0.1185215899057349,2026-03-19 00:02:08.090277866+00:00,151.18099999999998,2026-03-19 00:02:07.840277866+00:00,cancelled,pressure_stop_ask,2026-03-19 00:02:09.920323268+00:00,2026-03-19 00:02:10.170323268+00:00
2026-03-19 00:02:10.326446784+00:00,74,cancelled,bid,2201.8,0.08100937759832202,2026-03-19 00:02:10.170323268+00:00,185.233,2026-03-19 00:02:09.920323268+00:00,cancelled,refresh_reprice,2026-03-19 00:02:10.076446784+00:00,2026-03-19 00:02:10.326446784+00:00
2026-03-19 00:02:10.331843854+00:00,75,placed,bid,2201.6,0.08100937759832202,2026-03-19 00:02:10.581843854+00:00,260.072,2026-03-19 00:02:10.331843854+00:00,pending_new,,,
2026-03-19 00:02:10.843622899+00:00,75,cancel_requested,bid,2201.6,0.08100937759832202,2026-03-19 00:02:10.581843854+00:00,260.072,2026-03-19 00:02:10.331843854+00:00,pending_cancel,refresh_reprice,2026-03-19 00:02:10.843622899+00:00,2026-03-19 00:02:11.093622899+00:00
2026-03-19 00:02:11.093622899+00:00,75,cancelled,bid,2201.6,0.08100937759832202,2026-03-19 00:02:10.581843854+00:00,260.072,2026-03-19 00:02:10.331843854+00:00,cancelled,refresh_reprice,2026-03-19 00:02:10.843622899+00:00,2026-03-19 00:02:11.093622899+00:00
2026-03-19 00:02:11.097362742+00:00,76,placed,bid,2202.1,0.08100937759832202,2026-03-19 00:02:11.347362742+00:00,217.176,2026-03-19 00:02:11.097362742+00:00,pending_new,,,
2026-03-19 00:02:13.746727323+00:00,76,cancel_requested,bid,2202.1,0.08100937759832202,2026-03-19 00:02:11.347362742+00:00,217.176,2026-03-19 00:02:11.097362742+00:00,pending_cancel,refresh_reprice,2026-03-19 00:02:13.746727323+00:00,2026-03-19 00:02:13.996727323+00:00
2026-03-19 00:02:13.746727323+00:00,77,placed,ask,2203.6,0.118990622401678,2026-03-19 00:02:13.996727323+00:00,175.137,2026-03-19 00:02:13.746727323+00:00,pending_new,,,
2026-03-19 00:02:13.996727323+00:00,76,cancelled,bid,2202.1,0.08100937759832202,2026-03-19 00:02:11.347362742+00:00,217.176,2026-03-19 00:02:11.097362742+00:00,cancelled,refresh_reprice,2026-03-19 00:02:13.746727323+00:00,2026-03-19 00:02:13.996727323+00:00
2026-03-19 00:02:14.057381297+00:00,78,placed,bid,2202.7,0.08100937759832202,2026-03-19 00:02:14.307381297+00:00,121.70899999999999,2026-03-19 00:02:14.057381297+00:00,pending_new,,,
2026-03-19 00:02:15.486675378+00:00,77,cancel_requested,ask,2203.6,0.118990622401678,2026-03-19 00:02:13.996727323+00:00,175.137,2026-03-19 00:02:13.746727323+00:00,pending_cancel,pressure_stop_ask,2026-03-19 00:02:15.486675378+00:00,2026-03-19 00:02:15.736675378+00:00
2026-03-19 00:02:15.736675378+00:00,77,cancelled,ask,2203.6,0.118990622401678,2026-03-19 00:02:13.996727323+00:00,175.137,2026-03-19 00:02:13.746727323+00:00,cancelled,pressure_stop_ask,2026-03-19 00:02:15.486675378+00:00,2026-03-19 00:02:15.736675378+00:00
2026-03-19 00:02:20.838970024+00:00,79,placed,ask,2203.4,0.118990622401678,2026-03-19 00:02:21.088970024+00:00,70.925,2026-03-19 00:02:20.838970024+00:00,pending_new,,,
2026-03-19 00:02:21.451039889+00:00,78,cancel_requested,bid,2202.7,0.08100937759832202,2026-03-19 00:02:14.307381297+00:00,121.70899999999999,2026-03-19 00:02:14.057381297+00:00,pending_cancel,pressure_stop_bid,2026-03-19 00:02:21.451039889+00:00,2026-03-19 00:02:21.701039889+00:00
2026-03-19 00:02:21.701039889+00:00,78,cancelled,bid,2202.7,0.08100937759832202,2026-03-19 00:02:14.307381297+00:00,121.70899999999999,2026-03-19 00:02:14.057381297+00:00,cancelled,pressure_stop_bid,2026-03-19 00:02:21.451039889+00:00,2026-03-19 00:02:21.701039889+00:00
2026-03-19 00:02:21.736329452+00:00,80,placed,bid,2202.6,0.08100937759832202,2026-03-19 00:02:21.986329452+00:00,156.66699999999997,2026-03-19 00:02:21.736329452+00:00,pending_new,,,
2026-03-19 00:02:21.916244228+00:00,80,cancel_requested,bid,2202.6,0.08100937759832202,2026-03-19 00:02:21.986329452+00:00,156.66699999999997,2026-03-19 00:02:21.736329452+00:00,pending_cancel,pressure_stop_bid,2026-03-19 00:02:21.916244228+00:00,2026-03-19 00:02:22.166244228+00:00
2026-03-19 00:02:22.166244228+00:00,80,cancelled,bid,2202.6,0.08100937759832202,2026-03-19 00:02:21.986329452+00:00,156.66699999999997,2026-03-19 00:02:21.736329452+00:00,cancelled,pressure_stop_bid,2026-03-19 00:02:21.916244228+00:00,2026-03-19 00:02:22.166244228+00:00
2026-03-19 00:02:25.336898465+00:00,79,cancel_requested,ask,2203.4,0.118990622401678,2026-03-19 00:02:21.088970024+00:00,70.925,2026-03-19 00:02:20.838970024+00:00,pending_cancel,refresh_reprice,2026-03-19 00:02:25.336898465+00:00,2026-03-19 00:02:25.586898465+00:00
2026-03-19 00:02:25.444198071+00:00,81,placed,bid,2202.2,0.08100937759832202,2026-03-19 00:02:25.694198071+00:00,94.73200000000001,2026-03-19 00:02:25.444198071+00:00,pending_new,,,
2026-03-19 00:02:25.586898465+00:00,79,cancelled,ask,2203.4,0.118990622401678,2026-03-19 00:02:21.088970024+00:00,70.925,2026-03-19 00:02:20.838970024+00:00,cancelled,refresh_reprice,2026-03-19 00:02:25.336898465+00:00,2026-03-19 00:02:25.586898465+00:00
2026-03-19 00:02:25.592208402+00:00,82,placed,ask,2202.9,0.118990622401678,2026-03-19 00:02:25.842208402+00:00,46.329,2026-03-19 00:02:25.592208402+00:00,pending_new,,,
2026-03-19 00:02:25.954618595+00:00,81,cancel_requested,bid,2202.2,0.08100937759832202,2026-03-19 00:02:25.694198071+00:00,94.73200000000001,2026-03-19 00:02:25.444198071+00:00,pending_cancel,pressure_stop_bid,2026-03-19 00:02:25.954618595+00:00,2026-03-19 00:02:26.204618595+00:00
2026-03-19 00:02:26.054950580+00:00,82,cancel_requested,ask,2202.9,0.118990622401678,2026-03-19 00:02:25.842208402+00:00,46.329,2026-03-19 00:02:25.592208402+00:00,pending_cancel,refresh_reprice,2026-03-19 00:02:26.054950580+00:00,2026-03-19 00:02:26.304950580+00:00
2026-03-19 00:02:26.204618595+00:00,81,cancelled,bid,2202.2,0.08100937759832202,2026-03-19 00:02:25.694198071+00:00,94.73200000000001,2026-03-19 00:02:25.444198071+00:00,cancelled,pressure_stop_bid,2026-03-19 00:02:25.954618595+00:00,2026-03-19 00:02:26.204618595+00:00
2026-03-19 00:02:26.261605697+00:00,83,placed,bid,2202.0,0.08100937759832202,2026-03-19 00:02:26.511605697+00:00,123.21900000000001,2026-03-19 00:02:26.261605697+00:00,pending_new,,,
2026-03-19 00:02:26.304950580+00:00,82,cancelled,ask,2202.9,0.118990622401678,2026-03-19 00:02:25.842208402+00:00,46.329,2026-03-19 00:02:25.592208402+00:00,cancelled,refresh_reprice,2026-03-19 00:02:26.054950580+00:00,2026-03-19 00:02:26.304950580+00:00
2026-03-19 00:02:26.312014355+00:00,84,placed,ask,2202.8,0.118990622401678,2026-03-19 00:02:26.562014355+00:00,62.234,2026-03-19 00:02:26.312014355+00:00,pending_new,,,
2026-03-19 00:02:28.403924878+00:00,84,cancel_requested,ask,2202.8,0.118990622401678,2026-03-19 00:02:26.562014355+00:00,62.234,2026-03-19 00:02:26.312014355+00:00,pending_cancel,pressure_stop_ask,2026-03-19 00:02:28.403924878+00:00,2026-03-19 00:02:28.653924878+00:00
2026-03-19 00:02:28.403924878+00:00,83,resized,bid,2202.0,0.0805999352968368,2026-03-19 00:02:26.511605697+00:00,123.21900000000001,,,preserve_queue_priority,,
2026-03-19 00:02:28.653924878+00:00,84,cancelled,ask,2202.8,0.118990622401678,2026-03-19 00:02:26.562014355+00:00,62.234,2026-03-19 00:02:26.312014355+00:00,cancelled,pressure_stop_ask,2026-03-19 00:02:28.403924878+00:00,2026-03-19 00:02:28.653924878+00:00
2026-03-19 00:02:36.261605697+00:00,83,cancel_requested,bid,2202.0,0.0805999352968368,2026-03-19 00:02:26.511605697+00:00,123.21900000000001,2026-03-19 00:02:26.261605697+00:00,pending_cancel,quote_age_expired,2026-03-19 00:02:36.261605697+00:00,2026-03-19 00:02:36.511605697+00:00
2026-03-19 00:02:36.511605697+00:00,83,cancelled,bid,2202.0,0.0805999352968368,2026-03-19 00:02:26.511605697+00:00,123.21900000000001,2026-03-19 00:02:26.261605697+00:00,cancelled,quote_age_expired,2026-03-19 00:02:36.261605697+00:00,2026-03-19 00:02:36.511605697+00:00
2026-03-19 00:02:36.535352726+00:00,85,placed,bid,2202.0,0.0805999352968368,2026-03-19 00:02:36.785352726+00:00,130.765,2026-03-19 00:02:36.535352726+00:00,pending_new,,,
2026-03-19 00:02:37.133597070+00:00,85,cancel_requested,bid,2202.0,0.0805999352968368,2026-03-19 00:02:36.785352726+00:00,130.765,2026-03-19 00:02:36.535352726+00:00,pending_cancel,refresh_reprice,2026-03-19 00:02:37.133597070+00:00,2026-03-19 00:02:37.383597070+00:00
2026-03-19 00:02:37.133597070+00:00,86,placed,ask,2203.1,0.11940006470316321,2026-03-19 00:02:37.383597070+00:00,58.599000000000004,2026-03-19 00:02:37.133597070+00:00,pending_new,,,
2026-03-19 00:02:37.383597070+00:00,85,cancelled,bid,2202.0,0.0805999352968368,2026-03-19 00:02:36.785352726+00:00,130.765,2026-03-19 00:02:36.535352726+00:00,cancelled,refresh_reprice,2026-03-19 00:02:37.133597070+00:00,2026-03-19 00:02:37.383597070+00:00
2026-03-19 00:02:37.387087050+00:00,87,placed,bid,2202.3,0.0805999352968368,2026-03-19 00:02:37.637087050+00:00,98.52799999999999,2026-03-19 00:02:37.387087050+00:00,pending_new,,,
2026-03-19 00:02:39.777927779+00:00,87,cancel_requested,bid,2202.3,0.0805999352968368,2026-03-19 00:02:37.637087050+00:00,98.52799999999999,2026-03-19 00:02:37.387087050+00:00,pending_cancel,refresh_reprice,2026-03-19 00:02:39.777927779+00:00,2026-03-19 00:02:40.027927779+00:00
2026-03-19 00:02:40.027927779+00:00,87,cancelled,bid,2202.3,0.0805999352968368,2026-03-19 00:02:37.637087050+00:00,98.52799999999999,2026-03-19 00:02:37.387087050+00:00,cancelled,refresh_reprice,2026-03-19 00:02:39.777927779+00:00,2026-03-19 00:02:40.027927779+00:00
2026-03-19 00:02:41.768171176+00:00,86,cancel_requested,ask,2203.1,0.11940006470316321,2026-03-19 00:02:37.383597070+00:00,58.599000000000004,2026-03-19 00:02:37.133597070+00:00,pending_cancel,expected_edge_ask,2026-03-19 00:02:41.768171176+00:00,2026-03-19 00:02:42.018171176+00:00
2026-03-19 00:02:41.768171176+00:00,88,placed,bid,2202.0,0.0805999352968368,2026-03-19 00:02:42.018171176+00:00,145.875,2026-03-19 00:02:41.768171176+00:00,pending_new,,,
2026-03-19 00:02:41.970010851+00:00,88,cancel_requested,bid,2202.0,0.0805999352968368,2026-03-19 00:02:42.018171176+00:00,145.875,2026-03-19 00:02:41.768171176+00:00,pending_cancel,pressure_stop_bid,2026-03-19 00:02:41.970010851+00:00,2026-03-19 00:02:42.220010851+00:00
2026-03-19 00:02:42.018171176+00:00,86,cancelled,ask,2203.1,0.11940006470316321,2026-03-19 00:02:37.383597070+00:00,58.599000000000004,2026-03-19 00:02:37.133597070+00:00,cancelled,expected_edge_ask,2026-03-19 00:02:41.768171176+00:00,2026-03-19 00:02:42.018171176+00:00
2026-03-19 00:02:42.079588214+00:00,89,placed,ask,2202.8,0.11940006470316321,2026-03-19 00:02:42.329588214+00:00,99.08000000000001,2026-03-19 00:02:42.079588214+00:00,pending_new,,,
2026-03-19 00:02:42.220010851+00:00,88,cancelled,bid,2202.0,0.0805999352968368,2026-03-19 00:02:42.018171176+00:00,145.875,2026-03-19 00:02:41.768171176+00:00,cancelled,pressure_stop_bid,2026-03-19 00:02:41.970010851+00:00,2026-03-19 00:02:42.220010851+00:00
2026-03-19 00:02:43.102404181+00:00,89,cancel_requested,ask,2202.8,0.11940006470316321,2026-03-19 00:02:42.329588214+00:00,99.08000000000001,2026-03-19 00:02:42.079588214+00:00,pending_cancel,refresh_reprice,2026-03-19 00:02:43.102404181+00:00,2026-03-19 00:02:43.352404181+00:00
2026-03-19 00:02:43.255895274+00:00,90,placed,bid,2201.5,0.0805999352968368,2026-03-19 00:02:43.505895274+00:00,110.34700000000001,2026-03-19 00:02:43.255895274+00:00,pending_new,,,
2026-03-19 00:02:43.352404181+00:00,89,cancelled,ask,2202.8,0.11940006470316321,2026-03-19 00:02:42.329588214+00:00,99.08000000000001,2026-03-19 00:02:42.079588214+00:00,cancelled,refresh_reprice,2026-03-19 00:02:43.102404181+00:00,2026-03-19 00:02:43.352404181+00:00
2026-03-19 00:02:43.355619881+00:00,91,placed,ask,2202.4,0.11940006470316321,2026-03-19 00:02:43.605619881+00:00,88.88900000000001,2026-03-19 00:02:43.355619881+00:00,pending_new,,,
2026-03-19 00:02:44.223594478+00:00,91,cancel_requested,ask,2202.4,0.11940006470316321,2026-03-19 00:02:43.605619881+00:00,88.88900000000001,2026-03-19 00:02:43.355619881+00:00,pending_cancel,pressure_stop_ask,2026-03-19 00:02:44.223594478+00:00,2026-03-19 00:02:44.473594478+00:00
2026-03-19 00:02:44.369673247+00:00,90,cancel_requested,bid,2201.5,0.0805999352968368,2026-03-19 00:02:43.505895274+00:00,110.34700000000001,2026-03-19 00:02:43.255895274+00:00,pending_cancel,refresh_reprice,2026-03-19 00:02:44.369673247+00:00,2026-03-19 00:02:44.619673247+00:00
2026-03-19 00:02:44.473594478+00:00,91,cancelled,ask,2202.4,0.11940006470316321,2026-03-19 00:02:43.605619881+00:00,88.88900000000001,2026-03-19 00:02:43.355619881+00:00,cancelled,pressure_stop_ask,2026-03-19 00:02:44.223594478+00:00,2026-03-19 00:02:44.473594478+00:00
2026-03-19 00:02:44.619673247+00:00,90,cancelled,bid,2201.5,0.0805999352968368,2026-03-19 00:02:43.505895274+00:00,110.34700000000001,2026-03-19 00:02:43.255895274+00:00,cancelled,refresh_reprice,2026-03-19 00:02:44.369673247+00:00,2026-03-19 00:02:44.619673247+00:00
2026-03-19 00:02:44.678763194+00:00,92,placed,bid,2201.8,0.0805999352968368,2026-03-19 00:02:44.928763194+00:00,190.01800000000003,2026-03-19 00:02:44.678763194+00:00,pending_new,,,
2026-03-19 00:02:51.162571299+00:00,92,resized,bid,2201.8,0.08052062912031223,2026-03-19 00:02:44.928763194+00:00,190.01800000000003,,,preserve_queue_priority,,
2026-03-19 00:02:51.162571299+00:00,93,placed,ask,2202.7,0.1194793708796878,2026-03-19 00:02:51.412571299+00:00,109.112,2026-03-19 00:02:51.162571299+00:00,pending_new,,,
2026-03-19 00:02:51.262959945+00:00,93,cancel_requested,ask,2202.7,0.1194793708796878,2026-03-19 00:02:51.412571299+00:00,109.112,2026-03-19 00:02:51.162571299+00:00,pending_cancel,expected_edge_ask,2026-03-19 00:02:51.262959945+00:00,2026-03-19 00:02:51.512959945+00:00
2026-03-19 00:02:51.512959945+00:00,93,cancelled,ask,2202.7,0.1194793708796878,2026-03-19 00:02:51.412571299+00:00,109.112,2026-03-19 00:02:51.162571299+00:00,cancelled,expected_edge_ask,2026-03-19 00:02:51.262959945+00:00,2026-03-19 00:02:51.512959945+00:00
2026-03-19 00:02:54.678763194+00:00,92,cancel_requested,bid,2201.8,0.08052062912031223,2026-03-19 00:02:44.928763194+00:00,190.01800000000003,2026-03-19 00:02:44.678763194+00:00,pending_cancel,quote_age_expired,2026-03-19 00:02:54.678763194+00:00,2026-03-19 00:02:54.928763194+00:00
2026-03-19 00:02:54.928763194+00:00,92,cancelled,bid,2201.8,0.08052062912031223,2026-03-19 00:02:44.928763194+00:00,190.01800000000003,2026-03-19 00:02:44.678763194+00:00,cancelled,quote_age_expired,2026-03-19 00:02:54.678763194+00:00,2026-03-19 00:02:54.928763194+00:00
2026-03-19 00:02:54.939716729+00:00,94,placed,bid,2202.0,0.08052062912031223,2026-03-19 00:02:55.189716729+00:00,133.184,2026-03-19 00:02:54.939716729+00:00,pending_new,,,
2026-03-19 00:02:54.939716729+00:00,95,placed,ask,2202.8,0.1194793708796878,2026-03-19 00:02:55.189716729+00:00,138.632,2026-03-19 00:02:54.939716729+00:00,pending_new,,,
2026-03-19 00:02:55.402245192+00:00,95,cancel_requested,ask,2202.8,0.1194793708796878,2026-03-19 00:02:55.189716729+00:00,138.632,2026-03-19 00:02:54.939716729+00:00,pending_cancel,expected_edge_ask,2026-03-19 00:02:55.402245192+00:00,2026-03-19 00:02:55.652245192+00:00
2026-03-19 00:02:55.652245192+00:00,95,cancelled,ask,2202.8,0.1194793708796878,2026-03-19 00:02:55.189716729+00:00,138.632,2026-03-19 00:02:54.939716729+00:00,cancelled,expected_edge_ask,2026-03-19 00:02:55.402245192+00:00,2026-03-19 00:02:55.652245192+00:00
2026-03-19 00:03:04.939716729+00:00,94,cancel_requested,bid,2202.0,0.08052062912031223,2026-03-19 00:02:55.189716729+00:00,133.184,2026-03-19 00:02:54.939716729+00:00,pending_cancel,quote_age_expired,2026-03-19 00:03:04.939716729+00:00,2026-03-19 00:03:05.189716729+00:00
2026-03-19 00:03:05.189716729+00:00,94,cancelled,bid,2202.0,0.08052062912031223,2026-03-19 00:02:55.189716729+00:00,133.184,2026-03-19 00:02:54.939716729+00:00,cancelled,quote_age_expired,2026-03-19 00:03:04.939716729+00:00,2026-03-19 00:03:05.189716729+00:00
2026-03-19 00:03:05.204222888+00:00,96,placed,bid,2202.1,0.08052062912031223,2026-03-19 00:03:05.454222888+00:00,149.55100000000002,2026-03-19 00:03:05.204222888+00:00,pending_new,,,
2026-03-19 00:03:05.304714506+00:00,96,cancel_requested,bid,2202.1,0.08052062912031223,2026-03-19 00:03:05.454222888+00:00,149.55100000000002,2026-03-19 00:03:05.204222888+00:00,pending_cancel,refresh_reprice,2026-03-19 00:03:05.304714506+00:00,2026-03-19 00:03:05.554714506+00:00
2026-03-19 00:03:05.554714506+00:00,96,cancelled,bid,2202.1,0.08052062912031223,2026-03-19 00:03:05.454222888+00:00,149.55100000000002,2026-03-19 00:03:05.204222888+00:00,cancelled,refresh_reprice,2026-03-19 00:03:05.304714506+00:00,2026-03-19 00:03:05.554714506+00:00
2026-03-19 00:03:05.605236182+00:00,97,placed,bid,2202.3,0.08052062912031223,2026-03-19 00:03:05.855236182+00:00,162.793,2026-03-19 00:03:05.605236182+00:00,pending_new,,,
2026-03-19 00:03:06.480000409+00:00,97,cancel_requested,bid,2202.3,0.08052062912031223,2026-03-19 00:03:05.855236182+00:00,162.793,2026-03-19 00:03:05.605236182+00:00,pending_cancel,pressure_stop_bid,2026-03-19 00:03:06.480000409+00:00,2026-03-19 00:03:06.730000409+00:00
2026-03-19 00:03:06.480000409+00:00,98,placed,ask,2202.8,0.1194793708796878,2026-03-19 00:03:06.730000409+00:00,77.90100000000001,2026-03-19 00:03:06.480000409+00:00,pending_new,,,
2026-03-19 00:03:06.730000409+00:00,97,cancelled,bid,2202.3,0.08052062912031223,2026-03-19 00:03:05.855236182+00:00,162.793,2026-03-19 00:03:05.605236182+00:00,cancelled,pressure_stop_bid,2026-03-19 00:03:06.480000409+00:00,2026-03-19 00:03:06.730000409+00:00
2026-03-19 00:03:09.081259389+00:00,98,cancel_requested,ask,2202.8,0.1194793708796878,2026-03-19 00:03:06.730000409+00:00,77.90100000000001,2026-03-19 00:03:06.480000409+00:00,pending_cancel,expected_edge_ask,2026-03-19 00:03:09.081259389+00:00,2026-03-19 00:03:09.331259389+00:00
2026-03-19 00:03:09.331259389+00:00,98,cancelled,ask,2202.8,0.1194793708796878,2026-03-19 00:03:06.730000409+00:00,77.90100000000001,2026-03-19 00:03:06.480000409+00:00,cancelled,expected_edge_ask,2026-03-19 00:03:09.081259389+00:00,2026-03-19 00:03:09.331259389+00:00
2026-03-19 00:03:09.337437609+00:00,99,placed,ask,2202.8,0.11929021226089272,2026-03-19 00:03:09.587437609+00:00,72.783,2026-03-19 00:03:09.337437609+00:00,pending_new,,,
2026-03-19 00:03:11.736956618+00:00,99,cancel_requested,ask,2202.8,0.11929021226089272,2026-03-19 00:03:09.587437609+00:00,72.783,2026-03-19 00:03:09.337437609+00:00,pending_cancel,expected_edge_ask,2026-03-19 00:03:11.736956618+00:00,2026-03-19 00:03:11.986956618+00:00
2026-03-19 00:03:11.736956618+00:00,100,placed,bid,2202.3,0.08070978773910731,2026-03-19 00:03:11.986956618+00:00,38.419,2026-03-19 00:03:11.736956618+00:00,pending_new,,,
2026-03-19 00:03:11.986956618+00:00,99,cancelled,ask,2202.8,0.11929021226089272,2026-03-19 00:03:09.587437609+00:00,72.783,2026-03-19 00:03:09.337437609+00:00,cancelled,expected_edge_ask,2026-03-19 00:03:11.736956618+00:00,2026-03-19 00:03:11.986956618+00:00
2026-03-19 00:03:16.173780773+00:00,100,cancel_requested,bid,2202.3,0.08070978773910731,2026-03-19 00:03:11.986956618+00:00,38.419,2026-03-19 00:03:11.736956618+00:00,pending_cancel,pressure_stop_bid,2026-03-19 00:03:16.173780773+00:00,2026-03-19 00:03:16.423780773+00:00
2026-03-19 00:03:16.173780773+00:00,101,placed,ask,2202.8,0.11929021226089272,2026-03-19 00:03:16.423780773+00:00,70.797,2026-03-19 00:03:16.173780773+00:00,pending_new,,,
2026-03-19 00:03:16.423780773+00:00,100,cancelled,bid,2202.3,0.08070978773910731,2026-03-19 00:03:11.986956618+00:00,38.419,2026-03-19 00:03:11.736956618+00:00,cancelled,pressure_stop_bid,2026-03-19 00:03:16.173780773+00:00,2026-03-19 00:03:16.423780773+00:00
2026-03-19 00:03:17.194431514+00:00,101,cancel_requested,ask,2202.8,0.11929021226089272,2026-03-19 00:03:16.423780773+00:00,70.797,2026-03-19 00:03:16.173780773+00:00,pending_cancel,expected_edge_ask,2026-03-19 00:03:17.194431514+00:00,2026-03-19 00:03:17.444431514+00:00
2026-03-19 00:03:17.194431514+00:00,102,placed,bid,2202.2,0.08070978773910731,2026-03-19 00:03:17.444431514+00:00,72.714,2026-03-19 00:03:17.194431514+00:00,pending_new,,,
2026-03-19 00:03:17.444431514+00:00,101,cancelled,ask,2202.8,0.11929021226089272,2026-03-19 00:03:16.423780773+00:00,70.797,2026-03-19 00:03:16.173780773+00:00,cancelled,expected_edge_ask,2026-03-19 00:03:17.194431514+00:00,2026-03-19 00:03:17.444431514+00:00
2026-03-19 00:03:23.679950131+00:00,102,cancel_requested,bid,2202.2,0.08070978773910731,2026-03-19 00:03:17.444431514+00:00,72.714,2026-03-19 00:03:17.194431514+00:00,pending_cancel,pressure_stop_bid,2026-03-19 00:03:23.679950131+00:00,2026-03-19 00:03:23.929950131+00:00
2026-03-19 00:03:23.929950131+00:00,102,cancelled,bid,2202.2,0.08070978773910731,2026-03-19 00:03:17.444431514+00:00,72.714,2026-03-19 00:03:17.194431514+00:00,cancelled,pressure_stop_bid,2026-03-19 00:03:23.679950131+00:00,2026-03-19 00:03:23.929950131+00:00
2026-03-19 00:03:28.935707285+00:00,103,placed,bid,2202.4,0.08070978773910731,2026-03-19 00:03:29.185707285+00:00,56.650999999999996,2026-03-19 00:03:28.935707285+00:00,pending_new,,,
2026-03-19 00:03:33.777040015+00:00,103,cancel_requested,bid,2202.4,0.08070978773910731,2026-03-19 00:03:29.185707285+00:00,56.650999999999996,2026-03-19 00:03:28.935707285+00:00,pending_cancel,pressure_stop_bid,2026-03-19 00:03:33.777040015+00:00,2026-03-19 00:03:34.027040015+00:00
2026-03-19 00:03:34.027040015+00:00,103,cancelled,bid,2202.4,0.08070978773910731,2026-03-19 00:03:29.185707285+00:00,56.650999999999996,2026-03-19 00:03:28.935707285+00:00,cancelled,pressure_stop_bid,2026-03-19 00:03:33.777040015+00:00,2026-03-19 00:03:34.027040015+00:00
2026-03-19 00:03:39.038588304+00:00,104,placed,bid,2202.5,0.08018512782191345,2026-03-19 00:03:39.288588304+00:00,106.409,2026-03-19 00:03:39.038588304+00:00,pending_new,,,
2026-03-19 00:03:44.004481140+00:00,104,cancel_requested,bid,2202.5,0.08018512782191345,2026-03-19 00:03:39.288588304+00:00,106.409,2026-03-19 00:03:39.038588304+00:00,pending_cancel,refresh_reprice,2026-03-19 00:03:44.004481140+00:00,2026-03-19 00:03:44.254481140+00:00
2026-03-19 00:03:44.254481140+00:00,104,cancelled,bid,2202.5,0.08018512782191345,2026-03-19 00:03:39.288588304+00:00,106.409,2026-03-19 00:03:39.038588304+00:00,cancelled,refresh_reprice,2026-03-19 00:03:44.004481140+00:00,2026-03-19 00:03:44.254481140+00:00
2026-03-19 00:03:44.359960694+00:00,105,placed,bid,2203.1,0.08018512782191345,2026-03-19 00:03:44.609960694+00:00,146.995,2026-03-19 00:03:44.359960694+00:00,pending_new,,,
2026-03-19 00:03:47.271770225+00:00,105,cancel_requested,bid,2203.1,0.08018512782191345,2026-03-19 00:03:44.609960694+00:00,146.995,2026-03-19 00:03:44.359960694+00:00,pending_cancel,refresh_reprice,2026-03-19 00:03:47.271770225+00:00,2026-03-19 00:03:47.521770225+00:00
2026-03-19 00:03:47.521770225+00:00,105,cancelled,bid,2203.1,0.08018512782191345,2026-03-19 00:03:44.609960694+00:00,146.995,2026-03-19 00:03:44.359960694+00:00,cancelled,refresh_reprice,2026-03-19 00:03:47.271770225+00:00,2026-03-19 00:03:47.521770225+00:00
2026-03-19 00:03:47.526808660+00:00,106,placed,bid,2203.4,0.08018512782191345,2026-03-19 00:03:47.776808660+00:00,165.276,2026-03-19 00:03:47.526808660+00:00,pending_new,,,
2026-03-19 00:03:57.526808660+00:00,106,cancel_requested,bid,2203.4,0.08018512782191345,2026-03-19 00:03:47.776808660+00:00,165.276,2026-03-19 00:03:47.526808660+00:00,pending_cancel,quote_age_expired,2026-03-19 00:03:57.526808660+00:00,2026-03-19 00:03:57.776808660+00:00
2026-03-19 00:03:57.776808660+00:00,106,cancelled,bid,2203.4,0.08018512782191345,2026-03-19 00:03:47.776808660+00:00,165.276,2026-03-19 00:03:47.526808660+00:00,cancelled,quote_age_expired,2026-03-19 00:03:57.526808660+00:00,2026-03-19 00:03:57.776808660+00:00
2026-03-19 00:03:57.794032955+00:00,107,placed,bid,2203.5,0.08070588528679294,2026-03-19 00:03:58.044032955+00:00,163.565,2026-03-19 00:03:57.794032955+00:00,pending_new,,,
2026-03-19 00:03:59.422394544+00:00,107,cancel_requested,bid,2203.5,0.08070588528679294,2026-03-19 00:03:58.044032955+00:00,163.565,2026-03-19 00:03:57.794032955+00:00,pending_cancel,refresh_reprice,2026-03-19 00:03:59.422394544+00:00,2026-03-19 00:03:59.672394544+00:00
2026-03-19 00:03:59.672394544+00:00,107,cancelled,bid,2203.5,0.08070588528679294,2026-03-19 00:03:58.044032955+00:00,163.565,2026-03-19 00:03:57.794032955+00:00,cancelled,refresh_reprice,2026-03-19 00:03:59.422394544+00:00,2026-03-19 00:03:59.672394544+00:00
2026-03-19 00:03:59.724881522+00:00,108,placed,bid,2203.9,0.08070588528679294,2026-03-19 00:03:59.974881522+00:00,203.55300000000003,2026-03-19 00:03:59.724881522+00:00,pending_new,,,
2026-03-19 00:04:02.893856848+00:00,108,cancel_requested,bid,2203.9,0.08070588528679294,2026-03-19 00:03:59.974881522+00:00,203.55300000000003,2026-03-19 00:03:59.724881522+00:00,pending_cancel,pressure_stop_bid,2026-03-19 00:04:02.893856848+00:00,2026-03-19 00:04:03.143856848+00:00
2026-03-19 00:04:02.893856848+00:00,109,placed,ask,2204.6,0.11929411471320708,2026-03-19 00:04:03.143856848+00:00,90.91399999999999,2026-03-19 00:04:02.893856848+00:00,pending_new,,,
2026-03-19 00:04:03.143856848+00:00,108,cancelled,bid,2203.9,0.08070588528679294,2026-03-19 00:03:59.974881522+00:00,203.55300000000003,2026-03-19 00:03:59.724881522+00:00,cancelled,pressure_stop_bid,2026-03-19 00:04:02.893856848+00:00,2026-03-19 00:04:03.143856848+00:00
2026-03-19 00:04:03.147318080+00:00,110,placed,bid,2203.9,0.08070588528679294,2026-03-19 00:04:03.397318080+00:00,87.015,2026-03-19 00:04:03.147318080+00:00,pending_new,,,
2026-03-19 00:04:03.243074759+00:00,109,cancel_requested,ask,2204.6,0.11929411471320708,2026-03-19 00:04:03.143856848+00:00,90.91399999999999,2026-03-19 00:04:02.893856848+00:00,pending_cancel,expected_edge_ask,2026-03-19 00:04:03.243074759+00:00,2026-03-19 00:04:03.493074759+00:00
2026-03-19 00:04:03.493074759+00:00,109,cancelled,ask,2204.6,0.11929411471320708,2026-03-19 00:04:03.143856848+00:00,90.91399999999999,2026-03-19 00:04:02.893856848+00:00,cancelled,expected_edge_ask,2026-03-19 00:04:03.243074759+00:00,2026-03-19 00:04:03.493074759+00:00
2026-03-19 00:04:04.578334234+00:00,110,cancel_requested,bid,2203.9,0.08070588528679294,2026-03-19 00:04:03.397318080+00:00,87.015,2026-03-19 00:04:03.147318080+00:00,pending_cancel,pressure_stop_bid,2026-03-19 00:04:04.578334234+00:00,2026-03-19 00:04:04.828334234+00:00
2026-03-19 00:04:04.578334234+00:00,111,placed,ask,2204.6,0.11929411471320708,2026-03-19 00:04:04.828334234+00:00,145.435,2026-03-19 00:04:04.578334234+00:00,pending_new,,,
2026-03-19 00:04:04.731618137+00:00,111,cancel_requested,ask,2204.6,0.11929411471320708,2026-03-19 00:04:04.828334234+00:00,145.435,2026-03-19 00:04:04.578334234+00:00,pending_cancel,expected_edge_ask,2026-03-19 00:04:04.731618137+00:00,2026-03-19 00:04:04.981618137+00:00
2026-03-19 00:04:04.828334234+00:00,110,cancelled,bid,2203.9,0.08070588528679294,2026-03-19 00:04:03.397318080+00:00,87.015,2026-03-19 00:04:03.147318080+00:00,cancelled,pressure_stop_bid,2026-03-19 00:04:04.578334234+00:00,2026-03-19 00:04:04.828334234+00:00
2026-03-19 00:04:04.832254988+00:00,112,placed,bid,2203.6,0.08070588528679294,2026-03-19 00:04:05.082254988+00:00,33.995999999999995,2026-03-19 00:04:04.832254988+00:00,pending_new,,,
2026-03-19 00:04:04.981618137+00:00,111,cancelled,ask,2204.6,0.11929411471320708,2026-03-19 00:04:04.828334234+00:00,145.435,2026-03-19 00:04:04.578334234+00:00,cancelled,expected_edge_ask,2026-03-19 00:04:04.731618137+00:00,2026-03-19 00:04:04.981618137+00:00
2026-03-19 00:04:14.832254988+00:00,112,cancel_requested,bid,2203.6,0.08070588528679294,2026-03-19 00:04:05.082254988+00:00,33.995999999999995,2026-03-19 00:04:04.832254988+00:00,pending_cancel,quote_age_expired,2026-03-19 00:04:14.832254988+00:00,2026-03-19 00:04:15.082254988+00:00
2026-03-19 00:04:15.082254988+00:00,112,cancelled,bid,2203.6,0.08070588528679294,2026-03-19 00:04:05.082254988+00:00,33.995999999999995,2026-03-19 00:04:04.832254988+00:00,cancelled,quote_age_expired,2026-03-19 00:04:14.832254988+00:00,2026-03-19 00:04:15.082254988+00:00
2026-03-19 00:04:15.142619076+00:00,113,placed,bid,2203.6,0.0812696279085614,2026-03-19 00:04:15.392619076+00:00,114.90700000000001,2026-03-19 00:04:15.142619076+00:00,pending_new,,,
2026-03-19 00:04:22.236035951+00:00,113,cancel_requested,bid,2203.6,0.0812696279085614,2026-03-19 00:04:15.392619076+00:00,114.90700000000001,2026-03-19 00:04:15.142619076+00:00,pending_cancel,refresh_reprice,2026-03-19 00:04:22.236035951+00:00,2026-03-19 00:04:22.486035951+00:00
2026-03-19 00:04:22.236035951+00:00,114,placed,ask,2204.4,0.11873037209143861,2026-03-19 00:04:22.486035951+00:00,131.264,2026-03-19 00:04:22.236035951+00:00,pending_new,,,
2026-03-19 00:04:22.486035951+00:00,113,cancelled,bid,2203.6,0.0812696279085614,2026-03-19 00:04:15.392619076+00:00,114.90700000000001,2026-03-19 00:04:15.142619076+00:00,cancelled,refresh_reprice,2026-03-19 00:04:22.236035951+00:00,2026-03-19 00:04:22.486035951+00:00
2026-03-19 00:04:22.536148555+00:00,115,placed,bid,2203.3,0.0812696279085614,2026-03-19 00:04:22.786148555+00:00,225.83300000000003,2026-03-19 00:04:22.536148555+00:00,pending_new,,,
2026-03-19 00:04:25.067123433+00:00,114,cancel_requested,ask,2204.4,0.11873037209143861,2026-03-19 00:04:22.486035951+00:00,131.264,2026-03-19 00:04:22.236035951+00:00,pending_cancel,expected_edge_ask,2026-03-19 00:04:25.067123433+00:00,2026-03-19 00:04:25.317123433+00:00
2026-03-19 00:04:25.067123433+00:00,115,cancel_requested,bid,2203.3,0.0812696279085614,2026-03-19 00:04:22.786148555+00:00,225.83300000000003,2026-03-19 00:04:22.536148555+00:00,pending_cancel,refresh_reprice,2026-03-19 00:04:25.067123433+00:00,2026-03-19 00:04:25.317123433+00:00
2026-03-19 00:04:25.317123433+00:00,115,cancelled,bid,2203.3,0.0812696279085614,2026-03-19 00:04:22.786148555+00:00,225.83300000000003,2026-03-19 00:04:22.536148555+00:00,cancelled,refresh_reprice,2026-03-19 00:04:25.067123433+00:00,2026-03-19 00:04:25.317123433+00:00
2026-03-19 00:04:25.317123433+00:00,114,cancelled,ask,2204.4,0.11873037209143861,2026-03-19 00:04:22.486035951+00:00,131.264,2026-03-19 00:04:22.236035951+00:00,cancelled,expected_edge_ask,2026-03-19 00:04:25.067123433+00:00,2026-03-19 00:04:25.317123433+00:00
2026-03-19 00:04:25.347040334+00:00,116,placed,bid,2203.6,0.0812696279085614,2026-03-19 00:04:25.597040334+00:00,117.784,2026-03-19 00:04:25.347040334+00:00,pending_new,,,
2026-03-19 00:04:30.365486196+00:00,116,resized,bid,2203.6,0.08118315319800394,2026-03-19 00:04:25.597040334+00:00,117.784,,,preserve_queue_priority,,
2026-03-19 00:04:35.115766684+00:00,116,cancel_requested,bid,2203.6,0.08118315319800394,2026-03-19 00:04:25.597040334+00:00,117.784,2026-03-19 00:04:25.347040334+00:00,pending_cancel,refresh_reprice,2026-03-19 00:04:35.115766684+00:00,2026-03-19 00:04:35.365766684+00:00
2026-03-19 00:04:35.115766684+00:00,117,placed,ask,2205.2,0.11881684680199607,2026-03-19 00:04:35.365766684+00:00,50.961999999999996,2026-03-19 00:04:35.115766684+00:00,pending_new,,,
2026-03-19 00:04:35.268997738+00:00,117,cancel_requested,ask,2205.2,0.11881684680199607,2026-03-19 00:04:35.365766684+00:00,50.961999999999996,2026-03-19 00:04:35.115766684+00:00,pending_cancel,refresh_reprice,2026-03-19 00:04:35.268997738+00:00,2026-03-19 00:04:35.518997738+00:00
2026-03-19 00:04:35.365766684+00:00,116,cancelled,bid,2203.6,0.08118315319800394,2026-03-19 00:04:25.597040334+00:00,117.784,2026-03-19 00:04:25.347040334+00:00,cancelled,refresh_reprice,2026-03-19 00:04:35.115766684+00:00,2026-03-19 00:04:35.365766684+00:00
2026-03-19 00:04:35.371030647+00:00,118,placed,bid,2204.2,0.08118315319800394,2026-03-19 00:04:35.621030647+00:00,189.36100000000002,2026-03-19 00:04:35.371030647+00:00,pending_new,,,
2026-03-19 00:04:35.518997738+00:00,117,cancelled,ask,2205.2,0.11881684680199607,2026-03-19 00:04:35.365766684+00:00,50.961999999999996,2026-03-19 00:04:35.115766684+00:00,cancelled,refresh_reprice,2026-03-19 00:04:35.268997738+00:00,2026-03-19 00:04:35.518997738+00:00
2026-03-19 00:04:35.522175612+00:00,119,placed,ask,2205.9,0.11881684680199607,2026-03-19 00:04:35.772175612+00:00,136.929,2026-03-19 00:04:35.522175612+00:00,pending_new,,,
2026-03-19 00:04:35.603339915+00:00,119,cancel_requested,ask,2205.9,0.11881684680199607,2026-03-19 00:04:35.772175612+00:00,136.929,2026-03-19 00:04:35.522175612+00:00,pending_cancel,pressure_stop_ask,2026-03-19 00:04:35.603339915+00:00,2026-03-19 00:04:35.853339915+00:00
2026-03-19 00:04:35.853339915+00:00,119,cancelled,ask,2205.9,0.11881684680199607,2026-03-19 00:04:35.772175612+00:00,136.929,2026-03-19 00:04:35.522175612+00:00,cancelled,pressure_stop_ask,2026-03-19 00:04:35.603339915+00:00,2026-03-19 00:04:35.853339915+00:00
2026-03-19 00:04:40.242562321+00:00,118,cancel_requested,bid,2204.2,0.08118315319800394,2026-03-19 00:04:35.621030647+00:00,189.36100000000002,2026-03-19 00:04:35.371030647+00:00,pending_cancel,refresh_reprice,2026-03-19 00:04:40.242562321+00:00,2026-03-19 00:04:40.492562321+00:00
2026-03-19 00:04:40.242562321+00:00,120,placed,ask,2205.5,0.11881684680199607,2026-03-19 00:04:40.492562321+00:00,165.648,2026-03-19 00:04:40.242562321+00:00,pending_new,,,
2026-03-19 00:04:40.492562321+00:00,118,cancelled,bid,2204.2,0.08118315319800394,2026-03-19 00:04:35.621030647+00:00,189.36100000000002,2026-03-19 00:04:35.371030647+00:00,cancelled,refresh_reprice,2026-03-19 00:04:40.242562321+00:00,2026-03-19 00:04:40.492562321+00:00
2026-03-19 00:04:40.572437657+00:00,121,placed,bid,2204.7,0.08118315319800394,2026-03-19 00:04:40.822437657+00:00,112.13699999999999,2026-03-19 00:04:40.572437657+00:00,pending_new,,,
2026-03-19 00:04:40.679101178+00:00,120,cancel_requested,ask,2205.5,0.11881684680199607,2026-03-19 00:04:40.492562321+00:00,165.648,2026-03-19 00:04:40.242562321+00:00,pending_cancel,pressure_stop_ask,2026-03-19 00:04:40.679101178+00:00,2026-03-19 00:04:40.929101178+00:00
2026-03-19 00:04:40.929101178+00:00,120,cancelled,ask,2205.5,0.11881684680199607,2026-03-19 00:04:40.492562321+00:00,165.648,2026-03-19 00:04:40.242562321+00:00,cancelled,pressure_stop_ask,2026-03-19 00:04:40.679101178+00:00,2026-03-19 00:04:40.929101178+00:00
2026-03-19 00:04:41.806764932+00:00,121,cancel_requested,bid,2204.7,0.08118315319800394,2026-03-19 00:04:40.822437657+00:00,112.13699999999999,2026-03-19 00:04:40.572437657+00:00,pending_cancel,refresh_reprice,2026-03-19 00:04:41.806764932+00:00,2026-03-19 00:04:42.056764932+00:00
2026-03-19 00:04:42.056764932+00:00,121,cancelled,bid,2204.7,0.08118315319800394,2026-03-19 00:04:40.822437657+00:00,112.13699999999999,2026-03-19 00:04:40.572437657+00:00,cancelled,refresh_reprice,2026-03-19 00:04:41.806764932+00:00,2026-03-19 00:04:42.056764932+00:00
2026-03-19 00:04:42.112556918+00:00,122,placed,bid,2204.8,0.08118315319800394,2026-03-19 00:04:42.362556918+00:00,184.385,2026-03-19 00:04:42.112556918+00:00,pending_new,,,
2026-03-19 00:04:43.487927180+00:00,122,cancel_requested,bid,2204.8,0.08118315319800394,2026-03-19 00:04:42.362556918+00:00,184.385,2026-03-19 00:04:42.112556918+00:00,pending_cancel,refresh_reprice,2026-03-19 00:04:43.487927180+00:00,2026-03-19 00:04:43.737927180+00:00
2026-03-19 00:04:43.737927180+00:00,122,cancelled,bid,2204.8,0.08118315319800394,2026-03-19 00:04:42.362556918+00:00,184.385,2026-03-19 00:04:42.112556918+00:00,cancelled,refresh_reprice,2026-03-19 00:04:43.487927180+00:00,2026-03-19 00:04:43.737927180+00:00
2026-03-19 00:04:43.796771425+00:00,123,placed,bid,2205.2,0.08118315319800394,2026-03-19 00:04:44.046771425+00:00,228.59500000000003,2026-03-19 00:04:43.796771425+00:00,pending_new,,,
2026-03-19 00:04:43.950636278+00:00,123,cancel_requested,bid,2205.2,0.08118315319800394,2026-03-19 00:04:44.046771425+00:00,228.59500000000003,2026-03-19 00:04:43.796771425+00:00,pending_cancel,refresh_reprice,2026-03-19 00:04:43.950636278+00:00,2026-03-19 00:04:44.200636278+00:00
2026-03-19 00:04:43.993950286+00:00,124,placed,ask,2207.3,0.11881684680199607,2026-03-19 00:04:44.243950286+00:00,114.55900000000001,2026-03-19 00:04:43.993950286+00:00,pending_new,,,
2026-03-19 00:04:44.052676535+00:00,124,cancel_requested,ask,2207.3,0.11881684680199607,2026-03-19 00:04:44.243950286+00:00,114.55900000000001,2026-03-19 00:04:43.993950286+00:00,pending_cancel,refresh_reprice,2026-03-19 00:04:44.052676535+00:00,2026-03-19 00:04:44.302676535+00:00
2026-03-19 00:04:44.200636278+00:00,123,cancelled,bid,2205.2,0.08118315319800394,2026-03-19 00:04:44.046771425+00:00,228.59500000000003,2026-03-19 00:04:43.796771425+00:00,cancelled,refresh_reprice,2026-03-19 00:04:43.950636278+00:00,2026-03-19 00:04:44.200636278+00:00
2026-03-19 00:04:44.302676535+00:00,124,cancelled,ask,2207.3,0.11881684680199607,2026-03-19 00:04:44.243950286+00:00,114.55900000000001,2026-03-19 00:04:43.993950286+00:00,cancelled,refresh_reprice,2026-03-19 00:04:44.052676535+00:00,2026-03-19 00:04:44.302676535+00:00
2026-03-19 00:04:44.316971542+00:00,125,placed,ask,2206.9,0.11881684680199607,2026-03-19 00:04:44.566971542+00:00,72.834,2026-03-19 00:04:44.316971542+00:00,pending_new,,,
2026-03-19 00:04:46.450484569+00:00,125,cancel_requested,ask,2206.9,0.11881684680199607,2026-03-19 00:04:44.566971542+00:00,72.834,2026-03-19 00:04:44.316971542+00:00,pending_cancel,pressure_stop_ask,2026-03-19 00:04:46.450484569+00:00,2026-03-19 00:04:46.700484569+00:00
2026-03-19 00:04:46.450484569+00:00,126,placed,bid,2206.1,0.08118315319800394,2026-03-19 00:04:46.700484569+00:00,157.35999999999999,2026-03-19 00:04:46.450484569+00:00,pending_new,,,
2026-03-19 00:04:46.501720213+00:00,126,cancel_requested,bid,2206.1,0.08118315319800394,2026-03-19 00:04:46.700484569+00:00,157.35999999999999,2026-03-19 00:04:46.450484569+00:00,pending_cancel,refresh_reprice,2026-03-19 00:04:46.501720213+00:00,2026-03-19 00:04:46.751720213+00:00
2026-03-19 00:04:46.700484569+00:00,125,cancelled,ask,2206.9,0.11881684680199607,2026-03-19 00:04:44.566971542+00:00,72.834,2026-03-19 00:04:44.316971542+00:00,cancelled,pressure_stop_ask,2026-03-19 00:04:46.450484569+00:00,2026-03-19 00:04:46.700484569+00:00
2026-03-19 00:04:46.751720213+00:00,126,cancelled,bid,2206.1,0.08118315319800394,2026-03-19 00:04:46.700484569+00:00,157.35999999999999,2026-03-19 00:04:46.450484569+00:00,cancelled,refresh_reprice,2026-03-19 00:04:46.501720213+00:00,2026-03-19 00:04:46.751720213+00:00
2026-03-19 00:04:46.796303748+00:00,127,placed,bid,2205.8,0.08118315319800394,2026-03-19 00:04:47.046303748+00:00,215.177,2026-03-19 00:04:46.796303748+00:00,pending_new,,,
2026-03-19 00:04:47.318271522+00:00,127,cancel_requested,bid,2205.8,0.08118315319800394,2026-03-19 00:04:47.046303748+00:00,215.177,2026-03-19 00:04:46.796303748+00:00,pending_cancel,refresh_reprice,2026-03-19 00:04:47.318271522+00:00,2026-03-19 00:04:47.568271522+00:00
2026-03-19 00:04:47.568271522+00:00,127,cancelled,bid,2205.8,0.08118315319800394,2026-03-19 00:04:47.046303748+00:00,215.177,2026-03-19 00:04:46.796303748+00:00,cancelled,refresh_reprice,2026-03-19 00:04:47.318271522+00:00,2026-03-19 00:04:47.568271522+00:00
2026-03-19 00:04:47.571956101+00:00,128,placed,bid,2206.3,0.08118315319800394,2026-03-19 00:04:47.821956101+00:00,168.555,2026-03-19 00:04:47.571956101+00:00,pending_new,,,
2026-03-19 00:04:49.975278560+00:00,128,cancel_requested,bid,2206.3,0.08118315319800394,2026-03-19 00:04:47.821956101+00:00,168.555,2026-03-19 00:04:47.571956101+00:00,pending_cancel,refresh_reprice,2026-03-19 00:04:49.975278560+00:00,2026-03-19 00:04:50.225278560+00:00
2026-03-19 00:04:50.026239693+00:00,129,placed,ask,2208.9,0.11672879022682484,2026-03-19 00:04:50.276239693+00:00,55.28499999999999,2026-03-19 00:04:50.026239693+00:00,pending_new,,,
2026-03-19 00:04:50.225278560+00:00,128,cancelled,bid,2206.3,0.08118315319800394,2026-03-19 00:04:47.821956101+00:00,168.555,2026-03-19 00:04:47.571956101+00:00,cancelled,refresh_reprice,2026-03-19 00:04:49.975278560+00:00,2026-03-19 00:04:50.225278560+00:00
2026-03-19 00:04:51.403782785+00:00,129,cancel_requested,ask,2208.9,0.11672879022682484,2026-03-19 00:04:50.276239693+00:00,55.28499999999999,2026-03-19 00:04:50.026239693+00:00,pending_cancel,refresh_reprice,2026-03-19 00:04:51.403782785+00:00,2026-03-19 00:04:51.653782785+00:00
2026-03-19 00:04:51.556638943+00:00,130,placed,bid,2206.4,0.08327120977317518,2026-03-19 00:04:51.806638943+00:00,137.00799999999998,2026-03-19 00:04:51.556638943+00:00,pending_new,,,
2026-03-19 00:04:51.607267824+00:00,130,cancel_requested,bid,2206.4,0.08327120977317518,2026-03-19 00:04:51.806638943+00:00,137.00799999999998,2026-03-19 00:04:51.556638943+00:00,pending_cancel,pressure_stop_bid,2026-03-19 00:04:51.607267824+00:00,2026-03-19 00:04:51.857267824+00:00
2026-03-19 00:04:51.653782785+00:00,129,cancelled,ask,2208.9,0.11672879022682484,2026-03-19 00:04:50.276239693+00:00,55.28499999999999,2026-03-19 00:04:50.026239693+00:00,cancelled,refresh_reprice,2026-03-19 00:04:51.403782785+00:00,2026-03-19 00:04:51.653782785+00:00
2026-03-19 00:04:51.657367663+00:00,131,placed,ask,2208.4,0.11672879022682484,2026-03-19 00:04:51.907367663+00:00,261.87000000000006,2026-03-19 00:04:51.657367663+00:00,pending_new,,,
2026-03-19 00:04:51.857267824+00:00,130,cancelled,bid,2206.4,0.08327120977317518,2026-03-19 00:04:51.806638943+00:00,137.00799999999998,2026-03-19 00:04:51.556638943+00:00,cancelled,pressure_stop_bid,2026-03-19 00:04:51.607267824+00:00,2026-03-19 00:04:51.857267824+00:00
2026-03-19 00:04:53.341650438+00:00,131,cancel_requested,ask,2208.4,0.11672879022682484,2026-03-19 00:04:51.907367663+00:00,261.87000000000006,2026-03-19 00:04:51.657367663+00:00,pending_cancel,refresh_reprice,2026-03-19 00:04:53.341650438+00:00,2026-03-19 00:04:53.591650438+00:00
2026-03-19 00:04:53.591650438+00:00,131,cancelled,ask,2208.4,0.11672879022682484,2026-03-19 00:04:51.907367663+00:00,261.87000000000006,2026-03-19 00:04:51.657367663+00:00,cancelled,refresh_reprice,2026-03-19 00:04:53.341650438+00:00,2026-03-19 00:04:53.591650438+00:00
2026-03-19 00:04:53.596333811+00:00,132,placed,bid,2205.8,0.08327120977317518,2026-03-19 00:04:53.846333811+00:00,173.239,2026-03-19 00:04:53.596333811+00:00,pending_new,,,
2026-03-19 00:04:53.596333811+00:00,133,placed,ask,2207.8,0.11672879022682484,2026-03-19 00:04:53.846333811+00:00,249.462,2026-03-19 00:04:53.596333811+00:00,pending_new,,,
2026-03-19 00:04:53.646683691+00:00,132,cancel_requested,bid,2205.8,0.08327120977317518,2026-03-19 00:04:53.846333811+00:00,173.239,2026-03-19 00:04:53.596333811+00:00,pending_cancel,pressure_stop_bid,2026-03-19 00:04:53.646683691+00:00,2026-03-19 00:04:53.896683691+00:00
2026-03-19 00:04:53.896683691+00:00,132,cancelled,bid,2205.8,0.08327120977317518,2026-03-19 00:04:53.846333811+00:00,173.239,2026-03-19 00:04:53.596333811+00:00,cancelled,pressure_stop_bid,2026-03-19 00:04:53.646683691+00:00,2026-03-19 00:04:53.896683691+00:00
2026-03-19 00:04:54.969286752+00:00,133,cancel_requested,ask,2207.8,0.11672879022682484,2026-03-19 00:04:53.846333811+00:00,249.462,2026-03-19 00:04:53.596333811+00:00,pending_cancel,refresh_reprice,2026-03-19 00:04:54.969286752+00:00,2026-03-19 00:04:55.219286752+00:00
2026-03-19 00:04:55.219286752+00:00,133,cancelled,ask,2207.8,0.11672879022682484,2026-03-19 00:04:53.846333811+00:00,249.462,2026-03-19 00:04:53.596333811+00:00,cancelled,refresh_reprice,2026-03-19 00:04:54.969286752+00:00,2026-03-19 00:04:55.219286752+00:00
2026-03-19 00:04:55.223058342+00:00,134,placed,ask,2207.6,0.11672879022682484,2026-03-19 00:04:55.473058342+00:00,253.45600000000002,2026-03-19 00:04:55.223058342+00:00,pending_new,,,
2026-03-19 00:04:55.839786929+00:00,134,cancel_requested,ask,2207.6,0.11672879022682484,2026-03-19 00:04:55.473058342+00:00,253.45600000000002,2026-03-19 00:04:55.223058342+00:00,pending_cancel,refresh_reprice,2026-03-19 00:04:55.839786929+00:00,2026-03-19 00:04:56.089786929+00:00
2026-03-19 00:04:56.089786929+00:00,134,cancelled,ask,2207.6,0.11672879022682484,2026-03-19 00:04:55.473058342+00:00,253.45600000000002,2026-03-19 00:04:55.223058342+00:00,cancelled,refresh_reprice,2026-03-19 00:04:55.839786929+00:00,2026-03-19 00:04:56.089786929+00:00
2026-03-19 00:04:56.130863749+00:00,135,placed,ask,2207.2,0.11672879022682484,2026-03-19 00:04:56.380863749+00:00,243.42399999999998,2026-03-19 00:04:56.130863749+00:00,pending_new,,,
2026-03-19 00:04:56.453687894+00:00,135,cancel_requested,ask,2207.2,0.11672879022682484,2026-03-19 00:04:56.380863749+00:00,243.42399999999998,2026-03-19 00:04:56.130863749+00:00,pending_cancel,pressure_stop_ask,2026-03-19 00:04:56.453687894+00:00,2026-03-19 00:04:56.703687894+00:00
2026-03-19 00:04:56.453687894+00:00,136,placed,bid,2205.1,0.08327120977317518,2026-03-19 00:04:56.703687894+00:00,174.55399999999997,2026-03-19 00:04:56.453687894+00:00,pending_new,,,
2026-03-19 00:04:56.501931054+00:00,136,cancel_requested,bid,2205.1,0.08327120977317518,2026-03-19 00:04:56.703687894+00:00,174.55399999999997,2026-03-19 00:04:56.453687894+00:00,pending_cancel,pressure_stop_bid,2026-03-19 00:04:56.501931054+00:00,2026-03-19 00:04:56.751931054+00:00
2026-03-19 00:04:56.703687894+00:00,135,cancelled,ask,2207.2,0.11672879022682484,2026-03-19 00:04:56.380863749+00:00,243.42399999999998,2026-03-19 00:04:56.130863749+00:00,cancelled,pressure_stop_ask,2026-03-19 00:04:56.453687894+00:00,2026-03-19 00:04:56.703687894+00:00
2026-03-19 00:04:56.706949391+00:00,137,placed,ask,2206.9,0.11672879022682484,2026-03-19 00:04:56.956949391+00:00,220.663,2026-03-19 00:04:56.706949391+00:00,pending_new,,,
2026-03-19 00:04:56.751931054+00:00,136,cancelled,bid,2205.1,0.08327120977317518,2026-03-19 00:04:56.703687894+00:00,174.55399999999997,2026-03-19 00:04:56.453687894+00:00,cancelled,pressure_stop_bid,2026-03-19 00:04:56.501931054+00:00,2026-03-19 00:04:56.751931054+00:00
2026-03-19 00:04:57.064179653+00:00,137,cancel_requested,ask,2206.9,0.11672879022682484,2026-03-19 00:04:56.956949391+00:00,220.663,2026-03-19 00:04:56.706949391+00:00,pending_cancel,refresh_reprice,2026-03-19 00:04:57.064179653+00:00,2026-03-19 00:04:57.314179653+00:00
2026-03-19 00:04:57.314179653+00:00,137,cancelled,ask,2206.9,0.11672879022682484,2026-03-19 00:04:56.956949391+00:00,220.663,2026-03-19 00:04:56.706949391+00:00,cancelled,refresh_reprice,2026-03-19 00:04:57.064179653+00:00,2026-03-19 00:04:57.314179653+00:00
2026-03-19 00:04:57.363976972+00:00,138,placed,ask,2206.7,0.11672879022682484,2026-03-19 00:04:57.613976972+00:00,269.549,2026-03-19 00:04:57.363976972+00:00,pending_new,,,
2026-03-19 00:04:59.922095248+00:00,138,cancel_requested,ask,2206.7,0.11672879022682484,2026-03-19 00:04:57.613976972+00:00,269.549,2026-03-19 00:04:57.363976972+00:00,pending_cancel,pressure_stop_ask,2026-03-19 00:04:59.922095248+00:00,2026-03-19 00:05:00.172095248+00:00
2026-03-19 00:04:59.922095248+00:00,139,placed,bid,2204.7,0.08327120977317518,2026-03-19 00:05:00.172095248+00:00,244.237,2026-03-19 00:04:59.922095248+00:00,pending_new,,,
2026-03-19 00:05:00.164713707+00:00,139,cancel_requested,bid,2204.7,0.08327120977317518,2026-03-19 00:05:00.172095248+00:00,244.237,2026-03-19 00:04:59.922095248+00:00,pending_cancel,refresh_reprice,2026-03-19 00:05:00.164713707+00:00,2026-03-19 00:05:00.414713707+00:00
2026-03-19 00:05:00.172095248+00:00,138,cancelled,ask,2206.7,0.11672879022682484,2026-03-19 00:04:57.613976972+00:00,269.549,2026-03-19 00:04:57.363976972+00:00,cancelled,pressure_stop_ask,2026-03-19 00:04:59.922095248+00:00,2026-03-19 00:05:00.172095248+00:00
2026-03-19 00:05:00.414713707+00:00,139,cancelled,bid,2204.7,0.08327120977317518,2026-03-19 00:05:00.172095248+00:00,244.237,2026-03-19 00:04:59.922095248+00:00,cancelled,refresh_reprice,2026-03-19 00:05:00.164713707+00:00,2026-03-19 00:05:00.414713707+00:00
2026-03-19 00:05:00.486428748+00:00,140,placed,bid,2205.3,0.08327120977317518,2026-03-19 00:05:00.736428748+00:00,168.231,2026-03-19 00:05:00.486428748+00:00,pending_new,,,
2026-03-19 00:05:01.942906455+00:00,140,cancel_requested,bid,2205.3,0.08327120977317518,2026-03-19 00:05:00.736428748+00:00,168.231,2026-03-19 00:05:00.486428748+00:00,pending_cancel,pressure_stop_bid,2026-03-19 00:05:01.942906455+00:00,2026-03-19 00:05:02.192906455+00:00
2026-03-19 00:05:01.942906455+00:00,141,placed,ask,2206.4,0.11672879022682484,2026-03-19 00:05:02.192906455+00:00,99.17500000000001,2026-03-19 00:05:01.942906455+00:00,pending_new,,,
2026-03-19 00:05:02.192906455+00:00,140,cancelled,bid,2205.3,0.08327120977317518,2026-03-19 00:05:00.736428748+00:00,168.231,2026-03-19 00:05:00.486428748+00:00,cancelled,pressure_stop_bid,2026-03-19 00:05:01.942906455+00:00,2026-03-19 00:05:02.192906455+00:00
2026-03-19 00:05:02.217534641+00:00,142,placed,bid,2205.4,0.08327120977317518,2026-03-19 00:05:02.467534641+00:00,173.46099999999998,2026-03-19 00:05:02.217534641+00:00,pending_new,,,
2026-03-19 00:05:02.476904936+00:00,141,cancel_requested,ask,2206.4,0.11672879022682484,2026-03-19 00:05:02.192906455+00:00,99.17500000000001,2026-03-19 00:05:01.942906455+00:00,pending_cancel,pressure_stop_ask,2026-03-19 00:05:02.476904936+00:00,2026-03-19 00:05:02.726904936+00:00
2026-03-19 00:05:02.726904936+00:00,141,cancelled,ask,2206.4,0.11672879022682484,2026-03-19 00:05:02.192906455+00:00,99.17500000000001,2026-03-19 00:05:01.942906455+00:00,cancelled,pressure_stop_ask,2026-03-19 00:05:02.476904936+00:00,2026-03-19 00:05:02.726904936+00:00
2026-03-19 00:05:02.782167472+00:00,142,cancel_requested,bid,2205.4,0.08327120977317518,2026-03-19 00:05:02.467534641+00:00,173.46099999999998,2026-03-19 00:05:02.217534641+00:00,pending_cancel,refresh_reprice,2026-03-19 00:05:02.782167472+00:00,2026-03-19 00:05:03.032167472+00:00
2026-03-19 00:05:03.032167472+00:00,142,cancelled,bid,2205.4,0.08327120977317518,2026-03-19 00:05:02.467534641+00:00,173.46099999999998,2026-03-19 00:05:02.217534641+00:00,cancelled,refresh_reprice,2026-03-19 00:05:02.782167472+00:00,2026-03-19 00:05:03.032167472+00:00
2026-03-19 00:05:03.038863375+00:00,143,placed,bid,2205.6,0.08327120977317518,2026-03-19 00:05:03.288863375+00:00,240.663,2026-03-19 00:05:03.038863375+00:00,pending_new,,,
2026-03-19 00:05:04.635111341+00:00,143,cancel_requested,bid,2205.6,0.08327120977317518,2026-03-19 00:05:03.288863375+00:00,240.663,2026-03-19 00:05:03.038863375+00:00,pending_cancel,refresh_reprice,2026-03-19 00:05:04.635111341+00:00,2026-03-19 00:05:04.885111341+00:00
2026-03-19 00:05:04.885111341+00:00,143,cancelled,bid,2205.6,0.08327120977317518,2026-03-19 00:05:03.288863375+00:00,240.663,2026-03-19 00:05:03.038863375+00:00,cancelled,refresh_reprice,2026-03-19 00:05:04.635111341+00:00,2026-03-19 00:05:04.885111341+00:00
2026-03-19 00:05:04.925205118+00:00,144,placed,bid,2206.2,0.08327120977317518,2026-03-19 00:05:05.175205118+00:00,163.947,2026-03-19 00:05:04.925205118+00:00,pending_new,,,
2026-03-19 00:05:11.959724024+00:00,144,cancel_requested,bid,2206.2,0.08327120977317518,2026-03-19 00:05:05.175205118+00:00,163.947,2026-03-19 00:05:04.925205118+00:00,pending_cancel,refresh_reprice,2026-03-19 00:05:11.959724024+00:00,2026-03-19 00:05:12.209724024+00:00
2026-03-19 00:05:12.209724024+00:00,144,cancelled,bid,2206.2,0.08327120977317518,2026-03-19 00:05:05.175205118+00:00,163.947,2026-03-19 00:05:04.925205118+00:00,cancelled,refresh_reprice,2026-03-19 00:05:11.959724024+00:00,2026-03-19 00:05:12.209724024+00:00
2026-03-19 00:05:12.268486015+00:00,145,placed,bid,2207.0,0.08280946143616393,2026-03-19 00:05:12.518486015+00:00,223.71499999999997,2026-03-19 00:05:12.268486015+00:00,pending_new,,,
2026-03-19 00:05:12.629735807+00:00,145,cancel_requested,bid,2207.0,0.08280946143616393,2026-03-19 00:05:12.518486015+00:00,223.71499999999997,2026-03-19 00:05:12.268486015+00:00,pending_cancel,refresh_reprice,2026-03-19 00:05:12.629735807+00:00,2026-03-19 00:05:12.879735807+00:00
2026-03-19 00:05:12.879735807+00:00,145,cancelled,bid,2207.0,0.08280946143616393,2026-03-19 00:05:12.518486015+00:00,223.71499999999997,2026-03-19 00:05:12.268486015+00:00,cancelled,refresh_reprice,2026-03-19 00:05:12.629735807+00:00,2026-03-19 00:05:12.879735807+00:00
2026-03-19 00:05:12.942962588+00:00,146,placed,bid,2207.0,0.08280946143616393,2026-03-19 00:05:13.192962588+00:00,226.22699999999998,2026-03-19 00:05:12.942962588+00:00,pending_new,,,
2026-03-19 00:05:13.015362779+00:00,146,cancel_requested,bid,2207.0,0.08280946143616393,2026-03-19 00:05:13.192962588+00:00,226.22699999999998,2026-03-19 00:05:12.942962588+00:00,pending_cancel,refresh_reprice,2026-03-19 00:05:13.015362779+00:00,2026-03-19 00:05:13.265362779+00:00
2026-03-19 00:05:13.265362779+00:00,146,cancelled,bid,2207.0,0.08280946143616393,2026-03-19 00:05:13.192962588+00:00,226.22699999999998,2026-03-19 00:05:12.942962588+00:00,cancelled,refresh_reprice,2026-03-19 00:05:13.015362779+00:00,2026-03-19 00:05:13.265362779+00:00
2026-03-19 00:05:13.347199986+00:00,147,placed,bid,2206.3,0.08280946143616393,2026-03-19 00:05:13.597199986+00:00,329.006,2026-03-19 00:05:13.347199986+00:00,pending_new,,,
2026-03-19 00:05:14.838072532+00:00,147,cancel_requested,bid,2206.3,0.08280946143616393,2026-03-19 00:05:13.597199986+00:00,329.006,2026-03-19 00:05:13.347199986+00:00,pending_cancel,refresh_reprice,2026-03-19 00:05:14.838072532+00:00,2026-03-19 00:05:15.088072532+00:00
2026-03-19 00:05:15.088072532+00:00,147,cancelled,bid,2206.3,0.08280946143616393,2026-03-19 00:05:13.597199986+00:00,329.006,2026-03-19 00:05:13.347199986+00:00,cancelled,refresh_reprice,2026-03-19 00:05:14.838072532+00:00,2026-03-19 00:05:15.088072532+00:00
2026-03-19 00:05:15.173930187+00:00,148,placed,bid,2207.0,0.08280946143616393,2026-03-19 00:05:15.423930187+00:00,188.731,2026-03-19 00:05:15.173930187+00:00,pending_new,,,
2026-03-19 00:05:16.810099732+00:00,148,cancel_requested,bid,2207.0,0.08280946143616393,2026-03-19 00:05:15.423930187+00:00,188.731,2026-03-19 00:05:15.173930187+00:00,pending_cancel,pressure_stop_bid,2026-03-19 00:05:16.810099732+00:00,2026-03-19 00:05:17.060099732+00:00
2026-03-19 00:05:16.810099732+00:00,149,placed,ask,2208.1,0.11719053856383609,2026-03-19 00:05:17.060099732+00:00,201.28300000000002,2026-03-19 00:05:16.810099732+00:00,pending_new,,,
2026-03-19 00:05:17.060099732+00:00,148,cancelled,bid,2207.0,0.08280946143616393,2026-03-19 00:05:15.423930187+00:00,188.731,2026-03-19 00:05:15.173930187+00:00,cancelled,pressure_stop_bid,2026-03-19 00:05:16.810099732+00:00,2026-03-19 00:05:17.060099732+00:00
2026-03-19 00:05:18.236119423+00:00,149,cancel_requested,ask,2208.1,0.11719053856383609,2026-03-19 00:05:17.060099732+00:00,201.28300000000002,2026-03-19 00:05:16.810099732+00:00,pending_cancel,refresh_reprice,2026-03-19 00:05:18.236119423+00:00,2026-03-19 00:05:18.486119423+00:00
2026-03-19 00:05:18.486119423+00:00,149,cancelled,ask,2208.1,0.11719053856383609,2026-03-19 00:05:17.060099732+00:00,201.28300000000002,2026-03-19 00:05:16.810099732+00:00,cancelled,refresh_reprice,2026-03-19 00:05:18.236119423+00:00,2026-03-19 00:05:18.486119423+00:00
2026-03-19 00:05:18.505479173+00:00,150,placed,ask,2208.0,0.11719053856383609,2026-03-19 00:05:18.755479173+00:00,238.713,2026-03-19 00:05:18.505479173+00:00,pending_new,,,
2026-03-19 00:05:18.635904089+00:00,150,cancel_requested,ask,2208.0,0.11719053856383609,2026-03-19 00:05:18.755479173+00:00,238.713,2026-03-19 00:05:18.505479173+00:00,pending_cancel,refresh_reprice,2026-03-19 00:05:18.635904089+00:00,2026-03-19 00:05:18.885904089+00:00
2026-03-19 00:05:18.752300120+00:00,151,placed,bid,2206.9,0.08280946143616393,2026-03-19 00:05:19.002300120+00:00,169.67600000000002,2026-03-19 00:05:18.752300120+00:00,pending_new,,,
2026-03-19 00:05:18.885904089+00:00,150,cancelled,ask,2208.0,0.11719053856383609,2026-03-19 00:05:18.755479173+00:00,238.713,2026-03-19 00:05:18.505479173+00:00,cancelled,refresh_reprice,2026-03-19 00:05:18.635904089+00:00,2026-03-19 00:05:18.885904089+00:00
2026-03-19 00:05:18.902367336+00:00,152,placed,ask,2208.0,0.11719053856383609,2026-03-19 00:05:19.152367336+00:00,106.54799999999999,2026-03-19 00:05:18.902367336+00:00,pending_new,,,
2026-03-19 00:05:19.010490728+00:00,151,cancel_requested,bid,2206.9,0.08280946143616393,2026-03-19 00:05:19.002300120+00:00,169.67600000000002,2026-03-19 00:05:18.752300120+00:00,pending_cancel,pressure_stop_bid,2026-03-19 00:05:19.010490728+00:00,2026-03-19 00:05:19.260490728+00:00
2026-03-19 00:05:19.260490728+00:00,151,cancelled,bid,2206.9,0.08280946143616393,2026-03-19 00:05:19.002300120+00:00,169.67600000000002,2026-03-19 00:05:18.752300120+00:00,cancelled,pressure_stop_bid,2026-03-19 00:05:19.010490728+00:00,2026-03-19 00:05:19.260490728+00:00
2026-03-19 00:05:19.263022051+00:00,153,placed,bid,2206.8,0.08280946143616393,2026-03-19 00:05:19.513022051+00:00,151.577,2026-03-19 00:05:19.263022051+00:00,pending_new,,,
2026-03-19 00:05:21.358616151+00:00,153,cancel_requested,bid,2206.8,0.08280946143616393,2026-03-19 00:05:19.513022051+00:00,151.577,2026-03-19 00:05:19.263022051+00:00,pending_cancel,pressure_stop_bid,2026-03-19 00:05:21.358616151+00:00,2026-03-19 00:05:21.608616151+00:00
2026-03-19 00:05:21.460439176+00:00,152,cancel_requested,ask,2208.0,0.11719053856383609,2026-03-19 00:05:19.152367336+00:00,106.54799999999999,2026-03-19 00:05:18.902367336+00:00,pending_cancel,pressure_stop_ask,2026-03-19 00:05:21.460439176+00:00,2026-03-19 00:05:21.710439176+00:00
2026-03-19 00:05:21.606686143+00:00,154,placed,bid,2205.1,0.07452851529254755,2026-03-19 00:05:21.856686143+00:00,225.768,2026-03-19 00:05:21.606686143+00:00,pending_new,,,
2026-03-19 00:05:21.710439176+00:00,152,cancelled,ask,2208.0,0.11719053856383609,2026-03-19 00:05:19.152367336+00:00,106.54799999999999,2026-03-19 00:05:18.902367336+00:00,cancelled,pressure_stop_ask,2026-03-19 00:05:21.460439176+00:00,2026-03-19 00:05:21.710439176+00:00
2026-03-19 00:05:21.764151852+00:00,155,placed,ask,2207.5,0.12547148470745248,2026-03-19 00:05:22.014151852+00:00,211.72299999999998,2026-03-19 00:05:21.764151852+00:00,pending_new,,,
2026-03-19 00:05:23.342786050+00:00,154,cancel_requested,bid,2205.1,0.07452851529254755,2026-03-19 00:05:21.856686143+00:00,225.768,2026-03-19 00:05:21.606686143+00:00,pending_cancel,pressure_stop_bid,2026-03-19 00:05:23.342786050+00:00,2026-03-19 00:05:23.592786050+00:00
2026-03-19 00:05:23.592786050+00:00,154,cancelled,bid,2205.1,0.07452851529254755,2026-03-19 00:05:21.856686143+00:00,225.768,2026-03-19 00:05:21.606686143+00:00,cancelled,pressure_stop_bid,2026-03-19 00:05:23.342786050+00:00,2026-03-19 00:05:23.592786050+00:00
2026-03-19 00:05:23.807752793+00:00,155,cancel_requested,ask,2207.5,0.12547148470745248,2026-03-19 00:05:22.014151852+00:00,211.72299999999998,2026-03-19 00:05:21.764151852+00:00,pending_cancel,refresh_reprice,2026-03-19 00:05:23.807752793+00:00,2026-03-19 00:05:24.057752793+00:00
2026-03-19 00:05:23.858645836+00:00,156,placed,bid,2204.0,0.07452851529254755,2026-03-19 00:05:24.108645836+00:00,115.155,2026-03-19 00:05:23.858645836+00:00,pending_new,,,
2026-03-19 00:05:23.957616038+00:00,156,cancel_requested,bid,2204.0,0.07452851529254755,2026-03-19 00:05:24.108645836+00:00,115.155,2026-03-19 00:05:23.858645836+00:00,pending_cancel,refresh_reprice,2026-03-19 00:05:23.957616038+00:00,2026-03-19 00:05:24.207616038+00:00
2026-03-19 00:05:24.057752793+00:00,155,cancelled,ask,2207.5,0.12547148470745248,2026-03-19 00:05:22.014151852+00:00,211.72299999999998,2026-03-19 00:05:21.764151852+00:00,cancelled,refresh_reprice,2026-03-19 00:05:23.807752793+00:00,2026-03-19 00:05:24.057752793+00:00
2026-03-19 00:05:24.062548897+00:00,157,placed,ask,2206.0,0.12547148470745248,2026-03-19 00:05:24.312548897+00:00,192.103,2026-03-19 00:05:24.062548897+00:00,pending_new,,,
2026-03-19 00:05:24.207616038+00:00,156,cancelled,bid,2204.0,0.07452851529254755,2026-03-19 00:05:24.108645836+00:00,115.155,2026-03-19 00:05:23.858645836+00:00,cancelled,refresh_reprice,2026-03-19 00:05:23.957616038+00:00,2026-03-19 00:05:24.207616038+00:00
2026-03-19 00:05:24.215621366+00:00,158,placed,bid,2203.2,0.07452851529254755,2026-03-19 00:05:24.465621366+00:00,243.13,2026-03-19 00:05:24.215621366+00:00,pending_new,,,
2026-03-19 00:05:24.519036561+00:00,157,cancel_requested,ask,2206.0,0.12547148470745248,2026-03-19 00:05:24.312548897+00:00,192.103,2026-03-19 00:05:24.062548897+00:00,pending_cancel,pressure_stop_ask,2026-03-19 00:05:24.519036561+00:00,2026-03-19 00:05:24.769036561+00:00
2026-03-19 00:05:24.769036561+00:00,157,cancelled,ask,2206.0,0.12547148470745248,2026-03-19 00:05:24.312548897+00:00,192.103,2026-03-19 00:05:24.062548897+00:00,cancelled,pressure_stop_ask,2026-03-19 00:05:24.519036561+00:00,2026-03-19 00:05:24.769036561+00:00
2026-03-19 00:05:27.638445865+00:00,158,cancel_requested,bid,2203.2,0.07452851529254755,2026-03-19 00:05:24.465621366+00:00,243.13,2026-03-19 00:05:24.215621366+00:00,pending_cancel,refresh_reprice,2026-03-19 00:05:27.638445865+00:00,2026-03-19 00:05:27.888445865+00:00
2026-03-19 00:05:27.888445865+00:00,158,cancelled,bid,2203.2,0.07452851529254755,2026-03-19 00:05:24.465621366+00:00,243.13,2026-03-19 00:05:24.215621366+00:00,cancelled,refresh_reprice,2026-03-19 00:05:27.638445865+00:00,2026-03-19 00:05:27.888445865+00:00
2026-03-19 00:05:27.935340+00:00,159,placed,bid,2204.0,0.07452851529254755,2026-03-19 00:05:28.185340+00:00,240.729,2026-03-19 00:05:27.935340+00:00,pending_new,,,
2026-03-19 00:05:28.851246622+00:00,159,cancel_requested,bid,2204.0,0.07452851529254755,2026-03-19 00:05:28.185340+00:00,240.729,2026-03-19 00:05:27.935340+00:00,pending_cancel,refresh_reprice,2026-03-19 00:05:28.851246622+00:00,2026-03-19 00:05:29.101246622+00:00
2026-03-19 00:05:29.101246622+00:00,159,cancelled,bid,2204.0,0.07452851529254755,2026-03-19 00:05:28.185340+00:00,240.729,2026-03-19 00:05:27.935340+00:00,cancelled,refresh_reprice,2026-03-19 00:05:28.851246622+00:00,2026-03-19 00:05:29.101246622+00:00
2026-03-19 00:05:29.160094603+00:00,160,placed,bid,2204.0,0.07277422935527607,2026-03-19 00:05:29.410094603+00:00,247.72,2026-03-19 00:05:29.160094603+00:00,pending_new,,,
2026-03-19 00:05:29.207998212+00:00,160,cancel_requested,bid,2204.0,0.07277422935527607,2026-03-19 00:05:29.410094603+00:00,247.72,2026-03-19 00:05:29.160094603+00:00,pending_cancel,refresh_reprice,2026-03-19 00:05:29.207998212+00:00,2026-03-19 00:05:29.457998212+00:00
2026-03-19 00:05:29.457998212+00:00,160,cancelled,bid,2204.0,0.07277422935527607,2026-03-19 00:05:29.410094603+00:00,247.72,2026-03-19 00:05:29.160094603+00:00,cancelled,refresh_reprice,2026-03-19 00:05:29.207998212+00:00,2026-03-19 00:05:29.457998212+00:00
2026-03-19 00:05:29.472263008+00:00,161,placed,bid,2204.0,0.07277422935527607,2026-03-19 00:05:29.722263008+00:00,244.72,2026-03-19 00:05:29.472263008+00:00,pending_new,,,
2026-03-19 00:05:31.939253122+00:00,161,cancel_requested,bid,2204.0,0.07277422935527607,2026-03-19 00:05:29.722263008+00:00,244.72,2026-03-19 00:05:29.472263008+00:00,pending_cancel,refresh_reprice,2026-03-19 00:05:31.939253122+00:00,2026-03-19 00:05:32.189253122+00:00
2026-03-19 00:05:32.189253122+00:00,161,cancelled,bid,2204.0,0.07277422935527607,2026-03-19 00:05:29.722263008+00:00,244.72,2026-03-19 00:05:29.472263008+00:00,cancelled,refresh_reprice,2026-03-19 00:05:31.939253122+00:00,2026-03-19 00:05:32.189253122+00:00
2026-03-19 00:05:32.235577246+00:00,162,placed,bid,2203.2,0.07277422935527607,2026-03-19 00:05:32.485577246+00:00,321.248,2026-03-19 00:05:32.235577246+00:00,pending_new,,,
2026-03-19 00:05:32.452357505+00:00,162,cancel_requested,bid,2203.2,0.07277422935527607,2026-03-19 00:05:32.485577246+00:00,321.248,2026-03-19 00:05:32.235577246+00:00,pending_cancel,refresh_reprice,2026-03-19 00:05:32.452357505+00:00,2026-03-19 00:05:32.702357505+00:00
2026-03-19 00:05:32.702357505+00:00,162,cancelled,bid,2203.2,0.07277422935527607,2026-03-19 00:05:32.485577246+00:00,321.248,2026-03-19 00:05:32.235577246+00:00,cancelled,refresh_reprice,2026-03-19 00:05:32.452357505+00:00,2026-03-19 00:05:32.702357505+00:00
2026-03-19 00:05:32.782394052+00:00,163,placed,bid,2204.0,0.07277422935527607,2026-03-19 00:05:33.032394052+00:00,243.274,2026-03-19 00:05:32.782394052+00:00,pending_new,,,
2026-03-19 00:05:34.605151263+00:00,163,cancel_requested,bid,2204.0,0.07277422935527607,2026-03-19 00:05:33.032394052+00:00,243.274,2026-03-19 00:05:32.782394052+00:00,pending_cancel,pressure_stop_bid,2026-03-19 00:05:34.605151263+00:00,2026-03-19 00:05:34.855151263+00:00
2026-03-19 00:05:34.605151263+00:00,164,placed,ask,2205.2,0.12722577064472393,2026-03-19 00:05:34.855151263+00:00,169.84799999999998,2026-03-19 00:05:34.605151263+00:00,pending_new,,,
2026-03-19 00:05:34.855151263+00:00,163,cancelled,bid,2204.0,0.07277422935527607,2026-03-19 00:05:33.032394052+00:00,243.274,2026-03-19 00:05:32.782394052+00:00,cancelled,pressure_stop_bid,2026-03-19 00:05:34.605151263+00:00,2026-03-19 00:05:34.855151263+00:00
2026-03-19 00:05:37.994208635+00:00,165,placed,bid,2203.7,0.07277422935527607,2026-03-19 00:05:38.244208635+00:00,152.474,2026-03-19 00:05:37.994208635+00:00,pending_new,,,
2026-03-19 00:05:37.994208635+00:00,164,cancel_requested,ask,2205.2,0.12722577064472393,2026-03-19 00:05:34.855151263+00:00,169.84799999999998,2026-03-19 00:05:34.605151263+00:00,pending_cancel,refresh_reprice,2026-03-19 00:05:37.994208635+00:00,2026-03-19 00:05:38.244208635+00:00
2026-03-19 00:05:38.042709237+00:00,165,cancel_requested,bid,2203.7,0.07277422935527607,2026-03-19 00:05:38.244208635+00:00,152.474,2026-03-19 00:05:37.994208635+00:00,pending_cancel,pressure_stop_bid,2026-03-19 00:05:38.042709237+00:00,2026-03-19 00:05:38.292709237+00:00
2026-03-19 00:05:38.292709237+00:00,165,cancelled,bid,2203.7,0.07277422935527607,2026-03-19 00:05:38.244208635+00:00,152.474,2026-03-19 00:05:37.994208635+00:00,cancelled,pressure_stop_bid,2026-03-19 00:05:38.042709237+00:00,2026-03-19 00:05:38.292709237+00:00
2026-03-19 00:05:38.244208635+00:00,164,cancelled,ask,2205.2,0.12722577064472393,2026-03-19 00:05:34.855151263+00:00,169.84799999999998,2026-03-19 00:05:34.605151263+00:00,cancelled,refresh_reprice,2026-03-19 00:05:37.994208635+00:00,2026-03-19 00:05:38.244208635+00:00
2026-03-19 00:05:38.299762590+00:00,166,placed,bid,2203.4,0.07277422935527607,2026-03-19 00:05:38.549762590+00:00,138.603,2026-03-19 00:05:38.299762590+00:00,pending_new,,,
2026-03-19 00:05:38.299762590+00:00,167,placed,ask,2204.7,0.12722577064472393,2026-03-19 00:05:38.549762590+00:00,104.987,2026-03-19 00:05:38.299762590+00:00,pending_new,,,
2026-03-19 00:05:39.003292182+00:00,166,cancel_requested,bid,2203.4,0.07277422935527607,2026-03-19 00:05:38.549762590+00:00,138.603,2026-03-19 00:05:38.299762590+00:00,pending_cancel,pressure_stop_bid,2026-03-19 00:05:39.003292182+00:00,2026-03-19 00:05:39.253292182+00:00
2026-03-19 00:05:39.253292182+00:00,166,cancelled,bid,2203.4,0.07277422935527607,2026-03-19 00:05:38.549762590+00:00,138.603,2026-03-19 00:05:38.299762590+00:00,cancelled,pressure_stop_bid,2026-03-19 00:05:39.003292182+00:00,2026-03-19 00:05:39.253292182+00:00
2026-03-19 00:05:39.260717248+00:00,168,placed,bid,2203.4,0.07277422935527607,2026-03-19 00:05:39.510717248+00:00,184.51,2026-03-19 00:05:39.260717248+00:00,pending_new,,,
2026-03-19 00:05:40.047772591+00:00,168,cancel_requested,bid,2203.4,0.07277422935527607,2026-03-19 00:05:39.510717248+00:00,184.51,2026-03-19 00:05:39.260717248+00:00,pending_cancel,pressure_stop_bid,2026-03-19 00:05:40.047772591+00:00,2026-03-19 00:05:40.297772591+00:00
2026-03-19 00:05:40.297772591+00:00,168,cancelled,bid,2203.4,0.07277422935527607,2026-03-19 00:05:39.510717248+00:00,184.51,2026-03-19 00:05:39.260717248+00:00,cancelled,pressure_stop_bid,2026-03-19 00:05:40.047772591+00:00,2026-03-19 00:05:40.297772591+00:00
2026-03-19 00:05:40.957390093+00:00,167,cancel_requested,ask,2204.7,0.12722577064472393,2026-03-19 00:05:38.549762590+00:00,104.987,2026-03-19 00:05:38.299762590+00:00,pending_cancel,pressure_stop_ask,2026-03-19 00:05:40.957390093+00:00,2026-03-19 00:05:41.207390093+00:00
2026-03-19 00:05:40.957390093+00:00,169,placed,bid,2203.6,0.07277422935527607,2026-03-19 00:05:41.207390093+00:00,194.23199999999997,2026-03-19 00:05:40.957390093+00:00,pending_new,,,
2026-03-19 00:05:41.060286853+00:00,169,cancel_requested,bid,2203.6,0.07277422935527607,2026-03-19 00:05:41.207390093+00:00,194.23199999999997,2026-03-19 00:05:40.957390093+00:00,pending_cancel,refresh_reprice,2026-03-19 00:05:41.060286853+00:00,2026-03-19 00:05:41.310286853+00:00
2026-03-19 00:05:41.207390093+00:00,167,cancelled,ask,2204.7,0.12722577064472393,2026-03-19 00:05:38.549762590+00:00,104.987,2026-03-19 00:05:38.299762590+00:00,cancelled,pressure_stop_ask,2026-03-19 00:05:40.957390093+00:00,2026-03-19 00:05:41.207390093+00:00
2026-03-19 00:05:41.264061963+00:00,170,placed,ask,2205.2,0.12722577064472393,2026-03-19 00:05:41.514061963+00:00,136.525,2026-03-19 00:05:41.264061963+00:00,pending_new,,,
2026-03-19 00:05:41.310286853+00:00,169,cancelled,bid,2203.6,0.07277422935527607,2026-03-19 00:05:41.207390093+00:00,194.23199999999997,2026-03-19 00:05:40.957390093+00:00,cancelled,refresh_reprice,2026-03-19 00:05:41.060286853+00:00,2026-03-19 00:05:41.310286853+00:00
2026-03-19 00:05:41.335348309+00:00,171,placed,bid,2203.9,0.07277422935527607,2026-03-19 00:05:41.585348309+00:00,223.381,2026-03-19 00:05:41.335348309+00:00,pending_new,,,
2026-03-19 00:05:43.403898913+00:00,171,cancel_requested,bid,2203.9,0.07277422935527607,2026-03-19 00:05:41.585348309+00:00,223.381,2026-03-19 00:05:41.335348309+00:00,pending_cancel,pressure_stop_bid,2026-03-19 00:05:43.403898913+00:00,2026-03-19 00:05:43.653898913+00:00
2026-03-19 00:05:43.653898913+00:00,171,cancelled,bid,2203.9,0.07277422935527607,2026-03-19 00:05:41.585348309+00:00,223.381,2026-03-19 00:05:41.335348309+00:00,cancelled,pressure_stop_bid,2026-03-19 00:05:43.403898913+00:00,2026-03-19 00:05:43.653898913+00:00
2026-03-19 00:05:44.067430781+00:00,170,cancel_requested,ask,2205.2,0.12722577064472393,2026-03-19 00:05:41.514061963+00:00,136.525,2026-03-19 00:05:41.264061963+00:00,pending_cancel,pressure_stop_ask,2026-03-19 00:05:44.067430781+00:00,2026-03-19 00:05:44.317430781+00:00
2026-03-19 00:05:44.067430781+00:00,172,placed,bid,2204.0,0.07277422935527607,2026-03-19 00:05:44.317430781+00:00,239.60500000000002,2026-03-19 00:05:44.067430781+00:00,pending_new,,,
2026-03-19 00:05:44.317430781+00:00,170,cancelled,ask,2205.2,0.12722577064472393,2026-03-19 00:05:41.514061963+00:00,136.525,2026-03-19 00:05:41.264061963+00:00,cancelled,pressure_stop_ask,2026-03-19 00:05:44.067430781+00:00,2026-03-19 00:05:44.317430781+00:00
2026-03-19 00:05:47.388766315+00:00,172,cancel_requested,bid,2204.0,0.07277422935527607,2026-03-19 00:05:44.317430781+00:00,239.60500000000002,2026-03-19 00:05:44.067430781+00:00,pending_cancel,refresh_reprice,2026-03-19 00:05:47.388766315+00:00,2026-03-19 00:05:47.638766315+00:00
2026-03-19 00:05:47.638766315+00:00,172,cancelled,bid,2204.0,0.07277422935527607,2026-03-19 00:05:44.317430781+00:00,239.60500000000002,2026-03-19 00:05:44.067430781+00:00,cancelled,refresh_reprice,2026-03-19 00:05:47.388766315+00:00,2026-03-19 00:05:47.638766315+00:00
2026-03-19 00:05:47.687659569+00:00,173,placed,bid,2204.7,0.07277422935527607,2026-03-19 00:05:47.937659569+00:00,174.333,2026-03-19 00:05:47.687659569+00:00,pending_new,,,
2026-03-19 00:05:52.696840797+00:00,173,resized,bid,2204.7,0.07232242516336067,2026-03-19 00:05:47.937659569+00:00,174.333,,,preserve_queue_priority,,
2026-03-19 00:05:52.696840797+00:00,174,placed,ask,2205.9,0.12767757483663936,2026-03-19 00:05:52.946840797+00:00,171.348,2026-03-19 00:05:52.696840797+00:00,pending_new,,,
2026-03-19 00:05:53.208398543+00:00,173,cancel_requested,bid,2204.7,0.07232242516336067,2026-03-19 00:05:47.937659569+00:00,174.333,2026-03-19 00:05:47.687659569+00:00,pending_cancel,pressure_stop_bid,2026-03-19 00:05:53.208398543+00:00,2026-03-19 00:05:53.458398543+00:00
2026-03-19 00:05:53.208398543+00:00,174,cancel_requested,ask,2205.9,0.12767757483663936,2026-03-19 00:05:52.946840797+00:00,171.348,2026-03-19 00:05:52.696840797+00:00,pending_cancel,refresh_reprice,2026-03-19 00:05:53.208398543+00:00,2026-03-19 00:05:53.458398543+00:00
2026-03-19 00:05:53.458398543+00:00,173,cancelled,bid,2204.7,0.07232242516336067,2026-03-19 00:05:47.937659569+00:00,174.333,2026-03-19 00:05:47.687659569+00:00,cancelled,pressure_stop_bid,2026-03-19 00:05:53.208398543+00:00,2026-03-19 00:05:53.458398543+00:00
2026-03-19 00:05:53.458398543+00:00,174,cancelled,ask,2205.9,0.12767757483663936,2026-03-19 00:05:52.946840797+00:00,171.348,2026-03-19 00:05:52.696840797+00:00,cancelled,refresh_reprice,2026-03-19 00:05:53.208398543+00:00,2026-03-19 00:05:53.458398543+00:00
2026-03-19 00:05:53.512645083+00:00,175,placed,bid,2204.7,0.07232242516336067,2026-03-19 00:05:53.762645083+00:00,166.427,2026-03-19 00:05:53.512645083+00:00,pending_new,,,
2026-03-19 00:05:53.512645083+00:00,176,placed,ask,2205.8,0.12767757483663936,2026-03-19 00:05:53.762645083+00:00,151.917,2026-03-19 00:05:53.512645083+00:00,pending_new,,,
2026-03-19 00:05:55.137485884+00:00,176,cancel_requested,ask,2205.8,0.12767757483663936,2026-03-19 00:05:53.762645083+00:00,151.917,2026-03-19 00:05:53.512645083+00:00,pending_cancel,pressure_stop_ask,2026-03-19 00:05:55.137485884+00:00,2026-03-19 00:05:55.387485884+00:00
2026-03-19 00:05:55.387485884+00:00,176,cancelled,ask,2205.8,0.12767757483663936,2026-03-19 00:05:53.762645083+00:00,151.917,2026-03-19 00:05:53.512645083+00:00,cancelled,pressure_stop_ask,2026-03-19 00:05:55.137485884+00:00,2026-03-19 00:05:55.387485884+00:00
2026-03-19 00:06:00.457175381+00:00,175,cancel_requested,bid,2204.7,0.07232242516336067,2026-03-19 00:05:53.762645083+00:00,166.427,2026-03-19 00:05:53.512645083+00:00,pending_cancel,refresh_reprice,2026-03-19 00:06:00.457175381+00:00,2026-03-19 00:06:00.707175381+00:00
2026-03-19 00:06:00.707175381+00:00,175,cancelled,bid,2204.7,0.07232242516336067,2026-03-19 00:05:53.762645083+00:00,166.427,2026-03-19 00:05:53.512645083+00:00,cancelled,refresh_reprice,2026-03-19 00:06:00.457175381+00:00,2026-03-19 00:06:00.707175381+00:00
2026-03-19 00:06:00.747247376+00:00,177,placed,bid,2204.9,0.07232242516336067,2026-03-19 00:06:00.997247376+00:00,226.31,2026-03-19 00:06:00.747247376+00:00,pending_new,,,
2026-03-19 00:06:01.886209007+00:00,177,cancel_requested,bid,2204.9,0.07232242516336067,2026-03-19 00:06:00.997247376+00:00,226.31,2026-03-19 00:06:00.747247376+00:00,pending_cancel,pressure_stop_bid,2026-03-19 00:06:01.886209007+00:00,2026-03-19 00:06:02.136209007+00:00
2026-03-19 00:06:01.886209007+00:00,178,placed,ask,2205.8,0.12767757483663936,2026-03-19 00:06:02.136209007+00:00,70.233,2026-03-19 00:06:01.886209007+00:00,pending_new,,,
2026-03-19 00:06:02.136209007+00:00,177,cancelled,bid,2204.9,0.07232242516336067,2026-03-19 00:06:00.997247376+00:00,226.31,2026-03-19 00:06:00.747247376+00:00,cancelled,pressure_stop_bid,2026-03-19 00:06:01.886209007+00:00,2026-03-19 00:06:02.136209007+00:00
2026-03-19 00:06:02.136601611+00:00,179,placed,bid,2204.7,0.07232242516336067,2026-03-19 00:06:02.386601611+00:00,223.694,2026-03-19 00:06:02.136601611+00:00,pending_new,,,
2026-03-19 00:06:02.342839033+00:00,179,cancel_requested,bid,2204.7,0.07232242516336067,2026-03-19 00:06:02.386601611+00:00,223.694,2026-03-19 00:06:02.136601611+00:00,pending_cancel,pressure_stop_bid,2026-03-19 00:06:02.342839033+00:00,2026-03-19 00:06:02.592839033+00:00
2026-03-19 00:06:02.592839033+00:00,179,cancelled,bid,2204.7,0.07232242516336067,2026-03-19 00:06:02.386601611+00:00,223.694,2026-03-19 00:06:02.136601611+00:00,cancelled,pressure_stop_bid,2026-03-19 00:06:02.342839033+00:00,2026-03-19 00:06:02.592839033+00:00
2026-03-19 00:06:06.278525018+00:00,180,placed,bid,2204.6,0.07232242516336067,2026-03-19 00:06:06.528525018+00:00,178.324,2026-03-19 00:06:06.278525018+00:00,pending_new,,,
2026-03-19 00:06:06.278525018+00:00,178,cancel_requested,ask,2205.8,0.12767757483663936,2026-03-19 00:06:02.136209007+00:00,70.233,2026-03-19 00:06:01.886209007+00:00,pending_cancel,refresh_reprice,2026-03-19 00:06:06.278525018+00:00,2026-03-19 00:06:06.528525018+00:00
2026-03-19 00:06:06.528525018+00:00,178,cancelled,ask,2205.8,0.12767757483663936,2026-03-19 00:06:02.136209007+00:00,70.233,2026-03-19 00:06:01.886209007+00:00,cancelled,refresh_reprice,2026-03-19 00:06:06.278525018+00:00,2026-03-19 00:06:06.528525018+00:00
2026-03-19 00:06:06.535438111+00:00,181,placed,ask,2205.6,0.12767757483663936,2026-03-19 00:06:06.785438111+00:00,56.370000000000005,2026-03-19 00:06:06.535438111+00:00,pending_new,,,
2026-03-19 00:06:06.687230764+00:00,180,cancel_requested,bid,2204.6,0.07232242516336067,2026-03-19 00:06:06.528525018+00:00,178.324,2026-03-19 00:06:06.278525018+00:00,pending_cancel,pressure_stop_bid,2026-03-19 00:06:06.687230764+00:00,2026-03-19 00:06:06.937230764+00:00
2026-03-19 00:06:06.937230764+00:00,180,cancelled,bid,2204.6,0.07232242516336067,2026-03-19 00:06:06.528525018+00:00,178.324,2026-03-19 00:06:06.278525018+00:00,cancelled,pressure_stop_bid,2026-03-19 00:06:06.687230764+00:00,2026-03-19 00:06:06.937230764+00:00
2026-03-19 00:06:10.261595587+00:00,181,cancel_requested,ask,2205.6,0.12767757483663936,2026-03-19 00:06:06.785438111+00:00,56.370000000000005,2026-03-19 00:06:06.535438111+00:00,pending_cancel,refresh_reprice,2026-03-19 00:06:10.261595587+00:00,2026-03-19 00:06:10.511595587+00:00
2026-03-19 00:06:10.362669758+00:00,182,placed,bid,2203.0,0.07229678950371372,2026-03-19 00:06:10.612669758+00:00,79.024,2026-03-19 00:06:10.362669758+00:00,pending_new,,,
2026-03-19 00:06:10.414265444+00:00,182,cancel_requested,bid,2203.0,0.07229678950371372,2026-03-19 00:06:10.612669758+00:00,79.024,2026-03-19 00:06:10.362669758+00:00,pending_cancel,pressure_stop_bid,2026-03-19 00:06:10.414265444+00:00,2026-03-19 00:06:10.664265444+00:00
2026-03-19 00:06:10.511595587+00:00,181,cancelled,ask,2205.6,0.12767757483663936,2026-03-19 00:06:06.785438111+00:00,56.370000000000005,2026-03-19 00:06:06.535438111+00:00,cancelled,refresh_reprice,2026-03-19 00:06:10.261595587+00:00,2026-03-19 00:06:10.511595587+00:00
2026-03-19 00:06:10.516647642+00:00,183,placed,ask,2203.7,0.12770321049628627,2026-03-19 00:06:10.766647642+00:00,110.44000000000001,2026-03-19 00:06:10.516647642+00:00,pending_new,,,
2026-03-19 00:06:10.567627914+00:00,183,cancel_requested,ask,2203.7,0.12770321049628627,2026-03-19 00:06:10.766647642+00:00,110.44000000000001,2026-03-19 00:06:10.516647642+00:00,pending_cancel,refresh_reprice,2026-03-19 00:06:10.567627914+00:00,2026-03-19 00:06:10.817627914+00:00
2026-03-19 00:06:10.664265444+00:00,182,cancelled,bid,2203.0,0.07229678950371372,2026-03-19 00:06:10.612669758+00:00,79.024,2026-03-19 00:06:10.362669758+00:00,cancelled,pressure_stop_bid,2026-03-19 00:06:10.414265444+00:00,2026-03-19 00:06:10.664265444+00:00
2026-03-19 00:06:10.667147239+00:00,184,placed,bid,2202.0,0.07229678950371372,2026-03-19 00:06:10.917147239+00:00,138.377,2026-03-19 00:06:10.667147239+00:00,pending_new,,,
2026-03-19 00:06:10.817627914+00:00,183,cancelled,ask,2203.7,0.12770321049628627,2026-03-19 00:06:10.766647642+00:00,110.44000000000001,2026-03-19 00:06:10.516647642+00:00,cancelled,refresh_reprice,2026-03-19 00:06:10.567627914+00:00,2026-03-19 00:06:10.817627914+00:00
2026-03-19 00:06:10.820091127+00:00,185,placed,ask,2203.2,0.12770321049628627,2026-03-19 00:06:11.070091127+00:00,89.18900000000001,2026-03-19 00:06:10.820091127+00:00,pending_new,,,
2026-03-19 00:06:11.026829551+00:00,184,cancel_requested,bid,2202.0,0.07229678950371372,2026-03-19 00:06:10.917147239+00:00,138.377,2026-03-19 00:06:10.667147239+00:00,pending_cancel,pressure_stop_bid,2026-03-19 00:06:11.026829551+00:00,2026-03-19 00:06:11.276829551+00:00
2026-03-19 00:06:11.276829551+00:00,184,cancelled,bid,2202.0,0.07229678950371372,2026-03-19 00:06:10.917147239+00:00,138.377,2026-03-19 00:06:10.667147239+00:00,cancelled,pressure_stop_bid,2026-03-19 00:06:11.026829551+00:00,2026-03-19 00:06:11.276829551+00:00
2026-03-19 00:06:11.332726008+00:00,186,placed,bid,2201.9,0.07229678950371372,2026-03-19 00:06:11.582726008+00:00,183.166,2026-03-19 00:06:11.332726008+00:00,pending_new,,,
2026-03-19 00:06:15.821347586+00:00,185,cancel_requested,ask,2203.2,0.12770321049628627,2026-03-19 00:06:11.070091127+00:00,89.18900000000001,2026-03-19 00:06:10.820091127+00:00,pending_cancel,pressure_stop_ask,2026-03-19 00:06:15.821347586+00:00,2026-03-19 00:06:16.071347586+00:00
2026-03-19 00:06:16.071347586+00:00,185,cancelled,ask,2203.2,0.12770321049628627,2026-03-19 00:06:11.070091127+00:00,89.18900000000001,2026-03-19 00:06:10.820091127+00:00,cancelled,pressure_stop_ask,2026-03-19 00:06:15.821347586+00:00,2026-03-19 00:06:16.071347586+00:00
2026-03-19 00:06:17.959978102+00:00,186,cancel_requested,bid,2201.9,0.07229678950371372,2026-03-19 00:06:11.582726008+00:00,183.166,2026-03-19 00:06:11.332726008+00:00,pending_cancel,pressure_stop_bid,2026-03-19 00:06:17.959978102+00:00,2026-03-19 00:06:18.209978102+00:00
2026-03-19 00:06:17.959978102+00:00,187,placed,ask,2203.0,0.12770321049628627,2026-03-19 00:06:18.209978102+00:00,120.127,2026-03-19 00:06:17.959978102+00:00,pending_new,,,
2026-03-19 00:06:18.209978102+00:00,186,cancelled,bid,2201.9,0.07229678950371372,2026-03-19 00:06:11.582726008+00:00,183.166,2026-03-19 00:06:11.332726008+00:00,cancelled,pressure_stop_bid,2026-03-19 00:06:17.959978102+00:00,2026-03-19 00:06:18.209978102+00:00
2026-03-19 00:06:22.101576923+00:00,187,cancel_requested,ask,2203.0,0.12770321049628627,2026-03-19 00:06:18.209978102+00:00,120.127,2026-03-19 00:06:17.959978102+00:00,pending_cancel,pressure_stop_ask,2026-03-19 00:06:22.101576923+00:00,2026-03-19 00:06:22.351576923+00:00
2026-03-19 00:06:22.101576923+00:00,188,placed,bid,2201.9,0.07229678950371372,2026-03-19 00:06:22.351576923+00:00,200.377,2026-03-19 00:06:22.101576923+00:00,pending_new,,,
2026-03-19 00:06:22.351576923+00:00,187,cancelled,ask,2203.0,0.12770321049628627,2026-03-19 00:06:18.209978102+00:00,120.127,2026-03-19 00:06:17.959978102+00:00,cancelled,pressure_stop_ask,2026-03-19 00:06:22.101576923+00:00,2026-03-19 00:06:22.351576923+00:00
2026-03-19 00:06:22.407629221+00:00,188,cancel_requested,bid,2201.9,0.07229678950371372,2026-03-19 00:06:22.351576923+00:00,200.377,2026-03-19 00:06:22.101576923+00:00,pending_cancel,refresh_reprice,2026-03-19 00:06:22.407629221+00:00,2026-03-19 00:06:22.657629221+00:00
2026-03-19 00:06:22.657629221+00:00,188,cancelled,bid,2201.9,0.07229678950371372,2026-03-19 00:06:22.351576923+00:00,200.377,2026-03-19 00:06:22.101576923+00:00,cancelled,refresh_reprice,2026-03-19 00:06:22.407629221+00:00,2026-03-19 00:06:22.657629221+00:00
2026-03-19 00:06:22.660382875+00:00,189,placed,bid,2202.3,0.07229678950371372,2026-03-19 00:06:22.910382875+00:00,208.73999999999998,2026-03-19 00:06:22.660382875+00:00,pending_new,,,
2026-03-19 00:06:22.660382875+00:00,190,placed,ask,2203.5,0.12770321049628627,2026-03-19 00:06:22.910382875+00:00,62.159000000000006,2026-03-19 00:06:22.660382875+00:00,pending_new,,,
2026-03-19 00:06:23.457691104+00:00,190,cancel_requested,ask,2203.5,0.12770321049628627,2026-03-19 00:06:22.910382875+00:00,62.159000000000006,2026-03-19 00:06:22.660382875+00:00,pending_cancel,pressure_stop_ask,2026-03-19 00:06:23.457691104+00:00,2026-03-19 00:06:23.707691104+00:00
2026-03-19 00:06:23.707691104+00:00,190,cancelled,ask,2203.5,0.12770321049628627,2026-03-19 00:06:22.910382875+00:00,62.159000000000006,2026-03-19 00:06:22.660382875+00:00,cancelled,pressure_stop_ask,2026-03-19 00:06:23.457691104+00:00,2026-03-19 00:06:23.707691104+00:00
2026-03-19 00:06:32.660382875+00:00,189,cancel_requested,bid,2202.3,0.07229678950371372,2026-03-19 00:06:22.910382875+00:00,208.73999999999998,2026-03-19 00:06:22.660382875+00:00,pending_cancel,quote_age_expired,2026-03-19 00:06:32.660382875+00:00,2026-03-19 00:06:32.910382875+00:00
2026-03-19 00:06:32.910382875+00:00,189,cancelled,bid,2202.3,0.07229678950371372,2026-03-19 00:06:22.910382875+00:00,208.73999999999998,2026-03-19 00:06:22.660382875+00:00,cancelled,quote_age_expired,2026-03-19 00:06:32.660382875+00:00,2026-03-19 00:06:32.910382875+00:00
2026-03-19 00:06:32.977488346+00:00,191,placed,bid,2202.4,0.07171884699411771,2026-03-19 00:06:33.227488346+00:00,234.05100000000002,2026-03-19 00:06:32.977488346+00:00,pending_new,,,
2026-03-19 00:06:36.596700889+00:00,192,placed,ask,2203.6,0.1282811530058823,2026-03-19 00:06:36.846700889+00:00,145.97899999999998,2026-03-19 00:06:36.596700889+00:00,pending_new,,,
2026-03-19 00:06:36.645722653+00:00,192,cancel_requested,ask,2203.6,0.1282811530058823,2026-03-19 00:06:36.846700889+00:00,145.97899999999998,2026-03-19 00:06:36.596700889+00:00,pending_cancel,pressure_stop_ask,2026-03-19 00:06:36.645722653+00:00,2026-03-19 00:06:36.895722653+00:00
2026-03-19 00:06:36.895722653+00:00,192,cancelled,ask,2203.6,0.1282811530058823,2026-03-19 00:06:36.846700889+00:00,145.97899999999998,2026-03-19 00:06:36.596700889+00:00,cancelled,pressure_stop_ask,2026-03-19 00:06:36.645722653+00:00,2026-03-19 00:06:36.895722653+00:00
2026-03-19 00:06:41.600617698+00:00,191,cancel_requested,bid,2202.4,0.07171884699411771,2026-03-19 00:06:33.227488346+00:00,234.05100000000002,2026-03-19 00:06:32.977488346+00:00,pending_cancel,pressure_stop_bid,2026-03-19 00:06:41.600617698+00:00,2026-03-19 00:06:41.850617698+00:00
2026-03-19 00:06:41.600617698+00:00,193,placed,ask,2203.5,0.1282811530058823,2026-03-19 00:06:41.850617698+00:00,143.957,2026-03-19 00:06:41.600617698+00:00,pending_new,,,
2026-03-19 00:06:41.845135716+00:00,193,cancel_requested,ask,2203.5,0.1282811530058823,2026-03-19 00:06:41.850617698+00:00,143.957,2026-03-19 00:06:41.600617698+00:00,pending_cancel,expected_edge_ask,2026-03-19 00:06:41.845135716+00:00,2026-03-19 00:06:42.095135716+00:00
2026-03-19 00:06:41.850617698+00:00,191,cancelled,bid,2202.4,0.07171884699411771,2026-03-19 00:06:33.227488346+00:00,234.05100000000002,2026-03-19 00:06:32.977488346+00:00,cancelled,pressure_stop_bid,2026-03-19 00:06:41.600617698+00:00,2026-03-19 00:06:41.850617698+00:00
2026-03-19 00:06:41.902910261+00:00,194,placed,bid,2202.4,0.07171884699411771,2026-03-19 00:06:42.152910261+00:00,165.417,2026-03-19 00:06:41.902910261+00:00,pending_new,,,
2026-03-19 00:06:42.095135716+00:00,193,cancelled,ask,2203.5,0.1282811530058823,2026-03-19 00:06:41.850617698+00:00,143.957,2026-03-19 00:06:41.600617698+00:00,cancelled,expected_edge_ask,2026-03-19 00:06:41.845135716+00:00,2026-03-19 00:06:42.095135716+00:00
2026-03-19 00:06:42.161324532+00:00,195,placed,ask,2203.3,0.1282811530058823,2026-03-19 00:06:42.411324532+00:00,115.353,2026-03-19 00:06:42.161324532+00:00,pending_new,,,
2026-03-19 00:06:42.557544674+00:00,194,cancel_requested,bid,2202.4,0.07171884699411771,2026-03-19 00:06:42.152910261+00:00,165.417,2026-03-19 00:06:41.902910261+00:00,pending_cancel,pressure_stop_bid,2026-03-19 00:06:42.557544674+00:00,2026-03-19 00:06:42.807544674+00:00
2026-03-19 00:06:42.807544674+00:00,194,cancelled,bid,2202.4,0.07171884699411771,2026-03-19 00:06:42.152910261+00:00,165.417,2026-03-19 00:06:41.902910261+00:00,cancelled,pressure_stop_bid,2026-03-19 00:06:42.557544674+00:00,2026-03-19 00:06:42.807544674+00:00
2026-03-19 00:06:44.902375326+00:00,195,cancel_requested,ask,2203.3,0.1282811530058823,2026-03-19 00:06:42.411324532+00:00,115.353,2026-03-19 00:06:42.161324532+00:00,pending_cancel,refresh_reprice,2026-03-19 00:06:44.902375326+00:00,2026-03-19 00:06:45.152375326+00:00
2026-03-19 00:06:45.152375326+00:00,195,cancelled,ask,2203.3,0.1282811530058823,2026-03-19 00:06:42.411324532+00:00,115.353,2026-03-19 00:06:42.161324532+00:00,cancelled,refresh_reprice,2026-03-19 00:06:44.902375326+00:00,2026-03-19 00:06:45.152375326+00:00
2026-03-19 00:06:45.235519960+00:00,196,placed,ask,2202.9,0.1282811530058823,2026-03-19 00:06:45.485519960+00:00,92.713,2026-03-19 00:06:45.235519960+00:00,pending_new,,,
2026-03-19 00:06:48.032988852+00:00,196,cancel_requested,ask,2202.9,0.1282811530058823,2026-03-19 00:06:45.485519960+00:00,92.713,2026-03-19 00:06:45.235519960+00:00,pending_cancel,refresh_reprice,2026-03-19 00:06:48.032988852+00:00,2026-03-19 00:06:48.282988852+00:00
2026-03-19 00:06:48.282988852+00:00,196,cancelled,ask,2202.9,0.1282811530058823,2026-03-19 00:06:45.485519960+00:00,92.713,2026-03-19 00:06:45.235519960+00:00,cancelled,refresh_reprice,2026-03-19 00:06:48.032988852+00:00,2026-03-19 00:06:48.282988852+00:00
2026-03-19 00:06:48.284534303+00:00,197,placed,bid,2201.8,0.07171884699411771,2026-03-19 00:06:48.534534303+00:00,151.60199999999998,2026-03-19 00:06:48.284534303+00:00,pending_new,,,
2026-03-19 00:06:53.336389231+00:00,197,resized,bid,2201.8,0.07160603553269558,2026-03-19 00:06:48.534534303+00:00,151.60199999999998,,,preserve_queue_priority,,
2026-03-19 00:06:58.284534303+00:00,197,cancel_requested,bid,2201.8,0.07160603553269558,2026-03-19 00:06:48.534534303+00:00,151.60199999999998,2026-03-19 00:06:48.284534303+00:00,pending_cancel,quote_age_expired,2026-03-19 00:06:58.284534303+00:00,2026-03-19 00:06:58.534534303+00:00
2026-03-19 00:06:58.534534303+00:00,197,cancelled,bid,2201.8,0.07160603553269558,2026-03-19 00:06:48.534534303+00:00,151.60199999999998,2026-03-19 00:06:48.284534303+00:00,cancelled,quote_age_expired,2026-03-19 00:06:58.284534303+00:00,2026-03-19 00:06:58.534534303+00:00
2026-03-19 00:06:58.838086459+00:00,198,placed,bid,2201.9,0.07160603553269558,2026-03-19 00:06:59.088086459+00:00,193.688,2026-03-19 00:06:58.838086459+00:00,pending_new,,,
2026-03-19 00:06:59.572367469+00:00,198,cancel_requested,bid,2201.9,0.07160603553269558,2026-03-19 00:06:59.088086459+00:00,193.688,2026-03-19 00:06:58.838086459+00:00,pending_cancel,refresh_reprice,2026-03-19 00:06:59.572367469+00:00,2026-03-19 00:06:59.822367469+00:00
2026-03-19 00:06:59.822367469+00:00,198,cancelled,bid,2201.9,0.07160603553269558,2026-03-19 00:06:59.088086459+00:00,193.688,2026-03-19 00:06:58.838086459+00:00,cancelled,refresh_reprice,2026-03-19 00:06:59.572367469+00:00,2026-03-19 00:06:59.822367469+00:00
2026-03-19 00:06:59.826994239+00:00,199,placed,bid,2202.4,0.07160603553269558,2026-03-19 00:07:00.076994239+00:00,193.54000000000002,2026-03-19 00:06:59.826994239+00:00,pending_new,,,
2026-03-19 00:07:07.435927290+00:00,200,placed,ask,2203.5,0.12839396446730442,2026-03-19 00:07:07.685927290+00:00,135.642,2026-03-19 00:07:07.435927290+00:00,pending_new,,,
2026-03-19 00:07:07.635749837+00:00,200,cancel_requested,ask,2203.5,0.12839396446730442,2026-03-19 00:07:07.685927290+00:00,135.642,2026-03-19 00:07:07.435927290+00:00,pending_cancel,pressure_stop_ask,2026-03-19 00:07:07.635749837+00:00,2026-03-19 00:07:07.885749837+00:00
2026-03-19 00:07:07.885749837+00:00,200,cancelled,ask,2203.5,0.12839396446730442,2026-03-19 00:07:07.685927290+00:00,135.642,2026-03-19 00:07:07.435927290+00:00,cancelled,pressure_stop_ask,2026-03-19 00:07:07.635749837+00:00,2026-03-19 00:07:07.885749837+00:00
2026-03-19 00:07:09.826994239+00:00,199,cancel_requested,bid,2202.4,0.07160603553269558,2026-03-19 00:07:00.076994239+00:00,193.54000000000002,2026-03-19 00:06:59.826994239+00:00,pending_cancel,quote_age_expired,2026-03-19 00:07:09.826994239+00:00,2026-03-19 00:07:10.076994239+00:00
2026-03-19 00:07:10.076994239+00:00,199,cancelled,bid,2202.4,0.07160603553269558,2026-03-19 00:07:00.076994239+00:00,193.54000000000002,2026-03-19 00:06:59.826994239+00:00,cancelled,quote_age_expired,2026-03-19 00:07:09.826994239+00:00,2026-03-19 00:07:10.076994239+00:00
2026-03-19 00:07:10.087254454+00:00,201,placed,bid,2202.4,0.0719455725085413,2026-03-19 00:07:10.337254454+00:00,221.657,2026-03-19 00:07:10.087254454+00:00,pending_new,,,
2026-03-19 00:07:10.604022836+00:00,201,cancel_requested,bid,2202.4,0.0719455725085413,2026-03-19 00:07:10.337254454+00:00,221.657,2026-03-19 00:07:10.087254454+00:00,pending_cancel,refresh_reprice,2026-03-19 00:07:10.604022836+00:00,2026-03-19 00:07:10.854022836+00:00
2026-03-19 00:07:10.854022836+00:00,201,cancelled,bid,2202.4,0.0719455725085413,2026-03-19 00:07:10.337254454+00:00,221.657,2026-03-19 00:07:10.087254454+00:00,cancelled,refresh_reprice,2026-03-19 00:07:10.604022836+00:00,2026-03-19 00:07:10.854022836+00:00
2026-03-19 00:07:10.906238482+00:00,202,placed,bid,2202.7,0.0719455725085413,2026-03-19 00:07:11.156238482+00:00,116.917,2026-03-19 00:07:10.906238482+00:00,pending_new,,,
2026-03-19 00:07:11.260455436+00:00,202,cancel_requested,bid,2202.7,0.0719455725085413,2026-03-19 00:07:11.156238482+00:00,116.917,2026-03-19 00:07:10.906238482+00:00,pending_cancel,refresh_reprice,2026-03-19 00:07:11.260455436+00:00,2026-03-19 00:07:11.510455436+00:00
2026-03-19 00:07:11.510455436+00:00,202,cancelled,bid,2202.7,0.0719455725085413,2026-03-19 00:07:11.156238482+00:00,116.917,2026-03-19 00:07:10.906238482+00:00,cancelled,refresh_reprice,2026-03-19 00:07:11.260455436+00:00,2026-03-19 00:07:11.510455436+00:00
2026-03-19 00:07:11.511908249+00:00,203,placed,bid,2202.9,0.0719455725085413,2026-03-19 00:07:11.761908249+00:00,136.08800000000002,2026-03-19 00:07:11.511908249+00:00,pending_new,,,
2026-03-19 00:07:20.349492859+00:00,203,cancel_requested,bid,2202.9,0.0719455725085413,2026-03-19 00:07:11.761908249+00:00,136.08800000000002,2026-03-19 00:07:11.511908249+00:00,pending_cancel,refresh_reprice,2026-03-19 00:07:20.349492859+00:00,2026-03-19 00:07:20.599492859+00:00
2026-03-19 00:07:20.599492859+00:00,203,cancelled,bid,2202.9,0.0719455725085413,2026-03-19 00:07:11.761908249+00:00,136.08800000000002,2026-03-19 00:07:11.511908249+00:00,cancelled,refresh_reprice,2026-03-19 00:07:20.349492859+00:00,2026-03-19 00:07:20.599492859+00:00
2026-03-19 00:07:20.636725532+00:00,204,placed,bid,2203.5,0.0719455725085413,2026-03-19 00:07:20.886725532+00:00,122.921,2026-03-19 00:07:20.636725532+00:00,pending_new,,,
2026-03-19 00:07:26.010775859+00:00,204,cancel_requested,bid,2203.5,0.0719455725085413,2026-03-19 00:07:20.886725532+00:00,122.921,2026-03-19 00:07:20.636725532+00:00,pending_cancel,refresh_reprice,2026-03-19 00:07:26.010775859+00:00,2026-03-19 00:07:26.260775859+00:00
2026-03-19 00:07:26.260775859+00:00,204,cancelled,bid,2203.5,0.0719455725085413,2026-03-19 00:07:20.886725532+00:00,122.921,2026-03-19 00:07:20.636725532+00:00,cancelled,refresh_reprice,2026-03-19 00:07:26.010775859+00:00,2026-03-19 00:07:26.260775859+00:00
2026-03-19 00:07:26.268900549+00:00,205,placed,ask,2204.3,0.1280544274914587,2026-03-19 00:07:26.518900549+00:00,184.466,2026-03-19 00:07:26.268900549+00:00,pending_new,,,
2026-03-19 00:07:26.623086600+00:00,205,cancel_requested,ask,2204.3,0.1280544274914587,2026-03-19 00:07:26.518900549+00:00,184.466,2026-03-19 00:07:26.268900549+00:00,pending_cancel,expected_edge_ask,2026-03-19 00:07:26.623086600+00:00,2026-03-19 00:07:26.873086600+00:00
2026-03-19 00:07:26.623086600+00:00,206,placed,bid,2203.6,0.0719455725085413,2026-03-19 00:07:26.873086600+00:00,52.596000000000004,2026-03-19 00:07:26.623086600+00:00,pending_new,,,
2026-03-19 00:07:26.873086600+00:00,205,cancelled,ask,2204.3,0.1280544274914587,2026-03-19 00:07:26.518900549+00:00,184.466,2026-03-19 00:07:26.268900549+00:00,cancelled,expected_edge_ask,2026-03-19 00:07:26.623086600+00:00,2026-03-19 00:07:26.873086600+00:00
2026-03-19 00:07:28.157249876+00:00,206,cancel_requested,bid,2203.6,0.0719455725085413,2026-03-19 00:07:26.873086600+00:00,52.596000000000004,2026-03-19 00:07:26.623086600+00:00,pending_cancel,refresh_reprice,2026-03-19 00:07:28.157249876+00:00,2026-03-19 00:07:28.407249876+00:00
2026-03-19 00:07:28.407249876+00:00,206,cancelled,bid,2203.6,0.0719455725085413,2026-03-19 00:07:26.873086600+00:00,52.596000000000004,2026-03-19 00:07:26.623086600+00:00,cancelled,refresh_reprice,2026-03-19 00:07:28.157249876+00:00,2026-03-19 00:07:28.407249876+00:00
2026-03-19 00:07:28.462985864+00:00,207,placed,bid,2203.8,0.0719455725085413,2026-03-19 00:07:28.712985864+00:00,98.452,2026-03-19 00:07:28.462985864+00:00,pending_new,,,
2026-03-19 00:07:37.697209550+00:00,207,cancel_requested,bid,2203.8,0.0719455725085413,2026-03-19 00:07:28.712985864+00:00,98.452,2026-03-19 00:07:28.462985864+00:00,pending_cancel,refresh_reprice,2026-03-19 00:07:37.697209550+00:00,2026-03-19 00:07:37.947209550+00:00
2026-03-19 00:07:37.947209550+00:00,207,cancelled,bid,2203.8,0.0719455725085413,2026-03-19 00:07:28.712985864+00:00,98.452,2026-03-19 00:07:28.462985864+00:00,cancelled,refresh_reprice,2026-03-19 00:07:37.697209550+00:00,2026-03-19 00:07:37.947209550+00:00
2026-03-19 00:07:37.961223808+00:00,208,placed,bid,2204.3,0.07225160718854642,2026-03-19 00:07:38.211223808+00:00,162.559,2026-03-19 00:07:37.961223808+00:00,pending_new,,,
2026-03-19 00:07:38.923084937+00:00,208,cancel_requested,bid,2204.3,0.07225160718854642,2026-03-19 00:07:38.211223808+00:00,162.559,2026-03-19 00:07:37.961223808+00:00,pending_cancel,refresh_reprice,2026-03-19 00:07:38.923084937+00:00,2026-03-19 00:07:39.173084937+00:00
2026-03-19 00:07:39.173084937+00:00,208,cancelled,bid,2204.3,0.07225160718854642,2026-03-19 00:07:38.211223808+00:00,162.559,2026-03-19 00:07:37.961223808+00:00,cancelled,refresh_reprice,2026-03-19 00:07:38.923084937+00:00,2026-03-19 00:07:39.173084937+00:00
2026-03-19 00:07:39.236562031+00:00,209,placed,bid,2205.1,0.07225160718854642,2026-03-19 00:07:39.486562031+00:00,94.227,2026-03-19 00:07:39.236562031+00:00,pending_new,,,
2026-03-19 00:07:39.892699132+00:00,209,cancel_requested,bid,2205.1,0.07225160718854642,2026-03-19 00:07:39.486562031+00:00,94.227,2026-03-19 00:07:39.236562031+00:00,pending_cancel,refresh_reprice,2026-03-19 00:07:39.892699132+00:00,2026-03-19 00:07:40.142699132+00:00
2026-03-19 00:07:40.042890739+00:00,210,placed,ask,2206.2,0.1277483928114536,2026-03-19 00:07:40.292890739+00:00,67.156,2026-03-19 00:07:40.042890739+00:00,pending_new,,,
2026-03-19 00:07:40.094689796+00:00,210,cancel_requested,ask,2206.2,0.1277483928114536,2026-03-19 00:07:40.292890739+00:00,67.156,2026-03-19 00:07:40.042890739+00:00,pending_cancel,pressure_stop_ask,2026-03-19 00:07:40.094689796+00:00,2026-03-19 00:07:40.344689796+00:00
2026-03-19 00:07:40.142699132+00:00,209,cancelled,bid,2205.1,0.07225160718854642,2026-03-19 00:07:39.486562031+00:00,94.227,2026-03-19 00:07:39.236562031+00:00,cancelled,refresh_reprice,2026-03-19 00:07:39.892699132+00:00,2026-03-19 00:07:40.142699132+00:00
2026-03-19 00:07:40.204596749+00:00,211,placed,bid,2205.4,0.07225160718854642,2026-03-19 00:07:40.454596749+00:00,145.35999999999999,2026-03-19 00:07:40.204596749+00:00,pending_new,,,
2026-03-19 00:07:40.344689796+00:00,210,cancelled,ask,2206.2,0.1277483928114536,2026-03-19 00:07:40.292890739+00:00,67.156,2026-03-19 00:07:40.042890739+00:00,cancelled,pressure_stop_ask,2026-03-19 00:07:40.094689796+00:00,2026-03-19 00:07:40.344689796+00:00
2026-03-19 00:07:42.037570003+00:00,211,cancel_requested,bid,2205.4,0.07225160718854642,2026-03-19 00:07:40.454596749+00:00,145.35999999999999,2026-03-19 00:07:40.204596749+00:00,pending_cancel,refresh_reprice,2026-03-19 00:07:42.037570003+00:00,2026-03-19 00:07:42.287570003+00:00
2026-03-19 00:07:42.287570003+00:00,211,cancelled,bid,2205.4,0.07225160718854642,2026-03-19 00:07:40.454596749+00:00,145.35999999999999,2026-03-19 00:07:40.204596749+00:00,cancelled,refresh_reprice,2026-03-19 00:07:42.037570003+00:00,2026-03-19 00:07:42.287570003+00:00
2026-03-19 00:07:42.291167792+00:00,212,placed,bid,2206.0,0.07225160718854642,2026-03-19 00:07:42.541167792+00:00,166.476,2026-03-19 00:07:42.291167792+00:00,pending_new,,,
2026-03-19 00:07:46.832495683+00:00,212,cancel_requested,bid,2206.0,0.07225160718854642,2026-03-19 00:07:42.541167792+00:00,166.476,2026-03-19 00:07:42.291167792+00:00,pending_cancel,pressure_stop_bid,2026-03-19 00:07:46.832495683+00:00,2026-03-19 00:07:47.082495683+00:00
2026-03-19 00:07:46.832495683+00:00,213,placed,ask,2206.9,0.1277483928114536,2026-03-19 00:07:47.082495683+00:00,123.769,2026-03-19 00:07:46.832495683+00:00,pending_new,,,
2026-03-19 00:07:46.935585805+00:00,213,cancel_requested,ask,2206.9,0.1277483928114536,2026-03-19 00:07:47.082495683+00:00,123.769,2026-03-19 00:07:46.832495683+00:00,pending_cancel,refresh_reprice,2026-03-19 00:07:46.935585805+00:00,2026-03-19 00:07:47.185585805+00:00
2026-03-19 00:07:47.082495683+00:00,212,cancelled,bid,2206.0,0.07225160718854642,2026-03-19 00:07:42.541167792+00:00,166.476,2026-03-19 00:07:42.291167792+00:00,cancelled,pressure_stop_bid,2026-03-19 00:07:46.832495683+00:00,2026-03-19 00:07:47.082495683+00:00
2026-03-19 00:07:47.185585805+00:00,213,cancelled,ask,2206.9,0.1277483928114536,2026-03-19 00:07:47.082495683+00:00,123.769,2026-03-19 00:07:46.832495683+00:00,cancelled,refresh_reprice,2026-03-19 00:07:46.935585805+00:00,2026-03-19 00:07:47.185585805+00:00
2026-03-19 00:07:47.240811731+00:00,214,placed,bid,2205.6,0.07225160718854642,2026-03-19 00:07:47.490811731+00:00,116.453,2026-03-19 00:07:47.240811731+00:00,pending_new,,,
2026-03-19 00:07:47.240811731+00:00,215,placed,ask,2206.5,0.1277483928114536,2026-03-19 00:07:47.490811731+00:00,88.839,2026-03-19 00:07:47.240811731+00:00,pending_new,,,
2026-03-19 00:07:47.342363035+00:00,215,cancel_requested,ask,2206.5,0.1277483928114536,2026-03-19 00:07:47.490811731+00:00,88.839,2026-03-19 00:07:47.240811731+00:00,pending_cancel,expected_edge_ask,2026-03-19 00:07:47.342363035+00:00,2026-03-19 00:07:47.592363035+00:00
2026-03-19 00:07:47.592363035+00:00,215,cancelled,ask,2206.5,0.1277483928114536,2026-03-19 00:07:47.490811731+00:00,88.839,2026-03-19 00:07:47.240811731+00:00,cancelled,expected_edge_ask,2026-03-19 00:07:47.342363035+00:00,2026-03-19 00:07:47.592363035+00:00
2026-03-19 00:07:53.183547581+00:00,214,cancel_requested,bid,2205.6,0.07225160718854642,2026-03-19 00:07:47.490811731+00:00,116.453,2026-03-19 00:07:47.240811731+00:00,pending_cancel,pressure_stop_bid,2026-03-19 00:07:53.183547581+00:00,2026-03-19 00:07:53.433547581+00:00
2026-03-19 00:07:53.183547581+00:00,216,placed,ask,2206.4,0.12698783280859574,2026-03-19 00:07:53.433547581+00:00,133.48200000000003,2026-03-19 00:07:53.183547581+00:00,pending_new,,,
2026-03-19 00:07:53.433547581+00:00,214,cancelled,bid,2205.6,0.07225160718854642,2026-03-19 00:07:47.490811731+00:00,116.453,2026-03-19 00:07:47.240811731+00:00,cancelled,pressure_stop_bid,2026-03-19 00:07:53.183547581+00:00,2026-03-19 00:07:53.433547581+00:00
2026-03-19 00:07:53.726517555+00:00,216,cancel_requested,ask,2206.4,0.12698783280859574,2026-03-19 00:07:53.433547581+00:00,133.48200000000003,2026-03-19 00:07:53.183547581+00:00,pending_cancel,pressure_stop_ask,2026-03-19 00:07:53.726517555+00:00,2026-03-19 00:07:53.976517555+00:00
2026-03-19 00:07:53.726517555+00:00,217,placed,bid,2205.6,0.07301216719140427,2026-03-19 00:07:53.976517555+00:00,117.515,2026-03-19 00:07:53.726517555+00:00,pending_new,,,
2026-03-19 00:07:53.976517555+00:00,216,cancelled,ask,2206.4,0.12698783280859574,2026-03-19 00:07:53.433547581+00:00,133.48200000000003,2026-03-19 00:07:53.183547581+00:00,cancelled,pressure_stop_ask,2026-03-19 00:07:53.726517555+00:00,2026-03-19 00:07:53.976517555+00:00
2026-03-19 00:07:54.014729623+00:00,218,placed,ask,2206.5,0.12698783280859574,2026-03-19 00:07:54.264729623+00:00,62.847,2026-03-19 00:07:54.014729623+00:00,pending_new,,,
2026-03-19 00:07:54.133125035+00:00,218,cancel_requested,ask,2206.5,0.12698783280859574,2026-03-19 00:07:54.264729623+00:00,62.847,2026-03-19 00:07:54.014729623+00:00,pending_cancel,expected_edge_ask,2026-03-19 00:07:54.133125035+00:00,2026-03-19 00:07:54.383125035+00:00
2026-03-19 00:07:54.383125035+00:00,218,cancelled,ask,2206.5,0.12698783280859574,2026-03-19 00:07:54.264729623+00:00,62.847,2026-03-19 00:07:54.014729623+00:00,cancelled,expected_edge_ask,2026-03-19 00:07:54.133125035+00:00,2026-03-19 00:07:54.383125035+00:00
2026-03-19 00:07:54.389606968+00:00,217,cancel_requested,bid,2205.6,0.07301216719140427,2026-03-19 00:07:53.976517555+00:00,117.515,2026-03-19 00:07:53.726517555+00:00,pending_cancel,refresh_reprice,2026-03-19 00:07:54.389606968+00:00,2026-03-19 00:07:54.639606968+00:00
2026-03-19 00:07:54.389606968+00:00,219,placed,ask,2206.2,0.12698783280859574,2026-03-19 00:07:54.639606968+00:00,49.007999999999996,2026-03-19 00:07:54.389606968+00:00,pending_new,,,
2026-03-19 00:07:54.639606968+00:00,217,cancelled,bid,2205.6,0.07301216719140427,2026-03-19 00:07:53.976517555+00:00,117.515,2026-03-19 00:07:53.726517555+00:00,cancelled,refresh_reprice,2026-03-19 00:07:54.389606968+00:00,2026-03-19 00:07:54.639606968+00:00
2026-03-19 00:07:54.642912697+00:00,220,placed,bid,2205.3,0.07301216719140427,2026-03-19 00:07:54.892912697+00:00,138.21699999999998,2026-03-19 00:07:54.642912697+00:00,pending_new,,,
2026-03-19 00:07:54.898363115+00:00,219,cancel_requested,ask,2206.2,0.12698783280859574,2026-03-19 00:07:54.639606968+00:00,49.007999999999996,2026-03-19 00:07:54.389606968+00:00,pending_cancel,pressure_stop_ask,2026-03-19 00:07:54.898363115+00:00,2026-03-19 00:07:55.148363115+00:00
2026-03-19 00:07:55.148363115+00:00,219,cancelled,ask,2206.2,0.12698783280859574,2026-03-19 00:07:54.639606968+00:00,49.007999999999996,2026-03-19 00:07:54.389606968+00:00,cancelled,pressure_stop_ask,2026-03-19 00:07:54.898363115+00:00,2026-03-19 00:07:55.148363115+00:00
2026-03-19 00:07:58.827843118+00:00,220,cancel_requested,bid,2205.3,0.07301216719140427,2026-03-19 00:07:54.892912697+00:00,138.21699999999998,2026-03-19 00:07:54.642912697+00:00,pending_cancel,refresh_reprice,2026-03-19 00:07:58.827843118+00:00,2026-03-19 00:07:59.077843118+00:00
2026-03-19 00:07:59.077843118+00:00,220,cancelled,bid,2205.3,0.07301216719140427,2026-03-19 00:07:54.892912697+00:00,138.21699999999998,2026-03-19 00:07:54.642912697+00:00,cancelled,refresh_reprice,2026-03-19 00:07:58.827843118+00:00,2026-03-19 00:07:59.077843118+00:00
2026-03-19 00:07:59.087317905+00:00,221,placed,bid,2205.7,0.07301216719140427,2026-03-19 00:07:59.337317905+00:00,199.737,2026-03-19 00:07:59.087317905+00:00,pending_new,,,
2026-03-19 00:08:09.087317905+00:00,221,cancel_requested,bid,2205.7,0.07301216719140427,2026-03-19 00:07:59.337317905+00:00,199.737,2026-03-19 00:07:59.087317905+00:00,pending_cancel,quote_age_expired,2026-03-19 00:08:09.087317905+00:00,2026-03-19 00:08:09.337317905+00:00
2026-03-19 00:08:09.337317905+00:00,221,cancelled,bid,2205.7,0.07301216719140427,2026-03-19 00:07:59.337317905+00:00,199.737,2026-03-19 00:07:59.087317905+00:00,cancelled,quote_age_expired,2026-03-19 00:08:09.087317905+00:00,2026-03-19 00:08:09.337317905+00:00
2026-03-19 00:08:09.347100489+00:00,222,placed,bid,2205.7,0.07301216719140427,2026-03-19 00:08:09.597100489+00:00,118.817,2026-03-19 00:08:09.347100489+00:00,pending_new,,,
2026-03-19 00:08:11.283012943+00:00,222,cancel_requested,bid,2205.7,0.07301216719140427,2026-03-19 00:08:09.597100489+00:00,118.817,2026-03-19 00:08:09.347100489+00:00,pending_cancel,pressure_stop_bid,2026-03-19 00:08:11.283012943+00:00,2026-03-19 00:08:11.533012943+00:00
2026-03-19 00:08:11.283012943+00:00,223,placed,ask,2206.4,0.12665409065673425,2026-03-19 00:08:11.533012943+00:00,93.938,2026-03-19 00:08:11.283012943+00:00,pending_new,,,
2026-03-19 00:08:11.385726733+00:00,223,cancel_requested,ask,2206.4,0.12665409065673425,2026-03-19 00:08:11.533012943+00:00,93.938,2026-03-19 00:08:11.283012943+00:00,pending_cancel,refresh_reprice,2026-03-19 00:08:11.385726733+00:00,2026-03-19 00:08:11.635726733+00:00
2026-03-19 00:08:11.533012943+00:00,222,cancelled,bid,2205.7,0.07301216719140427,2026-03-19 00:08:09.597100489+00:00,118.817,2026-03-19 00:08:09.347100489+00:00,cancelled,pressure_stop_bid,2026-03-19 00:08:11.283012943+00:00,2026-03-19 00:08:11.533012943+00:00
2026-03-19 00:08:11.635726733+00:00,223,cancelled,ask,2206.4,0.12665409065673425,2026-03-19 00:08:11.533012943+00:00,93.938,2026-03-19 00:08:11.283012943+00:00,cancelled,refresh_reprice,2026-03-19 00:08:11.385726733+00:00,2026-03-19 00:08:11.635726733+00:00
2026-03-19 00:08:11.638631190+00:00,224,placed,bid,2205.4,0.07334590934326578,2026-03-19 00:08:11.888631190+00:00,87.921,2026-03-19 00:08:11.638631190+00:00,pending_new,,,
2026-03-19 00:08:11.638631190+00:00,225,placed,ask,2206.2,0.12665409065673425,2026-03-19 00:08:11.888631190+00:00,118.636,2026-03-19 00:08:11.638631190+00:00,pending_new,,,
2026-03-19 00:08:11.995242791+00:00,225,cancel_requested,ask,2206.2,0.12665409065673425,2026-03-19 00:08:11.888631190+00:00,118.636,2026-03-19 00:08:11.638631190+00:00,pending_cancel,expected_edge_ask,2026-03-19 00:08:11.995242791+00:00,2026-03-19 00:08:12.245242791+00:00
2026-03-19 00:08:12.245242791+00:00,225,cancelled,ask,2206.2,0.12665409065673425,2026-03-19 00:08:11.888631190+00:00,118.636,2026-03-19 00:08:11.638631190+00:00,cancelled,expected_edge_ask,2026-03-19 00:08:11.995242791+00:00,2026-03-19 00:08:12.245242791+00:00
2026-03-19 00:08:21.638631190+00:00,224,cancel_requested,bid,2205.4,0.07334590934326578,2026-03-19 00:08:11.888631190+00:00,87.921,2026-03-19 00:08:11.638631190+00:00,pending_cancel,quote_age_expired,2026-03-19 00:08:21.638631190+00:00,2026-03-19 00:08:21.888631190+00:00
2026-03-19 00:08:21.888631190+00:00,224,cancelled,bid,2205.4,0.07334590934326578,2026-03-19 00:08:11.888631190+00:00,87.921,2026-03-19 00:08:11.638631190+00:00,cancelled,quote_age_expired,2026-03-19 00:08:21.638631190+00:00,2026-03-19 00:08:21.888631190+00:00
2026-03-19 00:08:21.911293824+00:00,226,placed,bid,2205.5,0.07334590934326578,2026-03-19 00:08:22.161293824+00:00,156.538,2026-03-19 00:08:21.911293824+00:00,pending_new,,,
2026-03-19 00:08:23.847375825+00:00,226,cancel_requested,bid,2205.5,0.07334590934326578,2026-03-19 00:08:22.161293824+00:00,156.538,2026-03-19 00:08:21.911293824+00:00,pending_cancel,pressure_stop_bid,2026-03-19 00:08:23.847375825+00:00,2026-03-19 00:08:24.097375825+00:00
2026-03-19 00:08:23.847375825+00:00,227,placed,ask,2206.2,0.12665409065673425,2026-03-19 00:08:24.097375825+00:00,119.3,2026-03-19 00:08:23.847375825+00:00,pending_new,,,
2026-03-19 00:08:24.097375825+00:00,226,cancelled,bid,2205.5,0.07334590934326578,2026-03-19 00:08:22.161293824+00:00,156.538,2026-03-19 00:08:21.911293824+00:00,cancelled,pressure_stop_bid,2026-03-19 00:08:23.847375825+00:00,2026-03-19 00:08:24.097375825+00:00
2026-03-19 00:08:25.838673297+00:00,227,cancel_requested,ask,2206.2,0.12665409065673425,2026-03-19 00:08:24.097375825+00:00,119.3,2026-03-19 00:08:23.847375825+00:00,pending_cancel,expected_edge_ask,2026-03-19 00:08:25.838673297+00:00,2026-03-19 00:08:26.088673297+00:00
2026-03-19 00:08:25.838673297+00:00,228,placed,bid,2205.1,0.07334590934326578,2026-03-19 00:08:26.088673297+00:00,107.76,2026-03-19 00:08:25.838673297+00:00,pending_new,,,
2026-03-19 00:08:26.041405935+00:00,228,cancel_requested,bid,2205.1,0.07334590934326578,2026-03-19 00:08:26.088673297+00:00,107.76,2026-03-19 00:08:25.838673297+00:00,pending_cancel,pressure_stop_bid,2026-03-19 00:08:26.041405935+00:00,2026-03-19 00:08:26.291405935+00:00
2026-03-19 00:08:26.088673297+00:00,227,cancelled,ask,2206.2,0.12665409065673425,2026-03-19 00:08:24.097375825+00:00,119.3,2026-03-19 00:08:23.847375825+00:00,cancelled,expected_edge_ask,2026-03-19 00:08:25.838673297+00:00,2026-03-19 00:08:26.088673297+00:00
2026-03-19 00:08:26.139996006+00:00,229,placed,ask,2205.8,0.12665409065673425,2026-03-19 00:08:26.389996006+00:00,148.506,2026-03-19 00:08:26.139996006+00:00,pending_new,,,
2026-03-19 00:08:26.291405935+00:00,228,cancelled,bid,2205.1,0.07334590934326578,2026-03-19 00:08:26.088673297+00:00,107.76,2026-03-19 00:08:25.838673297+00:00,cancelled,pressure_stop_bid,2026-03-19 00:08:26.041405935+00:00,2026-03-19 00:08:26.291405935+00:00
2026-03-19 00:08:32.471801458+00:00,230,placed,bid,2204.8,0.07310821420398175,2026-03-19 00:08:32.721801458+00:00,87.80799999999999,2026-03-19 00:08:32.471801458+00:00,pending_new,,,
2026-03-19 00:08:32.471801458+00:00,229,cancel_requested,ask,2205.8,0.12665409065673425,2026-03-19 00:08:26.389996006+00:00,148.506,2026-03-19 00:08:26.139996006+00:00,pending_cancel,refresh_reprice,2026-03-19 00:08:32.471801458+00:00,2026-03-19 00:08:32.721801458+00:00
2026-03-19 00:08:32.721801458+00:00,229,cancelled,ask,2205.8,0.12665409065673425,2026-03-19 00:08:26.389996006+00:00,148.506,2026-03-19 00:08:26.139996006+00:00,cancelled,refresh_reprice,2026-03-19 00:08:32.471801458+00:00,2026-03-19 00:08:32.721801458+00:00
2026-03-19 00:08:42.471801458+00:00,230,cancel_requested,bid,2204.8,0.07310821420398175,2026-03-19 00:08:32.721801458+00:00,87.80799999999999,2026-03-19 00:08:32.471801458+00:00,pending_cancel,quote_age_expired,2026-03-19 00:08:42.471801458+00:00,2026-03-19 00:08:42.721801458+00:00
2026-03-19 00:08:42.721801458+00:00,230,cancelled,bid,2204.8,0.07310821420398175,2026-03-19 00:08:32.721801458+00:00,87.80799999999999,2026-03-19 00:08:32.471801458+00:00,cancelled,quote_age_expired,2026-03-19 00:08:42.471801458+00:00,2026-03-19 00:08:42.721801458+00:00
2026-03-19 00:08:42.768782179+00:00,231,placed,bid,2204.9,0.07310821420398175,2026-03-19 00:08:43.018782179+00:00,152.76,2026-03-19 00:08:42.768782179+00:00,pending_new,,,
2026-03-19 00:08:44.819444701+00:00,231,cancel_requested,bid,2204.9,0.07310821420398175,2026-03-19 00:08:43.018782179+00:00,152.76,2026-03-19 00:08:42.768782179+00:00,pending_cancel,refresh_reprice,2026-03-19 00:08:44.819444701+00:00,2026-03-19 00:08:45.069444701+00:00
2026-03-19 00:08:45.069444701+00:00,231,cancelled,bid,2204.9,0.07310821420398175,2026-03-19 00:08:43.018782179+00:00,152.76,2026-03-19 00:08:42.768782179+00:00,cancelled,refresh_reprice,2026-03-19 00:08:44.819444701+00:00,2026-03-19 00:08:45.069444701+00:00
2026-03-19 00:08:45.120619079+00:00,232,placed,bid,2205.3,0.07310821420398175,2026-03-19 00:08:45.370619079+00:00,132.869,2026-03-19 00:08:45.120619079+00:00,pending_new,,,
2026-03-19 00:08:48.342873781+00:00,232,cancel_requested,bid,2205.3,0.07310821420398175,2026-03-19 00:08:45.370619079+00:00,132.869,2026-03-19 00:08:45.120619079+00:00,pending_cancel,pressure_stop_bid,2026-03-19 00:08:48.342873781+00:00,2026-03-19 00:08:48.592873781+00:00
2026-03-19 00:08:48.592873781+00:00,232,cancelled,bid,2205.3,0.07310821420398175,2026-03-19 00:08:45.370619079+00:00,132.869,2026-03-19 00:08:45.120619079+00:00,cancelled,pressure_stop_bid,2026-03-19 00:08:48.342873781+00:00,2026-03-19 00:08:48.592873781+00:00
2026-03-19 00:08:58.658358264+00:00,233,placed,bid,2204.6,0.07334602686182208,2026-03-19 00:08:58.908358264+00:00,94.28200000000001,2026-03-19 00:08:58.658358264+00:00,pending_new,,,
2026-03-19 00:08:58.764617799+00:00,233,cancel_requested,bid,2204.6,0.07334602686182208,2026-03-19 00:08:58.908358264+00:00,94.28200000000001,2026-03-19 00:08:58.658358264+00:00,pending_cancel,pressure_stop_bid,2026-03-19 00:08:58.764617799+00:00,2026-03-19 00:08:59.014617799+00:00
2026-03-19 00:08:59.014617799+00:00,233,cancelled,bid,2204.6,0.07334602686182208,2026-03-19 00:08:58.908358264+00:00,94.28200000000001,2026-03-19 00:08:58.658358264+00:00,cancelled,pressure_stop_bid,2026-03-19 00:08:58.764617799+00:00,2026-03-19 00:08:59.014617799+00:00
2026-03-19 00:09:04.055695769+00:00,234,placed,bid,2204.2,0.07334602686182208,2026-03-19 00:09:04.305695769+00:00,159.02900000000002,2026-03-19 00:09:04.055695769+00:00,pending_new,,,
2026-03-19 00:09:04.680983357+00:00,234,cancel_requested,bid,2204.2,0.07334602686182208,2026-03-19 00:09:04.305695769+00:00,159.02900000000002,2026-03-19 00:09:04.055695769+00:00,pending_cancel,pressure_stop_bid,2026-03-19 00:09:04.680983357+00:00,2026-03-19 00:09:04.930983357+00:00
2026-03-19 00:09:04.680983357+00:00,235,placed,ask,2204.7,0.12665397313817792,2026-03-19 00:09:04.930983357+00:00,65.066,2026-03-19 00:09:04.680983357+00:00,pending_new,,,
2026-03-19 00:09:04.732594204+00:00,235,cancel_requested,ask,2204.7,0.12665397313817792,2026-03-19 00:09:04.930983357+00:00,65.066,2026-03-19 00:09:04.680983357+00:00,pending_cancel,expected_edge_ask,2026-03-19 00:09:04.732594204+00:00,2026-03-19 00:09:04.982594204+00:00
2026-03-19 00:09:04.930983357+00:00,234,cancelled,bid,2204.2,0.07334602686182208,2026-03-19 00:09:04.305695769+00:00,159.02900000000002,2026-03-19 00:09:04.055695769+00:00,cancelled,pressure_stop_bid,2026-03-19 00:09:04.680983357+00:00,2026-03-19 00:09:04.930983357+00:00
2026-03-19 00:09:04.982594204+00:00,235,cancelled,ask,2204.7,0.12665397313817792,2026-03-19 00:09:04.930983357+00:00,65.066,2026-03-19 00:09:04.680983357+00:00,cancelled,expected_edge_ask,2026-03-19 00:09:04.732594204+00:00,2026-03-19 00:09:04.982594204+00:00
2026-03-19 00:09:15.042303639+00:00,236,placed,bid,2202.8,0.07303995659475214,2026-03-19 00:09:15.292303639+00:00,163.861,2026-03-19 00:09:15.042303639+00:00,pending_new,,,
2026-03-19 00:09:16.572436795+00:00,236,cancel_requested,bid,2202.8,0.07303995659475214,2026-03-19 00:09:15.292303639+00:00,163.861,2026-03-19 00:09:15.042303639+00:00,pending_cancel,pressure_stop_bid,2026-03-19 00:09:16.572436795+00:00,2026-03-19 00:09:16.822436795+00:00
2026-03-19 00:09:16.822436795+00:00,236,cancelled,bid,2202.8,0.07303995659475214,2026-03-19 00:09:15.292303639+00:00,163.861,2026-03-19 00:09:15.042303639+00:00,cancelled,pressure_stop_bid,2026-03-19 00:09:16.572436795+00:00,2026-03-19 00:09:16.822436795+00:00
2026-03-19 00:09:16.825535242+00:00,237,placed,ask,2203.5,0.12696004340524789,2026-03-19 00:09:17.075535242+00:00,120.113,2026-03-19 00:09:16.825535242+00:00,pending_new,,,
2026-03-19 00:09:17.237488287+00:00,237,cancel_requested,ask,2203.5,0.12696004340524789,2026-03-19 00:09:17.075535242+00:00,120.113,2026-03-19 00:09:16.825535242+00:00,pending_cancel,refresh_reprice,2026-03-19 00:09:17.237488287+00:00,2026-03-19 00:09:17.487488287+00:00
2026-03-19 00:09:17.487488287+00:00,237,cancelled,ask,2203.5,0.12696004340524789,2026-03-19 00:09:17.075535242+00:00,120.113,2026-03-19 00:09:16.825535242+00:00,cancelled,refresh_reprice,2026-03-19 00:09:17.237488287+00:00,2026-03-19 00:09:17.487488287+00:00
2026-03-19 00:09:17.536184142+00:00,238,placed,bid,2202.6,0.07303995659475214,2026-03-19 00:09:17.786184142+00:00,150.71,2026-03-19 00:09:17.536184142+00:00,pending_new,,,
2026-03-19 00:09:22.580818917+00:00,239,placed,ask,2203.3,0.12696004340524789,2026-03-19 00:09:22.830818917+00:00,67.978,2026-03-19 00:09:22.580818917+00:00,pending_new,,,
2026-03-19 00:09:22.947553770+00:00,239,cancel_requested,ask,2203.3,0.12696004340524789,2026-03-19 00:09:22.830818917+00:00,67.978,2026-03-19 00:09:22.580818917+00:00,pending_cancel,expected_edge_ask,2026-03-19 00:09:22.947553770+00:00,2026-03-19 00:09:23.197553770+00:00
2026-03-19 00:09:23.197553770+00:00,239,cancelled,ask,2203.3,0.12696004340524789,2026-03-19 00:09:22.830818917+00:00,67.978,2026-03-19 00:09:22.580818917+00:00,cancelled,expected_edge_ask,2026-03-19 00:09:22.947553770+00:00,2026-03-19 00:09:23.197553770+00:00
2026-03-19 00:09:24.944532437+00:00,238,cancel_requested,bid,2202.6,0.07303995659475214,2026-03-19 00:09:17.786184142+00:00,150.71,2026-03-19 00:09:17.536184142+00:00,pending_cancel,pressure_stop_bid,2026-03-19 00:09:24.944532437+00:00,2026-03-19 00:09:25.194532437+00:00
2026-03-19 00:09:25.194532437+00:00,238,cancelled,bid,2202.6,0.07303995659475214,2026-03-19 00:09:17.786184142+00:00,150.71,2026-03-19 00:09:17.536184142+00:00,cancelled,pressure_stop_bid,2026-03-19 00:09:24.944532437+00:00,2026-03-19 00:09:25.194532437+00:00
2026-03-19 00:09:35.344563535+00:00,240,placed,bid,2202.1,0.0724524328875452,2026-03-19 00:09:35.594563535+00:00,147.983,2026-03-19 00:09:35.344563535+00:00,pending_new,,,
2026-03-19 00:09:35.344563535+00:00,241,placed,ask,2202.9,0.12754756711245482,2026-03-19 00:09:35.594563535+00:00,143.026,2026-03-19 00:09:35.344563535+00:00,pending_new,,,
2026-03-19 00:09:35.914224622+00:00,241,cancel_requested,ask,2202.9,0.12754756711245482,2026-03-19 00:09:35.594563535+00:00,143.026,2026-03-19 00:09:35.344563535+00:00,pending_cancel,expected_edge_ask,2026-03-19 00:09:35.914224622+00:00,2026-03-19 00:09:36.164224622+00:00
2026-03-19 00:09:36.164224622+00:00,241,cancelled,ask,2202.9,0.12754756711245482,2026-03-19 00:09:35.594563535+00:00,143.026,2026-03-19 00:09:35.344563535+00:00,cancelled,expected_edge_ask,2026-03-19 00:09:35.914224622+00:00,2026-03-19 00:09:36.164224622+00:00
2026-03-19 00:09:41.167313941+00:00,240,cancel_requested,bid,2202.1,0.0724524328875452,2026-03-19 00:09:35.594563535+00:00,147.983,2026-03-19 00:09:35.344563535+00:00,pending_cancel,pressure_stop_bid,2026-03-19 00:09:41.167313941+00:00,2026-03-19 00:09:41.417313941+00:00
2026-03-19 00:09:41.417313941+00:00,240,cancelled,bid,2202.1,0.0724524328875452,2026-03-19 00:09:35.594563535+00:00,147.983,2026-03-19 00:09:35.344563535+00:00,cancelled,pressure_stop_bid,2026-03-19 00:09:41.167313941+00:00,2026-03-19 00:09:41.417313941+00:00
2026-03-19 00:09:51.436425212+00:00,242,placed,bid,2201.7,0.07230005278201146,2026-03-19 00:09:51.686425212+00:00,181.92199999999997,2026-03-19 00:09:51.436425212+00:00,pending_new,,,
2026-03-19 00:09:52.395706009+00:00,242,cancel_requested,bid,2201.7,0.07230005278201146,2026-03-19 00:09:51.686425212+00:00,181.92199999999997,2026-03-19 00:09:51.436425212+00:00,pending_cancel,pressure_stop_bid,2026-03-19 00:09:52.395706009+00:00,2026-03-19 00:09:52.645706009+00:00
2026-03-19 00:09:52.395706009+00:00,243,placed,ask,2202.4,0.12769994721798855,2026-03-19 00:09:52.645706009+00:00,74.499,2026-03-19 00:09:52.395706009+00:00,pending_new,,,
2026-03-19 00:09:52.645706009+00:00,242,cancelled,bid,2201.7,0.07230005278201146,2026-03-19 00:09:51.686425212+00:00,181.92199999999997,2026-03-19 00:09:51.436425212+00:00,cancelled,pressure_stop_bid,2026-03-19 00:09:52.395706009+00:00,2026-03-19 00:09:52.645706009+00:00
2026-03-19 00:09:52.691113553+00:00,243,cancel_requested,ask,2202.4,0.12769994721798855,2026-03-19 00:09:52.645706009+00:00,74.499,2026-03-19 00:09:52.395706009+00:00,pending_cancel,refresh_reprice,2026-03-19 00:09:52.691113553+00:00,2026-03-19 00:09:52.941113553+00:00
2026-03-19 00:09:52.941113553+00:00,243,cancelled,ask,2202.4,0.12769994721798855,2026-03-19 00:09:52.645706009+00:00,74.499,2026-03-19 00:09:52.395706009+00:00,cancelled,refresh_reprice,2026-03-19 00:09:52.691113553+00:00,2026-03-19 00:09:52.941113553+00:00
2026-03-19 00:09:52.956555451+00:00,244,placed,bid,2200.8,0.07230005278201146,2026-03-19 00:09:53.206555451+00:00,184.93999999999997,2026-03-19 00:09:52.956555451+00:00,pending_new,,,
2026-03-19 00:09:52.956555451+00:00,245,placed,ask,2202.1,0.12769994721798855,2026-03-19 00:09:53.206555451+00:00,140.893,2026-03-19 00:09:52.956555451+00:00,pending_new,,,
2026-03-19 00:09:53.358074249+00:00,245,cancel_requested,ask,2202.1,0.12769994721798855,2026-03-19 00:09:53.206555451+00:00,140.893,2026-03-19 00:09:52.956555451+00:00,pending_cancel,pressure_stop_ask,2026-03-19 00:09:53.358074249+00:00,2026-03-19 00:09:53.608074249+00:00
2026-03-19 00:09:53.608074249+00:00,245,cancelled,ask,2202.1,0.12769994721798855,2026-03-19 00:09:53.206555451+00:00,140.893,2026-03-19 00:09:52.956555451+00:00,cancelled,pressure_stop_ask,2026-03-19 00:09:53.358074249+00:00,2026-03-19 00:09:53.608074249+00:00
2026-03-19 00:09:53.823210036+00:00,244,cancel_requested,bid,2200.8,0.07230005278201146,2026-03-19 00:09:53.206555451+00:00,184.93999999999997,2026-03-19 00:09:52.956555451+00:00,pending_cancel,pressure_stop_bid,2026-03-19 00:09:53.823210036+00:00,2026-03-19 00:09:54.073210036+00:00
2026-03-19 00:09:53.823210036+00:00,246,placed,ask,2202.1,0.12769994721798855,2026-03-19 00:09:54.073210036+00:00,160.512,2026-03-19 00:09:53.823210036+00:00,pending_new,,,
2026-03-19 00:09:54.073210036+00:00,244,cancelled,bid,2200.8,0.07230005278201146,2026-03-19 00:09:53.206555451+00:00,184.93999999999997,2026-03-19 00:09:52.956555451+00:00,cancelled,pressure_stop_bid,2026-03-19 00:09:53.823210036+00:00,2026-03-19 00:09:54.073210036+00:00
2026-03-19 00:09:56.153721603+00:00,246,cancel_requested,ask,2202.1,0.12769994721798855,2026-03-19 00:09:54.073210036+00:00,160.512,2026-03-19 00:09:53.823210036+00:00,pending_cancel,expected_edge_ask,2026-03-19 00:09:56.153721603+00:00,2026-03-19 00:09:56.403721603+00:00
2026-03-19 00:09:56.403721603+00:00,246,cancelled,ask,2202.1,0.12769994721798855,2026-03-19 00:09:54.073210036+00:00,160.512,2026-03-19 00:09:53.823210036+00:00,cancelled,expected_edge_ask,2026-03-19 00:09:56.153721603+00:00,2026-03-19 00:09:56.403721603+00:00
2026-03-19 00:10:01.557545238+00:00,247,placed,bid,2201.1,0.07230005278201146,2026-03-19 00:10:01.807545238+00:00,185.512,2026-03-19 00:10:01.557545238+00:00,pending_new,,,
2026-03-19 00:10:08.721506168+00:00,247,cancel_requested,bid,2201.1,0.07230005278201146,2026-03-19 00:10:01.807545238+00:00,185.512,2026-03-19 00:10:01.557545238+00:00,pending_cancel,pressure_stop_bid,2026-03-19 00:10:08.721506168+00:00,2026-03-19 00:10:08.971506168+00:00
2026-03-19 00:10:08.971506168+00:00,247,cancelled,bid,2201.1,0.07230005278201146,2026-03-19 00:10:01.807545238+00:00,185.512,2026-03-19 00:10:01.557545238+00:00,cancelled,pressure_stop_bid,2026-03-19 00:10:08.721506168+00:00,2026-03-19 00:10:08.971506168+00:00
2026-03-19 00:10:08.980375299+00:00,248,placed,ask,2201.1,0.12769994721798855,2026-03-19 00:10:09.230375299+00:00,42.282000000000004,2026-03-19 00:10:08.980375299+00:00,pending_new,,,
2026-03-19 00:10:09.031649951+00:00,248,cancel_requested,ask,2201.1,0.12769994721798855,2026-03-19 00:10:09.230375299+00:00,42.282000000000004,2026-03-19 00:10:08.980375299+00:00,pending_cancel,expected_edge_ask,2026-03-19 00:10:09.031649951+00:00,2026-03-19 00:10:09.281649951+00:00
2026-03-19 00:10:09.031649951+00:00,249,placed,bid,2200.3,0.07230005278201146,2026-03-19 00:10:09.281649951+00:00,96.285,2026-03-19 00:10:09.031649951+00:00,pending_new,,,
2026-03-19 00:10:09.129872496+00:00,249,cancel_requested,bid,2200.3,0.07230005278201146,2026-03-19 00:10:09.281649951+00:00,96.285,2026-03-19 00:10:09.031649951+00:00,pending_cancel,pressure_stop_bid,2026-03-19 00:10:09.129872496+00:00,2026-03-19 00:10:09.379872496+00:00
2026-03-19 00:10:09.281649951+00:00,248,cancelled,ask,2201.1,0.12769994721798855,2026-03-19 00:10:09.230375299+00:00,42.282000000000004,2026-03-19 00:10:08.980375299+00:00,cancelled,expected_edge_ask,2026-03-19 00:10:09.031649951+00:00,2026-03-19 00:10:09.281649951+00:00
2026-03-19 00:10:09.379872496+00:00,249,cancelled,bid,2200.3,0.07230005278201146,2026-03-19 00:10:09.281649951+00:00,96.285,2026-03-19 00:10:09.031649951+00:00,cancelled,pressure_stop_bid,2026-03-19 00:10:09.129872496+00:00,2026-03-19 00:10:09.379872496+00:00
2026-03-19 00:10:14.438642609+00:00,250,placed,bid,2199.8,0.07218587776554872,2026-03-19 00:10:14.688642609+00:00,169.02299999999997,2026-03-19 00:10:14.438642609+00:00,pending_new,,,
2026-03-19 00:10:17.799165653+00:00,250,cancel_requested,bid,2199.8,0.07218587776554872,2026-03-19 00:10:14.688642609+00:00,169.02299999999997,2026-03-19 00:10:14.438642609+00:00,pending_cancel,refresh_reprice,2026-03-19 00:10:17.799165653+00:00,2026-03-19 00:10:18.049165653+00:00
2026-03-19 00:10:18.049165653+00:00,250,cancelled,bid,2199.8,0.07218587776554872,2026-03-19 00:10:14.688642609+00:00,169.02299999999997,2026-03-19 00:10:14.438642609+00:00,cancelled,refresh_reprice,2026-03-19 00:10:17.799165653+00:00,2026-03-19 00:10:18.049165653+00:00
2026-03-19 00:10:18.100852748+00:00,251,placed,bid,2200.2,0.07218587776554872,2026-03-19 00:10:18.350852748+00:00,138.482,2026-03-19 00:10:18.100852748+00:00,pending_new,,,
2026-03-19 00:10:18.523622283+00:00,251,cancel_requested,bid,2200.2,0.07218587776554872,2026-03-19 00:10:18.350852748+00:00,138.482,2026-03-19 00:10:18.100852748+00:00,pending_cancel,refresh_reprice,2026-03-19 00:10:18.523622283+00:00,2026-03-19 00:10:18.773622283+00:00
2026-03-19 00:10:18.773622283+00:00,251,cancelled,bid,2200.2,0.07218587776554872,2026-03-19 00:10:18.350852748+00:00,138.482,2026-03-19 00:10:18.100852748+00:00,cancelled,refresh_reprice,2026-03-19 00:10:18.523622283+00:00,2026-03-19 00:10:18.773622283+00:00
2026-03-19 00:10:18.776743659+00:00,252,placed,bid,2200.4,0.07218587776554872,2026-03-19 00:10:19.026743659+00:00,115.20800000000001,2026-03-19 00:10:18.776743659+00:00,pending_new,,,
2026-03-19 00:10:21.843615172+00:00,252,cancel_requested,bid,2200.4,0.07218587776554872,2026-03-19 00:10:19.026743659+00:00,115.20800000000001,2026-03-19 00:10:18.776743659+00:00,pending_cancel,refresh_reprice,2026-03-19 00:10:21.843615172+00:00,2026-03-19 00:10:22.093615172+00:00
2026-03-19 00:10:22.093615172+00:00,252,cancelled,bid,2200.4,0.07218587776554872,2026-03-19 00:10:19.026743659+00:00,115.20800000000001,2026-03-19 00:10:18.776743659+00:00,cancelled,refresh_reprice,2026-03-19 00:10:21.843615172+00:00,2026-03-19 00:10:22.093615172+00:00
2026-03-19 00:10:27.141177942+00:00,253,placed,bid,2198.1,0.07218587776554872,2026-03-19 00:10:27.391177942+00:00,166.124,2026-03-19 00:10:27.141177942+00:00,pending_new,,,
2026-03-19 00:10:27.250075610+00:00,253,cancel_requested,bid,2198.1,0.07218587776554872,2026-03-19 00:10:27.391177942+00:00,166.124,2026-03-19 00:10:27.141177942+00:00,pending_cancel,pressure_stop_bid,2026-03-19 00:10:27.250075610+00:00,2026-03-19 00:10:27.500075610+00:00
2026-03-19 00:10:27.250075610+00:00,254,placed,ask,2199.5,0.1278141222344513,2026-03-19 00:10:27.500075610+00:00,154.122,2026-03-19 00:10:27.250075610+00:00,pending_new,,,
2026-03-19 00:10:27.500075610+00:00,253,cancelled,bid,2198.1,0.07218587776554872,2026-03-19 00:10:27.391177942+00:00,166.124,2026-03-19 00:10:27.141177942+00:00,cancelled,pressure_stop_bid,2026-03-19 00:10:27.250075610+00:00,2026-03-19 00:10:27.500075610+00:00
2026-03-19 00:10:30.110551893+00:00,254,cancel_requested,ask,2199.5,0.1278141222344513,2026-03-19 00:10:27.500075610+00:00,154.122,2026-03-19 00:10:27.250075610+00:00,pending_cancel,expected_edge_ask,2026-03-19 00:10:30.110551893+00:00,2026-03-19 00:10:30.360551893+00:00
2026-03-19 00:10:30.110551893+00:00,255,placed,bid,2198.5,0.07182400014309998,2026-03-19 00:10:30.360551893+00:00,113.916,2026-03-19 00:10:30.110551893+00:00,pending_new,,,
2026-03-19 00:10:30.360551893+00:00,254,cancelled,ask,2199.5,0.1278141222344513,2026-03-19 00:10:27.500075610+00:00,154.122,2026-03-19 00:10:27.250075610+00:00,cancelled,expected_edge_ask,2026-03-19 00:10:30.110551893+00:00,2026-03-19 00:10:30.360551893+00:00
2026-03-19 00:10:30.361644729+00:00,256,placed,ask,2199.3,0.12817599985690004,2026-03-19 00:10:30.611644729+00:00,59.358000000000004,2026-03-19 00:10:30.361644729+00:00,pending_new,,,
2026-03-19 00:10:31.184563197+00:00,256,cancel_requested,ask,2199.3,0.12817599985690004,2026-03-19 00:10:30.611644729+00:00,59.358000000000004,2026-03-19 00:10:30.361644729+00:00,pending_cancel,pressure_stop_ask,2026-03-19 00:10:31.184563197+00:00,2026-03-19 00:10:31.434563197+00:00
2026-03-19 00:10:31.235508010+00:00,255,cancel_requested,bid,2198.5,0.07182400014309998,2026-03-19 00:10:30.360551893+00:00,113.916,2026-03-19 00:10:30.110551893+00:00,pending_cancel,pressure_stop_bid,2026-03-19 00:10:31.235508010+00:00,2026-03-19 00:10:31.485508010+00:00
2026-03-19 00:10:31.388635129+00:00,257,placed,bid,2196.0,0.06464160012878997,2026-03-19 00:10:31.638635129+00:00,50.04899999999999,2026-03-19 00:10:31.388635129+00:00,pending_new,,,
2026-03-19 00:10:31.434563197+00:00,256,cancelled,ask,2199.3,0.12817599985690004,2026-03-19 00:10:30.611644729+00:00,59.358000000000004,2026-03-19 00:10:30.361644729+00:00,cancelled,pressure_stop_ask,2026-03-19 00:10:31.184563197+00:00,2026-03-19 00:10:31.434563197+00:00
2026-03-19 00:10:31.439609282+00:00,258,placed,ask,2197.9,0.13535839987121004,2026-03-19 00:10:31.689609282+00:00,44.747,2026-03-19 00:10:31.439609282+00:00,pending_new,,,
2026-03-19 00:10:31.490684185+00:00,258,cancel_requested,ask,2197.9,0.13535839987121004,2026-03-19 00:10:31.689609282+00:00,44.747,2026-03-19 00:10:31.439609282+00:00,pending_cancel,pressure_stop_ask,2026-03-19 00:10:31.490684185+00:00,2026-03-19 00:10:31.740684185+00:00
2026-03-19 00:10:31.541512817+00:00,257,cancel_requested,bid,2196.0,0.06464160012878997,2026-03-19 00:10:31.638635129+00:00,50.04899999999999,2026-03-19 00:10:31.388635129+00:00,pending_cancel,refresh_reprice,2026-03-19 00:10:31.541512817+00:00,2026-03-19 00:10:31.791512817+00:00
2026-03-19 00:10:31.791512817+00:00,257,cancelled,bid,2196.0,0.06464160012878997,2026-03-19 00:10:31.638635129+00:00,50.04899999999999,2026-03-19 00:10:31.388635129+00:00,cancelled,refresh_reprice,2026-03-19 00:10:31.541512817+00:00,2026-03-19 00:10:31.791512817+00:00
2026-03-19 00:10:31.740684185+00:00,258,cancelled,ask,2197.9,0.13535839987121004,2026-03-19 00:10:31.689609282+00:00,44.747,2026-03-19 00:10:31.439609282+00:00,cancelled,pressure_stop_ask,2026-03-19 00:10:31.490684185+00:00,2026-03-19 00:10:31.740684185+00:00
2026-03-19 00:10:31.793928980+00:00,259,placed,bid,2196.3,0.06464160012878997,2026-03-19 00:10:32.043928980+00:00,137.289,2026-03-19 00:10:31.793928980+00:00,pending_new,,,
2026-03-19 00:10:34.435701523+00:00,259,cancel_requested,bid,2196.3,0.06464160012878997,2026-03-19 00:10:32.043928980+00:00,137.289,2026-03-19 00:10:31.793928980+00:00,pending_cancel,refresh_reprice,2026-03-19 00:10:34.435701523+00:00,2026-03-19 00:10:34.685701523+00:00
2026-03-19 00:10:34.685701523+00:00,259,cancelled,bid,2196.3,0.06464160012878997,2026-03-19 00:10:32.043928980+00:00,137.289,2026-03-19 00:10:31.793928980+00:00,cancelled,refresh_reprice,2026-03-19 00:10:34.435701523+00:00,2026-03-19 00:10:34.685701523+00:00
2026-03-19 00:10:34.706280249+00:00,260,placed,bid,2197.0,0.06464160012878997,2026-03-19 00:10:34.956280249+00:00,129.827,2026-03-19 00:10:34.706280249+00:00,pending_new,,,
2026-03-19 00:10:37.412163646+00:00,260,cancel_requested,bid,2197.0,0.06464160012878997,2026-03-19 00:10:34.956280249+00:00,129.827,2026-03-19 00:10:34.706280249+00:00,pending_cancel,pressure_stop_bid,2026-03-19 00:10:37.412163646+00:00,2026-03-19 00:10:37.662163646+00:00
2026-03-19 00:10:37.412163646+00:00,261,placed,ask,2197.9,0.13535839987121004,2026-03-19 00:10:37.662163646+00:00,103.869,2026-03-19 00:10:37.412163646+00:00,pending_new,,,
2026-03-19 00:10:37.662163646+00:00,260,cancelled,bid,2197.0,0.06464160012878997,2026-03-19 00:10:34.956280249+00:00,129.827,2026-03-19 00:10:34.706280249+00:00,cancelled,pressure_stop_bid,2026-03-19 00:10:37.412163646+00:00,2026-03-19 00:10:37.662163646+00:00
2026-03-19 00:10:41.036811656+00:00,261,cancel_requested,ask,2197.9,0.13535839987121004,2026-03-19 00:10:37.662163646+00:00,103.869,2026-03-19 00:10:37.412163646+00:00,pending_cancel,expected_edge_ask,2026-03-19 00:10:41.036811656+00:00,2026-03-19 00:10:41.286811656+00:00
2026-03-19 00:10:41.036811656+00:00,262,placed,bid,2196.9,0.06464160012878997,2026-03-19 00:10:41.286811656+00:00,135.511,2026-03-19 00:10:41.036811656+00:00,pending_new,,,
2026-03-19 00:10:41.286811656+00:00,261,cancelled,ask,2197.9,0.13535839987121004,2026-03-19 00:10:37.662163646+00:00,103.869,2026-03-19 00:10:37.412163646+00:00,cancelled,expected_edge_ask,2026-03-19 00:10:41.036811656+00:00,2026-03-19 00:10:41.286811656+00:00
2026-03-19 00:10:41.335253517+00:00,263,placed,ask,2198.0,0.13535839987121004,2026-03-19 00:10:41.585253517+00:00,84.35600000000001,2026-03-19 00:10:41.335253517+00:00,pending_new,,,
2026-03-19 00:10:41.648744738+00:00,262,cancel_requested,bid,2196.9,0.06464160012878997,2026-03-19 00:10:41.286811656+00:00,135.511,2026-03-19 00:10:41.036811656+00:00,pending_cancel,refresh_reprice,2026-03-19 00:10:41.648744738+00:00,2026-03-19 00:10:41.898744738+00:00
2026-03-19 00:10:41.898744738+00:00,262,cancelled,bid,2196.9,0.06464160012878997,2026-03-19 00:10:41.286811656+00:00,135.511,2026-03-19 00:10:41.036811656+00:00,cancelled,refresh_reprice,2026-03-19 00:10:41.648744738+00:00,2026-03-19 00:10:41.898744738+00:00
2026-03-19 00:10:42.176555928+00:00,263,cancel_requested,ask,2198.0,0.13535839987121004,2026-03-19 00:10:41.585253517+00:00,84.35600000000001,2026-03-19 00:10:41.335253517+00:00,pending_cancel,refresh_reprice,2026-03-19 00:10:42.176555928+00:00,2026-03-19 00:10:42.426555928+00:00
2026-03-19 00:10:42.426555928+00:00,263,cancelled,ask,2198.0,0.13535839987121004,2026-03-19 00:10:41.585253517+00:00,84.35600000000001,2026-03-19 00:10:41.335253517+00:00,cancelled,refresh_reprice,2026-03-19 00:10:42.176555928+00:00,2026-03-19 00:10:42.426555928+00:00
2026-03-19 00:10:42.463934840+00:00,264,placed,ask,2197.7,0.13535839987121004,2026-03-19 00:10:42.713934840+00:00,187.77300000000002,2026-03-19 00:10:42.463934840+00:00,pending_new,,,
2026-03-19 00:10:43.332907128+00:00,265,placed,bid,2195.6,0.06464160012878997,2026-03-19 00:10:43.582907128+00:00,141.137,2026-03-19 00:10:43.332907128+00:00,pending_new,,,
2026-03-19 00:10:43.380210334+00:00,265,cancel_requested,bid,2195.6,0.06464160012878997,2026-03-19 00:10:43.582907128+00:00,141.137,2026-03-19 00:10:43.332907128+00:00,pending_cancel,pressure_stop_bid,2026-03-19 00:10:43.380210334+00:00,2026-03-19 00:10:43.630210334+00:00
2026-03-19 00:10:43.630210334+00:00,265,cancelled,bid,2195.6,0.06464160012878997,2026-03-19 00:10:43.582907128+00:00,141.137,2026-03-19 00:10:43.332907128+00:00,cancelled,pressure_stop_bid,2026-03-19 00:10:43.380210334+00:00,2026-03-19 00:10:43.630210334+00:00
2026-03-19 00:10:48.439374460+00:00,264,cancel_requested,ask,2197.7,0.13535839987121004,2026-03-19 00:10:42.713934840+00:00,187.77300000000002,2026-03-19 00:10:42.463934840+00:00,pending_cancel,refresh_reprice,2026-03-19 00:10:48.439374460+00:00,2026-03-19 00:10:48.689374460+00:00
2026-03-19 00:10:48.689374460+00:00,264,cancelled,ask,2197.7,0.13535839987121004,2026-03-19 00:10:42.713934840+00:00,187.77300000000002,2026-03-19 00:10:42.463934840+00:00,cancelled,refresh_reprice,2026-03-19 00:10:48.439374460+00:00,2026-03-19 00:10:48.689374460+00:00
2026-03-19 00:10:58.767858247+00:00,266,placed,bid,2194.9,0.06470930255562504,2026-03-19 00:10:59.017858247+00:00,166.742,2026-03-19 00:10:58.767858247+00:00,pending_new,,,
2026-03-19 00:10:58.767858247+00:00,267,placed,ask,2196.2,0.13529069744437497,2026-03-19 00:10:59.017858247+00:00,189.247,2026-03-19 00:10:58.767858247+00:00,pending_new,,,
2026-03-19 00:11:00.586417325+00:00,267,cancel_requested,ask,2196.2,0.13529069744437497,2026-03-19 00:10:59.017858247+00:00,189.247,2026-03-19 00:10:58.767858247+00:00,pending_cancel,pressure_stop_ask,2026-03-19 00:11:00.586417325+00:00,2026-03-19 00:11:00.836417325+00:00
2026-03-19 00:11:00.836417325+00:00,267,cancelled,ask,2196.2,0.13529069744437497,2026-03-19 00:10:59.017858247+00:00,189.247,2026-03-19 00:10:58.767858247+00:00,cancelled,pressure_stop_ask,2026-03-19 00:11:00.586417325+00:00,2026-03-19 00:11:00.836417325+00:00
2026-03-19 00:11:01.599634989+00:00,266,cancel_requested,bid,2194.9,0.06470930255562504,2026-03-19 00:10:59.017858247+00:00,166.742,2026-03-19 00:10:58.767858247+00:00,pending_cancel,refresh_reprice,2026-03-19 00:11:01.599634989+00:00,2026-03-19 00:11:01.849634989+00:00
2026-03-19 00:11:01.708412695+00:00,268,placed,ask,2197.1,0.13529069744437497,2026-03-19 00:11:01.958412695+00:00,176.49900000000002,2026-03-19 00:11:01.708412695+00:00,pending_new,,,
2026-03-19 00:11:01.849634989+00:00,266,cancelled,bid,2194.9,0.06470930255562504,2026-03-19 00:10:59.017858247+00:00,166.742,2026-03-19 00:10:58.767858247+00:00,cancelled,refresh_reprice,2026-03-19 00:11:01.599634989+00:00,2026-03-19 00:11:01.849634989+00:00
2026-03-19 00:11:01.912566607+00:00,269,placed,bid,2194.6,0.06470930255562504,2026-03-19 00:11:02.162566607+00:00,264.365,2026-03-19 00:11:01.912566607+00:00,pending_new,,,
2026-03-19 00:11:03.032114105+00:00,269,cancel_requested,bid,2194.6,0.06470930255562504,2026-03-19 00:11:02.162566607+00:00,264.365,2026-03-19 00:11:01.912566607+00:00,pending_cancel,pressure_stop_bid,2026-03-19 00:11:03.032114105+00:00,2026-03-19 00:11:03.282114105+00:00
2026-03-19 00:11:03.282114105+00:00,269,cancelled,bid,2194.6,0.06470930255562504,2026-03-19 00:11:02.162566607+00:00,264.365,2026-03-19 00:11:01.912566607+00:00,cancelled,pressure_stop_bid,2026-03-19 00:11:03.032114105+00:00,2026-03-19 00:11:03.282114105+00:00
2026-03-19 00:11:03.388339441+00:00,268,cancel_requested,ask,2197.1,0.13529069744437497,2026-03-19 00:11:01.958412695+00:00,176.49900000000002,2026-03-19 00:11:01.708412695+00:00,pending_cancel,refresh_reprice,2026-03-19 00:11:03.388339441+00:00,2026-03-19 00:11:03.638339441+00:00
2026-03-19 00:11:03.638339441+00:00,268,cancelled,ask,2197.1,0.13529069744437497,2026-03-19 00:11:01.958412695+00:00,176.49900000000002,2026-03-19 00:11:01.708412695+00:00,cancelled,refresh_reprice,2026-03-19 00:11:03.388339441+00:00,2026-03-19 00:11:03.638339441+00:00
2026-03-19 00:11:03.642203269+00:00,270,placed,ask,2196.6,0.13529069744437497,2026-03-19 00:11:03.892203269+00:00,265.591,2026-03-19 00:11:03.642203269+00:00,pending_new,,,
2026-03-19 00:11:03.898079927+00:00,270,cancel_requested,ask,2196.6,0.13529069744437497,2026-03-19 00:11:03.892203269+00:00,265.591,2026-03-19 00:11:03.642203269+00:00,pending_cancel,refresh_reprice,2026-03-19 00:11:03.898079927+00:00,2026-03-19 00:11:04.148079927+00:00
2026-03-19 00:11:04.148079927+00:00,270,cancelled,ask,2196.6,0.13529069744437497,2026-03-19 00:11:03.892203269+00:00,265.591,2026-03-19 00:11:03.642203269+00:00,cancelled,refresh_reprice,2026-03-19 00:11:03.898079927+00:00,2026-03-19 00:11:04.148079927+00:00
2026-03-19 00:11:04.157026739+00:00,271,placed,ask,2196.3,0.13529069744437497,2026-03-19 00:11:04.407026739+00:00,246.22099999999998,2026-03-19 00:11:04.157026739+00:00,pending_new,,,
2026-03-19 00:11:06.710636702+00:00,271,cancel_requested,ask,2196.3,0.13529069744437497,2026-03-19 00:11:04.407026739+00:00,246.22099999999998,2026-03-19 00:11:04.157026739+00:00,pending_cancel,refresh_reprice,2026-03-19 00:11:06.710636702+00:00,2026-03-19 00:11:06.960636702+00:00
2026-03-19 00:11:06.960636702+00:00,271,cancelled,ask,2196.3,0.13529069744437497,2026-03-19 00:11:04.407026739+00:00,246.22099999999998,2026-03-19 00:11:04.157026739+00:00,cancelled,refresh_reprice,2026-03-19 00:11:06.710636702+00:00,2026-03-19 00:11:06.960636702+00:00
2026-03-19 00:11:06.964359180+00:00,272,placed,ask,2196.0,0.13529069744437497,2026-03-19 00:11:07.214359180+00:00,263.91400000000004,2026-03-19 00:11:06.964359180+00:00,pending_new,,,
2026-03-19 00:11:08.394240785+00:00,272,cancel_requested,ask,2196.0,0.13529069744437497,2026-03-19 00:11:07.214359180+00:00,263.91400000000004,2026-03-19 00:11:06.964359180+00:00,pending_cancel,pressure_stop_ask,2026-03-19 00:11:08.394240785+00:00,2026-03-19 00:11:08.644240785+00:00
2026-03-19 00:11:08.394240785+00:00,273,placed,bid,2193.5,0.06470930255562504,2026-03-19 00:11:08.644240785+00:00,281.222,2026-03-19 00:11:08.394240785+00:00,pending_new,,,
2026-03-19 00:11:08.644240785+00:00,272,cancelled,ask,2196.0,0.13529069744437497,2026-03-19 00:11:07.214359180+00:00,263.91400000000004,2026-03-19 00:11:06.964359180+00:00,cancelled,pressure_stop_ask,2026-03-19 00:11:08.394240785+00:00,2026-03-19 00:11:08.644240785+00:00
2026-03-19 00:11:08.648592956+00:00,274,placed,ask,2196.0,0.13529069744437497,2026-03-19 00:11:08.898592956+00:00,130.146,2026-03-19 00:11:08.648592956+00:00,pending_new,,,
2026-03-19 00:11:09.037634341+00:00,273,cancel_requested,bid,2193.5,0.06470930255562504,2026-03-19 00:11:08.644240785+00:00,281.222,2026-03-19 00:11:08.394240785+00:00,pending_cancel,refresh_reprice,2026-03-19 00:11:09.037634341+00:00,2026-03-19 00:11:09.287634341+00:00
2026-03-19 00:11:09.287634341+00:00,273,cancelled,bid,2193.5,0.06470930255562504,2026-03-19 00:11:08.644240785+00:00,281.222,2026-03-19 00:11:08.394240785+00:00,cancelled,refresh_reprice,2026-03-19 00:11:09.037634341+00:00,2026-03-19 00:11:09.287634341+00:00
2026-03-19 00:11:09.343140046+00:00,275,placed,bid,2194.6,0.06470930255562504,2026-03-19 00:11:09.593140046+00:00,160.44,2026-03-19 00:11:09.343140046+00:00,pending_new,,,
2026-03-19 00:11:10.790271249+00:00,274,cancel_requested,ask,2196.0,0.13529069744437497,2026-03-19 00:11:08.898592956+00:00,130.146,2026-03-19 00:11:08.648592956+00:00,pending_cancel,pressure_stop_ask,2026-03-19 00:11:10.790271249+00:00,2026-03-19 00:11:11.040271249+00:00
2026-03-19 00:11:11.040271249+00:00,274,cancelled,ask,2196.0,0.13529069744437497,2026-03-19 00:11:08.898592956+00:00,130.146,2026-03-19 00:11:08.648592956+00:00,cancelled,pressure_stop_ask,2026-03-19 00:11:10.790271249+00:00,2026-03-19 00:11:11.040271249+00:00
2026-03-19 00:11:11.047561643+00:00,276,placed,ask,2195.9,0.13507471386447165,2026-03-19 00:11:11.297561643+00:00,138.498,2026-03-19 00:11:11.047561643+00:00,pending_new,,,
2026-03-19 00:11:13.546973219+00:00,276,cancel_requested,ask,2195.9,0.13507471386447165,2026-03-19 00:11:11.297561643+00:00,138.498,2026-03-19 00:11:11.047561643+00:00,pending_cancel,pressure_stop_ask,2026-03-19 00:11:13.546973219+00:00,2026-03-19 00:11:13.796973219+00:00
2026-03-19 00:11:13.796973219+00:00,276,cancelled,ask,2195.9,0.13507471386447165,2026-03-19 00:11:11.297561643+00:00,138.498,2026-03-19 00:11:11.047561643+00:00,cancelled,pressure_stop_ask,2026-03-19 00:11:13.546973219+00:00,2026-03-19 00:11:13.796973219+00:00
2026-03-19 00:11:15.235391817+00:00,275,cancel_requested,bid,2194.6,0.06470930255562504,2026-03-19 00:11:09.593140046+00:00,160.44,2026-03-19 00:11:09.343140046+00:00,pending_cancel,pressure_stop_bid,2026-03-19 00:11:15.235391817+00:00,2026-03-19 00:11:15.485391817+00:00
2026-03-19 00:11:15.235391817+00:00,277,placed,ask,2195.7,0.13507471386447165,2026-03-19 00:11:15.485391817+00:00,157.66899999999998,2026-03-19 00:11:15.235391817+00:00,pending_new,,,
2026-03-19 00:11:15.485391817+00:00,275,cancelled,bid,2194.6,0.06470930255562504,2026-03-19 00:11:09.593140046+00:00,160.44,2026-03-19 00:11:09.343140046+00:00,cancelled,pressure_stop_bid,2026-03-19 00:11:15.235391817+00:00,2026-03-19 00:11:15.485391817+00:00
2026-03-19 00:11:16.051394457+00:00,278,placed,bid,2192.9,0.06492528613552838,2026-03-19 00:11:16.301394457+00:00,261.745,2026-03-19 00:11:16.051394457+00:00,pending_new,,,
2026-03-19 00:11:16.051394457+00:00,277,cancel_requested,ask,2195.7,0.13507471386447165,2026-03-19 00:11:15.485391817+00:00,157.66899999999998,2026-03-19 00:11:15.235391817+00:00,pending_cancel,refresh_reprice,2026-03-19 00:11:16.051394457+00:00,2026-03-19 00:11:16.301394457+00:00
2026-03-19 00:11:16.301394457+00:00,277,cancelled,ask,2195.7,0.13507471386447165,2026-03-19 00:11:15.485391817+00:00,157.66899999999998,2026-03-19 00:11:15.235391817+00:00,cancelled,refresh_reprice,2026-03-19 00:11:16.051394457+00:00,2026-03-19 00:11:16.301394457+00:00
2026-03-19 00:11:16.343408568+00:00,279,placed,ask,2195.3,0.13507471386447165,2026-03-19 00:11:16.593408568+00:00,205.23799999999997,2026-03-19 00:11:16.343408568+00:00,pending_new,,,
2026-03-19 00:11:19.010483727+00:00,278,cancel_requested,bid,2192.9,0.06492528613552838,2026-03-19 00:11:16.301394457+00:00,261.745,2026-03-19 00:11:16.051394457+00:00,pending_cancel,pressure_stop_bid,2026-03-19 00:11:19.010483727+00:00,2026-03-19 00:11:19.260483727+00:00
2026-03-19 00:11:19.061628450+00:00,279,cancel_requested,ask,2195.3,0.13507471386447165,2026-03-19 00:11:16.593408568+00:00,205.23799999999997,2026-03-19 00:11:16.343408568+00:00,pending_cancel,refresh_reprice,2026-03-19 00:11:19.061628450+00:00,2026-03-19 00:11:19.311628450+00:00
2026-03-19 00:11:19.260483727+00:00,278,cancelled,bid,2192.9,0.06492528613552838,2026-03-19 00:11:16.301394457+00:00,261.745,2026-03-19 00:11:16.051394457+00:00,cancelled,pressure_stop_bid,2026-03-19 00:11:19.010483727+00:00,2026-03-19 00:11:19.260483727+00:00
2026-03-19 00:11:19.311628450+00:00,279,cancelled,ask,2195.3,0.13507471386447165,2026-03-19 00:11:16.593408568+00:00,205.23799999999997,2026-03-19 00:11:16.343408568+00:00,cancelled,refresh_reprice,2026-03-19 00:11:19.061628450+00:00,2026-03-19 00:11:19.311628450+00:00
2026-03-19 00:11:19.375183850+00:00,280,placed,ask,2195.0,0.13507471386447165,2026-03-19 00:11:19.625183850+00:00,245.24299999999997,2026-03-19 00:11:19.375183850+00:00,pending_new,,,
2026-03-19 00:11:22.987270457+00:00,280,cancel_requested,ask,2195.0,0.13507471386447165,2026-03-19 00:11:19.625183850+00:00,245.24299999999997,2026-03-19 00:11:19.375183850+00:00,pending_cancel,refresh_reprice,2026-03-19 00:11:22.987270457+00:00,2026-03-19 00:11:23.237270457+00:00
2026-03-19 00:11:23.041696475+00:00,281,placed,bid,2192.2,0.06492528613552838,2026-03-19 00:11:23.291696475+00:00,412.48900000000003,2026-03-19 00:11:23.041696475+00:00,pending_new,,,
2026-03-19 00:11:23.237270457+00:00,280,cancelled,ask,2195.0,0.13507471386447165,2026-03-19 00:11:19.625183850+00:00,245.24299999999997,2026-03-19 00:11:19.375183850+00:00,cancelled,refresh_reprice,2026-03-19 00:11:22.987270457+00:00,2026-03-19 00:11:23.237270457+00:00
2026-03-19 00:11:23.297304221+00:00,282,placed,ask,2194.8,0.13507471386447165,2026-03-19 00:11:23.547304221+00:00,232.067,2026-03-19 00:11:23.297304221+00:00,pending_new,,,
2026-03-19 00:11:23.997821844+00:00,282,cancel_requested,ask,2194.8,0.13507471386447165,2026-03-19 00:11:23.547304221+00:00,232.067,2026-03-19 00:11:23.297304221+00:00,pending_cancel,pressure_stop_ask,2026-03-19 00:11:23.997821844+00:00,2026-03-19 00:11:24.247821844+00:00
2026-03-19 00:11:23.997821844+00:00,281,cancel_requested,bid,2192.2,0.06492528613552838,2026-03-19 00:11:23.291696475+00:00,412.48900000000003,2026-03-19 00:11:23.041696475+00:00,pending_cancel,refresh_reprice,2026-03-19 00:11:23.997821844+00:00,2026-03-19 00:11:24.247821844+00:00
2026-03-19 00:11:24.247821844+00:00,281,cancelled,bid,2192.2,0.06492528613552838,2026-03-19 00:11:23.291696475+00:00,412.48900000000003,2026-03-19 00:11:23.041696475+00:00,cancelled,refresh_reprice,2026-03-19 00:11:23.997821844+00:00,2026-03-19 00:11:24.247821844+00:00
2026-03-19 00:11:24.247821844+00:00,282,cancelled,ask,2194.8,0.13507471386447165,2026-03-19 00:11:23.547304221+00:00,232.067,2026-03-19 00:11:23.297304221+00:00,cancelled,pressure_stop_ask,2026-03-19 00:11:23.997821844+00:00,2026-03-19 00:11:24.247821844+00:00
2026-03-19 00:11:24.263191523+00:00,283,placed,bid,2193.3,0.06492528613552838,2026-03-19 00:11:24.513191523+00:00,200.31499999999997,2026-03-19 00:11:24.263191523+00:00,pending_new,,,
2026-03-19 00:11:24.263191523+00:00,284,placed,ask,2194.7,0.13507471386447165,2026-03-19 00:11:24.513191523+00:00,171.434,2026-03-19 00:11:24.263191523+00:00,pending_new,,,
2026-03-19 00:11:24.572801025+00:00,283,cancel_requested,bid,2193.3,0.06492528613552838,2026-03-19 00:11:24.513191523+00:00,200.31499999999997,2026-03-19 00:11:24.263191523+00:00,pending_cancel,pressure_stop_bid,2026-03-19 00:11:24.572801025+00:00,2026-03-19 00:11:24.822801025+00:00
2026-03-19 00:11:24.822801025+00:00,283,cancelled,bid,2193.3,0.06492528613552838,2026-03-19 00:11:24.513191523+00:00,200.31499999999997,2026-03-19 00:11:24.263191523+00:00,cancelled,pressure_stop_bid,2026-03-19 00:11:24.572801025+00:00,2026-03-19 00:11:24.822801025+00:00
2026-03-19 00:11:24.881788583+00:00,285,placed,bid,2193.2,0.06492528613552838,2026-03-19 00:11:25.131788583+00:00,148.757,2026-03-19 00:11:24.881788583+00:00,pending_new,,,
2026-03-19 00:11:24.979239648+00:00,284,cancel_requested,ask,2194.7,0.13507471386447165,2026-03-19 00:11:24.513191523+00:00,171.434,2026-03-19 00:11:24.263191523+00:00,pending_cancel,pressure_stop_ask,2026-03-19 00:11:24.979239648+00:00,2026-03-19 00:11:25.229239648+00:00
2026-03-19 00:11:25.229239648+00:00,284,cancelled,ask,2194.7,0.13507471386447165,2026-03-19 00:11:24.513191523+00:00,171.434,2026-03-19 00:11:24.263191523+00:00,cancelled,pressure_stop_ask,2026-03-19 00:11:24.979239648+00:00,2026-03-19 00:11:25.229239648+00:00
2026-03-19 00:11:25.235611376+00:00,286,placed,ask,2194.7,0.13507471386447165,2026-03-19 00:11:25.485611376+00:00,148.595,2026-03-19 00:11:25.235611376+00:00,pending_new,,,
2026-03-19 00:11:25.592461934+00:00,286,cancel_requested,ask,2194.7,0.13507471386447165,2026-03-19 00:11:25.485611376+00:00,148.595,2026-03-19 00:11:25.235611376+00:00,pending_cancel,pressure_stop_ask,2026-03-19 00:11:25.592461934+00:00,2026-03-19 00:11:25.842461934+00:00
2026-03-19 00:11:25.698649098+00:00,285,cancel_requested,bid,2193.2,0.06492528613552838,2026-03-19 00:11:25.131788583+00:00,148.757,2026-03-19 00:11:24.881788583+00:00,pending_cancel,refresh_reprice,2026-03-19 00:11:25.698649098+00:00,2026-03-19 00:11:25.948649098+00:00
2026-03-19 00:11:25.842461934+00:00,286,cancelled,ask,2194.7,0.13507471386447165,2026-03-19 00:11:25.485611376+00:00,148.595,2026-03-19 00:11:25.235611376+00:00,cancelled,pressure_stop_ask,2026-03-19 00:11:25.592461934+00:00,2026-03-19 00:11:25.842461934+00:00
2026-03-19 00:11:25.948649098+00:00,285,cancelled,bid,2193.2,0.06492528613552838,2026-03-19 00:11:25.131788583+00:00,148.757,2026-03-19 00:11:24.881788583+00:00,cancelled,refresh_reprice,2026-03-19 00:11:25.698649098+00:00,2026-03-19 00:11:25.948649098+00:00
2026-03-19 00:11:26.000112372+00:00,287,placed,bid,2193.7,0.06492528613552838,2026-03-19 00:11:26.250112372+00:00,206.069,2026-03-19 00:11:26.000112372+00:00,pending_new,,,
2026-03-19 00:11:26.463069793+00:00,287,cancel_requested,bid,2193.7,0.06492528613552838,2026-03-19 00:11:26.250112372+00:00,206.069,2026-03-19 00:11:26.000112372+00:00,pending_cancel,pressure_stop_bid,2026-03-19 00:11:26.463069793+00:00,2026-03-19 00:11:26.713069793+00:00
2026-03-19 00:11:26.463069793+00:00,288,placed,ask,2194.9,0.13507471386447165,2026-03-19 00:11:26.713069793+00:00,153.201,2026-03-19 00:11:26.463069793+00:00,pending_new,,,
2026-03-19 00:11:26.713069793+00:00,287,cancelled,bid,2193.7,0.06492528613552838,2026-03-19 00:11:26.250112372+00:00,206.069,2026-03-19 00:11:26.000112372+00:00,cancelled,pressure_stop_bid,2026-03-19 00:11:26.463069793+00:00,2026-03-19 00:11:26.713069793+00:00
2026-03-19 00:11:27.076699810+00:00,288,cancel_requested,ask,2194.9,0.13507471386447165,2026-03-19 00:11:26.713069793+00:00,153.201,2026-03-19 00:11:26.463069793+00:00,pending_cancel,pressure_stop_ask,2026-03-19 00:11:27.076699810+00:00,2026-03-19 00:11:27.326699810+00:00
2026-03-19 00:11:27.076699810+00:00,289,placed,bid,2193.8,0.06492528613552838,2026-03-19 00:11:27.326699810+00:00,164.81300000000002,2026-03-19 00:11:27.076699810+00:00,pending_new,,,
2026-03-19 00:11:27.326699810+00:00,288,cancelled,ask,2194.9,0.13507471386447165,2026-03-19 00:11:26.713069793+00:00,153.201,2026-03-19 00:11:26.463069793+00:00,cancelled,pressure_stop_ask,2026-03-19 00:11:27.076699810+00:00,2026-03-19 00:11:27.326699810+00:00
2026-03-19 00:11:28.045469566+00:00,289,cancel_requested,bid,2193.8,0.06492528613552838,2026-03-19 00:11:27.326699810+00:00,164.81300000000002,2026-03-19 00:11:27.076699810+00:00,pending_cancel,refresh_reprice,2026-03-19 00:11:28.045469566+00:00,2026-03-19 00:11:28.295469566+00:00
2026-03-19 00:11:28.045469566+00:00,290,placed,ask,2195.5,0.13507471386447165,2026-03-19 00:11:28.295469566+00:00,31.198,2026-03-19 00:11:28.045469566+00:00,pending_new,,,
2026-03-19 00:11:28.295469566+00:00,289,cancelled,bid,2193.8,0.06492528613552838,2026-03-19 00:11:27.326699810+00:00,164.81300000000002,2026-03-19 00:11:27.076699810+00:00,cancelled,refresh_reprice,2026-03-19 00:11:28.045469566+00:00,2026-03-19 00:11:28.295469566+00:00
2026-03-19 00:11:28.298155588+00:00,291,placed,bid,2194.2,0.06492528613552838,2026-03-19 00:11:28.548155588+00:00,186.38899999999998,2026-03-19 00:11:28.298155588+00:00,pending_new,,,
2026-03-19 00:11:29.116379539+00:00,290,cancel_requested,ask,2195.5,0.13507471386447165,2026-03-19 00:11:28.295469566+00:00,31.198,2026-03-19 00:11:28.045469566+00:00,pending_cancel,pressure_stop_ask,2026-03-19 00:11:29.116379539+00:00,2026-03-19 00:11:29.366379539+00:00
2026-03-19 00:11:29.216429395+00:00,291,cancel_requested,bid,2194.2,0.06492528613552838,2026-03-19 00:11:28.548155588+00:00,186.38899999999998,2026-03-19 00:11:28.298155588+00:00,pending_cancel,refresh_reprice,2026-03-19 00:11:29.216429395+00:00,2026-03-19 00:11:29.466429395+00:00
2026-03-19 00:11:29.366379539+00:00,290,cancelled,ask,2195.5,0.13507471386447165,2026-03-19 00:11:28.295469566+00:00,31.198,2026-03-19 00:11:28.045469566+00:00,cancelled,pressure_stop_ask,2026-03-19 00:11:29.116379539+00:00,2026-03-19 00:11:29.366379539+00:00
2026-03-19 00:11:29.370961069+00:00,292,placed,ask,2195.8,0.13507471386447165,2026-03-19 00:11:29.620961069+00:00,135.43099999999998,2026-03-19 00:11:29.370961069+00:00,pending_new,,,
2026-03-19 00:11:29.419724102+00:00,292,cancel_requested,ask,2195.8,0.13507471386447165,2026-03-19 00:11:29.620961069+00:00,135.43099999999998,2026-03-19 00:11:29.370961069+00:00,pending_cancel,pressure_stop_ask,2026-03-19 00:11:29.419724102+00:00,2026-03-19 00:11:29.669724102+00:00
2026-03-19 00:11:29.466429395+00:00,291,cancelled,bid,2194.2,0.06492528613552838,2026-03-19 00:11:28.548155588+00:00,186.38899999999998,2026-03-19 00:11:28.298155588+00:00,cancelled,refresh_reprice,2026-03-19 00:11:29.216429395+00:00,2026-03-19 00:11:29.466429395+00:00
2026-03-19 00:11:29.474498852+00:00,293,placed,bid,2194.5,0.06492528613552838,2026-03-19 00:11:29.724498852+00:00,186.854,2026-03-19 00:11:29.474498852+00:00,pending_new,,,
2026-03-19 00:11:29.669724102+00:00,292,cancelled,ask,2195.8,0.13507471386447165,2026-03-19 00:11:29.620961069+00:00,135.43099999999998,2026-03-19 00:11:29.370961069+00:00,cancelled,pressure_stop_ask,2026-03-19 00:11:29.419724102+00:00,2026-03-19 00:11:29.669724102+00:00
2026-03-19 00:11:29.717417669+00:00,294,placed,ask,2195.8,0.13507471386447165,2026-03-19 00:11:29.967417669+00:00,120.082,2026-03-19 00:11:29.717417669+00:00,pending_new,,,
2026-03-19 00:11:30.465569280+00:00,294,cancel_requested,ask,2195.8,0.13507471386447165,2026-03-19 00:11:29.967417669+00:00,120.082,2026-03-19 00:11:29.717417669+00:00,pending_cancel,pressure_stop_ask,2026-03-19 00:11:30.465569280+00:00,2026-03-19 00:11:30.715569280+00:00
2026-03-19 00:11:30.715569280+00:00,294,cancelled,ask,2195.8,0.13507471386447165,2026-03-19 00:11:29.967417669+00:00,120.082,2026-03-19 00:11:29.717417669+00:00,cancelled,pressure_stop_ask,2026-03-19 00:11:30.465569280+00:00,2026-03-19 00:11:30.715569280+00:00
2026-03-19 00:11:31.822624006+00:00,293,cancel_requested,bid,2194.5,0.06492528613552838,2026-03-19 00:11:29.724498852+00:00,186.854,2026-03-19 00:11:29.474498852+00:00,pending_cancel,refresh_reprice,2026-03-19 00:11:31.822624006+00:00,2026-03-19 00:11:32.072624006+00:00
2026-03-19 00:11:31.822624006+00:00,295,placed,ask,2196.0,0.1348827527833325,2026-03-19 00:11:32.072624006+00:00,90.711,2026-03-19 00:11:31.822624006+00:00,pending_new,,,
2026-03-19 00:11:32.072624006+00:00,293,cancelled,bid,2194.5,0.06492528613552838,2026-03-19 00:11:29.724498852+00:00,186.854,2026-03-19 00:11:29.474498852+00:00,cancelled,refresh_reprice,2026-03-19 00:11:31.822624006+00:00,2026-03-19 00:11:32.072624006+00:00
2026-03-19 00:11:32.124163611+00:00,296,placed,bid,2194.8,0.06511724721666749,2026-03-19 00:11:32.374163611+00:00,140.71800000000002,2026-03-19 00:11:32.124163611+00:00,pending_new,,,
2026-03-19 00:11:32.317327391+00:00,295,cancel_requested,ask,2196.0,0.1348827527833325,2026-03-19 00:11:32.072624006+00:00,90.711,2026-03-19 00:11:31.822624006+00:00,pending_cancel,expected_edge_ask,2026-03-19 00:11:32.317327391+00:00,2026-03-19 00:11:32.567327391+00:00
2026-03-19 00:11:32.567327391+00:00,295,cancelled,ask,2196.0,0.1348827527833325,2026-03-19 00:11:32.072624006+00:00,90.711,2026-03-19 00:11:31.822624006+00:00,cancelled,expected_edge_ask,2026-03-19 00:11:32.317327391+00:00,2026-03-19 00:11:32.567327391+00:00
2026-03-19 00:11:35.394052998+00:00,297,placed,ask,2196.1,0.1348827527833325,2026-03-19 00:11:35.644052998+00:00,33.022,2026-03-19 00:11:35.394052998+00:00,pending_new,,,
2026-03-19 00:11:35.435723958+00:00,297,cancel_requested,ask,2196.1,0.1348827527833325,2026-03-19 00:11:35.644052998+00:00,33.022,2026-03-19 00:11:35.394052998+00:00,pending_cancel,pressure_stop_ask,2026-03-19 00:11:35.435723958+00:00,2026-03-19 00:11:35.685723958+00:00
2026-03-19 00:11:35.685723958+00:00,297,cancelled,ask,2196.1,0.1348827527833325,2026-03-19 00:11:35.644052998+00:00,33.022,2026-03-19 00:11:35.394052998+00:00,cancelled,pressure_stop_ask,2026-03-19 00:11:35.435723958+00:00,2026-03-19 00:11:35.685723958+00:00
2026-03-19 00:11:35.799053324+00:00,296,cancel_requested,bid,2194.8,0.06511724721666749,2026-03-19 00:11:32.374163611+00:00,140.71800000000002,2026-03-19 00:11:32.124163611+00:00,pending_cancel,refresh_reprice,2026-03-19 00:11:35.799053324+00:00,2026-03-19 00:11:36.049053324+00:00
2026-03-19 00:11:35.799053324+00:00,298,placed,ask,2196.4,0.1348827527833325,2026-03-19 00:11:36.049053324+00:00,121.48500000000001,2026-03-19 00:11:35.799053324+00:00,pending_new,,,
2026-03-19 00:11:35.845511506+00:00,298,cancel_requested,ask,2196.4,0.1348827527833325,2026-03-19 00:11:36.049053324+00:00,121.48500000000001,2026-03-19 00:11:35.799053324+00:00,pending_cancel,expected_edge_ask,2026-03-19 00:11:35.845511506+00:00,2026-03-19 00:11:36.095511506+00:00
2026-03-19 00:11:36.049053324+00:00,296,cancelled,bid,2194.8,0.06511724721666749,2026-03-19 00:11:32.374163611+00:00,140.71800000000002,2026-03-19 00:11:32.124163611+00:00,cancelled,refresh_reprice,2026-03-19 00:11:35.799053324+00:00,2026-03-19 00:11:36.049053324+00:00
2026-03-19 00:11:36.095511506+00:00,298,cancelled,ask,2196.4,0.1348827527833325,2026-03-19 00:11:36.049053324+00:00,121.48500000000001,2026-03-19 00:11:35.799053324+00:00,cancelled,expected_edge_ask,2026-03-19 00:11:35.845511506+00:00,2026-03-19 00:11:36.095511506+00:00
2026-03-19 00:11:36.135123996+00:00,299,placed,bid,2195.2,0.06511724721666749,2026-03-19 00:11:36.385123996+00:00,140.295,2026-03-19 00:11:36.135123996+00:00,pending_new,,,
2026-03-19 00:11:36.517689701+00:00,299,cancel_requested,bid,2195.2,0.06511724721666749,2026-03-19 00:11:36.385123996+00:00,140.295,2026-03-19 00:11:36.135123996+00:00,pending_cancel,refresh_reprice,2026-03-19 00:11:36.517689701+00:00,2026-03-19 00:11:36.767689701+00:00
2026-03-19 00:11:36.517689701+00:00,300,placed,ask,2196.8,0.1348827527833325,2026-03-19 00:11:36.767689701+00:00,64.878,2026-03-19 00:11:36.517689701+00:00,pending_new,,,
2026-03-19 00:11:36.767689701+00:00,299,cancelled,bid,2195.2,0.06511724721666749,2026-03-19 00:11:36.385123996+00:00,140.295,2026-03-19 00:11:36.135123996+00:00,cancelled,refresh_reprice,2026-03-19 00:11:36.517689701+00:00,2026-03-19 00:11:36.767689701+00:00
2026-03-19 00:11:36.772242321+00:00,301,placed,bid,2195.7,0.06511724721666749,2026-03-19 00:11:37.022242321+00:00,189.584,2026-03-19 00:11:36.772242321+00:00,pending_new,,,
2026-03-19 00:11:37.076502198+00:00,300,cancel_requested,ask,2196.8,0.1348827527833325,2026-03-19 00:11:36.767689701+00:00,64.878,2026-03-19 00:11:36.517689701+00:00,pending_cancel,expected_edge_ask,2026-03-19 00:11:37.076502198+00:00,2026-03-19 00:11:37.326502198+00:00
2026-03-19 00:11:37.326502198+00:00,300,cancelled,ask,2196.8,0.1348827527833325,2026-03-19 00:11:36.767689701+00:00,64.878,2026-03-19 00:11:36.517689701+00:00,cancelled,expected_edge_ask,2026-03-19 00:11:37.076502198+00:00,2026-03-19 00:11:37.326502198+00:00
2026-03-19 00:11:41.620193343+00:00,301,cancel_requested,bid,2195.7,0.06511724721666749,2026-03-19 00:11:37.022242321+00:00,189.584,2026-03-19 00:11:36.772242321+00:00,pending_cancel,refresh_reprice,2026-03-19 00:11:41.620193343+00:00,2026-03-19 00:11:41.870193343+00:00
2026-03-19 00:11:41.620193343+00:00,302,placed,ask,2197.1,0.1348827527833325,2026-03-19 00:11:41.870193343+00:00,119.09400000000001,2026-03-19 00:11:41.620193343+00:00,pending_new,,,
2026-03-19 00:11:41.720505040+00:00,302,cancel_requested,ask,2197.1,0.1348827527833325,2026-03-19 00:11:41.870193343+00:00,119.09400000000001,2026-03-19 00:11:41.620193343+00:00,pending_cancel,pressure_stop_ask,2026-03-19 00:11:41.720505040+00:00,2026-03-19 00:11:41.970505040+00:00
2026-03-19 00:11:41.870193343+00:00,301,cancelled,bid,2195.7,0.06511724721666749,2026-03-19 00:11:37.022242321+00:00,189.584,2026-03-19 00:11:36.772242321+00:00,cancelled,refresh_reprice,2026-03-19 00:11:41.620193343+00:00,2026-03-19 00:11:41.870193343+00:00
2026-03-19 00:11:41.871999271+00:00,303,placed,bid,2195.9,0.06511724721666749,2026-03-19 00:11:42.121999271+00:00,201.459,2026-03-19 00:11:41.871999271+00:00,pending_new,,,
2026-03-19 00:11:41.970505040+00:00,302,cancelled,ask,2197.1,0.1348827527833325,2026-03-19 00:11:41.870193343+00:00,119.09400000000001,2026-03-19 00:11:41.620193343+00:00,cancelled,pressure_stop_ask,2026-03-19 00:11:41.720505040+00:00,2026-03-19 00:11:41.970505040+00:00
2026-03-19 00:11:44.632910637+00:00,303,cancel_requested,bid,2195.9,0.06511724721666749,2026-03-19 00:11:42.121999271+00:00,201.459,2026-03-19 00:11:41.871999271+00:00,pending_cancel,pressure_stop_bid,2026-03-19 00:11:44.632910637+00:00,2026-03-19 00:11:44.882910637+00:00
2026-03-19 00:11:44.632910637+00:00,304,placed,ask,2196.9,0.1348827527833325,2026-03-19 00:11:44.882910637+00:00,108.005,2026-03-19 00:11:44.632910637+00:00,pending_new,,,
2026-03-19 00:11:44.783094944+00:00,304,cancel_requested,ask,2196.9,0.1348827527833325,2026-03-19 00:11:44.882910637+00:00,108.005,2026-03-19 00:11:44.632910637+00:00,pending_cancel,refresh_reprice,2026-03-19 00:11:44.783094944+00:00,2026-03-19 00:11:45.033094944+00:00
2026-03-19 00:11:44.882910637+00:00,303,cancelled,bid,2195.9,0.06511724721666749,2026-03-19 00:11:42.121999271+00:00,201.459,2026-03-19 00:11:41.871999271+00:00,cancelled,pressure_stop_bid,2026-03-19 00:11:44.632910637+00:00,2026-03-19 00:11:44.882910637+00:00
2026-03-19 00:11:44.937834811+00:00,305,placed,bid,2195.5,0.06511724721666749,2026-03-19 00:11:45.187834811+00:00,162.94299999999998,2026-03-19 00:11:44.937834811+00:00,pending_new,,,
2026-03-19 00:11:45.033094944+00:00,304,cancelled,ask,2196.9,0.1348827527833325,2026-03-19 00:11:44.882910637+00:00,108.005,2026-03-19 00:11:44.632910637+00:00,cancelled,refresh_reprice,2026-03-19 00:11:44.783094944+00:00,2026-03-19 00:11:45.033094944+00:00
2026-03-19 00:11:45.035916859+00:00,306,placed,ask,2196.9,0.1348827527833325,2026-03-19 00:11:45.285916859+00:00,76.004,2026-03-19 00:11:45.035916859+00:00,pending_new,,,
2026-03-19 00:11:45.193759861+00:00,306,cancel_requested,ask,2196.9,0.1348827527833325,2026-03-19 00:11:45.285916859+00:00,76.004,2026-03-19 00:11:45.035916859+00:00,pending_cancel,pressure_stop_ask,2026-03-19 00:11:45.193759861+00:00,2026-03-19 00:11:45.443759861+00:00
2026-03-19 00:11:45.443759861+00:00,306,cancelled,ask,2196.9,0.1348827527833325,2026-03-19 00:11:45.285916859+00:00,76.004,2026-03-19 00:11:45.035916859+00:00,cancelled,pressure_stop_ask,2026-03-19 00:11:45.193759861+00:00,2026-03-19 00:11:45.443759861+00:00
2026-03-19 00:11:45.988319922+00:00,305,cancel_requested,bid,2195.5,0.06511724721666749,2026-03-19 00:11:45.187834811+00:00,162.94299999999998,2026-03-19 00:11:44.937834811+00:00,pending_cancel,refresh_reprice,2026-03-19 00:11:45.988319922+00:00,2026-03-19 00:11:46.238319922+00:00
2026-03-19 00:11:46.238319922+00:00,305,cancelled,bid,2195.5,0.06511724721666749,2026-03-19 00:11:45.187834811+00:00,162.94299999999998,2026-03-19 00:11:44.937834811+00:00,cancelled,refresh_reprice,2026-03-19 00:11:45.988319922+00:00,2026-03-19 00:11:46.238319922+00:00
2026-03-19 00:11:46.257349492+00:00,307,placed,bid,2195.8,0.06511724721666749,2026-03-19 00:11:46.507349492+00:00,217.393,2026-03-19 00:11:46.257349492+00:00,pending_new,,,
2026-03-19 00:11:53.413366972+00:00,307,cancel_requested,bid,2195.8,0.06511724721666749,2026-03-19 00:11:46.507349492+00:00,217.393,2026-03-19 00:11:46.257349492+00:00,pending_cancel,refresh_reprice,2026-03-19 00:11:53.413366972+00:00,2026-03-19 00:11:53.663366972+00:00
2026-03-19 00:11:53.413366972+00:00,308,placed,ask,2197.2,0.13396204639145357,2026-03-19 00:11:53.663366972+00:00,28.418999999999997,2026-03-19 00:11:53.413366972+00:00,pending_new,,,
2026-03-19 00:11:53.458224357+00:00,308,cancel_requested,ask,2197.2,0.13396204639145357,2026-03-19 00:11:53.663366972+00:00,28.418999999999997,2026-03-19 00:11:53.413366972+00:00,pending_cancel,pressure_stop_ask,2026-03-19 00:11:53.458224357+00:00,2026-03-19 00:11:53.708224357+00:00
2026-03-19 00:11:53.663366972+00:00,307,cancelled,bid,2195.8,0.06511724721666749,2026-03-19 00:11:46.507349492+00:00,217.393,2026-03-19 00:11:46.257349492+00:00,cancelled,refresh_reprice,2026-03-19 00:11:53.413366972+00:00,2026-03-19 00:11:53.663366972+00:00
2026-03-19 00:11:53.670182996+00:00,309,placed,bid,2196.2,0.06603795360854643,2026-03-19 00:11:53.920182996+00:00,175.24699999999999,2026-03-19 00:11:53.670182996+00:00,pending_new,,,
2026-03-19 00:11:53.708224357+00:00,308,cancelled,ask,2197.2,0.13396204639145357,2026-03-19 00:11:53.663366972+00:00,28.418999999999997,2026-03-19 00:11:53.413366972+00:00,cancelled,pressure_stop_ask,2026-03-19 00:11:53.458224357+00:00,2026-03-19 00:11:53.708224357+00:00
2026-03-19 00:11:55.559160621+00:00,309,cancel_requested,bid,2196.2,0.06603795360854643,2026-03-19 00:11:53.920182996+00:00,175.24699999999999,2026-03-19 00:11:53.670182996+00:00,pending_cancel,refresh_reprice,2026-03-19 00:11:55.559160621+00:00,2026-03-19 00:11:55.809160621+00:00
2026-03-19 00:11:55.809160621+00:00,309,cancelled,bid,2196.2,0.06603795360854643,2026-03-19 00:11:53.920182996+00:00,175.24699999999999,2026-03-19 00:11:53.670182996+00:00,cancelled,refresh_reprice,2026-03-19 00:11:55.559160621+00:00,2026-03-19 00:11:55.809160621+00:00
2026-03-19 00:11:55.812202098+00:00,310,placed,bid,2196.6,0.06603795360854643,2026-03-19 00:11:56.062202098+00:00,160.849,2026-03-19 00:11:55.812202098+00:00,pending_new,,,
2026-03-19 00:11:55.812202098+00:00,311,placed,ask,2197.6,0.13396204639145357,2026-03-19 00:11:56.062202098+00:00,86.584,2026-03-19 00:11:55.812202098+00:00,pending_new,,,
2026-03-19 00:11:55.894131733+00:00,311,cancel_requested,ask,2197.6,0.13396204639145357,2026-03-19 00:11:56.062202098+00:00,86.584,2026-03-19 00:11:55.812202098+00:00,pending_cancel,expected_edge_ask,2026-03-19 00:11:55.894131733+00:00,2026-03-19 00:11:56.144131733+00:00
2026-03-19 00:11:56.144131733+00:00,311,cancelled,ask,2197.6,0.13396204639145357,2026-03-19 00:11:56.062202098+00:00,86.584,2026-03-19 00:11:55.812202098+00:00,cancelled,expected_edge_ask,2026-03-19 00:11:55.894131733+00:00,2026-03-19 00:11:56.144131733+00:00
2026-03-19 00:11:56.157345396+00:00,312,placed,ask,2197.6,0.13396204639145357,2026-03-19 00:11:56.407345396+00:00,85.22099999999999,2026-03-19 00:11:56.157345396+00:00,pending_new,,,
2026-03-19 00:11:56.271480016+00:00,312,cancel_requested,ask,2197.6,0.13396204639145357,2026-03-19 00:11:56.407345396+00:00,85.22099999999999,2026-03-19 00:11:56.157345396+00:00,pending_cancel,pressure_stop_ask,2026-03-19 00:11:56.271480016+00:00,2026-03-19 00:11:56.521480016+00:00
2026-03-19 00:11:56.521480016+00:00,312,cancelled,ask,2197.6,0.13396204639145357,2026-03-19 00:11:56.407345396+00:00,85.22099999999999,2026-03-19 00:11:56.157345396+00:00,cancelled,pressure_stop_ask,2026-03-19 00:11:56.271480016+00:00,2026-03-19 00:11:56.521480016+00:00
2026-03-19 00:11:57.448453937+00:00,310,cancel_requested,bid,2196.6,0.06603795360854643,2026-03-19 00:11:56.062202098+00:00,160.849,2026-03-19 00:11:55.812202098+00:00,pending_cancel,refresh_reprice,2026-03-19 00:11:57.448453937+00:00,2026-03-19 00:11:57.698453937+00:00
2026-03-19 00:11:57.448453937+00:00,313,placed,ask,2197.9,0.13396204639145357,2026-03-19 00:11:57.698453937+00:00,110.242,2026-03-19 00:11:57.448453937+00:00,pending_new,,,
2026-03-19 00:11:57.698453937+00:00,310,cancelled,bid,2196.6,0.06603795360854643,2026-03-19 00:11:56.062202098+00:00,160.849,2026-03-19 00:11:55.812202098+00:00,cancelled,refresh_reprice,2026-03-19 00:11:57.448453937+00:00,2026-03-19 00:11:57.698453937+00:00
2026-03-19 00:11:57.857665267+00:00,314,placed,bid,2197.0,0.06603795360854643,2026-03-19 00:11:58.107665267+00:00,139.37,2026-03-19 00:11:57.857665267+00:00,pending_new,,,
2026-03-19 00:11:57.907620986+00:00,313,cancel_requested,ask,2197.9,0.13396204639145357,2026-03-19 00:11:57.698453937+00:00,110.242,2026-03-19 00:11:57.448453937+00:00,pending_cancel,expected_edge_ask,2026-03-19 00:11:57.907620986+00:00,2026-03-19 00:11:58.157620986+00:00
2026-03-19 00:11:58.110895005+00:00,314,cancel_requested,bid,2197.0,0.06603795360854643,2026-03-19 00:11:58.107665267+00:00,139.37,2026-03-19 00:11:57.857665267+00:00,pending_cancel,pressure_stop_bid,2026-03-19 00:11:58.110895005+00:00,2026-03-19 00:11:58.360895005+00:00
2026-03-19 00:11:58.157620986+00:00,313,cancelled,ask,2197.9,0.13396204639145357,2026-03-19 00:11:57.698453937+00:00,110.242,2026-03-19 00:11:57.448453937+00:00,cancelled,expected_edge_ask,2026-03-19 00:11:57.907620986+00:00,2026-03-19 00:11:58.157620986+00:00
2026-03-19 00:11:58.160548012+00:00,315,placed,ask,2198.0,0.13396204639145357,2026-03-19 00:11:58.410548012+00:00,207.102,2026-03-19 00:11:58.160548012+00:00,pending_new,,,
2026-03-19 00:11:58.360895005+00:00,314,cancelled,bid,2197.0,0.06603795360854643,2026-03-19 00:11:58.107665267+00:00,139.37,2026-03-19 00:11:57.857665267+00:00,cancelled,pressure_stop_bid,2026-03-19 00:11:58.110895005+00:00,2026-03-19 00:11:58.360895005+00:00
2026-03-19 00:11:59.747337456+00:00,315,cancel_requested,ask,2198.0,0.13396204639145357,2026-03-19 00:11:58.410548012+00:00,207.102,2026-03-19 00:11:58.160548012+00:00,pending_cancel,expected_edge_ask,2026-03-19 00:11:59.747337456+00:00,2026-03-19 00:11:59.997337456+00:00
2026-03-19 00:11:59.747337456+00:00,316,placed,bid,2196.9,0.06603795360854643,2026-03-19 00:11:59.997337456+00:00,169.70100000000002,2026-03-19 00:11:59.747337456+00:00,pending_new,,,
2026-03-19 00:11:59.997337456+00:00,315,cancelled,ask,2198.0,0.13396204639145357,2026-03-19 00:11:58.410548012+00:00,207.102,2026-03-19 00:11:58.160548012+00:00,cancelled,expected_edge_ask,2026-03-19 00:11:59.747337456+00:00,2026-03-19 00:11:59.997337456+00:00
2026-03-19 00:12:00.054109397+00:00,317,placed,ask,2197.9,0.13396204639145357,2026-03-19 00:12:00.304109397+00:00,87.793,2026-03-19 00:12:00.054109397+00:00,pending_new,,,
2026-03-19 00:12:00.614878551+00:00,317,cancel_requested,ask,2197.9,0.13396204639145357,2026-03-19 00:12:00.304109397+00:00,87.793,2026-03-19 00:12:00.054109397+00:00,pending_cancel,pressure_stop_ask,2026-03-19 00:12:00.614878551+00:00,2026-03-19 00:12:00.864878551+00:00
2026-03-19 00:12:00.864878551+00:00,317,cancelled,ask,2197.9,0.13396204639145357,2026-03-19 00:12:00.304109397+00:00,87.793,2026-03-19 00:12:00.054109397+00:00,cancelled,pressure_stop_ask,2026-03-19 00:12:00.614878551+00:00,2026-03-19 00:12:00.864878551+00:00
2026-03-19 00:12:00.869759182+00:00,316,cancel_requested,bid,2196.9,0.06603795360854643,2026-03-19 00:11:59.997337456+00:00,169.70100000000002,2026-03-19 00:11:59.747337456+00:00,pending_cancel,refresh_reprice,2026-03-19 00:12:00.869759182+00:00,2026-03-19 00:12:01.119759182+00:00
2026-03-19 00:12:00.869759182+00:00,318,placed,ask,2198.3,0.13396204639145357,2026-03-19 00:12:01.119759182+00:00,50.239999999999995,2026-03-19 00:12:00.869759182+00:00,pending_new,,,
2026-03-19 00:12:00.920930785+00:00,318,cancel_requested,ask,2198.3,0.13396204639145357,2026-03-19 00:12:01.119759182+00:00,50.239999999999995,2026-03-19 00:12:00.869759182+00:00,pending_cancel,pressure_stop_ask,2026-03-19 00:12:00.920930785+00:00,2026-03-19 00:12:01.170930785+00:00
2026-03-19 00:12:01.119759182+00:00,316,cancelled,bid,2196.9,0.06603795360854643,2026-03-19 00:11:59.997337456+00:00,169.70100000000002,2026-03-19 00:11:59.747337456+00:00,cancelled,refresh_reprice,2026-03-19 00:12:00.869759182+00:00,2026-03-19 00:12:01.119759182+00:00
2026-03-19 00:12:01.125140085+00:00,319,placed,bid,2197.3,0.06603795360854643,2026-03-19 00:12:01.375140085+00:00,188.26,2026-03-19 00:12:01.125140085+00:00,pending_new,,,
2026-03-19 00:12:01.170930785+00:00,318,cancelled,ask,2198.3,0.13396204639145357,2026-03-19 00:12:01.119759182+00:00,50.239999999999995,2026-03-19 00:12:00.869759182+00:00,cancelled,pressure_stop_ask,2026-03-19 00:12:00.920930785+00:00,2026-03-19 00:12:01.170930785+00:00
2026-03-19 00:12:02.096438029+00:00,319,cancel_requested,bid,2197.3,0.06603795360854643,2026-03-19 00:12:01.375140085+00:00,188.26,2026-03-19 00:12:01.125140085+00:00,pending_cancel,refresh_reprice,2026-03-19 00:12:02.096438029+00:00,2026-03-19 00:12:02.346438029+00:00
2026-03-19 00:12:02.096438029+00:00,320,placed,ask,2198.7,0.13396204639145357,2026-03-19 00:12:02.346438029+00:00,34.684,2026-03-19 00:12:02.096438029+00:00,pending_new,,,
2026-03-19 00:12:02.147122239+00:00,320,cancel_requested,ask,2198.7,0.13396204639145357,2026-03-19 00:12:02.346438029+00:00,34.684,2026-03-19 00:12:02.096438029+00:00,pending_cancel,pressure_stop_ask,2026-03-19 00:12:02.147122239+00:00,2026-03-19 00:12:02.397122239+00:00
2026-03-19 00:12:02.346438029+00:00,319,cancelled,bid,2197.3,0.06603795360854643,2026-03-19 00:12:01.375140085+00:00,188.26,2026-03-19 00:12:01.125140085+00:00,cancelled,refresh_reprice,2026-03-19 00:12:02.096438029+00:00,2026-03-19 00:12:02.346438029+00:00
2026-03-19 00:12:02.397122239+00:00,320,cancelled,ask,2198.7,0.13396204639145357,2026-03-19 00:12:02.346438029+00:00,34.684,2026-03-19 00:12:02.096438029+00:00,cancelled,pressure_stop_ask,2026-03-19 00:12:02.147122239+00:00,2026-03-19 00:12:02.397122239+00:00
2026-03-19 00:12:02.397486260+00:00,321,placed,bid,2197.7,0.06603795360854643,2026-03-19 00:12:02.647486260+00:00,186.91699999999997,2026-03-19 00:12:02.397486260+00:00,pending_new,,,
2026-03-19 00:12:03.983423961+00:00,321,cancel_requested,bid,2197.7,0.06603795360854643,2026-03-19 00:12:02.647486260+00:00,186.91699999999997,2026-03-19 00:12:02.397486260+00:00,pending_cancel,refresh_reprice,2026-03-19 00:12:03.983423961+00:00,2026-03-19 00:12:04.233423961+00:00
2026-03-19 00:12:03.983423961+00:00,322,placed,ask,2198.9,0.13396204639145357,2026-03-19 00:12:04.233423961+00:00,154.959,2026-03-19 00:12:03.983423961+00:00,pending_new,,,
2026-03-19 00:12:04.233423961+00:00,321,cancelled,bid,2197.7,0.06603795360854643,2026-03-19 00:12:02.647486260+00:00,186.91699999999997,2026-03-19 00:12:02.397486260+00:00,cancelled,refresh_reprice,2026-03-19 00:12:03.983423961+00:00,2026-03-19 00:12:04.233423961+00:00
2026-03-19 00:12:04.240885904+00:00,323,placed,bid,2197.9,0.06603795360854643,2026-03-19 00:12:04.490885904+00:00,159.329,2026-03-19 00:12:04.240885904+00:00,pending_new,,,
2026-03-19 00:12:04.263531117+00:00,322,cancel_requested,ask,2198.9,0.13396204639145357,2026-03-19 00:12:04.233423961+00:00,154.959,2026-03-19 00:12:03.983423961+00:00,pending_cancel,expected_edge_ask,2026-03-19 00:12:04.263531117+00:00,2026-03-19 00:12:04.513531117+00:00
2026-03-19 00:12:04.513531117+00:00,322,cancelled,ask,2198.9,0.13396204639145357,2026-03-19 00:12:04.233423961+00:00,154.959,2026-03-19 00:12:03.983423961+00:00,cancelled,expected_edge_ask,2026-03-19 00:12:04.263531117+00:00,2026-03-19 00:12:04.513531117+00:00
2026-03-19 00:12:04.536772951+00:00,324,placed,ask,2198.9,0.13396204639145357,2026-03-19 00:12:04.786772951+00:00,145.01999999999998,2026-03-19 00:12:04.536772951+00:00,pending_new,,,
2026-03-19 00:12:04.995744102+00:00,324,cancel_requested,ask,2198.9,0.13396204639145357,2026-03-19 00:12:04.786772951+00:00,145.01999999999998,2026-03-19 00:12:04.536772951+00:00,pending_cancel,pressure_stop_ask,2026-03-19 00:12:04.995744102+00:00,2026-03-19 00:12:05.245744102+00:00
2026-03-19 00:12:05.245744102+00:00,324,cancelled,ask,2198.9,0.13396204639145357,2026-03-19 00:12:04.786772951+00:00,145.01999999999998,2026-03-19 00:12:04.536772951+00:00,cancelled,pressure_stop_ask,2026-03-19 00:12:04.995744102+00:00,2026-03-19 00:12:05.245744102+00:00
2026-03-19 00:12:06.639215567+00:00,325,placed,ask,2199.1,0.13396204639145357,2026-03-19 00:12:06.889215567+00:00,60.791,2026-03-19 00:12:06.639215567+00:00,pending_new,,,
2026-03-19 00:12:06.689996758+00:00,325,cancel_requested,ask,2199.1,0.13396204639145357,2026-03-19 00:12:06.889215567+00:00,60.791,2026-03-19 00:12:06.639215567+00:00,pending_cancel,pressure_stop_ask,2026-03-19 00:12:06.689996758+00:00,2026-03-19 00:12:06.939996758+00:00
2026-03-19 00:12:06.788576957+00:00,323,cancel_requested,bid,2197.9,0.06603795360854643,2026-03-19 00:12:04.490885904+00:00,159.329,2026-03-19 00:12:04.240885904+00:00,pending_cancel,refresh_reprice,2026-03-19 00:12:06.788576957+00:00,2026-03-19 00:12:07.038576957+00:00
2026-03-19 00:12:06.939996758+00:00,325,cancelled,ask,2199.1,0.13396204639145357,2026-03-19 00:12:06.889215567+00:00,60.791,2026-03-19 00:12:06.639215567+00:00,cancelled,pressure_stop_ask,2026-03-19 00:12:06.689996758+00:00,2026-03-19 00:12:06.939996758+00:00
2026-03-19 00:12:07.038576957+00:00,323,cancelled,bid,2197.9,0.06603795360854643,2026-03-19 00:12:04.490885904+00:00,159.329,2026-03-19 00:12:04.240885904+00:00,cancelled,refresh_reprice,2026-03-19 00:12:06.788576957+00:00,2026-03-19 00:12:07.038576957+00:00
2026-03-19 00:12:07.043677868+00:00,326,placed,bid,2198.2,0.06603795360854643,2026-03-19 00:12:07.293677868+00:00,158.37099999999998,2026-03-19 00:12:07.043677868+00:00,pending_new,,,
2026-03-19 00:12:07.149077358+00:00,326,cancel_requested,bid,2198.2,0.06603795360854643,2026-03-19 00:12:07.293677868+00:00,158.37099999999998,2026-03-19 00:12:07.043677868+00:00,pending_cancel,refresh_reprice,2026-03-19 00:12:07.149077358+00:00,2026-03-19 00:12:07.399077358+00:00
2026-03-19 00:12:07.399077358+00:00,326,cancelled,bid,2198.2,0.06603795360854643,2026-03-19 00:12:07.293677868+00:00,158.37099999999998,2026-03-19 00:12:07.043677868+00:00,cancelled,refresh_reprice,2026-03-19 00:12:07.149077358+00:00,2026-03-19 00:12:07.399077358+00:00
2026-03-19 00:12:07.437222410+00:00,327,placed,bid,2198.4,0.06603795360854643,2026-03-19 00:12:07.687222410+00:00,152.03099999999998,2026-03-19 00:12:07.437222410+00:00,pending_new,,,
2026-03-19 00:12:07.437222410+00:00,328,placed,ask,2199.4,0.13396204639145357,2026-03-19 00:12:07.687222410+00:00,102.53,2026-03-19 00:12:07.437222410+00:00,pending_new,,,
2026-03-19 00:12:07.669010976+00:00,328,cancel_requested,ask,2199.4,0.13396204639145357,2026-03-19 00:12:07.687222410+00:00,102.53,2026-03-19 00:12:07.437222410+00:00,pending_cancel,pressure_stop_ask,2026-03-19 00:12:07.669010976+00:00,2026-03-19 00:12:07.919010976+00:00
2026-03-19 00:12:07.919010976+00:00,328,cancelled,ask,2199.4,0.13396204639145357,2026-03-19 00:12:07.687222410+00:00,102.53,2026-03-19 00:12:07.437222410+00:00,cancelled,pressure_stop_ask,2026-03-19 00:12:07.669010976+00:00,2026-03-19 00:12:07.919010976+00:00
2026-03-19 00:12:09.190633276+00:00,329,placed,ask,2199.6,0.13396204639145357,2026-03-19 00:12:09.440633276+00:00,31.542,2026-03-19 00:12:09.190633276+00:00,pending_new,,,
2026-03-19 00:12:09.240477773+00:00,329,cancel_requested,ask,2199.6,0.13396204639145357,2026-03-19 00:12:09.440633276+00:00,31.542,2026-03-19 00:12:09.190633276+00:00,pending_cancel,pressure_stop_ask,2026-03-19 00:12:09.240477773+00:00,2026-03-19 00:12:09.490477773+00:00
2026-03-19 00:12:09.343048500+00:00,327,cancel_requested,bid,2198.4,0.06603795360854643,2026-03-19 00:12:07.687222410+00:00,152.03099999999998,2026-03-19 00:12:07.437222410+00:00,pending_cancel,refresh_reprice,2026-03-19 00:12:09.343048500+00:00,2026-03-19 00:12:09.593048500+00:00
2026-03-19 00:12:09.490477773+00:00,329,cancelled,ask,2199.6,0.13396204639145357,2026-03-19 00:12:09.440633276+00:00,31.542,2026-03-19 00:12:09.190633276+00:00,cancelled,pressure_stop_ask,2026-03-19 00:12:09.240477773+00:00,2026-03-19 00:12:09.490477773+00:00
2026-03-19 00:12:09.593048500+00:00,327,cancelled,bid,2198.4,0.06603795360854643,2026-03-19 00:12:07.687222410+00:00,152.03099999999998,2026-03-19 00:12:07.437222410+00:00,cancelled,refresh_reprice,2026-03-19 00:12:09.343048500+00:00,2026-03-19 00:12:09.593048500+00:00
2026-03-19 00:12:09.646664523+00:00,330,placed,bid,2198.7,0.06603795360854643,2026-03-19 00:12:09.896664523+00:00,152.291,2026-03-19 00:12:09.646664523+00:00,pending_new,,,
2026-03-19 00:12:13.322325772+00:00,330,cancel_requested,bid,2198.7,0.06603795360854643,2026-03-19 00:12:09.896664523+00:00,152.291,2026-03-19 00:12:09.646664523+00:00,pending_cancel,pressure_stop_bid,2026-03-19 00:12:13.322325772+00:00,2026-03-19 00:12:13.572325772+00:00
2026-03-19 00:12:13.322325772+00:00,331,placed,ask,2199.6,0.13272499303070756,2026-03-19 00:12:13.572325772+00:00,134.063,2026-03-19 00:12:13.322325772+00:00,pending_new,,,
2026-03-19 00:12:13.572325772+00:00,330,cancelled,bid,2198.7,0.06603795360854643,2026-03-19 00:12:09.896664523+00:00,152.291,2026-03-19 00:12:09.646664523+00:00,cancelled,pressure_stop_bid,2026-03-19 00:12:13.322325772+00:00,2026-03-19 00:12:13.572325772+00:00
2026-03-19 00:12:16.388661241+00:00,331,cancel_requested,ask,2199.6,0.13272499303070756,2026-03-19 00:12:13.572325772+00:00,134.063,2026-03-19 00:12:13.322325772+00:00,pending_cancel,refresh_reprice,2026-03-19 00:12:16.388661241+00:00,2026-03-19 00:12:16.638661241+00:00
2026-03-19 00:12:16.638661241+00:00,331,cancelled,ask,2199.6,0.13272499303070756,2026-03-19 00:12:13.572325772+00:00,134.063,2026-03-19 00:12:13.322325772+00:00,cancelled,refresh_reprice,2026-03-19 00:12:16.388661241+00:00,2026-03-19 00:12:16.638661241+00:00
2026-03-19 00:12:16.643463356+00:00,332,placed,ask,2199.0,0.13272499303070756,2026-03-19 00:12:16.893463356+00:00,68.128,2026-03-19 00:12:16.643463356+00:00,pending_new,,,
2026-03-19 00:12:17.969659077+00:00,332,cancel_requested,ask,2199.0,0.13272499303070756,2026-03-19 00:12:16.893463356+00:00,68.128,2026-03-19 00:12:16.643463356+00:00,pending_cancel,pressure_stop_ask,2026-03-19 00:12:17.969659077+00:00,2026-03-19 00:12:18.219659077+00:00
2026-03-19 00:12:17.969659077+00:00,333,placed,bid,2198.2,0.06727500696929246,2026-03-19 00:12:18.219659077+00:00,146.26399999999998,2026-03-19 00:12:17.969659077+00:00,pending_new,,,
2026-03-19 00:12:18.219659077+00:00,332,cancelled,ask,2199.0,0.13272499303070756,2026-03-19 00:12:16.893463356+00:00,68.128,2026-03-19 00:12:16.643463356+00:00,cancelled,pressure_stop_ask,2026-03-19 00:12:17.969659077+00:00,2026-03-19 00:12:18.219659077+00:00
2026-03-19 00:12:25.058677197+00:00,333,cancel_requested,bid,2198.2,0.06727500696929246,2026-03-19 00:12:18.219659077+00:00,146.26399999999998,2026-03-19 00:12:17.969659077+00:00,pending_cancel,pressure_stop_bid,2026-03-19 00:12:25.058677197+00:00,2026-03-19 00:12:25.308677197+00:00
2026-03-19 00:12:25.058677197+00:00,334,placed,ask,2199.1,0.13272499303070756,2026-03-19 00:12:25.308677197+00:00,143.452,2026-03-19 00:12:25.058677197+00:00,pending_new,,,
2026-03-19 00:12:25.308677197+00:00,333,cancelled,bid,2198.2,0.06727500696929246,2026-03-19 00:12:18.219659077+00:00,146.26399999999998,2026-03-19 00:12:17.969659077+00:00,cancelled,pressure_stop_bid,2026-03-19 00:12:25.058677197+00:00,2026-03-19 00:12:25.308677197+00:00
2026-03-19 00:12:29.502546608+00:00,334,cancel_requested,ask,2199.1,0.13272499303070756,2026-03-19 00:12:25.308677197+00:00,143.452,2026-03-19 00:12:25.058677197+00:00,pending_cancel,expected_edge_ask,2026-03-19 00:12:29.502546608+00:00,2026-03-19 00:12:29.752546608+00:00
2026-03-19 00:12:29.502546608+00:00,335,placed,bid,2198.2,0.06727500696929246,2026-03-19 00:12:29.752546608+00:00,149.221,2026-03-19 00:12:29.502546608+00:00,pending_new,,,
2026-03-19 00:12:29.752546608+00:00,334,cancelled,ask,2199.1,0.13272499303070756,2026-03-19 00:12:25.308677197+00:00,143.452,2026-03-19 00:12:25.058677197+00:00,cancelled,expected_edge_ask,2026-03-19 00:12:29.502546608+00:00,2026-03-19 00:12:29.752546608+00:00
2026-03-19 00:12:31.492015962+00:00,335,cancel_requested,bid,2198.2,0.06727500696929246,2026-03-19 00:12:29.752546608+00:00,149.221,2026-03-19 00:12:29.502546608+00:00,pending_cancel,refresh_reprice,2026-03-19 00:12:31.492015962+00:00,2026-03-19 00:12:31.742015962+00:00
2026-03-19 00:12:31.742015962+00:00,335,cancelled,bid,2198.2,0.06727500696929246,2026-03-19 00:12:29.752546608+00:00,149.221,2026-03-19 00:12:29.502546608+00:00,cancelled,refresh_reprice,2026-03-19 00:12:31.492015962+00:00,2026-03-19 00:12:31.742015962+00:00
2026-03-19 00:12:31.770226084+00:00,336,placed,bid,2198.4,0.06757450401542549,2026-03-19 00:12:32.020226084+00:00,149.30100000000002,2026-03-19 00:12:31.770226084+00:00,pending_new,,,
2026-03-19 00:12:34.502396007+00:00,336,cancel_requested,bid,2198.4,0.06757450401542549,2026-03-19 00:12:32.020226084+00:00,149.30100000000002,2026-03-19 00:12:31.770226084+00:00,pending_cancel,pressure_stop_bid,2026-03-19 00:12:34.502396007+00:00,2026-03-19 00:12:34.752396007+00:00
2026-03-19 00:12:34.502396007+00:00,337,placed,ask,2199.2,0.1324254959845745,2026-03-19 00:12:34.752396007+00:00,154.737,2026-03-19 00:12:34.502396007+00:00,pending_new,,,
2026-03-19 00:12:34.752396007+00:00,336,cancelled,bid,2198.4,0.06757450401542549,2026-03-19 00:12:32.020226084+00:00,149.30100000000002,2026-03-19 00:12:31.770226084+00:00,cancelled,pressure_stop_bid,2026-03-19 00:12:34.502396007+00:00,2026-03-19 00:12:34.752396007+00:00
2026-03-19 00:12:35.877185428+00:00,337,cancel_requested,ask,2199.2,0.1324254959845745,2026-03-19 00:12:34.752396007+00:00,154.737,2026-03-19 00:12:34.502396007+00:00,pending_cancel,expected_edge_ask,2026-03-19 00:12:35.877185428+00:00,2026-03-19 00:12:36.127185428+00:00
2026-03-19 00:12:36.127185428+00:00,337,cancelled,ask,2199.2,0.1324254959845745,2026-03-19 00:12:34.752396007+00:00,154.737,2026-03-19 00:12:34.502396007+00:00,cancelled,expected_edge_ask,2026-03-19 00:12:35.877185428+00:00,2026-03-19 00:12:36.127185428+00:00
2026-03-19 00:12:46.211826656+00:00,338,placed,bid,2198.0,0.06757450401542549,2026-03-19 00:12:46.461826656+00:00,196.454,2026-03-19 00:12:46.211826656+00:00,pending_new,,,
2026-03-19 00:12:47.318640682+00:00,338,cancel_requested,bid,2198.0,0.06757450401542549,2026-03-19 00:12:46.461826656+00:00,196.454,2026-03-19 00:12:46.211826656+00:00,pending_cancel,pressure_stop_bid,2026-03-19 00:12:47.318640682+00:00,2026-03-19 00:12:47.568640682+00:00
2026-03-19 00:12:47.318640682+00:00,339,placed,ask,2198.6,0.1324254959845745,2026-03-19 00:12:47.568640682+00:00,85.042,2026-03-19 00:12:47.318640682+00:00,pending_new,,,
2026-03-19 00:12:47.369562875+00:00,339,cancel_requested,ask,2198.6,0.1324254959845745,2026-03-19 00:12:47.568640682+00:00,85.042,2026-03-19 00:12:47.318640682+00:00,pending_cancel,expected_edge_ask,2026-03-19 00:12:47.369562875+00:00,2026-03-19 00:12:47.619562875+00:00
2026-03-19 00:12:47.568640682+00:00,338,cancelled,bid,2198.0,0.06757450401542549,2026-03-19 00:12:46.461826656+00:00,196.454,2026-03-19 00:12:46.211826656+00:00,cancelled,pressure_stop_bid,2026-03-19 00:12:47.318640682+00:00,2026-03-19 00:12:47.568640682+00:00
2026-03-19 00:12:47.619562875+00:00,339,cancelled,ask,2198.6,0.1324254959845745,2026-03-19 00:12:47.568640682+00:00,85.042,2026-03-19 00:12:47.318640682+00:00,cancelled,expected_edge_ask,2026-03-19 00:12:47.369562875+00:00,2026-03-19 00:12:47.619562875+00:00
2026-03-19 00:12:47.627205462+00:00,340,placed,ask,2198.5,0.1324254959845745,2026-03-19 00:12:47.877205462+00:00,80.666,2026-03-19 00:12:47.627205462+00:00,pending_new,,,
2026-03-19 00:12:47.760567681+00:00,340,cancel_requested,ask,2198.5,0.1324254959845745,2026-03-19 00:12:47.877205462+00:00,80.666,2026-03-19 00:12:47.627205462+00:00,pending_cancel,expected_edge_ask,2026-03-19 00:12:47.760567681+00:00,2026-03-19 00:12:48.010567681+00:00
2026-03-19 00:12:48.010567681+00:00,340,cancelled,ask,2198.5,0.1324254959845745,2026-03-19 00:12:47.877205462+00:00,80.666,2026-03-19 00:12:47.627205462+00:00,cancelled,expected_edge_ask,2026-03-19 00:12:47.760567681+00:00,2026-03-19 00:12:48.010567681+00:00
2026-03-19 00:12:58.168958170+00:00,341,placed,bid,2197.0,0.06791759136291053,2026-03-19 00:12:58.418958170+00:00,161.788,2026-03-19 00:12:58.168958170+00:00,pending_new,,,
2026-03-19 00:12:59.369901454+00:00,341,cancel_requested,bid,2197.0,0.06791759136291053,2026-03-19 00:12:58.418958170+00:00,161.788,2026-03-19 00:12:58.168958170+00:00,pending_cancel,refresh_reprice,2026-03-19 00:12:59.369901454+00:00,2026-03-19 00:12:59.619901454+00:00
2026-03-19 00:12:59.619901454+00:00,341,cancelled,bid,2197.0,0.06791759136291053,2026-03-19 00:12:58.418958170+00:00,161.788,2026-03-19 00:12:58.168958170+00:00,cancelled,refresh_reprice,2026-03-19 00:12:59.369901454+00:00,2026-03-19 00:12:59.619901454+00:00
2026-03-19 00:12:59.667354318+00:00,342,placed,bid,2197.5,0.06791759136291053,2026-03-19 00:12:59.917354318+00:00,111.4,2026-03-19 00:12:59.667354318+00:00,pending_new,,,
2026-03-19 00:13:00.135648479+00:00,342,cancel_requested,bid,2197.5,0.06791759136291053,2026-03-19 00:12:59.917354318+00:00,111.4,2026-03-19 00:12:59.667354318+00:00,pending_cancel,pressure_stop_bid,2026-03-19 00:13:00.135648479+00:00,2026-03-19 00:13:00.385648479+00:00
2026-03-19 00:13:00.135648479+00:00,343,placed,ask,2198.1,0.13208240863708948,2026-03-19 00:13:00.385648479+00:00,131.75900000000001,2026-03-19 00:13:00.135648479+00:00,pending_new,,,
2026-03-19 00:13:00.237614443+00:00,343,cancel_requested,ask,2198.1,0.13208240863708948,2026-03-19 00:13:00.385648479+00:00,131.75900000000001,2026-03-19 00:13:00.135648479+00:00,pending_cancel,refresh_reprice,2026-03-19 00:13:00.237614443+00:00,2026-03-19 00:13:00.487614443+00:00
2026-03-19 00:13:00.385648479+00:00,342,cancelled,bid,2197.5,0.06791759136291053,2026-03-19 00:12:59.917354318+00:00,111.4,2026-03-19 00:12:59.667354318+00:00,cancelled,pressure_stop_bid,2026-03-19 00:13:00.135648479+00:00,2026-03-19 00:13:00.385648479+00:00
2026-03-19 00:13:00.487614443+00:00,343,cancelled,ask,2198.1,0.13208240863708948,2026-03-19 00:13:00.385648479+00:00,131.75900000000001,2026-03-19 00:13:00.135648479+00:00,cancelled,refresh_reprice,2026-03-19 00:13:00.237614443+00:00,2026-03-19 00:13:00.487614443+00:00
2026-03-19 00:13:05.540447988+00:00,344,placed,bid,2197.7,0.06791759136291053,2026-03-19 00:13:05.790447988+00:00,162.31699999999998,2026-03-19 00:13:05.540447988+00:00,pending_new,,,
2026-03-19 00:13:10.703493627+00:00,344,cancel_requested,bid,2197.7,0.06791759136291053,2026-03-19 00:13:05.790447988+00:00,162.31699999999998,2026-03-19 00:13:05.540447988+00:00,pending_cancel,refresh_reprice,2026-03-19 00:13:10.703493627+00:00,2026-03-19 00:13:10.953493627+00:00
2026-03-19 00:13:10.953493627+00:00,344,cancelled,bid,2197.7,0.06791759136291053,2026-03-19 00:13:05.790447988+00:00,162.31699999999998,2026-03-19 00:13:05.540447988+00:00,cancelled,refresh_reprice,2026-03-19 00:13:10.703493627+00:00,2026-03-19 00:13:10.953493627+00:00
2026-03-19 00:13:10.958627141+00:00,345,placed,bid,2197.9,0.06791759136291053,2026-03-19 00:13:11.208627141+00:00,194.256,2026-03-19 00:13:10.958627141+00:00,pending_new,,,
2026-03-19 00:13:11.260609078+00:00,345,cancel_requested,bid,2197.9,0.06791759136291053,2026-03-19 00:13:11.208627141+00:00,194.256,2026-03-19 00:13:10.958627141+00:00,pending_cancel,refresh_reprice,2026-03-19 00:13:11.260609078+00:00,2026-03-19 00:13:11.510609078+00:00
2026-03-19 00:13:11.260609078+00:00,346,placed,ask,2199.0,0.131605599429524,2026-03-19 00:13:11.510609078+00:00,113.656,2026-03-19 00:13:11.260609078+00:00,pending_new,,,
2026-03-19 00:13:11.351785914+00:00,346,cancel_requested,ask,2199.0,0.131605599429524,2026-03-19 00:13:11.510609078+00:00,113.656,2026-03-19 00:13:11.260609078+00:00,pending_cancel,expected_edge_ask,2026-03-19 00:13:11.351785914+00:00,2026-03-19 00:13:11.601785914+00:00
2026-03-19 00:13:11.510609078+00:00,345,cancelled,bid,2197.9,0.06791759136291053,2026-03-19 00:13:11.208627141+00:00,194.256,2026-03-19 00:13:10.958627141+00:00,cancelled,refresh_reprice,2026-03-19 00:13:11.260609078+00:00,2026-03-19 00:13:11.510609078+00:00
2026-03-19 00:13:11.535986163+00:00,347,placed,bid,2198.2,0.06839440057047602,2026-03-19 00:13:11.785986163+00:00,163.32299999999998,2026-03-19 00:13:11.535986163+00:00,pending_new,,,
2026-03-19 00:13:11.601785914+00:00,346,cancelled,ask,2199.0,0.131605599429524,2026-03-19 00:13:11.510609078+00:00,113.656,2026-03-19 00:13:11.260609078+00:00,cancelled,expected_edge_ask,2026-03-19 00:13:11.351785914+00:00,2026-03-19 00:13:11.601785914+00:00
2026-03-19 00:13:21.009687625+00:00,347,cancel_requested,bid,2198.2,0.06839440057047602,2026-03-19 00:13:11.785986163+00:00,163.32299999999998,2026-03-19 00:13:11.535986163+00:00,pending_cancel,pressure_stop_bid,2026-03-19 00:13:21.009687625+00:00,2026-03-19 00:13:21.259687625+00:00
2026-03-19 00:13:21.009687625+00:00,348,placed,ask,2199.0,0.131605599429524,2026-03-19 00:13:21.259687625+00:00,91.532,2026-03-19 00:13:21.009687625+00:00,pending_new,,,
2026-03-19 00:13:21.259687625+00:00,347,cancelled,bid,2198.2,0.06839440057047602,2026-03-19 00:13:11.785986163+00:00,163.32299999999998,2026-03-19 00:13:11.535986163+00:00,cancelled,pressure_stop_bid,2026-03-19 00:13:21.009687625+00:00,2026-03-19 00:13:21.259687625+00:00
2026-03-19 00:13:21.468305777+00:00,348,cancel_requested,ask,2199.0,0.131605599429524,2026-03-19 00:13:21.259687625+00:00,91.532,2026-03-19 00:13:21.009687625+00:00,pending_cancel,expected_edge_ask,2026-03-19 00:13:21.468305777+00:00,2026-03-19 00:13:21.718305777+00:00
2026-03-19 00:13:21.718305777+00:00,348,cancelled,ask,2199.0,0.131605599429524,2026-03-19 00:13:21.259687625+00:00,91.532,2026-03-19 00:13:21.009687625+00:00,cancelled,expected_edge_ask,2026-03-19 00:13:21.468305777+00:00,2026-03-19 00:13:21.718305777+00:00
2026-03-19 00:13:21.736640342+00:00,349,placed,bid,2198.1,0.06839440057047602,2026-03-19 00:13:21.986640342+00:00,126.55,2026-03-19 00:13:21.736640342+00:00,pending_new,,,
2026-03-19 00:13:25.077640138+00:00,349,cancel_requested,bid,2198.1,0.06839440057047602,2026-03-19 00:13:21.986640342+00:00,126.55,2026-03-19 00:13:21.736640342+00:00,pending_cancel,pressure_stop_bid,2026-03-19 00:13:25.077640138+00:00,2026-03-19 00:13:25.327640138+00:00
2026-03-19 00:13:25.077640138+00:00,350,placed,ask,2198.8,0.131605599429524,2026-03-19 00:13:25.327640138+00:00,76.087,2026-03-19 00:13:25.077640138+00:00,pending_new,,,
2026-03-19 00:13:25.327640138+00:00,349,cancelled,bid,2198.1,0.06839440057047602,2026-03-19 00:13:21.986640342+00:00,126.55,2026-03-19 00:13:21.736640342+00:00,cancelled,pressure_stop_bid,2026-03-19 00:13:25.077640138+00:00,2026-03-19 00:13:25.327640138+00:00
2026-03-19 00:13:25.603323657+00:00,350,cancel_requested,ask,2198.8,0.131605599429524,2026-03-19 00:13:25.327640138+00:00,76.087,2026-03-19 00:13:25.077640138+00:00,pending_cancel,expected_edge_ask,2026-03-19 00:13:25.603323657+00:00,2026-03-19 00:13:25.853323657+00:00
2026-03-19 00:13:25.853323657+00:00,350,cancelled,ask,2198.8,0.131605599429524,2026-03-19 00:13:25.327640138+00:00,76.087,2026-03-19 00:13:25.077640138+00:00,cancelled,expected_edge_ask,2026-03-19 00:13:25.603323657+00:00,2026-03-19 00:13:25.853323657+00:00
2026-03-19 00:13:25.943707019+00:00,351,placed,bid,2198.1,0.06839440057047602,2026-03-19 00:13:26.193707019+00:00,153.43099999999998,2026-03-19 00:13:25.943707019+00:00,pending_new,,,
2026-03-19 00:13:30.744184185+00:00,351,cancel_requested,bid,2198.1,0.06839440057047602,2026-03-19 00:13:26.193707019+00:00,153.43099999999998,2026-03-19 00:13:25.943707019+00:00,pending_cancel,refresh_reprice,2026-03-19 00:13:30.744184185+00:00,2026-03-19 00:13:30.994184185+00:00
2026-03-19 00:13:30.994184185+00:00,351,cancelled,bid,2198.1,0.06839440057047602,2026-03-19 00:13:26.193707019+00:00,153.43099999999998,2026-03-19 00:13:25.943707019+00:00,cancelled,refresh_reprice,2026-03-19 00:13:30.744184185+00:00,2026-03-19 00:13:30.994184185+00:00
2026-03-19 00:13:31+00:00,352,placed,bid,2198.3,0.06886526983655654,2026-03-19 00:13:31.250000+00:00,187.84499999999997,2026-03-19 00:13:31+00:00,pending_new,,,
2026-03-19 00:13:41+00:00,352,cancel_requested,bid,2198.3,0.06886526983655654,2026-03-19 00:13:31.250000+00:00,187.84499999999997,2026-03-19 00:13:31+00:00,pending_cancel,quote_age_expired,2026-03-19 00:13:41+00:00,2026-03-19 00:13:41.250000+00:00
2026-03-19 00:13:41.250000+00:00,352,cancelled,bid,2198.3,0.06886526983655654,2026-03-19 00:13:31.250000+00:00,187.84499999999997,2026-03-19 00:13:31+00:00,cancelled,quote_age_expired,2026-03-19 00:13:41+00:00,2026-03-19 00:13:41.250000+00:00
2026-03-19 00:13:41.337705357+00:00,353,placed,bid,2198.5,0.06886526983655654,2026-03-19 00:13:41.587705357+00:00,153.89600000000002,2026-03-19 00:13:41.337705357+00:00,pending_new,,,
2026-03-19 00:13:46.936082765+00:00,353,cancel_requested,bid,2198.5,0.06886526983655654,2026-03-19 00:13:41.587705357+00:00,153.89600000000002,2026-03-19 00:13:41.337705357+00:00,pending_cancel,refresh_reprice,2026-03-19 00:13:46.936082765+00:00,2026-03-19 00:13:47.186082765+00:00
2026-03-19 00:13:47.186082765+00:00,353,cancelled,bid,2198.5,0.06886526983655654,2026-03-19 00:13:41.587705357+00:00,153.89600000000002,2026-03-19 00:13:41.337705357+00:00,cancelled,refresh_reprice,2026-03-19 00:13:46.936082765+00:00,2026-03-19 00:13:47.186082765+00:00
2026-03-19 00:13:47.187347848+00:00,354,placed,bid,2198.8,0.06886526983655654,2026-03-19 00:13:47.437347848+00:00,137.833,2026-03-19 00:13:47.187347848+00:00,pending_new,,,
2026-03-19 00:13:48.112059139+00:00,354,cancel_requested,bid,2198.8,0.06886526983655654,2026-03-19 00:13:47.437347848+00:00,137.833,2026-03-19 00:13:47.187347848+00:00,pending_cancel,pressure_stop_bid,2026-03-19 00:13:48.112059139+00:00,2026-03-19 00:13:48.362059139+00:00
2026-03-19 00:13:48.112059139+00:00,355,placed,ask,2199.6,0.13113473016344346,2026-03-19 00:13:48.362059139+00:00,44.557,2026-03-19 00:13:48.112059139+00:00,pending_new,,,
2026-03-19 00:13:48.362059139+00:00,354,cancelled,bid,2198.8,0.06886526983655654,2026-03-19 00:13:47.437347848+00:00,137.833,2026-03-19 00:13:47.187347848+00:00,cancelled,pressure_stop_bid,2026-03-19 00:13:48.112059139+00:00,2026-03-19 00:13:48.362059139+00:00
2026-03-19 00:13:48.499953895+00:00,355,cancel_requested,ask,2199.6,0.13113473016344346,2026-03-19 00:13:48.362059139+00:00,44.557,2026-03-19 00:13:48.112059139+00:00,pending_cancel,expected_edge_ask,2026-03-19 00:13:48.499953895+00:00,2026-03-19 00:13:48.749953895+00:00
2026-03-19 00:13:48.749953895+00:00,355,cancelled,ask,2199.6,0.13113473016344346,2026-03-19 00:13:48.362059139+00:00,44.557,2026-03-19 00:13:48.112059139+00:00,cancelled,expected_edge_ask,2026-03-19 00:13:48.499953895+00:00,2026-03-19 00:13:48.749953895+00:00
2026-03-19 00:13:53.893036814+00:00,356,placed,bid,2199.0,0.06936532955042728,2026-03-19 00:13:54.143036814+00:00,157.005,2026-03-19 00:13:53.893036814+00:00,pending_new,,,
2026-03-19 00:13:55.662270168+00:00,356,cancel_requested,bid,2199.0,0.06936532955042728,2026-03-19 00:13:54.143036814+00:00,157.005,2026-03-19 00:13:53.893036814+00:00,pending_cancel,pressure_stop_bid,2026-03-19 00:13:55.662270168+00:00,2026-03-19 00:13:55.912270168+00:00
2026-03-19 00:13:55.912270168+00:00,356,cancelled,bid,2199.0,0.06936532955042728,2026-03-19 00:13:54.143036814+00:00,157.005,2026-03-19 00:13:53.893036814+00:00,cancelled,pressure_stop_bid,2026-03-19 00:13:55.662270168+00:00,2026-03-19 00:13:55.912270168+00:00
2026-03-19 00:14:01.106545485+00:00,357,placed,ask,2199.6,0.13063467044957272,2026-03-19 00:14:01.356545485+00:00,133.903,2026-03-19 00:14:01.106545485+00:00,pending_new,,,
2026-03-19 00:14:03.474595069+00:00,357,cancel_requested,ask,2199.6,0.13063467044957272,2026-03-19 00:14:01.356545485+00:00,133.903,2026-03-19 00:14:01.106545485+00:00,pending_cancel,expected_edge_ask,2026-03-19 00:14:03.474595069+00:00,2026-03-19 00:14:03.724595069+00:00
2026-03-19 00:14:03.724595069+00:00,357,cancelled,ask,2199.6,0.13063467044957272,2026-03-19 00:14:01.356545485+00:00,133.903,2026-03-19 00:14:01.106545485+00:00,cancelled,expected_edge_ask,2026-03-19 00:14:03.474595069+00:00,2026-03-19 00:14:03.724595069+00:00
2026-03-19 00:14:03.776883287+00:00,358,placed,bid,2199.0,0.06936532955042728,2026-03-19 00:14:04.026883287+00:00,97.356,2026-03-19 00:14:03.776883287+00:00,pending_new,,,
2026-03-19 00:14:08.885614383+00:00,358,cancel_requested,bid,2199.0,0.06936532955042728,2026-03-19 00:14:04.026883287+00:00,97.356,2026-03-19 00:14:03.776883287+00:00,pending_cancel,refresh_reprice,2026-03-19 00:14:08.885614383+00:00,2026-03-19 00:14:09.135614383+00:00
2026-03-19 00:14:09.135614383+00:00,358,cancelled,bid,2199.0,0.06936532955042728,2026-03-19 00:14:04.026883287+00:00,97.356,2026-03-19 00:14:03.776883287+00:00,cancelled,refresh_reprice,2026-03-19 00:14:08.885614383+00:00,2026-03-19 00:14:09.135614383+00:00
2026-03-19 00:14:09.136358656+00:00,359,placed,bid,2199.6,0.06936532955042728,2026-03-19 00:14:09.386358656+00:00,45.788000000000004,2026-03-19 00:14:09.136358656+00:00,pending_new,,,
2026-03-19 00:14:14.039792214+00:00,359,cancel_requested,bid,2199.6,0.06936532955042728,2026-03-19 00:14:09.386358656+00:00,45.788000000000004,2026-03-19 00:14:09.136358656+00:00,pending_cancel,pressure_stop_bid,2026-03-19 00:14:14.039792214+00:00,2026-03-19 00:14:14.289792214+00:00
2026-03-19 00:14:14.289792214+00:00,359,cancelled,bid,2199.6,0.06936532955042728,2026-03-19 00:14:09.386358656+00:00,45.788000000000004,2026-03-19 00:14:09.136358656+00:00,cancelled,pressure_stop_bid,2026-03-19 00:14:14.039792214+00:00,2026-03-19 00:14:14.289792214+00:00
2026-03-19 00:14:14.399077680+00:00,360,placed,ask,2200.2,0.13035999247340882,2026-03-19 00:14:14.649077680+00:00,130.321,2026-03-19 00:14:14.399077680+00:00,pending_new,,,
2026-03-19 00:14:15.924947904+00:00,360,cancel_requested,ask,2200.2,0.13035999247340882,2026-03-19 00:14:14.649077680+00:00,130.321,2026-03-19 00:14:14.399077680+00:00,pending_cancel,expected_edge_ask,2026-03-19 00:14:15.924947904+00:00,2026-03-19 00:14:16.174947904+00:00
2026-03-19 00:14:16.174947904+00:00,360,cancelled,ask,2200.2,0.13035999247340882,2026-03-19 00:14:14.649077680+00:00,130.321,2026-03-19 00:14:14.399077680+00:00,cancelled,expected_edge_ask,2026-03-19 00:14:15.924947904+00:00,2026-03-19 00:14:16.174947904+00:00
2026-03-19 00:14:16.180759426+00:00,361,placed,bid,2199.7,0.06964000752659118,2026-03-19 00:14:16.430759426+00:00,68.77100000000002,2026-03-19 00:14:16.180759426+00:00,pending_new,,,
2026-03-19 00:14:18.839598408+00:00,361,cancel_requested,bid,2199.7,0.06964000752659118,2026-03-19 00:14:16.430759426+00:00,68.77100000000002,2026-03-19 00:14:16.180759426+00:00,pending_cancel,refresh_reprice,2026-03-19 00:14:18.839598408+00:00,2026-03-19 00:14:19.089598408+00:00
2026-03-19 00:14:19.089598408+00:00,361,cancelled,bid,2199.7,0.06964000752659118,2026-03-19 00:14:16.430759426+00:00,68.77100000000002,2026-03-19 00:14:16.180759426+00:00,cancelled,refresh_reprice,2026-03-19 00:14:18.839598408+00:00,2026-03-19 00:14:19.089598408+00:00
2026-03-19 00:14:19.093130039+00:00,362,placed,bid,2200.2,0.06964000752659118,2026-03-19 00:14:19.343130039+00:00,114.309,2026-03-19 00:14:19.093130039+00:00,pending_new,,,
2026-03-19 00:14:21.544551008+00:00,362,cancel_requested,bid,2200.2,0.06964000752659118,2026-03-19 00:14:19.343130039+00:00,114.309,2026-03-19 00:14:19.093130039+00:00,pending_cancel,refresh_reprice,2026-03-19 00:14:21.544551008+00:00,2026-03-19 00:14:21.794551008+00:00
2026-03-19 00:14:21.794551008+00:00,362,cancelled,bid,2200.2,0.06964000752659118,2026-03-19 00:14:19.343130039+00:00,114.309,2026-03-19 00:14:19.093130039+00:00,cancelled,refresh_reprice,2026-03-19 00:14:21.544551008+00:00,2026-03-19 00:14:21.794551008+00:00
2026-03-19 00:14:21.798380610+00:00,363,placed,bid,2200.5,0.06964000752659118,2026-03-19 00:14:22.048380610+00:00,56.394000000000005,2026-03-19 00:14:21.798380610+00:00,pending_new,,,
2026-03-19 00:14:26.036911001+00:00,363,cancel_requested,bid,2200.5,0.06964000752659118,2026-03-19 00:14:22.048380610+00:00,56.394000000000005,2026-03-19 00:14:21.798380610+00:00,pending_cancel,pressure_stop_bid,2026-03-19 00:14:26.036911001+00:00,2026-03-19 00:14:26.286911001+00:00
2026-03-19 00:14:26.286911001+00:00,363,cancelled,bid,2200.5,0.06964000752659118,2026-03-19 00:14:22.048380610+00:00,56.394000000000005,2026-03-19 00:14:21.798380610+00:00,cancelled,pressure_stop_bid,2026-03-19 00:14:26.036911001+00:00,2026-03-19 00:14:26.286911001+00:00
2026-03-19 00:14:36.383360257+00:00,364,placed,bid,2200.8,0.07017977400748283,2026-03-19 00:14:36.633360257+00:00,132.177,2026-03-19 00:14:36.383360257+00:00,pending_new,,,
2026-03-19 00:14:38.285610108+00:00,364,cancel_requested,bid,2200.8,0.07017977400748283,2026-03-19 00:14:36.633360257+00:00,132.177,2026-03-19 00:14:36.383360257+00:00,pending_cancel,pressure_stop_bid,2026-03-19 00:14:38.285610108+00:00,2026-03-19 00:14:38.535610108+00:00
2026-03-19 00:14:38.535610108+00:00,364,cancelled,bid,2200.8,0.07017977400748283,2026-03-19 00:14:36.633360257+00:00,132.177,2026-03-19 00:14:36.383360257+00:00,cancelled,pressure_stop_bid,2026-03-19 00:14:38.285610108+00:00,2026-03-19 00:14:38.535610108+00:00
2026-03-19 00:14:43.542186490+00:00,365,placed,bid,2200.8,0.07017977400748283,2026-03-19 00:14:43.792186490+00:00,127.899,2026-03-19 00:14:43.542186490+00:00,pending_new,,,
2026-03-19 00:14:46.202249471+00:00,365,cancel_requested,bid,2200.8,0.07017977400748283,2026-03-19 00:14:43.792186490+00:00,127.899,2026-03-19 00:14:43.542186490+00:00,pending_cancel,pressure_stop_bid,2026-03-19 00:14:46.202249471+00:00,2026-03-19 00:14:46.452249471+00:00
2026-03-19 00:14:46.452249471+00:00,365,cancelled,bid,2200.8,0.07017977400748283,2026-03-19 00:14:43.792186490+00:00,127.899,2026-03-19 00:14:43.542186490+00:00,cancelled,pressure_stop_bid,2026-03-19 00:14:46.202249471+00:00,2026-03-19 00:14:46.452249471+00:00
2026-03-19 00:14:46.544491388+00:00,366,placed,bid,2200.8,0.07017977400748283,2026-03-19 00:14:46.794491388+00:00,57.265,2026-03-19 00:14:46.544491388+00:00,pending_new,,,
2026-03-19 00:14:50.847759374+00:00,366,cancel_requested,bid,2200.8,0.07017977400748283,2026-03-19 00:14:46.794491388+00:00,57.265,2026-03-19 00:14:46.544491388+00:00,pending_cancel,pressure_stop_bid,2026-03-19 00:14:50.847759374+00:00,2026-03-19 00:14:51.097759374+00:00
2026-03-19 00:14:51.097759374+00:00,366,cancelled,bid,2200.8,0.07017977400748283,2026-03-19 00:14:46.794491388+00:00,57.265,2026-03-19 00:14:46.544491388+00:00,cancelled,pressure_stop_bid,2026-03-19 00:14:50.847759374+00:00,2026-03-19 00:14:51.097759374+00:00
2026-03-19 00:14:56.147562512+00:00,367,placed,bid,2201.1,0.07054065774353553,2026-03-19 00:14:56.397562512+00:00,117.038,2026-03-19 00:14:56.147562512+00:00,pending_new,,,
2026-03-19 00:15:00.437713251+00:00,367,cancel_requested,bid,2201.1,0.07054065774353553,2026-03-19 00:14:56.397562512+00:00,117.038,2026-03-19 00:14:56.147562512+00:00,pending_cancel,pressure_stop_bid,2026-03-19 00:15:00.437713251+00:00,2026-03-19 00:15:00.687713251+00:00
2026-03-19 00:15:00.687713251+00:00,367,cancelled,bid,2201.1,0.07054065774353553,2026-03-19 00:14:56.397562512+00:00,117.038,2026-03-19 00:14:56.147562512+00:00,cancelled,pressure_stop_bid,2026-03-19 00:15:00.437713251+00:00,2026-03-19 00:15:00.687713251+00:00
2026-03-19 00:15:00.696399172+00:00,368,placed,bid,2201.0,0.07054065774353553,2026-03-19 00:15:00.946399172+00:00,127.85300000000001,2026-03-19 00:15:00.696399172+00:00,pending_new,,,
2026-03-19 00:15:02.075525476+00:00,368,cancel_requested,bid,2201.0,0.07054065774353553,2026-03-19 00:15:00.946399172+00:00,127.85300000000001,2026-03-19 00:15:00.696399172+00:00,pending_cancel,pressure_stop_bid,2026-03-19 00:15:02.075525476+00:00,2026-03-19 00:15:02.325525476+00:00
2026-03-19 00:15:02.075525476+00:00,369,placed,ask,2202.3,0.12945934225646447,2026-03-19 00:15:02.325525476+00:00,162.414,2026-03-19 00:15:02.075525476+00:00,pending_new,,,
2026-03-19 00:15:02.176889636+00:00,369,cancel_requested,ask,2202.3,0.12945934225646447,2026-03-19 00:15:02.325525476+00:00,162.414,2026-03-19 00:15:02.075525476+00:00,pending_cancel,refresh_reprice,2026-03-19 00:15:02.176889636+00:00,2026-03-19 00:15:02.426889636+00:00
2026-03-19 00:15:02.325525476+00:00,368,cancelled,bid,2201.0,0.07054065774353553,2026-03-19 00:15:00.946399172+00:00,127.85300000000001,2026-03-19 00:15:00.696399172+00:00,cancelled,pressure_stop_bid,2026-03-19 00:15:02.075525476+00:00,2026-03-19 00:15:02.325525476+00:00
2026-03-19 00:15:02.426889636+00:00,369,cancelled,ask,2202.3,0.12945934225646447,2026-03-19 00:15:02.325525476+00:00,162.414,2026-03-19 00:15:02.075525476+00:00,cancelled,refresh_reprice,2026-03-19 00:15:02.176889636+00:00,2026-03-19 00:15:02.426889636+00:00
2026-03-19 00:15:02.427227538+00:00,370,placed,ask,2201.8,0.12945934225646447,2026-03-19 00:15:02.677227538+00:00,158.886,2026-03-19 00:15:02.427227538+00:00,pending_new,,,
2026-03-19 00:15:03.094126258+00:00,370,cancel_requested,ask,2201.8,0.12945934225646447,2026-03-19 00:15:02.677227538+00:00,158.886,2026-03-19 00:15:02.427227538+00:00,pending_cancel,pressure_stop_ask,2026-03-19 00:15:03.094126258+00:00,2026-03-19 00:15:03.344126258+00:00
2026-03-19 00:15:03.094126258+00:00,371,placed,bid,2200.7,0.07054065774353553,2026-03-19 00:15:03.344126258+00:00,188.16500000000002,2026-03-19 00:15:03.094126258+00:00,pending_new,,,
2026-03-19 00:15:03.344126258+00:00,370,cancelled,ask,2201.8,0.12945934225646447,2026-03-19 00:15:02.677227538+00:00,158.886,2026-03-19 00:15:02.427227538+00:00,cancelled,pressure_stop_ask,2026-03-19 00:15:03.094126258+00:00,2026-03-19 00:15:03.344126258+00:00
2026-03-19 00:15:04.007161572+00:00,371,cancel_requested,bid,2200.7,0.07054065774353553,2026-03-19 00:15:03.344126258+00:00,188.16500000000002,2026-03-19 00:15:03.094126258+00:00,pending_cancel,pressure_stop_bid,2026-03-19 00:15:04.007161572+00:00,2026-03-19 00:15:04.257161572+00:00
2026-03-19 00:15:04.007161572+00:00,372,placed,ask,2202.0,0.12945934225646447,2026-03-19 00:15:04.257161572+00:00,211.96800000000002,2026-03-19 00:15:04.007161572+00:00,pending_new,,,
2026-03-19 00:15:04.257161572+00:00,371,cancelled,bid,2200.7,0.07054065774353553,2026-03-19 00:15:03.344126258+00:00,188.16500000000002,2026-03-19 00:15:03.094126258+00:00,cancelled,pressure_stop_bid,2026-03-19 00:15:04.007161572+00:00,2026-03-19 00:15:04.257161572+00:00
2026-03-19 00:15:04.575599076+00:00,372,cancel_requested,ask,2202.0,0.12945934225646447,2026-03-19 00:15:04.257161572+00:00,211.96800000000002,2026-03-19 00:15:04.007161572+00:00,pending_cancel,pressure_stop_ask,2026-03-19 00:15:04.575599076+00:00,2026-03-19 00:15:04.825599076+00:00
2026-03-19 00:15:04.575599076+00:00,373,placed,bid,2200.8,0.07054065774353553,2026-03-19 00:15:04.825599076+00:00,220.022,2026-03-19 00:15:04.575599076+00:00,pending_new,,,
2026-03-19 00:15:04.825599076+00:00,372,cancelled,ask,2202.0,0.12945934225646447,2026-03-19 00:15:04.257161572+00:00,211.96800000000002,2026-03-19 00:15:04.007161572+00:00,cancelled,pressure_stop_ask,2026-03-19 00:15:04.575599076+00:00,2026-03-19 00:15:04.825599076+00:00
2026-03-19 00:15:04.879735053+00:00,374,placed,ask,2202.1,0.12945934225646447,2026-03-19 00:15:05.129735053+00:00,104.332,2026-03-19 00:15:04.879735053+00:00,pending_new,,,
2026-03-19 00:15:05.036702684+00:00,374,cancel_requested,ask,2202.1,0.12945934225646447,2026-03-19 00:15:05.129735053+00:00,104.332,2026-03-19 00:15:04.879735053+00:00,pending_cancel,pressure_stop_ask,2026-03-19 00:15:05.036702684+00:00,2026-03-19 00:15:05.286702684+00:00
2026-03-19 00:15:05.036702684+00:00,373,cancel_requested,bid,2200.8,0.07054065774353553,2026-03-19 00:15:04.825599076+00:00,220.022,2026-03-19 00:15:04.575599076+00:00,pending_cancel,refresh_reprice,2026-03-19 00:15:05.036702684+00:00,2026-03-19 00:15:05.286702684+00:00
2026-03-19 00:15:05.286702684+00:00,373,cancelled,bid,2200.8,0.07054065774353553,2026-03-19 00:15:04.825599076+00:00,220.022,2026-03-19 00:15:04.575599076+00:00,cancelled,refresh_reprice,2026-03-19 00:15:05.036702684+00:00,2026-03-19 00:15:05.286702684+00:00
2026-03-19 00:15:05.286702684+00:00,374,cancelled,ask,2202.1,0.12945934225646447,2026-03-19 00:15:05.129735053+00:00,104.332,2026-03-19 00:15:04.879735053+00:00,cancelled,pressure_stop_ask,2026-03-19 00:15:05.036702684+00:00,2026-03-19 00:15:05.286702684+00:00
2026-03-19 00:15:05.340156728+00:00,375,placed,bid,2201.1,0.07054065774353553,2026-03-19 00:15:05.590156728+00:00,207.60299999999998,2026-03-19 00:15:05.340156728+00:00,pending_new,,,
2026-03-19 00:15:05.597386703+00:00,375,cancel_requested,bid,2201.1,0.07054065774353553,2026-03-19 00:15:05.590156728+00:00,207.60299999999998,2026-03-19 00:15:05.340156728+00:00,pending_cancel,pressure_stop_bid,2026-03-19 00:15:05.597386703+00:00,2026-03-19 00:15:05.847386703+00:00
2026-03-19 00:15:05.597386703+00:00,376,placed,ask,2202.3,0.12945934225646447,2026-03-19 00:15:05.847386703+00:00,160.327,2026-03-19 00:15:05.597386703+00:00,pending_new,,,
2026-03-19 00:15:05.847386703+00:00,375,cancelled,bid,2201.1,0.07054065774353553,2026-03-19 00:15:05.590156728+00:00,207.60299999999998,2026-03-19 00:15:05.340156728+00:00,cancelled,pressure_stop_bid,2026-03-19 00:15:05.597386703+00:00,2026-03-19 00:15:05.847386703+00:00
2026-03-19 00:15:06.821850606+00:00,376,cancel_requested,ask,2202.3,0.12945934225646447,2026-03-19 00:15:05.847386703+00:00,160.327,2026-03-19 00:15:05.597386703+00:00,pending_cancel,pressure_stop_ask,2026-03-19 00:15:06.821850606+00:00,2026-03-19 00:15:07.071850606+00:00
2026-03-19 00:15:06.821850606+00:00,377,placed,bid,2201.1,0.07054065774353553,2026-03-19 00:15:07.071850606+00:00,217.34599999999998,2026-03-19 00:15:06.821850606+00:00,pending_new,,,
2026-03-19 00:15:07.071850606+00:00,376,cancelled,ask,2202.3,0.12945934225646447,2026-03-19 00:15:05.847386703+00:00,160.327,2026-03-19 00:15:05.597386703+00:00,cancelled,pressure_stop_ask,2026-03-19 00:15:06.821850606+00:00,2026-03-19 00:15:07.071850606+00:00
2026-03-19 00:15:08.912187351+00:00,377,cancel_requested,bid,2201.1,0.07054065774353553,2026-03-19 00:15:07.071850606+00:00,217.34599999999998,2026-03-19 00:15:06.821850606+00:00,pending_cancel,refresh_reprice,2026-03-19 00:15:08.912187351+00:00,2026-03-19 00:15:09.162187351+00:00
2026-03-19 00:15:09.162187351+00:00,377,cancelled,bid,2201.1,0.07054065774353553,2026-03-19 00:15:07.071850606+00:00,217.34599999999998,2026-03-19 00:15:06.821850606+00:00,cancelled,refresh_reprice,2026-03-19 00:15:08.912187351+00:00,2026-03-19 00:15:09.162187351+00:00
2026-03-19 00:15:09.170232460+00:00,378,placed,bid,2201.6,0.07054065774353553,2026-03-19 00:15:09.420232460+00:00,175.736,2026-03-19 00:15:09.170232460+00:00,pending_new,,,
2026-03-19 00:15:12.686223569+00:00,378,cancel_requested,bid,2201.6,0.07054065774353553,2026-03-19 00:15:09.420232460+00:00,175.736,2026-03-19 00:15:09.170232460+00:00,pending_cancel,refresh_reprice,2026-03-19 00:15:12.686223569+00:00,2026-03-19 00:15:12.936223569+00:00
2026-03-19 00:15:12.936223569+00:00,378,cancelled,bid,2201.6,0.07054065774353553,2026-03-19 00:15:09.420232460+00:00,175.736,2026-03-19 00:15:09.170232460+00:00,cancelled,refresh_reprice,2026-03-19 00:15:12.686223569+00:00,2026-03-19 00:15:12.936223569+00:00
2026-03-19 00:15:12.940684161+00:00,379,placed,bid,2201.2,0.07091673418399067,2026-03-19 00:15:13.190684161+00:00,48.351000000000006,2026-03-19 00:15:12.940684161+00:00,pending_new,,,
2026-03-19 00:15:14.317475096+00:00,379,cancel_requested,bid,2201.2,0.07091673418399067,2026-03-19 00:15:13.190684161+00:00,48.351000000000006,2026-03-19 00:15:12.940684161+00:00,pending_cancel,pressure_stop_bid,2026-03-19 00:15:14.317475096+00:00,2026-03-19 00:15:14.567475096+00:00
2026-03-19 00:15:14.567475096+00:00,379,cancelled,bid,2201.2,0.07091673418399067,2026-03-19 00:15:13.190684161+00:00,48.351000000000006,2026-03-19 00:15:12.940684161+00:00,cancelled,pressure_stop_bid,2026-03-19 00:15:14.317475096+00:00,2026-03-19 00:15:14.567475096+00:00
2026-03-19 00:15:19.627039005+00:00,380,placed,bid,2201.1,0.07091673418399067,2026-03-19 00:15:19.877039005+00:00,79.546,2026-03-19 00:15:19.627039005+00:00,pending_new,,,
2026-03-19 00:15:20.087452862+00:00,380,cancel_requested,bid,2201.1,0.07091673418399067,2026-03-19 00:15:19.877039005+00:00,79.546,2026-03-19 00:15:19.627039005+00:00,pending_cancel,pressure_stop_bid,2026-03-19 00:15:20.087452862+00:00,2026-03-19 00:15:20.337452862+00:00
2026-03-19 00:15:20.337452862+00:00,380,cancelled,bid,2201.1,0.07091673418399067,2026-03-19 00:15:19.877039005+00:00,79.546,2026-03-19 00:15:19.627039005+00:00,cancelled,pressure_stop_bid,2026-03-19 00:15:20.087452862+00:00,2026-03-19 00:15:20.337452862+00:00
2026-03-19 00:15:20.342424942+00:00,381,placed,bid,2200.9,0.07091673418399067,2026-03-19 00:15:20.592424942+00:00,142.875,2026-03-19 00:15:20.342424942+00:00,pending_new,,,
2026-03-19 00:15:25.087792242+00:00,381,cancel_requested,bid,2200.9,0.07091673418399067,2026-03-19 00:15:20.592424942+00:00,142.875,2026-03-19 00:15:20.342424942+00:00,pending_cancel,refresh_reprice,2026-03-19 00:15:25.087792242+00:00,2026-03-19 00:15:25.337792242+00:00
2026-03-19 00:15:25.337792242+00:00,381,cancelled,bid,2200.9,0.07091673418399067,2026-03-19 00:15:20.592424942+00:00,142.875,2026-03-19 00:15:20.342424942+00:00,cancelled,refresh_reprice,2026-03-19 00:15:25.087792242+00:00,2026-03-19 00:15:25.337792242+00:00
2026-03-19 00:15:25.344017019+00:00,382,placed,bid,2201.2,0.07091673418399067,2026-03-19 00:15:25.594017019+00:00,203.82599999999996,2026-03-19 00:15:25.344017019+00:00,pending_new,,,
2026-03-19 00:15:31.413785671+00:00,382,cancel_requested,bid,2201.2,0.07091673418399067,2026-03-19 00:15:25.594017019+00:00,203.82599999999996,2026-03-19 00:15:25.344017019+00:00,pending_cancel,pressure_stop_bid,2026-03-19 00:15:31.413785671+00:00,2026-03-19 00:15:31.663785671+00:00
2026-03-19 00:15:31.413785671+00:00,383,placed,ask,2201.7,0.12908326581600935,2026-03-19 00:15:31.663785671+00:00,131.946,2026-03-19 00:15:31.413785671+00:00,pending_new,,,
2026-03-19 00:15:31.516627857+00:00,383,cancel_requested,ask,2201.7,0.12908326581600935,2026-03-19 00:15:31.663785671+00:00,131.946,2026-03-19 00:15:31.413785671+00:00,pending_cancel,expected_edge_ask,2026-03-19 00:15:31.516627857+00:00,2026-03-19 00:15:31.766627857+00:00
2026-03-19 00:15:31.663785671+00:00,382,cancelled,bid,2201.2,0.07091673418399067,2026-03-19 00:15:25.594017019+00:00,203.82599999999996,2026-03-19 00:15:25.344017019+00:00,cancelled,pressure_stop_bid,2026-03-19 00:15:31.413785671+00:00,2026-03-19 00:15:31.663785671+00:00
2026-03-19 00:15:31.668168953+00:00,384,placed,bid,2200.8,0.07091673418399067,2026-03-19 00:15:31.918168953+00:00,98.771,2026-03-19 00:15:31.668168953+00:00,pending_new,,,
2026-03-19 00:15:31.692223202+00:00,384,cancel_requested,bid,2200.8,0.07091673418399067,2026-03-19 00:15:31.918168953+00:00,98.771,2026-03-19 00:15:31.668168953+00:00,pending_cancel,pressure_stop_bid,2026-03-19 00:15:31.692223202+00:00,2026-03-19 00:15:31.942223202+00:00
2026-03-19 00:15:31.766627857+00:00,383,cancelled,ask,2201.7,0.12908326581600935,2026-03-19 00:15:31.663785671+00:00,131.946,2026-03-19 00:15:31.413785671+00:00,cancelled,expected_edge_ask,2026-03-19 00:15:31.516627857+00:00,2026-03-19 00:15:31.766627857+00:00
2026-03-19 00:15:31.942223202+00:00,384,cancelled,bid,2200.8,0.07091673418399067,2026-03-19 00:15:31.918168953+00:00,98.771,2026-03-19 00:15:31.668168953+00:00,cancelled,pressure_stop_bid,2026-03-19 00:15:31.692223202+00:00,2026-03-19 00:15:31.942223202+00:00
2026-03-19 00:15:31.975310313+00:00,385,placed,bid,2200.7,0.07091673418399067,2026-03-19 00:15:32.225310313+00:00,41.552,2026-03-19 00:15:31.975310313+00:00,pending_new,,,
2026-03-19 00:15:32.025387980+00:00,385,cancel_requested,bid,2200.7,0.07091673418399067,2026-03-19 00:15:32.225310313+00:00,41.552,2026-03-19 00:15:31.975310313+00:00,pending_cancel,pressure_stop_bid,2026-03-19 00:15:32.025387980+00:00,2026-03-19 00:15:32.275387980+00:00
2026-03-19 00:15:32.275387980+00:00,385,cancelled,bid,2200.7,0.07091673418399067,2026-03-19 00:15:32.225310313+00:00,41.552,2026-03-19 00:15:31.975310313+00:00,cancelled,pressure_stop_bid,2026-03-19 00:15:32.025387980+00:00,2026-03-19 00:15:32.275387980+00:00
2026-03-19 00:15:32.293391824+00:00,386,placed,bid,2200.7,0.07119581888339503,2026-03-19 00:15:32.543391824+00:00,63.707,2026-03-19 00:15:32.293391824+00:00,pending_new,,,
2026-03-19 00:15:34.373852194+00:00,386,cancel_requested,bid,2200.7,0.07119581888339503,2026-03-19 00:15:32.543391824+00:00,63.707,2026-03-19 00:15:32.293391824+00:00,pending_cancel,refresh_reprice,2026-03-19 00:15:34.373852194+00:00,2026-03-19 00:15:34.623852194+00:00
2026-03-19 00:15:34.623852194+00:00,386,cancelled,bid,2200.7,0.07119581888339503,2026-03-19 00:15:32.543391824+00:00,63.707,2026-03-19 00:15:32.293391824+00:00,cancelled,refresh_reprice,2026-03-19 00:15:34.373852194+00:00,2026-03-19 00:15:34.623852194+00:00
2026-03-19 00:15:34.636588013+00:00,387,placed,bid,2201.0,0.07119581888339503,2026-03-19 00:15:34.886588013+00:00,114.935,2026-03-19 00:15:34.636588013+00:00,pending_new,,,
2026-03-19 00:15:44.636588013+00:00,387,cancel_requested,bid,2201.0,0.07119581888339503,2026-03-19 00:15:34.886588013+00:00,114.935,2026-03-19 00:15:34.636588013+00:00,pending_cancel,quote_age_expired,2026-03-19 00:15:44.636588013+00:00,2026-03-19 00:15:44.886588013+00:00
2026-03-19 00:15:44.886588013+00:00,387,cancelled,bid,2201.0,0.07119581888339503,2026-03-19 00:15:34.886588013+00:00,114.935,2026-03-19 00:15:34.636588013+00:00,cancelled,quote_age_expired,2026-03-19 00:15:44.636588013+00:00,2026-03-19 00:15:44.886588013+00:00
2026-03-19 00:15:44.892244050+00:00,388,placed,bid,2201.1,0.07119581888339503,2026-03-19 00:15:45.142244050+00:00,122.691,2026-03-19 00:15:44.892244050+00:00,pending_new,,,
2026-03-19 00:15:54.892244050+00:00,388,cancel_requested,bid,2201.1,0.07119581888339503,2026-03-19 00:15:45.142244050+00:00,122.691,2026-03-19 00:15:44.892244050+00:00,pending_cancel,quote_age_expired,2026-03-19 00:15:54.892244050+00:00,2026-03-19 00:15:55.142244050+00:00
2026-03-19 00:15:55.142244050+00:00,388,cancelled,bid,2201.1,0.07119581888339503,2026-03-19 00:15:45.142244050+00:00,122.691,2026-03-19 00:15:44.892244050+00:00,cancelled,quote_age_expired,2026-03-19 00:15:54.892244050+00:00,2026-03-19 00:15:55.142244050+00:00
2026-03-19 00:15:55.150038900+00:00,389,placed,bid,2201.3,0.07144040537858641,2026-03-19 00:15:55.400038900+00:00,72.587,2026-03-19 00:15:55.150038900+00:00,pending_new,,,
2026-03-19 00:15:55.815143436+00:00,389,cancel_requested,bid,2201.3,0.07144040537858641,2026-03-19 00:15:55.400038900+00:00,72.587,2026-03-19 00:15:55.150038900+00:00,pending_cancel,pressure_stop_bid,2026-03-19 00:15:55.815143436+00:00,2026-03-19 00:15:56.065143436+00:00
2026-03-19 00:15:55.815143436+00:00,390,placed,ask,2201.8,0.1285595946214136,2026-03-19 00:15:56.065143436+00:00,83.739,2026-03-19 00:15:55.815143436+00:00,pending_new,,,
2026-03-19 00:15:55.861339095+00:00,390,cancel_requested,ask,2201.8,0.1285595946214136,2026-03-19 00:15:56.065143436+00:00,83.739,2026-03-19 00:15:55.815143436+00:00,pending_cancel,refresh_reprice,2026-03-19 00:15:55.861339095+00:00,2026-03-19 00:15:56.111339095+00:00
2026-03-19 00:15:56.065143436+00:00,389,cancelled,bid,2201.3,0.07144040537858641,2026-03-19 00:15:55.400038900+00:00,72.587,2026-03-19 00:15:55.150038900+00:00,cancelled,pressure_stop_bid,2026-03-19 00:15:55.815143436+00:00,2026-03-19 00:15:56.065143436+00:00
2026-03-19 00:15:56.111339095+00:00,390,cancelled,ask,2201.8,0.1285595946214136,2026-03-19 00:15:56.065143436+00:00,83.739,2026-03-19 00:15:55.815143436+00:00,cancelled,refresh_reprice,2026-03-19 00:15:55.861339095+00:00,2026-03-19 00:15:56.111339095+00:00
2026-03-19 00:15:56.162861572+00:00,391,placed,ask,2201.6,0.1285595946214136,2026-03-19 00:15:56.412861572+00:00,132.22,2026-03-19 00:15:56.162861572+00:00,pending_new,,,
2026-03-19 00:15:56.221089535+00:00,391,cancel_requested,ask,2201.6,0.1285595946214136,2026-03-19 00:15:56.412861572+00:00,132.22,2026-03-19 00:15:56.162861572+00:00,pending_cancel,expected_edge_ask,2026-03-19 00:15:56.221089535+00:00,2026-03-19 00:15:56.471089535+00:00
2026-03-19 00:15:56.471089535+00:00,391,cancelled,ask,2201.6,0.1285595946214136,2026-03-19 00:15:56.412861572+00:00,132.22,2026-03-19 00:15:56.162861572+00:00,cancelled,expected_edge_ask,2026-03-19 00:15:56.221089535+00:00,2026-03-19 00:15:56.471089535+00:00
2026-03-19 00:16:06.559813444+00:00,392,placed,ask,2200.6,0.1285595946214136,2026-03-19 00:16:06.809813444+00:00,79.51599999999999,2026-03-19 00:16:06.559813444+00:00,pending_new,,,
2026-03-19 00:16:06.684071229+00:00,392,cancel_requested,ask,2200.6,0.1285595946214136,2026-03-19 00:16:06.809813444+00:00,79.51599999999999,2026-03-19 00:16:06.559813444+00:00,pending_cancel,expected_edge_ask,2026-03-19 00:16:06.684071229+00:00,2026-03-19 00:16:06.934071229+00:00
2026-03-19 00:16:06.934071229+00:00,392,cancelled,ask,2200.6,0.1285595946214136,2026-03-19 00:16:06.809813444+00:00,79.51599999999999,2026-03-19 00:16:06.559813444+00:00,cancelled,expected_edge_ask,2026-03-19 00:16:06.684071229+00:00,2026-03-19 00:16:06.934071229+00:00
2026-03-19 00:16:06.970531761+00:00,393,placed,ask,2200.4,0.1285595946214136,2026-03-19 00:16:07.220531761+00:00,113.62599999999999,2026-03-19 00:16:06.970531761+00:00,pending_new,,,
2026-03-19 00:16:07.194994373+00:00,393,cancel_requested,ask,2200.4,0.1285595946214136,2026-03-19 00:16:07.220531761+00:00,113.62599999999999,2026-03-19 00:16:06.970531761+00:00,pending_cancel,expected_edge_ask,2026-03-19 00:16:07.194994373+00:00,2026-03-19 00:16:07.444994373+00:00
2026-03-19 00:16:07.444994373+00:00,393,cancelled,ask,2200.4,0.1285595946214136,2026-03-19 00:16:07.220531761+00:00,113.62599999999999,2026-03-19 00:16:06.970531761+00:00,cancelled,expected_edge_ask,2026-03-19 00:16:07.194994373+00:00,2026-03-19 00:16:07.444994373+00:00
2026-03-19 00:16:12.506247753+00:00,394,placed,ask,2200.0,0.12888530024765465,2026-03-19 00:16:12.756247753+00:00,123.106,2026-03-19 00:16:12.506247753+00:00,pending_new,,,
2026-03-19 00:16:15.816716382+00:00,394,cancel_requested,ask,2200.0,0.12888530024765465,2026-03-19 00:16:12.756247753+00:00,123.106,2026-03-19 00:16:12.506247753+00:00,pending_cancel,expected_edge_ask,2026-03-19 00:16:15.816716382+00:00,2026-03-19 00:16:16.066716382+00:00
2026-03-19 00:16:16.066716382+00:00,394,cancelled,ask,2200.0,0.12888530024765465,2026-03-19 00:16:12.756247753+00:00,123.106,2026-03-19 00:16:12.506247753+00:00,cancelled,expected_edge_ask,2026-03-19 00:16:15.816716382+00:00,2026-03-19 00:16:16.066716382+00:00
2026-03-19 00:16:16.076490844+00:00,395,placed,ask,2200.0,0.12888530024765465,2026-03-19 00:16:16.326490844+00:00,121.832,2026-03-19 00:16:16.076490844+00:00,pending_new,,,
2026-03-19 00:16:16.129146243+00:00,395,cancel_requested,ask,2200.0,0.12888530024765465,2026-03-19 00:16:16.326490844+00:00,121.832,2026-03-19 00:16:16.076490844+00:00,pending_cancel,expected_edge_ask,2026-03-19 00:16:16.129146243+00:00,2026-03-19 00:16:16.379146243+00:00
2026-03-19 00:16:16.379146243+00:00,395,cancelled,ask,2200.0,0.12888530024765465,2026-03-19 00:16:16.326490844+00:00,121.832,2026-03-19 00:16:16.076490844+00:00,cancelled,expected_edge_ask,2026-03-19 00:16:16.129146243+00:00,2026-03-19 00:16:16.379146243+00:00
2026-03-19 00:16:16.432309062+00:00,396,placed,bid,2199.5,0.07111469975234536,2026-03-19 00:16:16.682309062+00:00,92.88,2026-03-19 00:16:16.432309062+00:00,pending_new,,,
2026-03-19 00:16:19.558391434+00:00,396,cancel_requested,bid,2199.5,0.07111469975234536,2026-03-19 00:16:16.682309062+00:00,92.88,2026-03-19 00:16:16.432309062+00:00,pending_cancel,pressure_stop_bid,2026-03-19 00:16:19.558391434+00:00,2026-03-19 00:16:19.808391434+00:00
2026-03-19 00:16:19.808391434+00:00,396,cancelled,bid,2199.5,0.07111469975234536,2026-03-19 00:16:16.682309062+00:00,92.88,2026-03-19 00:16:16.432309062+00:00,cancelled,pressure_stop_bid,2026-03-19 00:16:19.558391434+00:00,2026-03-19 00:16:19.808391434+00:00
2026-03-19 00:16:19.848717007+00:00,397,placed,bid,2199.4,0.07111469975234536,2026-03-19 00:16:20.098717007+00:00,106.15100000000001,2026-03-19 00:16:19.848717007+00:00,pending_new,,,
2026-03-19 00:16:19.972886845+00:00,397,cancel_requested,bid,2199.4,0.07111469975234536,2026-03-19 00:16:20.098717007+00:00,106.15100000000001,2026-03-19 00:16:19.848717007+00:00,pending_cancel,pressure_stop_bid,2026-03-19 00:16:19.972886845+00:00,2026-03-19 00:16:20.222886845+00:00
2026-03-19 00:16:20.222886845+00:00,397,cancelled,bid,2199.4,0.07111469975234536,2026-03-19 00:16:20.098717007+00:00,106.15100000000001,2026-03-19 00:16:19.848717007+00:00,cancelled,pressure_stop_bid,2026-03-19 00:16:19.972886845+00:00,2026-03-19 00:16:20.222886845+00:00
2026-03-19 00:16:25.243410530+00:00,398,placed,bid,2199.4,0.07111469975234536,2026-03-19 00:16:25.493410530+00:00,146.05599999999998,2026-03-19 00:16:25.243410530+00:00,pending_new,,,
2026-03-19 00:16:35.243410530+00:00,398,cancel_requested,bid,2199.4,0.07111469975234536,2026-03-19 00:16:25.493410530+00:00,146.05599999999998,2026-03-19 00:16:25.243410530+00:00,pending_cancel,quote_age_expired,2026-03-19 00:16:35.243410530+00:00,2026-03-19 00:16:35.493410530+00:00
2026-03-19 00:16:35.493410530+00:00,398,cancelled,bid,2199.4,0.07111469975234536,2026-03-19 00:16:25.493410530+00:00,146.05599999999998,2026-03-19 00:16:25.243410530+00:00,cancelled,quote_age_expired,2026-03-19 00:16:35.243410530+00:00,2026-03-19 00:16:35.493410530+00:00
2026-03-19 00:16:35.574426882+00:00,399,placed,bid,2199.4,0.0714331684328441,2026-03-19 00:16:35.824426882+00:00,94.578,2026-03-19 00:16:35.574426882+00:00,pending_new,,,
2026-03-19 00:16:45.574426882+00:00,399,cancel_requested,bid,2199.4,0.0714331684328441,2026-03-19 00:16:35.824426882+00:00,94.578,2026-03-19 00:16:35.574426882+00:00,pending_cancel,quote_age_expired,2026-03-19 00:16:45.574426882+00:00,2026-03-19 00:16:45.824426882+00:00
2026-03-19 00:16:45.824426882+00:00,399,cancelled,bid,2199.4,0.0714331684328441,2026-03-19 00:16:35.824426882+00:00,94.578,2026-03-19 00:16:35.574426882+00:00,cancelled,quote_age_expired,2026-03-19 00:16:45.574426882+00:00,2026-03-19 00:16:45.824426882+00:00
2026-03-19 00:16:45.940635387+00:00,400,placed,bid,2199.5,0.0714331684328441,2026-03-19 00:16:46.190635387+00:00,157.497,2026-03-19 00:16:45.940635387+00:00,pending_new,,,
2026-03-19 00:16:46.505936072+00:00,400,cancel_requested,bid,2199.5,0.0714331684328441,2026-03-19 00:16:46.190635387+00:00,157.497,2026-03-19 00:16:45.940635387+00:00,pending_cancel,refresh_reprice,2026-03-19 00:16:46.505936072+00:00,2026-03-19 00:16:46.755936072+00:00
2026-03-19 00:16:46.755936072+00:00,400,cancelled,bid,2199.5,0.0714331684328441,2026-03-19 00:16:46.190635387+00:00,157.497,2026-03-19 00:16:45.940635387+00:00,cancelled,refresh_reprice,2026-03-19 00:16:46.505936072+00:00,2026-03-19 00:16:46.755936072+00:00
2026-03-19 00:16:46.800554339+00:00,401,placed,bid,2199.9,0.0714331684328441,2026-03-19 00:16:47.050554339+00:00,103.009,2026-03-19 00:16:46.800554339+00:00,pending_new,,,
2026-03-19 00:16:48.392637087+00:00,401,cancel_requested,bid,2199.9,0.0714331684328441,2026-03-19 00:16:47.050554339+00:00,103.009,2026-03-19 00:16:46.800554339+00:00,pending_cancel,pressure_stop_bid,2026-03-19 00:16:48.392637087+00:00,2026-03-19 00:16:48.642637087+00:00
2026-03-19 00:16:48.642637087+00:00,401,cancelled,bid,2199.9,0.0714331684328441,2026-03-19 00:16:47.050554339+00:00,103.009,2026-03-19 00:16:46.800554339+00:00,cancelled,pressure_stop_bid,2026-03-19 00:16:48.392637087+00:00,2026-03-19 00:16:48.642637087+00:00
2026-03-19 00:16:48.649048121+00:00,402,placed,bid,2199.6,0.0714331684328441,2026-03-19 00:16:48.899048121+00:00,133.041,2026-03-19 00:16:48.649048121+00:00,pending_new,,,
2026-03-19 00:16:48.849696581+00:00,402,cancel_requested,bid,2199.6,0.0714331684328441,2026-03-19 00:16:48.899048121+00:00,133.041,2026-03-19 00:16:48.649048121+00:00,pending_cancel,pressure_stop_bid,2026-03-19 00:16:48.849696581+00:00,2026-03-19 00:16:49.099696581+00:00
2026-03-19 00:16:49.099696581+00:00,402,cancelled,bid,2199.6,0.0714331684328441,2026-03-19 00:16:48.899048121+00:00,133.041,2026-03-19 00:16:48.649048121+00:00,cancelled,pressure_stop_bid,2026-03-19 00:16:48.849696581+00:00,2026-03-19 00:16:49.099696581+00:00
2026-03-19 00:16:49.105375142+00:00,403,placed,bid,2199.4,0.0714331684328441,2026-03-19 00:16:49.355375142+00:00,76.233,2026-03-19 00:16:49.105375142+00:00,pending_new,,,
2026-03-19 00:16:49.413978523+00:00,403,cancel_requested,bid,2199.4,0.0714331684328441,2026-03-19 00:16:49.355375142+00:00,76.233,2026-03-19 00:16:49.105375142+00:00,pending_cancel,pressure_stop_bid,2026-03-19 00:16:49.413978523+00:00,2026-03-19 00:16:49.663978523+00:00
2026-03-19 00:16:49.663978523+00:00,403,cancelled,bid,2199.4,0.0714331684328441,2026-03-19 00:16:49.355375142+00:00,76.233,2026-03-19 00:16:49.105375142+00:00,cancelled,pressure_stop_bid,2026-03-19 00:16:49.413978523+00:00,2026-03-19 00:16:49.663978523+00:00
2026-03-19 00:16:54.734999176+00:00,404,placed,bid,2199.3,0.07192178944480009,2026-03-19 00:16:54.984999176+00:00,151.51,2026-03-19 00:16:54.734999176+00:00,pending_new,,,
2026-03-19 00:16:59.164695563+00:00,404,cancel_requested,bid,2199.3,0.07192178944480009,2026-03-19 00:16:54.984999176+00:00,151.51,2026-03-19 00:16:54.734999176+00:00,pending_cancel,refresh_reprice,2026-03-19 00:16:59.164695563+00:00,2026-03-19 00:16:59.414695563+00:00
2026-03-19 00:16:59.414695563+00:00,404,cancelled,bid,2199.3,0.07192178944480009,2026-03-19 00:16:54.984999176+00:00,151.51,2026-03-19 00:16:54.734999176+00:00,cancelled,refresh_reprice,2026-03-19 00:16:59.164695563+00:00,2026-03-19 00:16:59.414695563+00:00
2026-03-19 00:16:59.458900198+00:00,405,placed,bid,2199.5,0.07192178944480009,2026-03-19 00:16:59.708900198+00:00,186.724,2026-03-19 00:16:59.458900198+00:00,pending_new,,,
2026-03-19 00:17:01.310035551+00:00,405,cancel_requested,bid,2199.5,0.07192178944480009,2026-03-19 00:16:59.708900198+00:00,186.724,2026-03-19 00:16:59.458900198+00:00,pending_cancel,pressure_stop_bid,2026-03-19 00:17:01.310035551+00:00,2026-03-19 00:17:01.560035551+00:00
2026-03-19 00:17:01.310035551+00:00,406,placed,ask,2201.0,0.1280782105551999,2026-03-19 00:17:01.560035551+00:00,117.72900000000001,2026-03-19 00:17:01.310035551+00:00,pending_new,,,
2026-03-19 00:17:01.560035551+00:00,405,cancelled,bid,2199.5,0.07192178944480009,2026-03-19 00:16:59.708900198+00:00,186.724,2026-03-19 00:16:59.458900198+00:00,cancelled,pressure_stop_bid,2026-03-19 00:17:01.310035551+00:00,2026-03-19 00:17:01.560035551+00:00
2026-03-19 00:17:01.814761942+00:00,406,cancel_requested,ask,2201.0,0.1280782105551999,2026-03-19 00:17:01.560035551+00:00,117.72900000000001,2026-03-19 00:17:01.310035551+00:00,pending_cancel,expected_edge_ask,2026-03-19 00:17:01.814761942+00:00,2026-03-19 00:17:02.064761942+00:00
2026-03-19 00:17:01.814761942+00:00,407,placed,bid,2200.1,0.07192178944480009,2026-03-19 00:17:02.064761942+00:00,116.337,2026-03-19 00:17:01.814761942+00:00,pending_new,,,
2026-03-19 00:17:02.064761942+00:00,406,cancelled,ask,2201.0,0.1280782105551999,2026-03-19 00:17:01.560035551+00:00,117.72900000000001,2026-03-19 00:17:01.310035551+00:00,cancelled,expected_edge_ask,2026-03-19 00:17:01.814761942+00:00,2026-03-19 00:17:02.064761942+00:00
2026-03-19 00:17:03.453491281+00:00,407,cancel_requested,bid,2200.1,0.07192178944480009,2026-03-19 00:17:02.064761942+00:00,116.337,2026-03-19 00:17:01.814761942+00:00,pending_cancel,pressure_stop_bid,2026-03-19 00:17:03.453491281+00:00,2026-03-19 00:17:03.703491281+00:00
2026-03-19 00:17:03.453491281+00:00,408,placed,ask,2200.7,0.1280782105551999,2026-03-19 00:17:03.703491281+00:00,85.47,2026-03-19 00:17:03.453491281+00:00,pending_new,,,
2026-03-19 00:17:03.703491281+00:00,407,cancelled,bid,2200.1,0.07192178944480009,2026-03-19 00:17:02.064761942+00:00,116.337,2026-03-19 00:17:01.814761942+00:00,cancelled,pressure_stop_bid,2026-03-19 00:17:03.453491281+00:00,2026-03-19 00:17:03.703491281+00:00
2026-03-19 00:17:04.160009887+00:00,408,cancel_requested,ask,2200.7,0.1280782105551999,2026-03-19 00:17:03.703491281+00:00,85.47,2026-03-19 00:17:03.453491281+00:00,pending_cancel,refresh_reprice,2026-03-19 00:17:04.160009887+00:00,2026-03-19 00:17:04.410009887+00:00
2026-03-19 00:17:04.410009887+00:00,408,cancelled,ask,2200.7,0.1280782105551999,2026-03-19 00:17:03.703491281+00:00,85.47,2026-03-19 00:17:03.453491281+00:00,cancelled,refresh_reprice,2026-03-19 00:17:04.160009887+00:00,2026-03-19 00:17:04.410009887+00:00
2026-03-19 00:17:04.421677485+00:00,409,placed,ask,2200.4,0.1280782105551999,2026-03-19 00:17:04.671677485+00:00,227.998,2026-03-19 00:17:04.421677485+00:00,pending_new,,,
2026-03-19 00:17:05.803067696+00:00,409,cancel_requested,ask,2200.4,0.1280782105551999,2026-03-19 00:17:04.671677485+00:00,227.998,2026-03-19 00:17:04.421677485+00:00,pending_cancel,pressure_stop_ask,2026-03-19 00:17:05.803067696+00:00,2026-03-19 00:17:06.053067696+00:00
2026-03-19 00:17:05.803067696+00:00,410,placed,bid,2199.4,0.07192178944480009,2026-03-19 00:17:06.053067696+00:00,178.96800000000002,2026-03-19 00:17:05.803067696+00:00,pending_new,,,
2026-03-19 00:17:06.053067696+00:00,409,cancelled,ask,2200.4,0.1280782105551999,2026-03-19 00:17:04.671677485+00:00,227.998,2026-03-19 00:17:04.421677485+00:00,cancelled,pressure_stop_ask,2026-03-19 00:17:05.803067696+00:00,2026-03-19 00:17:06.053067696+00:00
2026-03-19 00:17:06.067986388+00:00,411,placed,ask,2200.6,0.1280782105551999,2026-03-19 00:17:06.317986388+00:00,119.38300000000001,2026-03-19 00:17:06.067986388+00:00,pending_new,,,
2026-03-19 00:17:06.976707244+00:00,411,cancel_requested,ask,2200.6,0.1280782105551999,2026-03-19 00:17:06.317986388+00:00,119.38300000000001,2026-03-19 00:17:06.067986388+00:00,pending_cancel,expected_edge_ask,2026-03-19 00:17:06.976707244+00:00,2026-03-19 00:17:07.226707244+00:00
2026-03-19 00:17:06.976707244+00:00,410,cancel_requested,bid,2199.4,0.07192178944480009,2026-03-19 00:17:06.053067696+00:00,178.96800000000002,2026-03-19 00:17:05.803067696+00:00,pending_cancel,refresh_reprice,2026-03-19 00:17:06.976707244+00:00,2026-03-19 00:17:07.226707244+00:00
2026-03-19 00:17:07.226707244+00:00,410,cancelled,bid,2199.4,0.07192178944480009,2026-03-19 00:17:06.053067696+00:00,178.96800000000002,2026-03-19 00:17:05.803067696+00:00,cancelled,refresh_reprice,2026-03-19 00:17:06.976707244+00:00,2026-03-19 00:17:07.226707244+00:00
2026-03-19 00:17:07.226707244+00:00,411,cancelled,ask,2200.6,0.1280782105551999,2026-03-19 00:17:06.317986388+00:00,119.38300000000001,2026-03-19 00:17:06.067986388+00:00,cancelled,expected_edge_ask,2026-03-19 00:17:06.976707244+00:00,2026-03-19 00:17:07.226707244+00:00
2026-03-19 00:17:07.269556074+00:00,412,placed,bid,2199.7,0.07192178944480009,2026-03-19 00:17:07.519556074+00:00,116.296,2026-03-19 00:17:07.269556074+00:00,pending_new,,,
2026-03-19 00:17:07.845862234+00:00,412,cancel_requested,bid,2199.7,0.07192178944480009,2026-03-19 00:17:07.519556074+00:00,116.296,2026-03-19 00:17:07.269556074+00:00,pending_cancel,pressure_stop_bid,2026-03-19 00:17:07.845862234+00:00,2026-03-19 00:17:08.095862234+00:00
2026-03-19 00:17:07.845862234+00:00,413,placed,ask,2200.3,0.1280782105551999,2026-03-19 00:17:08.095862234+00:00,71.053,2026-03-19 00:17:07.845862234+00:00,pending_new,,,
2026-03-19 00:17:08.095862234+00:00,412,cancelled,bid,2199.7,0.07192178944480009,2026-03-19 00:17:07.519556074+00:00,116.296,2026-03-19 00:17:07.269556074+00:00,cancelled,pressure_stop_bid,2026-03-19 00:17:07.845862234+00:00,2026-03-19 00:17:08.095862234+00:00
2026-03-19 00:17:08.814272168+00:00,413,cancel_requested,ask,2200.3,0.1280782105551999,2026-03-19 00:17:08.095862234+00:00,71.053,2026-03-19 00:17:07.845862234+00:00,pending_cancel,refresh_reprice,2026-03-19 00:17:08.814272168+00:00,2026-03-19 00:17:09.064272168+00:00
2026-03-19 00:17:09.064272168+00:00,413,cancelled,ask,2200.3,0.1280782105551999,2026-03-19 00:17:08.095862234+00:00,71.053,2026-03-19 00:17:07.845862234+00:00,cancelled,refresh_reprice,2026-03-19 00:17:08.814272168+00:00,2026-03-19 00:17:09.064272168+00:00
2026-03-19 00:17:09.068426234+00:00,414,placed,bid,2198.8,0.07192178944480009,2026-03-19 00:17:09.318426234+00:00,209.84400000000002,2026-03-19 00:17:09.068426234+00:00,pending_new,,,
2026-03-19 00:17:09.068426234+00:00,415,placed,ask,2200.1,0.1280782105551999,2026-03-19 00:17:09.318426234+00:00,142.623,2026-03-19 00:17:09.068426234+00:00,pending_new,,,
2026-03-19 00:17:11.153438916+00:00,415,cancel_requested,ask,2200.1,0.1280782105551999,2026-03-19 00:17:09.318426234+00:00,142.623,2026-03-19 00:17:09.068426234+00:00,pending_cancel,pressure_stop_ask,2026-03-19 00:17:11.153438916+00:00,2026-03-19 00:17:11.403438916+00:00
2026-03-19 00:17:11.313606474+00:00,414,cancel_requested,bid,2198.8,0.07192178944480009,2026-03-19 00:17:09.318426234+00:00,209.84400000000002,2026-03-19 00:17:09.068426234+00:00,pending_cancel,refresh_reprice,2026-03-19 00:17:11.313606474+00:00,2026-03-19 00:17:11.563606474+00:00
2026-03-19 00:17:11.403438916+00:00,415,cancelled,ask,2200.1,0.1280782105551999,2026-03-19 00:17:09.318426234+00:00,142.623,2026-03-19 00:17:09.068426234+00:00,cancelled,pressure_stop_ask,2026-03-19 00:17:11.153438916+00:00,2026-03-19 00:17:11.403438916+00:00
2026-03-19 00:17:11.563606474+00:00,414,cancelled,bid,2198.8,0.07192178944480009,2026-03-19 00:17:09.318426234+00:00,209.84400000000002,2026-03-19 00:17:09.068426234+00:00,cancelled,refresh_reprice,2026-03-19 00:17:11.313606474+00:00,2026-03-19 00:17:11.563606474+00:00
2026-03-19 00:17:11.611274847+00:00,416,placed,bid,2199.1,0.07192178944480009,2026-03-19 00:17:11.861274847+00:00,200.64,2026-03-19 00:17:11.611274847+00:00,pending_new,,,
2026-03-19 00:17:12.477810538+00:00,416,cancel_requested,bid,2199.1,0.07192178944480009,2026-03-19 00:17:11.861274847+00:00,200.64,2026-03-19 00:17:11.611274847+00:00,pending_cancel,refresh_reprice,2026-03-19 00:17:12.477810538+00:00,2026-03-19 00:17:12.727810538+00:00
2026-03-19 00:17:12.727810538+00:00,416,cancelled,bid,2199.1,0.07192178944480009,2026-03-19 00:17:11.861274847+00:00,200.64,2026-03-19 00:17:11.611274847+00:00,cancelled,refresh_reprice,2026-03-19 00:17:12.477810538+00:00,2026-03-19 00:17:12.727810538+00:00
2026-03-19 00:17:12.797978244+00:00,417,placed,bid,2199.4,0.07224247314204188,2026-03-19 00:17:13.047978244+00:00,235.86499999999995,2026-03-19 00:17:12.797978244+00:00,pending_new,,,
2026-03-19 00:17:21.776700636+00:00,417,cancel_requested,bid,2199.4,0.07224247314204188,2026-03-19 00:17:13.047978244+00:00,235.86499999999995,2026-03-19 00:17:12.797978244+00:00,pending_cancel,pressure_stop_bid,2026-03-19 00:17:21.776700636+00:00,2026-03-19 00:17:22.026700636+00:00
2026-03-19 00:17:22.026700636+00:00,417,cancelled,bid,2199.4,0.07224247314204188,2026-03-19 00:17:13.047978244+00:00,235.86499999999995,2026-03-19 00:17:12.797978244+00:00,cancelled,pressure_stop_bid,2026-03-19 00:17:21.776700636+00:00,2026-03-19 00:17:22.026700636+00:00
2026-03-19 00:17:22.032770129+00:00,418,placed,bid,2199.2,0.07224247314204188,2026-03-19 00:17:22.282770129+00:00,138.966,2026-03-19 00:17:22.032770129+00:00,pending_new,,,
2026-03-19 00:17:23.669993006+00:00,418,cancel_requested,bid,2199.2,0.07224247314204188,2026-03-19 00:17:22.282770129+00:00,138.966,2026-03-19 00:17:22.032770129+00:00,pending_cancel,pressure_stop_bid,2026-03-19 00:17:23.669993006+00:00,2026-03-19 00:17:23.919993006+00:00
2026-03-19 00:17:23.669993006+00:00,419,placed,ask,2199.8,0.12775752685795813,2026-03-19 00:17:23.919993006+00:00,109.67500000000001,2026-03-19 00:17:23.669993006+00:00,pending_new,,,
2026-03-19 00:17:23.919993006+00:00,418,cancelled,bid,2199.2,0.07224247314204188,2026-03-19 00:17:22.282770129+00:00,138.966,2026-03-19 00:17:22.032770129+00:00,cancelled,pressure_stop_bid,2026-03-19 00:17:23.669993006+00:00,2026-03-19 00:17:23.919993006+00:00
2026-03-19 00:17:32.854719112+00:00,419,cancel_requested,ask,2199.8,0.12775752685795813,2026-03-19 00:17:23.919993006+00:00,109.67500000000001,2026-03-19 00:17:23.669993006+00:00,pending_cancel,refresh_reprice,2026-03-19 00:17:32.854719112+00:00,2026-03-19 00:17:33.104719112+00:00
2026-03-19 00:17:33.104719112+00:00,419,cancelled,ask,2199.8,0.12775752685795813,2026-03-19 00:17:23.919993006+00:00,109.67500000000001,2026-03-19 00:17:23.669993006+00:00,cancelled,refresh_reprice,2026-03-19 00:17:32.854719112+00:00,2026-03-19 00:17:33.104719112+00:00
2026-03-19 00:17:33.113634961+00:00,420,placed,ask,2199.4,0.12745204626755752,2026-03-19 00:17:33.363634961+00:00,155.66900000000004,2026-03-19 00:17:33.113634961+00:00,pending_new,,,
2026-03-19 00:17:33.419613966+00:00,421,placed,bid,2197.5,0.07254795373244248,2026-03-19 00:17:33.669613966+00:00,148.68,2026-03-19 00:17:33.419613966+00:00,pending_new,,,
2026-03-19 00:17:33.419613966+00:00,420,cancel_requested,ask,2199.4,0.12745204626755752,2026-03-19 00:17:33.363634961+00:00,155.66900000000004,2026-03-19 00:17:33.113634961+00:00,pending_cancel,refresh_reprice,2026-03-19 00:17:33.419613966+00:00,2026-03-19 00:17:33.669613966+00:00
2026-03-19 00:17:33.469534546+00:00,421,cancel_requested,bid,2197.5,0.07254795373244248,2026-03-19 00:17:33.669613966+00:00,148.68,2026-03-19 00:17:33.419613966+00:00,pending_cancel,pressure_stop_bid,2026-03-19 00:17:33.469534546+00:00,2026-03-19 00:17:33.719534546+00:00
2026-03-19 00:17:33.669613966+00:00,420,cancelled,ask,2199.4,0.12745204626755752,2026-03-19 00:17:33.363634961+00:00,155.66900000000004,2026-03-19 00:17:33.113634961+00:00,cancelled,refresh_reprice,2026-03-19 00:17:33.419613966+00:00,2026-03-19 00:17:33.669613966+00:00
2026-03-19 00:17:33.713198735+00:00,422,placed,ask,2199.0,0.12745204626755752,2026-03-19 00:17:33.963198735+00:00,167.171,2026-03-19 00:17:33.713198735+00:00,pending_new,,,
2026-03-19 00:17:33.719534546+00:00,421,cancelled,bid,2197.5,0.07254795373244248,2026-03-19 00:17:33.669613966+00:00,148.68,2026-03-19 00:17:33.419613966+00:00,cancelled,pressure_stop_bid,2026-03-19 00:17:33.469534546+00:00,2026-03-19 00:17:33.719534546+00:00
2026-03-19 00:17:38.420623767+00:00,422,cancel_requested,ask,2199.0,0.12745204626755752,2026-03-19 00:17:33.963198735+00:00,167.171,2026-03-19 00:17:33.713198735+00:00,pending_cancel,pressure_stop_ask,2026-03-19 00:17:38.420623767+00:00,2026-03-19 00:17:38.670623767+00:00
2026-03-19 00:17:38.420623767+00:00,423,placed,bid,2197.6,0.07254795373244248,2026-03-19 00:17:38.670623767+00:00,237.998,2026-03-19 00:17:38.420623767+00:00,pending_new,,,
2026-03-19 00:17:38.670623767+00:00,422,cancelled,ask,2199.0,0.12745204626755752,2026-03-19 00:17:33.963198735+00:00,167.171,2026-03-19 00:17:33.713198735+00:00,cancelled,pressure_stop_ask,2026-03-19 00:17:38.420623767+00:00,2026-03-19 00:17:38.670623767+00:00
2026-03-19 00:17:38.728525311+00:00,424,placed,ask,2199.3,0.12745204626755752,2026-03-19 00:17:38.978525311+00:00,226.96300000000002,2026-03-19 00:17:38.728525311+00:00,pending_new,,,
2026-03-19 00:17:38.923115925+00:00,424,cancel_requested,ask,2199.3,0.12745204626755752,2026-03-19 00:17:38.978525311+00:00,226.96300000000002,2026-03-19 00:17:38.728525311+00:00,pending_cancel,expected_edge_ask,2026-03-19 00:17:38.923115925+00:00,2026-03-19 00:17:39.173115925+00:00
2026-03-19 00:17:38.923115925+00:00,423,cancel_requested,bid,2197.6,0.07254795373244248,2026-03-19 00:17:38.670623767+00:00,237.998,2026-03-19 00:17:38.420623767+00:00,pending_cancel,refresh_reprice,2026-03-19 00:17:38.923115925+00:00,2026-03-19 00:17:39.173115925+00:00
2026-03-19 00:17:39.173115925+00:00,423,cancelled,bid,2197.6,0.07254795373244248,2026-03-19 00:17:38.670623767+00:00,237.998,2026-03-19 00:17:38.420623767+00:00,cancelled,refresh_reprice,2026-03-19 00:17:38.923115925+00:00,2026-03-19 00:17:39.173115925+00:00
2026-03-19 00:17:39.173115925+00:00,424,cancelled,ask,2199.3,0.12745204626755752,2026-03-19 00:17:38.978525311+00:00,226.96300000000002,2026-03-19 00:17:38.728525311+00:00,cancelled,expected_edge_ask,2026-03-19 00:17:38.923115925+00:00,2026-03-19 00:17:39.173115925+00:00
2026-03-19 00:17:39.236425944+00:00,425,placed,bid,2198.1,0.07254795373244248,2026-03-19 00:17:39.486425944+00:00,176.97099999999998,2026-03-19 00:17:39.236425944+00:00,pending_new,,,
2026-03-19 00:17:39.341582247+00:00,425,cancel_requested,bid,2198.1,0.07254795373244248,2026-03-19 00:17:39.486425944+00:00,176.97099999999998,2026-03-19 00:17:39.236425944+00:00,pending_cancel,pressure_stop_bid,2026-03-19 00:17:39.341582247+00:00,2026-03-19 00:17:39.591582247+00:00
2026-03-19 00:17:39.341582247+00:00,426,placed,ask,2198.9,0.12745204626755752,2026-03-19 00:17:39.591582247+00:00,78.101,2026-03-19 00:17:39.341582247+00:00,pending_new,,,
2026-03-19 00:17:39.591582247+00:00,425,cancelled,bid,2198.1,0.07254795373244248,2026-03-19 00:17:39.486425944+00:00,176.97099999999998,2026-03-19 00:17:39.236425944+00:00,cancelled,pressure_stop_bid,2026-03-19 00:17:39.341582247+00:00,2026-03-19 00:17:39.591582247+00:00
2026-03-19 00:17:41.838786692+00:00,427,placed,bid,2198.0,0.07254795373244248,2026-03-19 00:17:42.088786692+00:00,186.901,2026-03-19 00:17:41.838786692+00:00,pending_new,,,
2026-03-19 00:17:41.893660742+00:00,426,cancel_requested,ask,2198.9,0.12745204626755752,2026-03-19 00:17:39.591582247+00:00,78.101,2026-03-19 00:17:39.341582247+00:00,pending_cancel,expected_edge_ask,2026-03-19 00:17:41.893660742+00:00,2026-03-19 00:17:42.143660742+00:00
2026-03-19 00:17:42.143660742+00:00,426,cancelled,ask,2198.9,0.12745204626755752,2026-03-19 00:17:39.591582247+00:00,78.101,2026-03-19 00:17:39.341582247+00:00,cancelled,expected_edge_ask,2026-03-19 00:17:41.893660742+00:00,2026-03-19 00:17:42.143660742+00:00
2026-03-19 00:17:47.198980496+00:00,428,placed,ask,2198.8,0.12745204626755752,2026-03-19 00:17:47.448980496+00:00,147.151,2026-03-19 00:17:47.198980496+00:00,pending_new,,,
2026-03-19 00:17:48.777406059+00:00,428,cancel_requested,ask,2198.8,0.12745204626755752,2026-03-19 00:17:47.448980496+00:00,147.151,2026-03-19 00:17:47.198980496+00:00,pending_cancel,expected_edge_ask,2026-03-19 00:17:48.777406059+00:00,2026-03-19 00:17:49.027406059+00:00
2026-03-19 00:17:49.027406059+00:00,428,cancelled,ask,2198.8,0.12745204626755752,2026-03-19 00:17:47.448980496+00:00,147.151,2026-03-19 00:17:47.198980496+00:00,cancelled,expected_edge_ask,2026-03-19 00:17:48.777406059+00:00,2026-03-19 00:17:49.027406059+00:00
2026-03-19 00:17:51.398481772+00:00,427,cancel_requested,bid,2198.0,0.07254795373244248,2026-03-19 00:17:42.088786692+00:00,186.901,2026-03-19 00:17:41.838786692+00:00,pending_cancel,pressure_stop_bid,2026-03-19 00:17:51.398481772+00:00,2026-03-19 00:17:51.648481772+00:00
2026-03-19 00:17:51.398481772+00:00,429,placed,ask,2198.9,0.12745204626755752,2026-03-19 00:17:51.648481772+00:00,95.752,2026-03-19 00:17:51.398481772+00:00,pending_new,,,
2026-03-19 00:17:51.648481772+00:00,427,cancelled,bid,2198.0,0.07254795373244248,2026-03-19 00:17:42.088786692+00:00,186.901,2026-03-19 00:17:41.838786692+00:00,cancelled,pressure_stop_bid,2026-03-19 00:17:51.398481772+00:00,2026-03-19 00:17:51.648481772+00:00
2026-03-19 00:17:56.602813087+00:00,430,placed,bid,2197.9,0.07255121801146192,2026-03-19 00:17:56.852813087+00:00,139.567,2026-03-19 00:17:56.602813087+00:00,pending_new,,,
2026-03-19 00:17:56.602813087+00:00,429,cancel_requested,ask,2198.9,0.12745204626755752,2026-03-19 00:17:51.648481772+00:00,95.752,2026-03-19 00:17:51.398481772+00:00,pending_cancel,refresh_reprice,2026-03-19 00:17:56.602813087+00:00,2026-03-19 00:17:56.852813087+00:00
2026-03-19 00:17:56.852813087+00:00,429,cancelled,ask,2198.9,0.12745204626755752,2026-03-19 00:17:51.648481772+00:00,95.752,2026-03-19 00:17:51.398481772+00:00,cancelled,refresh_reprice,2026-03-19 00:17:56.602813087+00:00,2026-03-19 00:17:56.852813087+00:00
2026-03-19 00:17:56.868503798+00:00,431,placed,ask,2198.7,0.1274487819885381,2026-03-19 00:17:57.118503798+00:00,134.58100000000002,2026-03-19 00:17:56.868503798+00:00,pending_new,,,
2026-03-19 00:17:57.104593784+00:00,430,cancel_requested,bid,2197.9,0.07255121801146192,2026-03-19 00:17:56.852813087+00:00,139.567,2026-03-19 00:17:56.602813087+00:00,pending_cancel,pressure_stop_bid,2026-03-19 00:17:57.104593784+00:00,2026-03-19 00:17:57.354593784+00:00
2026-03-19 00:17:57.354593784+00:00,430,cancelled,bid,2197.9,0.07255121801146192,2026-03-19 00:17:56.852813087+00:00,139.567,2026-03-19 00:17:56.602813087+00:00,cancelled,pressure_stop_bid,2026-03-19 00:17:57.104593784+00:00,2026-03-19 00:17:57.354593784+00:00
2026-03-19 00:18:00.072306277+00:00,431,cancel_requested,ask,2198.7,0.1274487819885381,2026-03-19 00:17:57.118503798+00:00,134.58100000000002,2026-03-19 00:17:56.868503798+00:00,pending_cancel,expected_edge_ask,2026-03-19 00:18:00.072306277+00:00,2026-03-19 00:18:00.322306277+00:00
2026-03-19 00:18:00.072306277+00:00,432,placed,bid,2198.0,0.07255121801146192,2026-03-19 00:18:00.322306277+00:00,132.718,2026-03-19 00:18:00.072306277+00:00,pending_new,,,
2026-03-19 00:18:00.322306277+00:00,431,cancelled,ask,2198.7,0.1274487819885381,2026-03-19 00:17:57.118503798+00:00,134.58100000000002,2026-03-19 00:17:56.868503798+00:00,cancelled,expected_edge_ask,2026-03-19 00:18:00.072306277+00:00,2026-03-19 00:18:00.322306277+00:00
2026-03-19 00:18:05.946525344+00:00,432,cancel_requested,bid,2198.0,0.07255121801146192,2026-03-19 00:18:00.322306277+00:00,132.718,2026-03-19 00:18:00.072306277+00:00,pending_cancel,refresh_reprice,2026-03-19 00:18:05.946525344+00:00,2026-03-19 00:18:06.196525344+00:00
2026-03-19 00:18:06.196525344+00:00,432,cancelled,bid,2198.0,0.07255121801146192,2026-03-19 00:18:00.322306277+00:00,132.718,2026-03-19 00:18:00.072306277+00:00,cancelled,refresh_reprice,2026-03-19 00:18:05.946525344+00:00,2026-03-19 00:18:06.196525344+00:00
2026-03-19 00:18:06.197802549+00:00,433,placed,bid,2198.7,0.07255121801146192,2026-03-19 00:18:06.447802549+00:00,106.94200000000001,2026-03-19 00:18:06.197802549+00:00,pending_new,,,
2026-03-19 00:18:07.121293167+00:00,433,cancel_requested,bid,2198.7,0.07255121801146192,2026-03-19 00:18:06.447802549+00:00,106.94200000000001,2026-03-19 00:18:06.197802549+00:00,pending_cancel,pressure_stop_bid,2026-03-19 00:18:07.121293167+00:00,2026-03-19 00:18:07.371293167+00:00
2026-03-19 00:18:07.371293167+00:00,433,cancelled,bid,2198.7,0.07255121801146192,2026-03-19 00:18:06.447802549+00:00,106.94200000000001,2026-03-19 00:18:06.197802549+00:00,cancelled,pressure_stop_bid,2026-03-19 00:18:07.121293167+00:00,2026-03-19 00:18:07.371293167+00:00
2026-03-19 00:18:12.427971635+00:00,434,placed,bid,2199.0,0.07289051945467855,2026-03-19 00:18:12.677971635+00:00,121.953,2026-03-19 00:18:12.427971635+00:00,pending_new,,,
2026-03-19 00:18:12.530537922+00:00,434,cancel_requested,bid,2199.0,0.07289051945467855,2026-03-19 00:18:12.677971635+00:00,121.953,2026-03-19 00:18:12.427971635+00:00,pending_cancel,refresh_reprice,2026-03-19 00:18:12.530537922+00:00,2026-03-19 00:18:12.780537922+00:00
2026-03-19 00:18:12.780537922+00:00,434,cancelled,bid,2199.0,0.07289051945467855,2026-03-19 00:18:12.677971635+00:00,121.953,2026-03-19 00:18:12.427971635+00:00,cancelled,refresh_reprice,2026-03-19 00:18:12.530537922+00:00,2026-03-19 00:18:12.780537922+00:00
2026-03-19 00:18:12.781636636+00:00,435,placed,bid,2199.3,0.07289051945467855,2026-03-19 00:18:13.031636636+00:00,123.30499999999999,2026-03-19 00:18:12.781636636+00:00,pending_new,,,
2026-03-19 00:18:17.583766929+00:00,436,placed,ask,2200.2,0.12710948054532145,2026-03-19 00:18:17.833766929+00:00,163.674,2026-03-19 00:18:17.583766929+00:00,pending_new,,,
2026-03-19 00:18:18.096591554+00:00,436,cancel_requested,ask,2200.2,0.12710948054532145,2026-03-19 00:18:17.833766929+00:00,163.674,2026-03-19 00:18:17.583766929+00:00,pending_cancel,expected_edge_ask,2026-03-19 00:18:18.096591554+00:00,2026-03-19 00:18:18.346591554+00:00
2026-03-19 00:18:18.195018492+00:00,435,cancel_requested,bid,2199.3,0.07289051945467855,2026-03-19 00:18:13.031636636+00:00,123.30499999999999,2026-03-19 00:18:12.781636636+00:00,pending_cancel,pressure_stop_bid,2026-03-19 00:18:18.195018492+00:00,2026-03-19 00:18:18.445018492+00:00
2026-03-19 00:18:18.346591554+00:00,436,cancelled,ask,2200.2,0.12710948054532145,2026-03-19 00:18:17.833766929+00:00,163.674,2026-03-19 00:18:17.583766929+00:00,cancelled,expected_edge_ask,2026-03-19 00:18:18.096591554+00:00,2026-03-19 00:18:18.346591554+00:00
2026-03-19 00:18:18.351627916+00:00,437,placed,ask,2200.0,0.12710948054532145,2026-03-19 00:18:18.601627916+00:00,100.857,2026-03-19 00:18:18.351627916+00:00,pending_new,,,
2026-03-19 00:18:18.445018492+00:00,435,cancelled,bid,2199.3,0.07289051945467855,2026-03-19 00:18:13.031636636+00:00,123.30499999999999,2026-03-19 00:18:12.781636636+00:00,cancelled,pressure_stop_bid,2026-03-19 00:18:18.195018492+00:00,2026-03-19 00:18:18.445018492+00:00
2026-03-19 00:18:18.474905357+00:00,438,placed,bid,2199.2,0.07289051945467855,2026-03-19 00:18:18.724905357+00:00,144.768,2026-03-19 00:18:18.474905357+00:00,pending_new,,,
2026-03-19 00:18:18.805963094+00:00,438,cancel_requested,bid,2199.2,0.07289051945467855,2026-03-19 00:18:18.724905357+00:00,144.768,2026-03-19 00:18:18.474905357+00:00,pending_cancel,pressure_stop_bid,2026-03-19 00:18:18.805963094+00:00,2026-03-19 00:18:19.055963094+00:00
2026-03-19 00:18:19.055963094+00:00,438,cancelled,bid,2199.2,0.07289051945467855,2026-03-19 00:18:18.724905357+00:00,144.768,2026-03-19 00:18:18.474905357+00:00,cancelled,pressure_stop_bid,2026-03-19 00:18:18.805963094+00:00,2026-03-19 00:18:19.055963094+00:00
2026-03-19 00:18:20.239508420+00:00,437,cancel_requested,ask,2200.0,0.12710948054532145,2026-03-19 00:18:18.601627916+00:00,100.857,2026-03-19 00:18:18.351627916+00:00,pending_cancel,refresh_reprice,2026-03-19 00:18:20.239508420+00:00,2026-03-19 00:18:20.489508420+00:00
2026-03-19 00:18:20.489508420+00:00,437,cancelled,ask,2200.0,0.12710948054532145,2026-03-19 00:18:18.601627916+00:00,100.857,2026-03-19 00:18:18.351627916+00:00,cancelled,refresh_reprice,2026-03-19 00:18:20.239508420+00:00,2026-03-19 00:18:20.489508420+00:00
2026-03-19 00:18:20.492078020+00:00,439,placed,ask,2199.7,0.12710948054532145,2026-03-19 00:18:20.742078020+00:00,128.608,2026-03-19 00:18:20.492078020+00:00,pending_new,,,
2026-03-19 00:18:21.402805627+00:00,439,cancel_requested,ask,2199.7,0.12710948054532145,2026-03-19 00:18:20.742078020+00:00,128.608,2026-03-19 00:18:20.492078020+00:00,pending_cancel,expected_edge_ask,2026-03-19 00:18:21.402805627+00:00,2026-03-19 00:18:21.652805627+00:00
2026-03-19 00:18:21.402805627+00:00,440,placed,bid,2198.9,0.07289051945467855,2026-03-19 00:18:21.652805627+00:00,66.529,2026-03-19 00:18:21.402805627+00:00,pending_new,,,
2026-03-19 00:18:21.652805627+00:00,439,cancelled,ask,2199.7,0.12710948054532145,2026-03-19 00:18:20.742078020+00:00,128.608,2026-03-19 00:18:20.492078020+00:00,cancelled,expected_edge_ask,2026-03-19 00:18:21.402805627+00:00,2026-03-19 00:18:21.652805627+00:00
2026-03-19 00:18:23.760132879+00:00,440,cancel_requested,bid,2198.9,0.07289051945467855,2026-03-19 00:18:21.652805627+00:00,66.529,2026-03-19 00:18:21.402805627+00:00,pending_cancel,pressure_stop_bid,2026-03-19 00:18:23.760132879+00:00,2026-03-19 00:18:24.010132879+00:00
2026-03-19 00:18:23.760132879+00:00,441,placed,ask,2199.6,0.12710948054532145,2026-03-19 00:18:24.010132879+00:00,133.674,2026-03-19 00:18:23.760132879+00:00,pending_new,,,
2026-03-19 00:18:24.010132879+00:00,440,cancelled,bid,2198.9,0.07289051945467855,2026-03-19 00:18:21.652805627+00:00,66.529,2026-03-19 00:18:21.402805627+00:00,cancelled,pressure_stop_bid,2026-03-19 00:18:23.760132879+00:00,2026-03-19 00:18:24.010132879+00:00
2026-03-19 00:18:33.436755924+00:00,441,cancel_requested,ask,2199.6,0.12710948054532145,2026-03-19 00:18:24.010132879+00:00,133.674,2026-03-19 00:18:23.760132879+00:00,pending_cancel,expected_edge_ask,2026-03-19 00:18:33.436755924+00:00,2026-03-19 00:18:33.686755924+00:00
2026-03-19 00:18:33.436755924+00:00,442,placed,bid,2198.9,0.07302374966456791,2026-03-19 00:18:33.686755924+00:00,82.944,2026-03-19 00:18:33.436755924+00:00,pending_new,,,
2026-03-19 00:18:33.507861413+00:00,442,cancel_requested,bid,2198.9,0.07302374966456791,2026-03-19 00:18:33.686755924+00:00,82.944,2026-03-19 00:18:33.436755924+00:00,pending_cancel,pressure_stop_bid,2026-03-19 00:18:33.507861413+00:00,2026-03-19 00:18:33.757861413+00:00
2026-03-19 00:18:33.686755924+00:00,441,cancelled,ask,2199.6,0.12710948054532145,2026-03-19 00:18:24.010132879+00:00,133.674,2026-03-19 00:18:23.760132879+00:00,cancelled,expected_edge_ask,2026-03-19 00:18:33.436755924+00:00,2026-03-19 00:18:33.686755924+00:00
2026-03-19 00:18:33.757861413+00:00,442,cancelled,bid,2198.9,0.07302374966456791,2026-03-19 00:18:33.686755924+00:00,82.944,2026-03-19 00:18:33.436755924+00:00,cancelled,pressure_stop_bid,2026-03-19 00:18:33.507861413+00:00,2026-03-19 00:18:33.757861413+00:00
2026-03-19 00:18:38.873178313+00:00,443,placed,bid,2199.0,0.07302374966456791,2026-03-19 00:18:39.123178313+00:00,92.342,2026-03-19 00:18:38.873178313+00:00,pending_new,,,
2026-03-19 00:18:43.978791366+00:00,443,cancel_requested,bid,2199.0,0.07302374966456791,2026-03-19 00:18:39.123178313+00:00,92.342,2026-03-19 00:18:38.873178313+00:00,pending_cancel,refresh_reprice,2026-03-19 00:18:43.978791366+00:00,2026-03-19 00:18:44.228791366+00:00
2026-03-19 00:18:44.228791366+00:00,443,cancelled,bid,2199.0,0.07302374966456791,2026-03-19 00:18:39.123178313+00:00,92.342,2026-03-19 00:18:38.873178313+00:00,cancelled,refresh_reprice,2026-03-19 00:18:43.978791366+00:00,2026-03-19 00:18:44.228791366+00:00
2026-03-19 00:18:44.231786818+00:00,444,placed,bid,2199.3,0.07302374966456791,2026-03-19 00:18:44.481786818+00:00,134.833,2026-03-19 00:18:44.231786818+00:00,pending_new,,,
2026-03-19 00:18:48.364849413+00:00,444,cancel_requested,bid,2199.3,0.07302374966456791,2026-03-19 00:18:44.481786818+00:00,134.833,2026-03-19 00:18:44.231786818+00:00,pending_cancel,pressure_stop_bid,2026-03-19 00:18:48.364849413+00:00,2026-03-19 00:18:48.614849413+00:00
2026-03-19 00:18:48.614849413+00:00,444,cancelled,bid,2199.3,0.07302374966456791,2026-03-19 00:18:44.481786818+00:00,134.833,2026-03-19 00:18:44.231786818+00:00,cancelled,pressure_stop_bid,2026-03-19 00:18:48.364849413+00:00,2026-03-19 00:18:48.614849413+00:00
2026-03-19 00:18:53.718533935+00:00,445,placed,bid,2198.9,0.07325628705471243,2026-03-19 00:18:53.968533935+00:00,84.15100000000001,2026-03-19 00:18:53.718533935+00:00,pending_new,,,
2026-03-19 00:18:54.011415748+00:00,445,cancel_requested,bid,2198.9,0.07325628705471243,2026-03-19 00:18:53.968533935+00:00,84.15100000000001,2026-03-19 00:18:53.718533935+00:00,pending_cancel,pressure_stop_bid,2026-03-19 00:18:54.011415748+00:00,2026-03-19 00:18:54.261415748+00:00
2026-03-19 00:18:54.261415748+00:00,445,cancelled,bid,2198.9,0.07325628705471243,2026-03-19 00:18:53.968533935+00:00,84.15100000000001,2026-03-19 00:18:53.718533935+00:00,cancelled,pressure_stop_bid,2026-03-19 00:18:54.011415748+00:00,2026-03-19 00:18:54.261415748+00:00
2026-03-19 00:18:59.295104540+00:00,446,placed,ask,2199.5,0.12674371294528758,2026-03-19 00:18:59.545104540+00:00,77.452,2026-03-19 00:18:59.295104540+00:00,pending_new,,,
2026-03-19 00:19:01.643223386+00:00,446,cancel_requested,ask,2199.5,0.12674371294528758,2026-03-19 00:18:59.545104540+00:00,77.452,2026-03-19 00:18:59.295104540+00:00,pending_cancel,expected_edge_ask,2026-03-19 00:19:01.643223386+00:00,2026-03-19 00:19:01.893223386+00:00
2026-03-19 00:19:01.893223386+00:00,446,cancelled,ask,2199.5,0.12674371294528758,2026-03-19 00:18:59.545104540+00:00,77.452,2026-03-19 00:18:59.295104540+00:00,cancelled,expected_edge_ask,2026-03-19 00:19:01.643223386+00:00,2026-03-19 00:19:01.893223386+00:00
2026-03-19 00:19:01.897248343+00:00,447,placed,bid,2198.9,0.07325628705471243,2026-03-19 00:19:02.147248343+00:00,91.958,2026-03-19 00:19:01.897248343+00:00,pending_new,,,
2026-03-19 00:19:11.897248343+00:00,447,cancel_requested,bid,2198.9,0.07325628705471243,2026-03-19 00:19:02.147248343+00:00,91.958,2026-03-19 00:19:01.897248343+00:00,pending_cancel,quote_age_expired,2026-03-19 00:19:11.897248343+00:00,2026-03-19 00:19:12.147248343+00:00
2026-03-19 00:19:12.147248343+00:00,447,cancelled,bid,2198.9,0.07325628705471243,2026-03-19 00:19:02.147248343+00:00,91.958,2026-03-19 00:19:01.897248343+00:00,cancelled,quote_age_expired,2026-03-19 00:19:11.897248343+00:00,2026-03-19 00:19:12.147248343+00:00
2026-03-19 00:19:12.192261261+00:00,448,placed,bid,2198.9,0.07325628705471243,2026-03-19 00:19:12.442261261+00:00,123.907,2026-03-19 00:19:12.192261261+00:00,pending_new,,,
2026-03-19 00:19:13.684086168+00:00,448,cancel_requested,bid,2198.9,0.07325628705471243,2026-03-19 00:19:12.442261261+00:00,123.907,2026-03-19 00:19:12.192261261+00:00,pending_cancel,pressure_stop_bid,2026-03-19 00:19:13.684086168+00:00,2026-03-19 00:19:13.934086168+00:00
2026-03-19 00:19:13.934086168+00:00,448,cancelled,bid,2198.9,0.07325628705471243,2026-03-19 00:19:12.442261261+00:00,123.907,2026-03-19 00:19:12.192261261+00:00,cancelled,pressure_stop_bid,2026-03-19 00:19:13.684086168+00:00,2026-03-19 00:19:13.934086168+00:00
2026-03-19 00:19:13.935390013+00:00,449,placed,ask,2199.4,0.12667715391998075,2026-03-19 00:19:14.185390013+00:00,119.22399999999999,2026-03-19 00:19:13.935390013+00:00,pending_new,,,
2026-03-19 00:19:16.441928825+00:00,449,cancel_requested,ask,2199.4,0.12667715391998075,2026-03-19 00:19:14.185390013+00:00,119.22399999999999,2026-03-19 00:19:13.935390013+00:00,pending_cancel,expected_edge_ask,2026-03-19 00:19:16.441928825+00:00,2026-03-19 00:19:16.691928825+00:00
2026-03-19 00:19:16.441928825+00:00,450,placed,bid,2198.9,0.07332284608001928,2026-03-19 00:19:16.691928825+00:00,56.645,2026-03-19 00:19:16.441928825+00:00,pending_new,,,
2026-03-19 00:19:16.691928825+00:00,449,cancelled,ask,2199.4,0.12667715391998075,2026-03-19 00:19:14.185390013+00:00,119.22399999999999,2026-03-19 00:19:13.935390013+00:00,cancelled,expected_edge_ask,2026-03-19 00:19:16.441928825+00:00,2026-03-19 00:19:16.691928825+00:00
2026-03-19 00:19:20.936771483+00:00,450,cancel_requested,bid,2198.9,0.07332284608001928,2026-03-19 00:19:16.691928825+00:00,56.645,2026-03-19 00:19:16.441928825+00:00,pending_cancel,refresh_reprice,2026-03-19 00:19:20.936771483+00:00,2026-03-19 00:19:21.186771483+00:00
2026-03-19 00:19:21.186771483+00:00,450,cancelled,bid,2198.9,0.07332284608001928,2026-03-19 00:19:16.691928825+00:00,56.645,2026-03-19 00:19:16.441928825+00:00,cancelled,refresh_reprice,2026-03-19 00:19:20.936771483+00:00,2026-03-19 00:19:21.186771483+00:00
2026-03-19 00:19:21.192952258+00:00,451,placed,bid,2199.5,0.07332284608001928,2026-03-19 00:19:21.442952258+00:00,145.303,2026-03-19 00:19:21.192952258+00:00,pending_new,,,
2026-03-19 00:19:23.079697539+00:00,451,cancel_requested,bid,2199.5,0.07332284608001928,2026-03-19 00:19:21.442952258+00:00,145.303,2026-03-19 00:19:21.192952258+00:00,pending_cancel,refresh_reprice,2026-03-19 00:19:23.079697539+00:00,2026-03-19 00:19:23.329697539+00:00
2026-03-19 00:19:23.329697539+00:00,451,cancelled,bid,2199.5,0.07332284608001928,2026-03-19 00:19:21.442952258+00:00,145.303,2026-03-19 00:19:21.192952258+00:00,cancelled,refresh_reprice,2026-03-19 00:19:23.079697539+00:00,2026-03-19 00:19:23.329697539+00:00
2026-03-19 00:19:23.338032253+00:00,452,placed,bid,2199.8,0.07332284608001928,2026-03-19 00:19:23.588032253+00:00,102.041,2026-03-19 00:19:23.338032253+00:00,pending_new,,,
2026-03-19 00:19:33.338032253+00:00,452,cancel_requested,bid,2199.8,0.07332284608001928,2026-03-19 00:19:23.588032253+00:00,102.041,2026-03-19 00:19:23.338032253+00:00,pending_cancel,quote_age_expired,2026-03-19 00:19:33.338032253+00:00,2026-03-19 00:19:33.588032253+00:00
2026-03-19 00:19:33.588032253+00:00,452,cancelled,bid,2199.8,0.07332284608001928,2026-03-19 00:19:23.588032253+00:00,102.041,2026-03-19 00:19:23.338032253+00:00,cancelled,quote_age_expired,2026-03-19 00:19:33.338032253+00:00,2026-03-19 00:19:33.588032253+00:00
2026-03-19 00:19:33.683730740+00:00,453,placed,bid,2199.8,0.07401781740494671,2026-03-19 00:19:33.933730740+00:00,121.717,2026-03-19 00:19:33.683730740+00:00,pending_new,,,
2026-03-19 00:19:36.971765508+00:00,453,cancel_requested,bid,2199.8,0.07401781740494671,2026-03-19 00:19:33.933730740+00:00,121.717,2026-03-19 00:19:33.683730740+00:00,pending_cancel,pressure_stop_bid,2026-03-19 00:19:36.971765508+00:00,2026-03-19 00:19:37.221765508+00:00
2026-03-19 00:19:37.221765508+00:00,453,cancelled,bid,2199.8,0.07401781740494671,2026-03-19 00:19:33.933730740+00:00,121.717,2026-03-19 00:19:33.683730740+00:00,cancelled,pressure_stop_bid,2026-03-19 00:19:36.971765508+00:00,2026-03-19 00:19:37.221765508+00:00
2026-03-19 00:19:37.294619052+00:00,454,placed,ask,2200.3,0.1259821825950533,2026-03-19 00:19:37.544619052+00:00,118.02799999999999,2026-03-19 00:19:37.294619052+00:00,pending_new,,,
2026-03-19 00:19:37.992378796+00:00,454,cancel_requested,ask,2200.3,0.1259821825950533,2026-03-19 00:19:37.544619052+00:00,118.02799999999999,2026-03-19 00:19:37.294619052+00:00,pending_cancel,expected_edge_ask,2026-03-19 00:19:37.992378796+00:00,2026-03-19 00:19:38.242378796+00:00
2026-03-19 00:19:38.242378796+00:00,454,cancelled,ask,2200.3,0.1259821825950533,2026-03-19 00:19:37.544619052+00:00,118.02799999999999,2026-03-19 00:19:37.294619052+00:00,cancelled,expected_edge_ask,2026-03-19 00:19:37.992378796+00:00,2026-03-19 00:19:38.242378796+00:00
2026-03-19 00:19:38.276708193+00:00,455,placed,bid,2199.8,0.07401781740494671,2026-03-19 00:19:38.526708193+00:00,50.999,2026-03-19 00:19:38.276708193+00:00,pending_new,,,
2026-03-19 00:19:38.738140320+00:00,455,cancel_requested,bid,2199.8,0.07401781740494671,2026-03-19 00:19:38.526708193+00:00,50.999,2026-03-19 00:19:38.276708193+00:00,pending_cancel,pressure_stop_bid,2026-03-19 00:19:38.738140320+00:00,2026-03-19 00:19:38.988140320+00:00
2026-03-19 00:19:38.988140320+00:00,455,cancelled,bid,2199.8,0.07401781740494671,2026-03-19 00:19:38.526708193+00:00,50.999,2026-03-19 00:19:38.276708193+00:00,cancelled,pressure_stop_bid,2026-03-19 00:19:38.738140320+00:00,2026-03-19 00:19:38.988140320+00:00
2026-03-19 00:19:44.011788091+00:00,456,placed,ask,2200.1,0.1259821825950533,2026-03-19 00:19:44.261788091+00:00,87.55000000000001,2026-03-19 00:19:44.011788091+00:00,pending_new,,,
2026-03-19 00:19:44.523323076+00:00,456,cancel_requested,ask,2200.1,0.1259821825950533,2026-03-19 00:19:44.261788091+00:00,87.55000000000001,2026-03-19 00:19:44.011788091+00:00,pending_cancel,refresh_reprice,2026-03-19 00:19:44.523323076+00:00,2026-03-19 00:19:44.773323076+00:00
2026-03-19 00:19:44.773323076+00:00,456,cancelled,ask,2200.1,0.1259821825950533,2026-03-19 00:19:44.261788091+00:00,87.55000000000001,2026-03-19 00:19:44.011788091+00:00,cancelled,refresh_reprice,2026-03-19 00:19:44.523323076+00:00,2026-03-19 00:19:44.773323076+00:00
2026-03-19 00:19:44.779581366+00:00,457,placed,bid,2199.2,0.07401781740494671,2026-03-19 00:19:45.029581366+00:00,54.661,2026-03-19 00:19:44.779581366+00:00,pending_new,,,
2026-03-19 00:19:46.147155908+00:00,457,cancel_requested,bid,2199.2,0.07401781740494671,2026-03-19 00:19:45.029581366+00:00,54.661,2026-03-19 00:19:44.779581366+00:00,pending_cancel,pressure_stop_bid,2026-03-19 00:19:46.147155908+00:00,2026-03-19 00:19:46.397155908+00:00
2026-03-19 00:19:46.147155908+00:00,458,placed,ask,2199.7,0.1259821825950533,2026-03-19 00:19:46.397155908+00:00,52.67,2026-03-19 00:19:46.147155908+00:00,pending_new,,,
2026-03-19 00:19:46.397155908+00:00,457,cancelled,bid,2199.2,0.07401781740494671,2026-03-19 00:19:45.029581366+00:00,54.661,2026-03-19 00:19:44.779581366+00:00,cancelled,pressure_stop_bid,2026-03-19 00:19:46.147155908+00:00,2026-03-19 00:19:46.397155908+00:00
2026-03-19 00:19:47.717659186+00:00,458,cancel_requested,ask,2199.7,0.1259821825950533,2026-03-19 00:19:46.397155908+00:00,52.67,2026-03-19 00:19:46.147155908+00:00,pending_cancel,expected_edge_ask,2026-03-19 00:19:47.717659186+00:00,2026-03-19 00:19:47.967659186+00:00
2026-03-19 00:19:47.967659186+00:00,458,cancelled,ask,2199.7,0.1259821825950533,2026-03-19 00:19:46.397155908+00:00,52.67,2026-03-19 00:19:46.147155908+00:00,cancelled,expected_edge_ask,2026-03-19 00:19:47.717659186+00:00,2026-03-19 00:19:47.967659186+00:00
2026-03-19 00:19:58.263657395+00:00,459,placed,bid,2199.2,0.07401350746425187,2026-03-19 00:19:58.513657395+00:00,139.80200000000002,2026-03-19 00:19:58.263657395+00:00,pending_new,,,
2026-03-19 00:20:03.936832934+00:00,459,cancel_requested,bid,2199.2,0.07401350746425187,2026-03-19 00:19:58.513657395+00:00,139.80200000000002,2026-03-19 00:19:58.263657395+00:00,pending_cancel,pressure_stop_bid,2026-03-19 00:20:03.936832934+00:00,2026-03-19 00:20:04.186832934+00:00
2026-03-19 00:20:03.936832934+00:00,460,placed,ask,2199.7,0.12598649253574815,2026-03-19 00:20:04.186832934+00:00,76.011,2026-03-19 00:20:03.936832934+00:00,pending_new,,,
2026-03-19 00:20:04.089611011+00:00,460,cancel_requested,ask,2199.7,0.12598649253574815,2026-03-19 00:20:04.186832934+00:00,76.011,2026-03-19 00:20:03.936832934+00:00,pending_cancel,refresh_reprice,2026-03-19 00:20:04.089611011+00:00,2026-03-19 00:20:04.339611011+00:00
2026-03-19 00:20:04.186832934+00:00,459,cancelled,bid,2199.2,0.07401350746425187,2026-03-19 00:19:58.513657395+00:00,139.80200000000002,2026-03-19 00:19:58.263657395+00:00,cancelled,pressure_stop_bid,2026-03-19 00:20:03.936832934+00:00,2026-03-19 00:20:04.186832934+00:00
2026-03-19 00:20:04.339611011+00:00,460,cancelled,ask,2199.7,0.12598649253574815,2026-03-19 00:20:04.186832934+00:00,76.011,2026-03-19 00:20:03.936832934+00:00,cancelled,refresh_reprice,2026-03-19 00:20:04.089611011+00:00,2026-03-19 00:20:04.339611011+00:00
2026-03-19 00:20:04.341776882+00:00,461,placed,ask,2199.4,0.12598649253574815,2026-03-19 00:20:04.591776882+00:00,220.85399999999998,2026-03-19 00:20:04.341776882+00:00,pending_new,,,
2026-03-19 00:20:04.498481577+00:00,461,cancel_requested,ask,2199.4,0.12598649253574815,2026-03-19 00:20:04.591776882+00:00,220.85399999999998,2026-03-19 00:20:04.341776882+00:00,pending_cancel,refresh_reprice,2026-03-19 00:20:04.498481577+00:00,2026-03-19 00:20:04.748481577+00:00
2026-03-19 00:20:04.551088027+00:00,462,placed,bid,2197.8,0.07401350746425187,2026-03-19 00:20:04.801088027+00:00,150.78099999999998,2026-03-19 00:20:04.551088027+00:00,pending_new,,,
2026-03-19 00:20:04.697826067+00:00,462,cancel_requested,bid,2197.8,0.07401350746425187,2026-03-19 00:20:04.801088027+00:00,150.78099999999998,2026-03-19 00:20:04.551088027+00:00,pending_cancel,pressure_stop_bid,2026-03-19 00:20:04.697826067+00:00,2026-03-19 00:20:04.947826067+00:00
2026-03-19 00:20:04.748481577+00:00,461,cancelled,ask,2199.4,0.12598649253574815,2026-03-19 00:20:04.591776882+00:00,220.85399999999998,2026-03-19 00:20:04.341776882+00:00,cancelled,refresh_reprice,2026-03-19 00:20:04.498481577+00:00,2026-03-19 00:20:04.748481577+00:00
2026-03-19 00:20:04.759494748+00:00,463,placed,ask,2199.0,0.12598649253574815,2026-03-19 00:20:05.009494748+00:00,120.321,2026-03-19 00:20:04.759494748+00:00,pending_new,,,
2026-03-19 00:20:04.947826067+00:00,462,cancelled,bid,2197.8,0.07401350746425187,2026-03-19 00:20:04.801088027+00:00,150.78099999999998,2026-03-19 00:20:04.551088027+00:00,cancelled,pressure_stop_bid,2026-03-19 00:20:04.697826067+00:00,2026-03-19 00:20:04.947826067+00:00
2026-03-19 00:20:10.625635419+00:00,463,cancel_requested,ask,2199.0,0.12598649253574815,2026-03-19 00:20:05.009494748+00:00,120.321,2026-03-19 00:20:04.759494748+00:00,pending_cancel,pressure_stop_ask,2026-03-19 00:20:10.625635419+00:00,2026-03-19 00:20:10.875635419+00:00
2026-03-19 00:20:10.625635419+00:00,464,placed,bid,2197.9,0.07401350746425187,2026-03-19 00:20:10.875635419+00:00,217.957,2026-03-19 00:20:10.625635419+00:00,pending_new,,,
2026-03-19 00:20:10.875635419+00:00,463,cancelled,ask,2199.0,0.12598649253574815,2026-03-19 00:20:05.009494748+00:00,120.321,2026-03-19 00:20:04.759494748+00:00,cancelled,pressure_stop_ask,2026-03-19 00:20:10.625635419+00:00,2026-03-19 00:20:10.875635419+00:00
2026-03-19 00:20:12.258739766+00:00,464,cancel_requested,bid,2197.9,0.07401350746425187,2026-03-19 00:20:10.875635419+00:00,217.957,2026-03-19 00:20:10.625635419+00:00,pending_cancel,refresh_reprice,2026-03-19 00:20:12.258739766+00:00,2026-03-19 00:20:12.508739766+00:00
2026-03-19 00:20:12.508739766+00:00,464,cancelled,bid,2197.9,0.07401350746425187,2026-03-19 00:20:10.875635419+00:00,217.957,2026-03-19 00:20:10.625635419+00:00,cancelled,refresh_reprice,2026-03-19 00:20:12.258739766+00:00,2026-03-19 00:20:12.508739766+00:00
2026-03-19 00:20:12.562078190+00:00,465,placed,bid,2198.4,0.07401350746425187,2026-03-19 00:20:12.812078190+00:00,221.43200000000002,2026-03-19 00:20:12.562078190+00:00,pending_new,,,
2026-03-19 00:20:17.260475285+00:00,465,cancel_requested,bid,2198.4,0.07401350746425187,2026-03-19 00:20:12.812078190+00:00,221.43200000000002,2026-03-19 00:20:12.562078190+00:00,pending_cancel,pressure_stop_bid,2026-03-19 00:20:17.260475285+00:00,2026-03-19 00:20:17.510475285+00:00
2026-03-19 00:20:17.260475285+00:00,466,placed,ask,2199.5,0.126095823415014,2026-03-19 00:20:17.510475285+00:00,189.112,2026-03-19 00:20:17.260475285+00:00,pending_new,,,
2026-03-19 00:20:17.510475285+00:00,465,cancelled,bid,2198.4,0.07401350746425187,2026-03-19 00:20:12.812078190+00:00,221.43200000000002,2026-03-19 00:20:12.562078190+00:00,cancelled,pressure_stop_bid,2026-03-19 00:20:17.260475285+00:00,2026-03-19 00:20:17.510475285+00:00
2026-03-19 00:20:19.306847187+00:00,466,cancel_requested,ask,2199.5,0.126095823415014,2026-03-19 00:20:17.510475285+00:00,189.112,2026-03-19 00:20:17.260475285+00:00,pending_cancel,expected_edge_ask,2026-03-19 00:20:19.306847187+00:00,2026-03-19 00:20:19.556847187+00:00
2026-03-19 00:20:19.306847187+00:00,467,placed,bid,2198.7,0.07390417658498603,2026-03-19 00:20:19.556847187+00:00,99.57700000000001,2026-03-19 00:20:19.306847187+00:00,pending_new,,,
2026-03-19 00:20:19.556847187+00:00,466,cancelled,ask,2199.5,0.126095823415014,2026-03-19 00:20:17.510475285+00:00,189.112,2026-03-19 00:20:17.260475285+00:00,cancelled,expected_edge_ask,2026-03-19 00:20:19.306847187+00:00,2026-03-19 00:20:19.556847187+00:00
2026-03-19 00:20:28.088677258+00:00,467,cancel_requested,bid,2198.7,0.07390417658498603,2026-03-19 00:20:19.556847187+00:00,99.57700000000001,2026-03-19 00:20:19.306847187+00:00,pending_cancel,pressure_stop_bid,2026-03-19 00:20:28.088677258+00:00,2026-03-19 00:20:28.338677258+00:00
2026-03-19 00:20:28.088677258+00:00,468,placed,ask,2199.2,0.126095823415014,2026-03-19 00:20:28.338677258+00:00,63.013000000000005,2026-03-19 00:20:28.088677258+00:00,pending_new,,,
2026-03-19 00:20:28.338677258+00:00,467,cancelled,bid,2198.7,0.07390417658498603,2026-03-19 00:20:19.556847187+00:00,99.57700000000001,2026-03-19 00:20:19.306847187+00:00,cancelled,pressure_stop_bid,2026-03-19 00:20:28.088677258+00:00,2026-03-19 00:20:28.338677258+00:00
2026-03-19 00:20:33.632985031+00:00,468,resized,ask,2199.2,0.12589920282335987,2026-03-19 00:20:28.338677258+00:00,63.013000000000005,,,preserve_queue_priority,,
2026-03-19 00:20:37.175650499+00:00,468,cancel_requested,ask,2199.2,0.12589920282335987,2026-03-19 00:20:28.338677258+00:00,63.013000000000005,2026-03-19 00:20:28.088677258+00:00,pending_cancel,expected_edge_ask,2026-03-19 00:20:37.175650499+00:00,2026-03-19 00:20:37.425650499+00:00
2026-03-19 00:20:37.175650499+00:00,469,placed,bid,2198.1,0.07410079717664013,2026-03-19 00:20:37.425650499+00:00,178.58499999999998,2026-03-19 00:20:37.175650499+00:00,pending_new,,,
2026-03-19 00:20:37.425650499+00:00,468,cancelled,ask,2199.2,0.12589920282335987,2026-03-19 00:20:28.338677258+00:00,63.013000000000005,2026-03-19 00:20:28.088677258+00:00,cancelled,expected_edge_ask,2026-03-19 00:20:37.175650499+00:00,2026-03-19 00:20:37.425650499+00:00
2026-03-19 00:20:37.466208293+00:00,469,cancel_requested,bid,2198.1,0.07410079717664013,2026-03-19 00:20:37.425650499+00:00,178.58499999999998,2026-03-19 00:20:37.175650499+00:00,pending_cancel,refresh_reprice,2026-03-19 00:20:37.466208293+00:00,2026-03-19 00:20:37.716208293+00:00
2026-03-19 00:20:37.716208293+00:00,469,cancelled,bid,2198.1,0.07410079717664013,2026-03-19 00:20:37.425650499+00:00,178.58499999999998,2026-03-19 00:20:37.175650499+00:00,cancelled,refresh_reprice,2026-03-19 00:20:37.466208293+00:00,2026-03-19 00:20:37.716208293+00:00
2026-03-19 00:20:37.736108934+00:00,470,placed,bid,2198.2,0.07410079717664013,2026-03-19 00:20:37.986108934+00:00,154.095,2026-03-19 00:20:37.736108934+00:00,pending_new,,,
2026-03-19 00:20:40.180886857+00:00,470,cancel_requested,bid,2198.2,0.07410079717664013,2026-03-19 00:20:37.986108934+00:00,154.095,2026-03-19 00:20:37.736108934+00:00,pending_cancel,pressure_stop_bid,2026-03-19 00:20:40.180886857+00:00,2026-03-19 00:20:40.430886857+00:00
2026-03-19 00:20:40.430886857+00:00,470,cancelled,bid,2198.2,0.07410079717664013,2026-03-19 00:20:37.986108934+00:00,154.095,2026-03-19 00:20:37.736108934+00:00,cancelled,pressure_stop_bid,2026-03-19 00:20:40.180886857+00:00,2026-03-19 00:20:40.430886857+00:00
2026-03-19 00:20:40.484918033+00:00,471,placed,ask,2198.8,0.12589920282335987,2026-03-19 00:20:40.734918033+00:00,76.63000000000001,2026-03-19 00:20:40.484918033+00:00,pending_new,,,
2026-03-19 00:20:40.696054435+00:00,471,cancel_requested,ask,2198.8,0.12589920282335987,2026-03-19 00:20:40.734918033+00:00,76.63000000000001,2026-03-19 00:20:40.484918033+00:00,pending_cancel,expected_edge_ask,2026-03-19 00:20:40.696054435+00:00,2026-03-19 00:20:40.946054435+00:00
2026-03-19 00:20:40.946054435+00:00,471,cancelled,ask,2198.8,0.12589920282335987,2026-03-19 00:20:40.734918033+00:00,76.63000000000001,2026-03-19 00:20:40.484918033+00:00,cancelled,expected_edge_ask,2026-03-19 00:20:40.696054435+00:00,2026-03-19 00:20:40.946054435+00:00
2026-03-19 00:20:40.952807506+00:00,472,placed,ask,2198.8,0.12589920282335987,2026-03-19 00:20:41.202807506+00:00,78.64500000000001,2026-03-19 00:20:40.952807506+00:00,pending_new,,,
2026-03-19 00:20:41.308418537+00:00,472,cancel_requested,ask,2198.8,0.12589920282335987,2026-03-19 00:20:41.202807506+00:00,78.64500000000001,2026-03-19 00:20:40.952807506+00:00,pending_cancel,expected_edge_ask,2026-03-19 00:20:41.308418537+00:00,2026-03-19 00:20:41.558418537+00:00
2026-03-19 00:20:41.308418537+00:00,473,placed,bid,2198.1,0.07410079717664013,2026-03-19 00:20:41.558418537+00:00,145.314,2026-03-19 00:20:41.308418537+00:00,pending_new,,,
2026-03-19 00:20:41.335763932+00:00,473,cancel_requested,bid,2198.1,0.07410079717664013,2026-03-19 00:20:41.558418537+00:00,145.314,2026-03-19 00:20:41.308418537+00:00,pending_cancel,pressure_stop_bid,2026-03-19 00:20:41.335763932+00:00,2026-03-19 00:20:41.585763932+00:00
2026-03-19 00:20:41.585763932+00:00,473,cancelled,bid,2198.1,0.07410079717664013,2026-03-19 00:20:41.558418537+00:00,145.314,2026-03-19 00:20:41.308418537+00:00,cancelled,pressure_stop_bid,2026-03-19 00:20:41.335763932+00:00,2026-03-19 00:20:41.585763932+00:00
2026-03-19 00:20:41.558418537+00:00,472,cancelled,ask,2198.8,0.12589920282335987,2026-03-19 00:20:41.202807506+00:00,78.64500000000001,2026-03-19 00:20:40.952807506+00:00,cancelled,expected_edge_ask,2026-03-19 00:20:41.308418537+00:00,2026-03-19 00:20:41.558418537+00:00
2026-03-19 00:20:46.838717385+00:00,474,placed,bid,2197.9,0.07410079717664013,2026-03-19 00:20:47.088717385+00:00,126.68099999999998,2026-03-19 00:20:46.838717385+00:00,pending_new,,,
2026-03-19 00:20:49.522792709+00:00,474,cancel_requested,bid,2197.9,0.07410079717664013,2026-03-19 00:20:47.088717385+00:00,126.68099999999998,2026-03-19 00:20:46.838717385+00:00,pending_cancel,pressure_stop_bid,2026-03-19 00:20:49.522792709+00:00,2026-03-19 00:20:49.772792709+00:00
2026-03-19 00:20:49.772792709+00:00,474,cancelled,bid,2197.9,0.07410079717664013,2026-03-19 00:20:47.088717385+00:00,126.68099999999998,2026-03-19 00:20:46.838717385+00:00,cancelled,pressure_stop_bid,2026-03-19 00:20:49.522792709+00:00,2026-03-19 00:20:49.772792709+00:00
2026-03-19 00:20:49.830079270+00:00,475,placed,bid,2197.8,0.07410079717664013,2026-03-19 00:20:50.080079270+00:00,134.70100000000002,2026-03-19 00:20:49.830079270+00:00,pending_new,,,
2026-03-19 00:20:49.884593378+00:00,475,cancel_requested,bid,2197.8,0.07410079717664013,2026-03-19 00:20:50.080079270+00:00,134.70100000000002,2026-03-19 00:20:49.830079270+00:00,pending_cancel,pressure_stop_bid,2026-03-19 00:20:49.884593378+00:00,2026-03-19 00:20:50.134593378+00:00
2026-03-19 00:20:49.884593378+00:00,476,placed,ask,2198.4,0.12589920282335987,2026-03-19 00:20:50.134593378+00:00,76.077,2026-03-19 00:20:49.884593378+00:00,pending_new,,,
2026-03-19 00:20:49.934231344+00:00,476,cancel_requested,ask,2198.4,0.12589920282335987,2026-03-19 00:20:50.134593378+00:00,76.077,2026-03-19 00:20:49.884593378+00:00,pending_cancel,expected_edge_ask,2026-03-19 00:20:49.934231344+00:00,2026-03-19 00:20:50.184231344+00:00
2026-03-19 00:20:50.134593378+00:00,475,cancelled,bid,2197.8,0.07410079717664013,2026-03-19 00:20:50.080079270+00:00,134.70100000000002,2026-03-19 00:20:49.830079270+00:00,cancelled,pressure_stop_bid,2026-03-19 00:20:49.884593378+00:00,2026-03-19 00:20:50.134593378+00:00
2026-03-19 00:20:50.184231344+00:00,476,cancelled,ask,2198.4,0.12589920282335987,2026-03-19 00:20:50.134593378+00:00,76.077,2026-03-19 00:20:49.884593378+00:00,cancelled,expected_edge_ask,2026-03-19 00:20:49.934231344+00:00,2026-03-19 00:20:50.184231344+00:00
2026-03-19 00:20:50.235756589+00:00,477,placed,ask,2198.2,0.12589920282335987,2026-03-19 00:20:50.485756589+00:00,102.502,2026-03-19 00:20:50.235756589+00:00,pending_new,,,
2026-03-19 00:20:50.473662943+00:00,477,cancel_requested,ask,2198.2,0.12589920282335987,2026-03-19 00:20:50.485756589+00:00,102.502,2026-03-19 00:20:50.235756589+00:00,pending_cancel,expected_edge_ask,2026-03-19 00:20:50.473662943+00:00,2026-03-19 00:20:50.723662943+00:00
2026-03-19 00:20:50.473662943+00:00,478,placed,bid,2197.5,0.07410079717664013,2026-03-19 00:20:50.723662943+00:00,74.311,2026-03-19 00:20:50.473662943+00:00,pending_new,,,
2026-03-19 00:20:50.723662943+00:00,477,cancelled,ask,2198.2,0.12589920282335987,2026-03-19 00:20:50.485756589+00:00,102.502,2026-03-19 00:20:50.235756589+00:00,cancelled,expected_edge_ask,2026-03-19 00:20:50.473662943+00:00,2026-03-19 00:20:50.723662943+00:00
2026-03-19 00:20:50.973968524+00:00,478,cancel_requested,bid,2197.5,0.07410079717664013,2026-03-19 00:20:50.723662943+00:00,74.311,2026-03-19 00:20:50.473662943+00:00,pending_cancel,pressure_stop_bid,2026-03-19 00:20:50.973968524+00:00,2026-03-19 00:20:51.223968524+00:00
2026-03-19 00:20:51.223968524+00:00,478,cancelled,bid,2197.5,0.07410079717664013,2026-03-19 00:20:50.723662943+00:00,74.311,2026-03-19 00:20:50.473662943+00:00,cancelled,pressure_stop_bid,2026-03-19 00:20:50.973968524+00:00,2026-03-19 00:20:51.223968524+00:00
2026-03-19 00:20:56.255203860+00:00,479,placed,ask,2198.1,0.12612047630562595,2026-03-19 00:20:56.505203860+00:00,240.164,2026-03-19 00:20:56.255203860+00:00,pending_new,,,
2026-03-19 00:20:56.267498416+00:00,479,cancel_requested,ask,2198.1,0.12612047630562595,2026-03-19 00:20:56.505203860+00:00,240.164,2026-03-19 00:20:56.255203860+00:00,pending_cancel,expected_edge_ask,2026-03-19 00:20:56.267498416+00:00,2026-03-19 00:20:56.517498416+00:00
2026-03-19 00:20:56.267498416+00:00,480,placed,bid,2197.1,0.07387952369437405,2026-03-19 00:20:56.517498416+00:00,73.13300000000001,2026-03-19 00:20:56.267498416+00:00,pending_new,,,
2026-03-19 00:20:56.517498416+00:00,479,cancelled,ask,2198.1,0.12612047630562595,2026-03-19 00:20:56.505203860+00:00,240.164,2026-03-19 00:20:56.255203860+00:00,cancelled,expected_edge_ask,2026-03-19 00:20:56.267498416+00:00,2026-03-19 00:20:56.517498416+00:00
2026-03-19 00:20:58.097763337+00:00,480,cancel_requested,bid,2197.1,0.07387952369437405,2026-03-19 00:20:56.517498416+00:00,73.13300000000001,2026-03-19 00:20:56.267498416+00:00,pending_cancel,pressure_stop_bid,2026-03-19 00:20:58.097763337+00:00,2026-03-19 00:20:58.347763337+00:00
2026-03-19 00:20:58.207380746+00:00,481,placed,ask,2197.8,0.12612047630562595,2026-03-19 00:20:58.457380746+00:00,126.719,2026-03-19 00:20:58.207380746+00:00,pending_new,,,
2026-03-19 00:20:58.347763337+00:00,480,cancelled,bid,2197.1,0.07387952369437405,2026-03-19 00:20:56.517498416+00:00,73.13300000000001,2026-03-19 00:20:56.267498416+00:00,cancelled,pressure_stop_bid,2026-03-19 00:20:58.097763337+00:00,2026-03-19 00:20:58.347763337+00:00
2026-03-19 00:21:00.230089695+00:00,481,cancel_requested,ask,2197.8,0.12612047630562595,2026-03-19 00:20:58.457380746+00:00,126.719,2026-03-19 00:20:58.207380746+00:00,pending_cancel,pressure_stop_ask,2026-03-19 00:21:00.230089695+00:00,2026-03-19 00:21:00.480089695+00:00
2026-03-19 00:21:00.230089695+00:00,482,placed,bid,2196.7,0.07387952369437405,2026-03-19 00:21:00.480089695+00:00,229.747,2026-03-19 00:21:00.230089695+00:00,pending_new,,,
2026-03-19 00:21:00.480089695+00:00,481,cancelled,ask,2197.8,0.12612047630562595,2026-03-19 00:20:58.457380746+00:00,126.719,2026-03-19 00:20:58.207380746+00:00,cancelled,pressure_stop_ask,2026-03-19 00:21:00.230089695+00:00,2026-03-19 00:21:00.480089695+00:00
2026-03-19 00:21:00.555641996+00:00,482,cancel_requested,bid,2196.7,0.07387952369437405,2026-03-19 00:21:00.480089695+00:00,229.747,2026-03-19 00:21:00.230089695+00:00,pending_cancel,refresh_reprice,2026-03-19 00:21:00.555641996+00:00,2026-03-19 00:21:00.805641996+00:00
2026-03-19 00:21:00.805641996+00:00,482,cancelled,bid,2196.7,0.07387952369437405,2026-03-19 00:21:00.480089695+00:00,229.747,2026-03-19 00:21:00.230089695+00:00,cancelled,refresh_reprice,2026-03-19 00:21:00.555641996+00:00,2026-03-19 00:21:00.805641996+00:00
2026-03-19 00:21:00.837363188+00:00,483,placed,bid,2197.2,0.07387952369437405,2026-03-19 00:21:01.087363188+00:00,206.46699999999998,2026-03-19 00:21:00.837363188+00:00,pending_new,,,
2026-03-19 00:21:00.837363188+00:00,484,placed,ask,2198.5,0.12612047630562595,2026-03-19 00:21:01.087363188+00:00,99.901,2026-03-19 00:21:00.837363188+00:00,pending_new,,,
2026-03-19 00:21:01.779784959+00:00,484,cancel_requested,ask,2198.5,0.12612047630562595,2026-03-19 00:21:01.087363188+00:00,99.901,2026-03-19 00:21:00.837363188+00:00,pending_cancel,pressure_stop_ask,2026-03-19 00:21:01.779784959+00:00,2026-03-19 00:21:02.029784959+00:00
2026-03-19 00:21:02.029784959+00:00,484,cancelled,ask,2198.5,0.12612047630562595,2026-03-19 00:21:01.087363188+00:00,99.901,2026-03-19 00:21:00.837363188+00:00,cancelled,pressure_stop_ask,2026-03-19 00:21:01.779784959+00:00,2026-03-19 00:21:02.029784959+00:00
2026-03-19 00:21:04.125138366+00:00,483,cancel_requested,bid,2197.2,0.07387952369437405,2026-03-19 00:21:01.087363188+00:00,206.46699999999998,2026-03-19 00:21:00.837363188+00:00,pending_cancel,refresh_reprice,2026-03-19 00:21:04.125138366+00:00,2026-03-19 00:21:04.375138366+00:00
2026-03-19 00:21:04.375138366+00:00,483,cancelled,bid,2197.2,0.07387952369437405,2026-03-19 00:21:01.087363188+00:00,206.46699999999998,2026-03-19 00:21:00.837363188+00:00,cancelled,refresh_reprice,2026-03-19 00:21:04.125138366+00:00,2026-03-19 00:21:04.375138366+00:00
2026-03-19 00:21:04.377285654+00:00,485,placed,bid,2197.8,0.07387952369437405,2026-03-19 00:21:04.627285654+00:00,153.957,2026-03-19 00:21:04.377285654+00:00,pending_new,,,
2026-03-19 00:21:08.875737662+00:00,485,cancel_requested,bid,2197.8,0.07387952369437405,2026-03-19 00:21:04.627285654+00:00,153.957,2026-03-19 00:21:04.377285654+00:00,pending_cancel,refresh_reprice,2026-03-19 00:21:08.875737662+00:00,2026-03-19 00:21:09.125737662+00:00
2026-03-19 00:21:09.125737662+00:00,485,cancelled,bid,2197.8,0.07387952369437405,2026-03-19 00:21:04.627285654+00:00,153.957,2026-03-19 00:21:04.377285654+00:00,cancelled,refresh_reprice,2026-03-19 00:21:08.875737662+00:00,2026-03-19 00:21:09.125737662+00:00
2026-03-19 00:21:09.127340677+00:00,486,placed,bid,2198.4,0.07387952369437405,2026-03-19 00:21:09.377340677+00:00,77.205,2026-03-19 00:21:09.127340677+00:00,pending_new,,,
2026-03-19 00:21:18.112528596+00:00,486,cancel_requested,bid,2198.4,0.07387952369437405,2026-03-19 00:21:09.377340677+00:00,77.205,2026-03-19 00:21:09.127340677+00:00,pending_cancel,refresh_reprice,2026-03-19 00:21:18.112528596+00:00,2026-03-19 00:21:18.362528596+00:00
2026-03-19 00:21:18.362528596+00:00,486,cancelled,bid,2198.4,0.07387952369437405,2026-03-19 00:21:09.377340677+00:00,77.205,2026-03-19 00:21:09.127340677+00:00,cancelled,refresh_reprice,2026-03-19 00:21:18.112528596+00:00,2026-03-19 00:21:18.362528596+00:00
2026-03-19 00:21:18.527212424+00:00,487,placed,bid,2198.7,0.07424702261278393,2026-03-19 00:21:18.777212424+00:00,84.384,2026-03-19 00:21:18.527212424+00:00,pending_new,,,
2026-03-19 00:21:23.059742879+00:00,487,cancel_requested,bid,2198.7,0.07424702261278393,2026-03-19 00:21:18.777212424+00:00,84.384,2026-03-19 00:21:18.527212424+00:00,pending_cancel,refresh_reprice,2026-03-19 00:21:23.059742879+00:00,2026-03-19 00:21:23.309742879+00:00
2026-03-19 00:21:23.309742879+00:00,487,cancelled,bid,2198.7,0.07424702261278393,2026-03-19 00:21:18.777212424+00:00,84.384,2026-03-19 00:21:18.527212424+00:00,cancelled,refresh_reprice,2026-03-19 00:21:23.059742879+00:00,2026-03-19 00:21:23.309742879+00:00
2026-03-19 00:21:23.336265532+00:00,488,placed,bid,2199.0,0.07424702261278393,2026-03-19 00:21:23.586265532+00:00,81.52900000000001,2026-03-19 00:21:23.336265532+00:00,pending_new,,,
2026-03-19 00:21:24.079497149+00:00,488,cancel_requested,bid,2199.0,0.07424702261278393,2026-03-19 00:21:23.586265532+00:00,81.52900000000001,2026-03-19 00:21:23.336265532+00:00,pending_cancel,refresh_reprice,2026-03-19 00:21:24.079497149+00:00,2026-03-19 00:21:24.329497149+00:00
2026-03-19 00:21:24.329497149+00:00,488,cancelled,bid,2199.0,0.07424702261278393,2026-03-19 00:21:23.586265532+00:00,81.52900000000001,2026-03-19 00:21:23.336265532+00:00,cancelled,refresh_reprice,2026-03-19 00:21:24.079497149+00:00,2026-03-19 00:21:24.329497149+00:00
2026-03-19 00:21:24.373422111+00:00,489,placed,bid,2199.3,0.07424702261278393,2026-03-19 00:21:24.623422111+00:00,114.243,2026-03-19 00:21:24.373422111+00:00,pending_new,,,
2026-03-19 00:21:24.899575604+00:00,489,cancel_requested,bid,2199.3,0.07424702261278393,2026-03-19 00:21:24.623422111+00:00,114.243,2026-03-19 00:21:24.373422111+00:00,pending_cancel,refresh_reprice,2026-03-19 00:21:24.899575604+00:00,2026-03-19 00:21:25.149575604+00:00
2026-03-19 00:21:25.149575604+00:00,489,cancelled,bid,2199.3,0.07424702261278393,2026-03-19 00:21:24.623422111+00:00,114.243,2026-03-19 00:21:24.373422111+00:00,cancelled,refresh_reprice,2026-03-19 00:21:24.899575604+00:00,2026-03-19 00:21:25.149575604+00:00
2026-03-19 00:21:25.201083081+00:00,490,placed,bid,2199.7,0.07424702261278393,2026-03-19 00:21:25.451083081+00:00,175.698,2026-03-19 00:21:25.201083081+00:00,pending_new,,,
2026-03-19 00:21:25.971245061+00:00,490,cancel_requested,bid,2199.7,0.07424702261278393,2026-03-19 00:21:25.451083081+00:00,175.698,2026-03-19 00:21:25.201083081+00:00,pending_cancel,pressure_stop_bid,2026-03-19 00:21:25.971245061+00:00,2026-03-19 00:21:26.221245061+00:00
2026-03-19 00:21:25.971245061+00:00,491,placed,ask,2200.5,0.12575297738721608,2026-03-19 00:21:26.221245061+00:00,75.112,2026-03-19 00:21:25.971245061+00:00,pending_new,,,
2026-03-19 00:21:26.221245061+00:00,490,cancelled,bid,2199.7,0.07424702261278393,2026-03-19 00:21:25.451083081+00:00,175.698,2026-03-19 00:21:25.201083081+00:00,cancelled,pressure_stop_bid,2026-03-19 00:21:25.971245061+00:00,2026-03-19 00:21:26.221245061+00:00
2026-03-19 00:21:26.278102707+00:00,491,cancel_requested,ask,2200.5,0.12575297738721608,2026-03-19 00:21:26.221245061+00:00,75.112,2026-03-19 00:21:25.971245061+00:00,pending_cancel,expected_edge_ask,2026-03-19 00:21:26.278102707+00:00,2026-03-19 00:21:26.528102707+00:00
2026-03-19 00:21:26.278102707+00:00,492,placed,bid,2199.8,0.07424702261278393,2026-03-19 00:21:26.528102707+00:00,141.652,2026-03-19 00:21:26.278102707+00:00,pending_new,,,
2026-03-19 00:21:26.528102707+00:00,491,cancelled,ask,2200.5,0.12575297738721608,2026-03-19 00:21:26.221245061+00:00,75.112,2026-03-19 00:21:25.971245061+00:00,cancelled,expected_edge_ask,2026-03-19 00:21:26.278102707+00:00,2026-03-19 00:21:26.528102707+00:00
2026-03-19 00:21:32.917339219+00:00,492,cancel_requested,bid,2199.8,0.07424702261278393,2026-03-19 00:21:26.528102707+00:00,141.652,2026-03-19 00:21:26.278102707+00:00,pending_cancel,pressure_stop_bid,2026-03-19 00:21:32.917339219+00:00,2026-03-19 00:21:33.167339219+00:00
2026-03-19 00:21:32.917339219+00:00,493,placed,ask,2200.5,0.12575297738721608,2026-03-19 00:21:33.167339219+00:00,126.005,2026-03-19 00:21:32.917339219+00:00,pending_new,,,
2026-03-19 00:21:32.952926481+00:00,493,cancel_requested,ask,2200.5,0.12575297738721608,2026-03-19 00:21:33.167339219+00:00,126.005,2026-03-19 00:21:32.917339219+00:00,pending_cancel,expected_edge_ask,2026-03-19 00:21:32.952926481+00:00,2026-03-19 00:21:33.202926481+00:00
2026-03-19 00:21:33.167339219+00:00,492,cancelled,bid,2199.8,0.07424702261278393,2026-03-19 00:21:26.528102707+00:00,141.652,2026-03-19 00:21:26.278102707+00:00,cancelled,pressure_stop_bid,2026-03-19 00:21:32.917339219+00:00,2026-03-19 00:21:33.167339219+00:00
2026-03-19 00:21:33.202926481+00:00,493,cancelled,ask,2200.5,0.12575297738721608,2026-03-19 00:21:33.167339219+00:00,126.005,2026-03-19 00:21:32.917339219+00:00,cancelled,expected_edge_ask,2026-03-19 00:21:32.952926481+00:00,2026-03-19 00:21:33.202926481+00:00
2026-03-19 00:21:33.267330151+00:00,494,placed,ask,2200.4,0.12533269592767785,2026-03-19 00:21:33.517330151+00:00,133.303,2026-03-19 00:21:33.267330151+00:00,pending_new,,,
2026-03-19 00:21:34.293227668+00:00,494,cancel_requested,ask,2200.4,0.12533269592767785,2026-03-19 00:21:33.517330151+00:00,133.303,2026-03-19 00:21:33.267330151+00:00,pending_cancel,refresh_reprice,2026-03-19 00:21:34.293227668+00:00,2026-03-19 00:21:34.543227668+00:00
2026-03-19 00:21:34.543227668+00:00,494,cancelled,ask,2200.4,0.12533269592767785,2026-03-19 00:21:33.517330151+00:00,133.303,2026-03-19 00:21:33.267330151+00:00,cancelled,refresh_reprice,2026-03-19 00:21:34.293227668+00:00,2026-03-19 00:21:34.543227668+00:00
2026-03-19 00:21:34.589954428+00:00,495,placed,ask,2200.2,0.12533269592767785,2026-03-19 00:21:34.839954428+00:00,184.66899999999998,2026-03-19 00:21:34.589954428+00:00,pending_new,,,
2026-03-19 00:21:36.178620695+00:00,495,cancel_requested,ask,2200.2,0.12533269592767785,2026-03-19 00:21:34.839954428+00:00,184.66899999999998,2026-03-19 00:21:34.589954428+00:00,pending_cancel,expected_edge_ask,2026-03-19 00:21:36.178620695+00:00,2026-03-19 00:21:36.428620695+00:00
2026-03-19 00:21:36.178620695+00:00,496,placed,bid,2199.4,0.07466730407232217,2026-03-19 00:21:36.428620695+00:00,125.05000000000001,2026-03-19 00:21:36.178620695+00:00,pending_new,,,
2026-03-19 00:21:36.428620695+00:00,495,cancelled,ask,2200.2,0.12533269592767785,2026-03-19 00:21:34.839954428+00:00,184.66899999999998,2026-03-19 00:21:34.589954428+00:00,cancelled,expected_edge_ask,2026-03-19 00:21:36.178620695+00:00,2026-03-19 00:21:36.428620695+00:00
2026-03-19 00:21:36.943948297+00:00,496,cancel_requested,bid,2199.4,0.07466730407232217,2026-03-19 00:21:36.428620695+00:00,125.05000000000001,2026-03-19 00:21:36.178620695+00:00,pending_cancel,pressure_stop_bid,2026-03-19 00:21:36.943948297+00:00,2026-03-19 00:21:37.193948297+00:00
2026-03-19 00:21:36.943948297+00:00,497,placed,ask,2200.1,0.12533269592767785,2026-03-19 00:21:37.193948297+00:00,60.943,2026-03-19 00:21:36.943948297+00:00,pending_new,,,
2026-03-19 00:21:37.193948297+00:00,496,cancelled,bid,2199.4,0.07466730407232217,2026-03-19 00:21:36.428620695+00:00,125.05000000000001,2026-03-19 00:21:36.178620695+00:00,cancelled,pressure_stop_bid,2026-03-19 00:21:36.943948297+00:00,2026-03-19 00:21:37.193948297+00:00
2026-03-19 00:21:37.915524037+00:00,497,cancel_requested,ask,2200.1,0.12533269592767785,2026-03-19 00:21:37.193948297+00:00,60.943,2026-03-19 00:21:36.943948297+00:00,pending_cancel,expected_edge_ask,2026-03-19 00:21:37.915524037+00:00,2026-03-19 00:21:38.165524037+00:00
2026-03-19 00:21:38.165524037+00:00,497,cancelled,ask,2200.1,0.12533269592767785,2026-03-19 00:21:37.193948297+00:00,60.943,2026-03-19 00:21:36.943948297+00:00,cancelled,expected_edge_ask,2026-03-19 00:21:37.915524037+00:00,2026-03-19 00:21:38.165524037+00:00
2026-03-19 00:21:38.185271314+00:00,498,placed,ask,2200.1,0.12533269592767785,2026-03-19 00:21:38.435271314+00:00,157.265,2026-03-19 00:21:38.185271314+00:00,pending_new,,,
2026-03-19 00:21:38.370244426+00:00,498,cancel_requested,ask,2200.1,0.12533269592767785,2026-03-19 00:21:38.435271314+00:00,157.265,2026-03-19 00:21:38.185271314+00:00,pending_cancel,expected_edge_ask,2026-03-19 00:21:38.370244426+00:00,2026-03-19 00:21:38.620244426+00:00
2026-03-19 00:21:38.620244426+00:00,498,cancelled,ask,2200.1,0.12533269592767785,2026-03-19 00:21:38.435271314+00:00,157.265,2026-03-19 00:21:38.185271314+00:00,cancelled,expected_edge_ask,2026-03-19 00:21:38.370244426+00:00,2026-03-19 00:21:38.620244426+00:00
2026-03-19 00:21:43.681224325+00:00,499,placed,bid,2198.8,0.07466730407232217,2026-03-19 00:21:43.931224325+00:00,136.773,2026-03-19 00:21:43.681224325+00:00,pending_new,,,
2026-03-19 00:21:43.681224325+00:00,500,placed,ask,2199.5,0.12533269592767785,2026-03-19 00:21:43.931224325+00:00,137.582,2026-03-19 00:21:43.681224325+00:00,pending_new,,,
2026-03-19 00:21:44.690840718+00:00,499,cancel_requested,bid,2198.8,0.07466730407232217,2026-03-19 00:21:43.931224325+00:00,136.773,2026-03-19 00:21:43.681224325+00:00,pending_cancel,pressure_stop_bid,2026-03-19 00:21:44.690840718+00:00,2026-03-19 00:21:44.940840718+00:00
2026-03-19 00:21:44.940840718+00:00,499,cancelled,bid,2198.8,0.07466730407232217,2026-03-19 00:21:43.931224325+00:00,136.773,2026-03-19 00:21:43.681224325+00:00,cancelled,pressure_stop_bid,2026-03-19 00:21:44.690840718+00:00,2026-03-19 00:21:44.940840718+00:00
2026-03-19 00:21:45.976673268+00:00,500,cancel_requested,ask,2199.5,0.12533269592767785,2026-03-19 00:21:43.931224325+00:00,137.582,2026-03-19 00:21:43.681224325+00:00,pending_cancel,expected_edge_ask,2026-03-19 00:21:45.976673268+00:00,2026-03-19 00:21:46.226673268+00:00
2026-03-19 00:21:45.976673268+00:00,501,placed,bid,2198.6,0.07466730407232217,2026-03-19 00:21:46.226673268+00:00,111.24199999999999,2026-03-19 00:21:45.976673268+00:00,pending_new,,,
2026-03-19 00:21:46.226673268+00:00,500,cancelled,ask,2199.5,0.12533269592767785,2026-03-19 00:21:43.931224325+00:00,137.582,2026-03-19 00:21:43.681224325+00:00,cancelled,expected_edge_ask,2026-03-19 00:21:45.976673268+00:00,2026-03-19 00:21:46.226673268+00:00
2026-03-19 00:21:47.661396891+00:00,501,cancel_requested,bid,2198.6,0.07466730407232217,2026-03-19 00:21:46.226673268+00:00,111.24199999999999,2026-03-19 00:21:45.976673268+00:00,pending_cancel,pressure_stop_bid,2026-03-19 00:21:47.661396891+00:00,2026-03-19 00:21:47.911396891+00:00
2026-03-19 00:21:47.661396891+00:00,502,placed,ask,2199.2,0.12533269592767785,2026-03-19 00:21:47.911396891+00:00,156.418,2026-03-19 00:21:47.661396891+00:00,pending_new,,,
2026-03-19 00:21:47.911396891+00:00,501,cancelled,bid,2198.6,0.07466730407232217,2026-03-19 00:21:46.226673268+00:00,111.24199999999999,2026-03-19 00:21:45.976673268+00:00,cancelled,pressure_stop_bid,2026-03-19 00:21:47.661396891+00:00,2026-03-19 00:21:47.911396891+00:00
2026-03-19 00:21:50.263367478+00:00,502,cancel_requested,ask,2199.2,0.12533269592767785,2026-03-19 00:21:47.911396891+00:00,156.418,2026-03-19 00:21:47.661396891+00:00,pending_cancel,expected_edge_ask,2026-03-19 00:21:50.263367478+00:00,2026-03-19 00:21:50.513367478+00:00
2026-03-19 00:21:50.263367478+00:00,503,placed,bid,2198.4,0.07466730407232217,2026-03-19 00:21:50.513367478+00:00,139.357,2026-03-19 00:21:50.263367478+00:00,pending_new,,,
2026-03-19 00:21:50.513367478+00:00,502,cancelled,ask,2199.2,0.12533269592767785,2026-03-19 00:21:47.911396891+00:00,156.418,2026-03-19 00:21:47.661396891+00:00,cancelled,expected_edge_ask,2026-03-19 00:21:50.263367478+00:00,2026-03-19 00:21:50.513367478+00:00
2026-03-19 00:21:52.291573554+00:00,503,cancel_requested,bid,2198.4,0.07466730407232217,2026-03-19 00:21:50.513367478+00:00,139.357,2026-03-19 00:21:50.263367478+00:00,pending_cancel,pressure_stop_bid,2026-03-19 00:21:52.291573554+00:00,2026-03-19 00:21:52.541573554+00:00
2026-03-19 00:21:52.291573554+00:00,504,placed,ask,2199.1,0.12533269592767785,2026-03-19 00:21:52.541573554+00:00,147.30900000000003,2026-03-19 00:21:52.291573554+00:00,pending_new,,,
2026-03-19 00:21:52.541573554+00:00,503,cancelled,bid,2198.4,0.07466730407232217,2026-03-19 00:21:50.513367478+00:00,139.357,2026-03-19 00:21:50.263367478+00:00,cancelled,pressure_stop_bid,2026-03-19 00:21:52.291573554+00:00,2026-03-19 00:21:52.541573554+00:00
2026-03-19 00:21:52.664674141+00:00,505,placed,bid,2198.4,0.07466730407232217,2026-03-19 00:21:52.914674141+00:00,126.32,2026-03-19 00:21:52.664674141+00:00,pending_new,,,
2026-03-19 00:21:53.205102020+00:00,505,cancel_requested,bid,2198.4,0.07466730407232217,2026-03-19 00:21:52.914674141+00:00,126.32,2026-03-19 00:21:52.664674141+00:00,pending_cancel,pressure_stop_bid,2026-03-19 00:21:53.205102020+00:00,2026-03-19 00:21:53.455102020+00:00
2026-03-19 00:21:53.455102020+00:00,505,cancelled,bid,2198.4,0.07466730407232217,2026-03-19 00:21:52.914674141+00:00,126.32,2026-03-19 00:21:52.664674141+00:00,cancelled,pressure_stop_bid,2026-03-19 00:21:53.205102020+00:00,2026-03-19 00:21:53.455102020+00:00
2026-03-19 00:21:53.457351257+00:00,506,placed,bid,2198.4,0.07431542839729088,2026-03-19 00:21:53.707351257+00:00,126.32,2026-03-19 00:21:53.457351257+00:00,pending_new,,,
2026-03-19 00:21:53.812317662+00:00,506,cancel_requested,bid,2198.4,0.07431542839729088,2026-03-19 00:21:53.707351257+00:00,126.32,2026-03-19 00:21:53.457351257+00:00,pending_cancel,pressure_stop_bid,2026-03-19 00:21:53.812317662+00:00,2026-03-19 00:21:54.062317662+00:00
2026-03-19 00:21:54.062317662+00:00,506,cancelled,bid,2198.4,0.07431542839729088,2026-03-19 00:21:53.707351257+00:00,126.32,2026-03-19 00:21:53.457351257+00:00,cancelled,pressure_stop_bid,2026-03-19 00:21:53.812317662+00:00,2026-03-19 00:21:54.062317662+00:00
2026-03-19 00:21:54.093036788+00:00,504,cancel_requested,ask,2199.1,0.12533269592767785,2026-03-19 00:21:52.541573554+00:00,147.30900000000003,2026-03-19 00:21:52.291573554+00:00,pending_cancel,expected_edge_ask,2026-03-19 00:21:54.093036788+00:00,2026-03-19 00:21:54.343036788+00:00
2026-03-19 00:21:54.093036788+00:00,507,placed,bid,2198.4,0.07431542839729088,2026-03-19 00:21:54.343036788+00:00,136.915,2026-03-19 00:21:54.093036788+00:00,pending_new,,,
2026-03-19 00:21:54.299651718+00:00,507,cancel_requested,bid,2198.4,0.07431542839729088,2026-03-19 00:21:54.343036788+00:00,136.915,2026-03-19 00:21:54.093036788+00:00,pending_cancel,pressure_stop_bid,2026-03-19 00:21:54.299651718+00:00,2026-03-19 00:21:54.549651718+00:00
2026-03-19 00:21:54.343036788+00:00,504,cancelled,ask,2199.1,0.12533269592767785,2026-03-19 00:21:52.541573554+00:00,147.30900000000003,2026-03-19 00:21:52.291573554+00:00,cancelled,expected_edge_ask,2026-03-19 00:21:54.093036788+00:00,2026-03-19 00:21:54.343036788+00:00
2026-03-19 00:21:54.351922606+00:00,508,placed,ask,2198.7,0.12568457160270913,2026-03-19 00:21:54.601922606+00:00,54.039,2026-03-19 00:21:54.351922606+00:00,pending_new,,,
2026-03-19 00:21:54.549651718+00:00,507,cancelled,bid,2198.4,0.07431542839729088,2026-03-19 00:21:54.343036788+00:00,136.915,2026-03-19 00:21:54.093036788+00:00,cancelled,pressure_stop_bid,2026-03-19 00:21:54.299651718+00:00,2026-03-19 00:21:54.549651718+00:00
2026-03-19 00:21:54.576260316+00:00,509,placed,bid,2197.9,0.07431542839729088,2026-03-19 00:21:54.826260316+00:00,107.567,2026-03-19 00:21:54.576260316+00:00,pending_new,,,
2026-03-19 00:21:54.863331022+00:00,509,cancel_requested,bid,2197.9,0.07431542839729088,2026-03-19 00:21:54.826260316+00:00,107.567,2026-03-19 00:21:54.576260316+00:00,pending_cancel,pressure_stop_bid,2026-03-19 00:21:54.863331022+00:00,2026-03-19 00:21:55.113331022+00:00
2026-03-19 00:21:55.113331022+00:00,509,cancelled,bid,2197.9,0.07431542839729088,2026-03-19 00:21:54.826260316+00:00,107.567,2026-03-19 00:21:54.576260316+00:00,cancelled,pressure_stop_bid,2026-03-19 00:21:54.863331022+00:00,2026-03-19 00:21:55.113331022+00:00
2026-03-19 00:21:55.119346017+00:00,510,placed,bid,2197.9,0.07431542839729088,2026-03-19 00:21:55.369346017+00:00,139.272,2026-03-19 00:21:55.119346017+00:00,pending_new,,,
2026-03-19 00:21:55.258000328+00:00,510,cancel_requested,bid,2197.9,0.07431542839729088,2026-03-19 00:21:55.369346017+00:00,139.272,2026-03-19 00:21:55.119346017+00:00,pending_cancel,pressure_stop_bid,2026-03-19 00:21:55.258000328+00:00,2026-03-19 00:21:55.508000328+00:00
2026-03-19 00:21:55.508000328+00:00,510,cancelled,bid,2197.9,0.07431542839729088,2026-03-19 00:21:55.369346017+00:00,139.272,2026-03-19 00:21:55.119346017+00:00,cancelled,pressure_stop_bid,2026-03-19 00:21:55.258000328+00:00,2026-03-19 00:21:55.508000328+00:00
2026-03-19 00:21:55.512043753+00:00,511,placed,bid,2197.9,0.07431542839729088,2026-03-19 00:21:55.762043753+00:00,142.474,2026-03-19 00:21:55.512043753+00:00,pending_new,,,
2026-03-19 00:21:55.578198094+00:00,511,cancel_requested,bid,2197.9,0.07431542839729088,2026-03-19 00:21:55.762043753+00:00,142.474,2026-03-19 00:21:55.512043753+00:00,pending_cancel,pressure_stop_bid,2026-03-19 00:21:55.578198094+00:00,2026-03-19 00:21:55.828198094+00:00
2026-03-19 00:21:55.629592558+00:00,508,cancel_requested,ask,2198.7,0.12568457160270913,2026-03-19 00:21:54.601922606+00:00,54.039,2026-03-19 00:21:54.351922606+00:00,pending_cancel,expected_edge_ask,2026-03-19 00:21:55.629592558+00:00,2026-03-19 00:21:55.879592558+00:00
2026-03-19 00:21:55.828198094+00:00,511,cancelled,bid,2197.9,0.07431542839729088,2026-03-19 00:21:55.762043753+00:00,142.474,2026-03-19 00:21:55.512043753+00:00,cancelled,pressure_stop_bid,2026-03-19 00:21:55.578198094+00:00,2026-03-19 00:21:55.828198094+00:00
2026-03-19 00:21:55.879592558+00:00,508,cancelled,ask,2198.7,0.12568457160270913,2026-03-19 00:21:54.601922606+00:00,54.039,2026-03-19 00:21:54.351922606+00:00,cancelled,expected_edge_ask,2026-03-19 00:21:55.629592558+00:00,2026-03-19 00:21:55.879592558+00:00
2026-03-19 00:21:55.883120862+00:00,512,placed,ask,2198.6,0.12568457160270913,2026-03-19 00:21:56.133120862+00:00,168.90800000000002,2026-03-19 00:21:55.883120862+00:00,pending_new,,,
2026-03-19 00:21:56.292334603+00:00,513,placed,bid,2197.5,0.07431542839729088,2026-03-19 00:21:56.542334603+00:00,128.409,2026-03-19 00:21:56.292334603+00:00,pending_new,,,
2026-03-19 00:21:56.292334603+00:00,512,cancel_requested,ask,2198.6,0.12568457160270913,2026-03-19 00:21:56.133120862+00:00,168.90800000000002,2026-03-19 00:21:55.883120862+00:00,pending_cancel,refresh_reprice,2026-03-19 00:21:56.292334603+00:00,2026-03-19 00:21:56.542334603+00:00
2026-03-19 00:21:56.392171177+00:00,513,cancel_requested,bid,2197.5,0.07431542839729088,2026-03-19 00:21:56.542334603+00:00,128.409,2026-03-19 00:21:56.292334603+00:00,pending_cancel,pressure_stop_bid,2026-03-19 00:21:56.392171177+00:00,2026-03-19 00:21:56.642171177+00:00
2026-03-19 00:21:56.542334603+00:00,512,cancelled,ask,2198.6,0.12568457160270913,2026-03-19 00:21:56.133120862+00:00,168.90800000000002,2026-03-19 00:21:55.883120862+00:00,cancelled,refresh_reprice,2026-03-19 00:21:56.292334603+00:00,2026-03-19 00:21:56.542334603+00:00
2026-03-19 00:21:56.567101483+00:00,514,placed,ask,2198.3,0.12568457160270913,2026-03-19 00:21:56.817101483+00:00,186.058,2026-03-19 00:21:56.567101483+00:00,pending_new,,,
2026-03-19 00:21:56.642171177+00:00,513,cancelled,bid,2197.5,0.07431542839729088,2026-03-19 00:21:56.542334603+00:00,128.409,2026-03-19 00:21:56.292334603+00:00,cancelled,pressure_stop_bid,2026-03-19 00:21:56.392171177+00:00,2026-03-19 00:21:56.642171177+00:00
2026-03-19 00:21:56.699365835+00:00,515,placed,bid,2196.9,0.07431542839729088,2026-03-19 00:21:56.949365835+00:00,209.466,2026-03-19 00:21:56.699365835+00:00,pending_new,,,
2026-03-19 00:21:56.802635835+00:00,514,cancel_requested,ask,2198.3,0.12568457160270913,2026-03-19 00:21:56.817101483+00:00,186.058,2026-03-19 00:21:56.567101483+00:00,pending_cancel,pressure_stop_ask,2026-03-19 00:21:56.802635835+00:00,2026-03-19 00:21:57.052635835+00:00
2026-03-19 00:21:57.052635835+00:00,514,cancelled,ask,2198.3,0.12568457160270913,2026-03-19 00:21:56.817101483+00:00,186.058,2026-03-19 00:21:56.567101483+00:00,cancelled,pressure_stop_ask,2026-03-19 00:21:56.802635835+00:00,2026-03-19 00:21:57.052635835+00:00
2026-03-19 00:21:57.438608328+00:00,515,cancel_requested,bid,2196.9,0.07431542839729088,2026-03-19 00:21:56.949365835+00:00,209.466,2026-03-19 00:21:56.699365835+00:00,pending_cancel,refresh_reprice,2026-03-19 00:21:57.438608328+00:00,2026-03-19 00:21:57.688608328+00:00
2026-03-19 00:21:57.688608328+00:00,515,cancelled,bid,2196.9,0.07431542839729088,2026-03-19 00:21:56.949365835+00:00,209.466,2026-03-19 00:21:56.699365835+00:00,cancelled,refresh_reprice,2026-03-19 00:21:57.438608328+00:00,2026-03-19 00:21:57.688608328+00:00
2026-03-19 00:21:57.697664045+00:00,516,placed,bid,2197.4,0.07431542839729088,2026-03-19 00:21:57.947664045+00:00,154.827,2026-03-19 00:21:57.697664045+00:00,pending_new,,,
2026-03-19 00:21:58.486603188+00:00,517,placed,ask,2199.1,0.12568457160270913,2026-03-19 00:21:58.736603188+00:00,180.48700000000002,2026-03-19 00:21:58.486603188+00:00,pending_new,,,
2026-03-19 00:21:58.538198933+00:00,517,cancel_requested,ask,2199.1,0.12568457160270913,2026-03-19 00:21:58.736603188+00:00,180.48700000000002,2026-03-19 00:21:58.486603188+00:00,pending_cancel,pressure_stop_ask,2026-03-19 00:21:58.538198933+00:00,2026-03-19 00:21:58.788198933+00:00
2026-03-19 00:21:58.788198933+00:00,517,cancelled,ask,2199.1,0.12568457160270913,2026-03-19 00:21:58.736603188+00:00,180.48700000000002,2026-03-19 00:21:58.486603188+00:00,cancelled,pressure_stop_ask,2026-03-19 00:21:58.538198933+00:00,2026-03-19 00:21:58.788198933+00:00
2026-03-19 00:22:00.068549978+00:00,516,cancel_requested,bid,2197.4,0.07431542839729088,2026-03-19 00:21:57.947664045+00:00,154.827,2026-03-19 00:21:57.697664045+00:00,pending_cancel,pressure_stop_bid,2026-03-19 00:22:00.068549978+00:00,2026-03-19 00:22:00.318549978+00:00
2026-03-19 00:22:00.068549978+00:00,518,placed,ask,2198.9,0.12568457160270913,2026-03-19 00:22:00.318549978+00:00,262.79,2026-03-19 00:22:00.068549978+00:00,pending_new,,,
2026-03-19 00:22:00.318549978+00:00,516,cancelled,bid,2197.4,0.07431542839729088,2026-03-19 00:21:57.947664045+00:00,154.827,2026-03-19 00:21:57.697664045+00:00,cancelled,pressure_stop_bid,2026-03-19 00:22:00.068549978+00:00,2026-03-19 00:22:00.318549978+00:00
2026-03-19 00:22:02.264782931+00:00,519,placed,bid,2196.7,0.07431542839729088,2026-03-19 00:22:02.514782931+00:00,172.995,2026-03-19 00:22:02.264782931+00:00,pending_new,,,
2026-03-19 00:22:02.264782931+00:00,518,cancel_requested,ask,2198.9,0.12568457160270913,2026-03-19 00:22:00.318549978+00:00,262.79,2026-03-19 00:22:00.068549978+00:00,pending_cancel,refresh_reprice,2026-03-19 00:22:02.264782931+00:00,2026-03-19 00:22:02.514782931+00:00
2026-03-19 00:22:02.467877609+00:00,519,cancel_requested,bid,2196.7,0.07431542839729088,2026-03-19 00:22:02.514782931+00:00,172.995,2026-03-19 00:22:02.264782931+00:00,pending_cancel,refresh_reprice,2026-03-19 00:22:02.467877609+00:00,2026-03-19 00:22:02.717877609+00:00
2026-03-19 00:22:02.514782931+00:00,518,cancelled,ask,2198.9,0.12568457160270913,2026-03-19 00:22:00.318549978+00:00,262.79,2026-03-19 00:22:00.068549978+00:00,cancelled,refresh_reprice,2026-03-19 00:22:02.264782931+00:00,2026-03-19 00:22:02.514782931+00:00
2026-03-19 00:22:02.517481435+00:00,520,placed,ask,2198.8,0.12568457160270913,2026-03-19 00:22:02.767481435+00:00,223.21500000000003,2026-03-19 00:22:02.517481435+00:00,pending_new,,,
2026-03-19 00:22:02.615146481+00:00,520,cancel_requested,ask,2198.8,0.12568457160270913,2026-03-19 00:22:02.767481435+00:00,223.21500000000003,2026-03-19 00:22:02.517481435+00:00,pending_cancel,pressure_stop_ask,2026-03-19 00:22:02.615146481+00:00,2026-03-19 00:22:02.865146481+00:00
2026-03-19 00:22:02.717877609+00:00,519,cancelled,bid,2196.7,0.07431542839729088,2026-03-19 00:22:02.514782931+00:00,172.995,2026-03-19 00:22:02.264782931+00:00,cancelled,refresh_reprice,2026-03-19 00:22:02.467877609+00:00,2026-03-19 00:22:02.717877609+00:00
2026-03-19 00:22:02.722381170+00:00,521,placed,bid,2197.1,0.07431542839729088,2026-03-19 00:22:02.972381170+00:00,201.57700000000003,2026-03-19 00:22:02.722381170+00:00,pending_new,,,
2026-03-19 00:22:02.865146481+00:00,520,cancelled,ask,2198.8,0.12568457160270913,2026-03-19 00:22:02.767481435+00:00,223.21500000000003,2026-03-19 00:22:02.517481435+00:00,cancelled,pressure_stop_ask,2026-03-19 00:22:02.615146481+00:00,2026-03-19 00:22:02.865146481+00:00
2026-03-19 00:22:02.875752910+00:00,522,placed,ask,2198.8,0.12568457160270913,2026-03-19 00:22:03.125752910+00:00,206.86499999999998,2026-03-19 00:22:02.875752910+00:00,pending_new,,,
2026-03-19 00:22:03.228338380+00:00,521,cancel_requested,bid,2197.1,0.07431542839729088,2026-03-19 00:22:02.972381170+00:00,201.57700000000003,2026-03-19 00:22:02.722381170+00:00,pending_cancel,pressure_stop_bid,2026-03-19 00:22:03.228338380+00:00,2026-03-19 00:22:03.478338380+00:00
2026-03-19 00:22:03.228338380+00:00,522,cancel_requested,ask,2198.8,0.12568457160270913,2026-03-19 00:22:03.125752910+00:00,206.86499999999998,2026-03-19 00:22:02.875752910+00:00,pending_cancel,refresh_reprice,2026-03-19 00:22:03.228338380+00:00,2026-03-19 00:22:03.478338380+00:00
2026-03-19 00:22:03.478338380+00:00,521,cancelled,bid,2197.1,0.07431542839729088,2026-03-19 00:22:02.972381170+00:00,201.57700000000003,2026-03-19 00:22:02.722381170+00:00,cancelled,pressure_stop_bid,2026-03-19 00:22:03.228338380+00:00,2026-03-19 00:22:03.478338380+00:00
2026-03-19 00:22:03.478338380+00:00,522,cancelled,ask,2198.8,0.12568457160270913,2026-03-19 00:22:03.125752910+00:00,206.86499999999998,2026-03-19 00:22:02.875752910+00:00,cancelled,refresh_reprice,2026-03-19 00:22:03.228338380+00:00,2026-03-19 00:22:03.478338380+00:00
2026-03-19 00:22:03.483898706+00:00,523,placed,ask,2198.6,0.12568457160270913,2026-03-19 00:22:03.733898706+00:00,238.109,2026-03-19 00:22:03.483898706+00:00,pending_new,,,
2026-03-19 00:22:06.867130637+00:00,524,placed,bid,2197.4,0.07431542839729088,2026-03-19 00:22:07.117130637+00:00,206.20199999999997,2026-03-19 00:22:06.867130637+00:00,pending_new,,,
2026-03-19 00:22:06.867130637+00:00,523,cancel_requested,ask,2198.6,0.12568457160270913,2026-03-19 00:22:03.733898706+00:00,238.109,2026-03-19 00:22:03.483898706+00:00,pending_cancel,refresh_reprice,2026-03-19 00:22:06.867130637+00:00,2026-03-19 00:22:07.117130637+00:00
2026-03-19 00:22:07.117130637+00:00,523,cancelled,ask,2198.6,0.12568457160270913,2026-03-19 00:22:03.733898706+00:00,238.109,2026-03-19 00:22:03.483898706+00:00,cancelled,refresh_reprice,2026-03-19 00:22:06.867130637+00:00,2026-03-19 00:22:07.117130637+00:00
2026-03-19 00:22:07.135370901+00:00,525,placed,ask,2198.3,0.12568457160270913,2026-03-19 00:22:07.385370901+00:00,111.70400000000001,2026-03-19 00:22:07.135370901+00:00,pending_new,,,
2026-03-19 00:22:07.675482437+00:00,524,cancel_requested,bid,2197.4,0.07431542839729088,2026-03-19 00:22:07.117130637+00:00,206.20199999999997,2026-03-19 00:22:06.867130637+00:00,pending_cancel,pressure_stop_bid,2026-03-19 00:22:07.675482437+00:00,2026-03-19 00:22:07.925482437+00:00
2026-03-19 00:22:07.925482437+00:00,524,cancelled,bid,2197.4,0.07431542839729088,2026-03-19 00:22:07.117130637+00:00,206.20199999999997,2026-03-19 00:22:06.867130637+00:00,cancelled,pressure_stop_bid,2026-03-19 00:22:07.675482437+00:00,2026-03-19 00:22:07.925482437+00:00
2026-03-19 00:22:09.965300177+00:00,526,placed,bid,2197.1,0.07431542839729088,2026-03-19 00:22:10.215300177+00:00,168.592,2026-03-19 00:22:09.965300177+00:00,pending_new,,,
2026-03-19 00:22:09.965300177+00:00,525,cancel_requested,ask,2198.3,0.12568457160270913,2026-03-19 00:22:07.385370901+00:00,111.70400000000001,2026-03-19 00:22:07.135370901+00:00,pending_cancel,refresh_reprice,2026-03-19 00:22:09.965300177+00:00,2026-03-19 00:22:10.215300177+00:00
2026-03-19 00:22:09.984925386+00:00,526,cancel_requested,bid,2197.1,0.07431542839729088,2026-03-19 00:22:10.215300177+00:00,168.592,2026-03-19 00:22:09.965300177+00:00,pending_cancel,pressure_stop_bid,2026-03-19 00:22:09.984925386+00:00,2026-03-19 00:22:10.234925386+00:00
2026-03-19 00:22:10.215300177+00:00,525,cancelled,ask,2198.3,0.12568457160270913,2026-03-19 00:22:07.385370901+00:00,111.70400000000001,2026-03-19 00:22:07.135370901+00:00,cancelled,refresh_reprice,2026-03-19 00:22:09.965300177+00:00,2026-03-19 00:22:10.215300177+00:00
2026-03-19 00:22:10.227692075+00:00,527,placed,ask,2198.0,0.12568457160270913,2026-03-19 00:22:10.477692075+00:00,102.043,2026-03-19 00:22:10.227692075+00:00,pending_new,,,
2026-03-19 00:22:10.234925386+00:00,526,cancelled,bid,2197.1,0.07431542839729088,2026-03-19 00:22:10.215300177+00:00,168.592,2026-03-19 00:22:09.965300177+00:00,cancelled,pressure_stop_bid,2026-03-19 00:22:09.984925386+00:00,2026-03-19 00:22:10.234925386+00:00
2026-03-19 00:22:11.039434310+00:00,528,placed,bid,2197.1,0.07431542839729088,2026-03-19 00:22:11.289434310+00:00,172.652,2026-03-19 00:22:11.039434310+00:00,pending_new,,,
2026-03-19 00:22:11.372211248+00:00,527,cancel_requested,ask,2198.0,0.12568457160270913,2026-03-19 00:22:10.477692075+00:00,102.043,2026-03-19 00:22:10.227692075+00:00,pending_cancel,expected_edge_ask,2026-03-19 00:22:11.372211248+00:00,2026-03-19 00:22:11.622211248+00:00
2026-03-19 00:22:11.622211248+00:00,527,cancelled,ask,2198.0,0.12568457160270913,2026-03-19 00:22:10.477692075+00:00,102.043,2026-03-19 00:22:10.227692075+00:00,cancelled,expected_edge_ask,2026-03-19 00:22:11.372211248+00:00,2026-03-19 00:22:11.622211248+00:00
2026-03-19 00:22:11.637212118+00:00,529,placed,ask,2197.9,0.12568457160270913,2026-03-19 00:22:11.887212118+00:00,121.67199999999998,2026-03-19 00:22:11.637212118+00:00,pending_new,,,
2026-03-19 00:22:12.422336801+00:00,529,cancel_requested,ask,2197.9,0.12568457160270913,2026-03-19 00:22:11.887212118+00:00,121.67199999999998,2026-03-19 00:22:11.637212118+00:00,pending_cancel,pressure_stop_ask,2026-03-19 00:22:12.422336801+00:00,2026-03-19 00:22:12.672336801+00:00
2026-03-19 00:22:12.467448626+00:00,528,cancel_requested,bid,2197.1,0.07431542839729088,2026-03-19 00:22:11.289434310+00:00,172.652,2026-03-19 00:22:11.039434310+00:00,pending_cancel,refresh_reprice,2026-03-19 00:22:12.467448626+00:00,2026-03-19 00:22:12.717448626+00:00
2026-03-19 00:22:12.717448626+00:00,528,cancelled,bid,2197.1,0.07431542839729088,2026-03-19 00:22:11.289434310+00:00,172.652,2026-03-19 00:22:11.039434310+00:00,cancelled,refresh_reprice,2026-03-19 00:22:12.467448626+00:00,2026-03-19 00:22:12.717448626+00:00
2026-03-19 00:22:12.672336801+00:00,529,cancelled,ask,2197.9,0.12568457160270913,2026-03-19 00:22:11.887212118+00:00,121.67199999999998,2026-03-19 00:22:11.637212118+00:00,cancelled,pressure_stop_ask,2026-03-19 00:22:12.422336801+00:00,2026-03-19 00:22:12.672336801+00:00
2026-03-19 00:22:12.727842165+00:00,530,placed,bid,2196.9,0.07431542839729088,2026-03-19 00:22:12.977842165+00:00,202.078,2026-03-19 00:22:12.727842165+00:00,pending_new,,,
2026-03-19 00:22:12.727842165+00:00,531,placed,ask,2198.6,0.12568457160270913,2026-03-19 00:22:12.977842165+00:00,228.17,2026-03-19 00:22:12.727842165+00:00,pending_new,,,
2026-03-19 00:22:13.087665867+00:00,531,cancel_requested,ask,2198.6,0.12568457160270913,2026-03-19 00:22:12.977842165+00:00,228.17,2026-03-19 00:22:12.727842165+00:00,pending_cancel,pressure_stop_ask,2026-03-19 00:22:13.087665867+00:00,2026-03-19 00:22:13.337665867+00:00
2026-03-19 00:22:13.337665867+00:00,531,cancelled,ask,2198.6,0.12568457160270913,2026-03-19 00:22:12.977842165+00:00,228.17,2026-03-19 00:22:12.727842165+00:00,cancelled,pressure_stop_ask,2026-03-19 00:22:13.087665867+00:00,2026-03-19 00:22:13.337665867+00:00
2026-03-19 00:22:17.527355157+00:00,530,cancel_requested,bid,2196.9,0.07431542839729088,2026-03-19 00:22:12.977842165+00:00,202.078,2026-03-19 00:22:12.727842165+00:00,pending_cancel,refresh_reprice,2026-03-19 00:22:17.527355157+00:00,2026-03-19 00:22:17.777355157+00:00
2026-03-19 00:22:17.527355157+00:00,532,placed,ask,2198.9,0.1260920045473078,2026-03-19 00:22:17.777355157+00:00,221.57999999999998,2026-03-19 00:22:17.527355157+00:00,pending_new,,,
2026-03-19 00:22:17.618895845+00:00,532,cancel_requested,ask,2198.9,0.1260920045473078,2026-03-19 00:22:17.777355157+00:00,221.57999999999998,2026-03-19 00:22:17.527355157+00:00,pending_cancel,pressure_stop_ask,2026-03-19 00:22:17.618895845+00:00,2026-03-19 00:22:17.868895845+00:00
2026-03-19 00:22:17.777355157+00:00,530,cancelled,bid,2196.9,0.07431542839729088,2026-03-19 00:22:12.977842165+00:00,202.078,2026-03-19 00:22:12.727842165+00:00,cancelled,refresh_reprice,2026-03-19 00:22:17.527355157+00:00,2026-03-19 00:22:17.777355157+00:00
2026-03-19 00:22:17.829873409+00:00,533,placed,bid,2197.3,0.07390799545269224,2026-03-19 00:22:18.079873409+00:00,251.892,2026-03-19 00:22:17.829873409+00:00,pending_new,,,
2026-03-19 00:22:17.868895845+00:00,532,cancelled,ask,2198.9,0.1260920045473078,2026-03-19 00:22:17.777355157+00:00,221.57999999999998,2026-03-19 00:22:17.527355157+00:00,cancelled,pressure_stop_ask,2026-03-19 00:22:17.618895845+00:00,2026-03-19 00:22:17.868895845+00:00
2026-03-19 00:22:20.535188160+00:00,533,cancel_requested,bid,2197.3,0.07390799545269224,2026-03-19 00:22:18.079873409+00:00,251.892,2026-03-19 00:22:17.829873409+00:00,pending_cancel,refresh_reprice,2026-03-19 00:22:20.535188160+00:00,2026-03-19 00:22:20.785188160+00:00
2026-03-19 00:22:20.785188160+00:00,533,cancelled,bid,2197.3,0.07390799545269224,2026-03-19 00:22:18.079873409+00:00,251.892,2026-03-19 00:22:17.829873409+00:00,cancelled,refresh_reprice,2026-03-19 00:22:20.535188160+00:00,2026-03-19 00:22:20.785188160+00:00
2026-03-19 00:22:20.841928562+00:00,534,placed,bid,2197.8,0.07390799545269224,2026-03-19 00:22:21.091928562+00:00,205.27299999999997,2026-03-19 00:22:20.841928562+00:00,pending_new,,,
2026-03-19 00:22:22.725131617+00:00,534,cancel_requested,bid,2197.8,0.07390799545269224,2026-03-19 00:22:21.091928562+00:00,205.27299999999997,2026-03-19 00:22:20.841928562+00:00,pending_cancel,refresh_reprice,2026-03-19 00:22:22.725131617+00:00,2026-03-19 00:22:22.975131617+00:00
2026-03-19 00:22:22.975131617+00:00,534,cancelled,bid,2197.8,0.07390799545269224,2026-03-19 00:22:21.091928562+00:00,205.27299999999997,2026-03-19 00:22:20.841928562+00:00,cancelled,refresh_reprice,2026-03-19 00:22:22.725131617+00:00,2026-03-19 00:22:22.975131617+00:00
2026-03-19 00:22:23.007692278+00:00,535,placed,bid,2197.6,0.07390799545269224,2026-03-19 00:22:23.257692278+00:00,245.734,2026-03-19 00:22:23.007692278+00:00,pending_new,,,
2026-03-19 00:22:24.215383607+00:00,535,cancel_requested,bid,2197.6,0.07390799545269224,2026-03-19 00:22:23.257692278+00:00,245.734,2026-03-19 00:22:23.007692278+00:00,pending_cancel,pressure_stop_bid,2026-03-19 00:22:24.215383607+00:00,2026-03-19 00:22:24.465383607+00:00
2026-03-19 00:22:24.215383607+00:00,536,placed,ask,2199.2,0.1260920045473078,2026-03-19 00:22:24.465383607+00:00,262.94599999999997,2026-03-19 00:22:24.215383607+00:00,pending_new,,,
2026-03-19 00:22:24.465383607+00:00,535,cancelled,bid,2197.6,0.07390799545269224,2026-03-19 00:22:23.257692278+00:00,245.734,2026-03-19 00:22:23.007692278+00:00,cancelled,pressure_stop_bid,2026-03-19 00:22:24.215383607+00:00,2026-03-19 00:22:24.465383607+00:00
2026-03-19 00:22:25.285486066+00:00,537,placed,bid,2198.0,0.07390799545269224,2026-03-19 00:22:25.535486066+00:00,179.915,2026-03-19 00:22:25.285486066+00:00,pending_new,,,
2026-03-19 00:22:25.285486066+00:00,536,cancel_requested,ask,2199.2,0.1260920045473078,2026-03-19 00:22:24.465383607+00:00,262.94599999999997,2026-03-19 00:22:24.215383607+00:00,pending_cancel,refresh_reprice,2026-03-19 00:22:25.285486066+00:00,2026-03-19 00:22:25.535486066+00:00
2026-03-19 00:22:25.335897747+00:00,537,cancel_requested,bid,2198.0,0.07390799545269224,2026-03-19 00:22:25.535486066+00:00,179.915,2026-03-19 00:22:25.285486066+00:00,pending_cancel,pressure_stop_bid,2026-03-19 00:22:25.335897747+00:00,2026-03-19 00:22:25.585897747+00:00
2026-03-19 00:22:25.535486066+00:00,536,cancelled,ask,2199.2,0.1260920045473078,2026-03-19 00:22:24.465383607+00:00,262.94599999999997,2026-03-19 00:22:24.215383607+00:00,cancelled,refresh_reprice,2026-03-19 00:22:25.285486066+00:00,2026-03-19 00:22:25.535486066+00:00
2026-03-19 00:22:25.537180057+00:00,538,placed,ask,2198.9,0.1260920045473078,2026-03-19 00:22:25.787180057+00:00,171.839,2026-03-19 00:22:25.537180057+00:00,pending_new,,,
2026-03-19 00:22:25.585897747+00:00,537,cancelled,bid,2198.0,0.07390799545269224,2026-03-19 00:22:25.535486066+00:00,179.915,2026-03-19 00:22:25.285486066+00:00,cancelled,pressure_stop_bid,2026-03-19 00:22:25.335897747+00:00,2026-03-19 00:22:25.585897747+00:00
2026-03-19 00:22:25.951592570+00:00,538,cancel_requested,ask,2198.9,0.1260920045473078,2026-03-19 00:22:25.787180057+00:00,171.839,2026-03-19 00:22:25.537180057+00:00,pending_cancel,refresh_reprice,2026-03-19 00:22:25.951592570+00:00,2026-03-19 00:22:26.201592570+00:00
2026-03-19 00:22:26.201592570+00:00,538,cancelled,ask,2198.9,0.1260920045473078,2026-03-19 00:22:25.787180057+00:00,171.839,2026-03-19 00:22:25.537180057+00:00,cancelled,refresh_reprice,2026-03-19 00:22:25.951592570+00:00,2026-03-19 00:22:26.201592570+00:00
2026-03-19 00:22:26.255880190+00:00,539,placed,ask,2198.7,0.1260920045473078,2026-03-19 00:22:26.505880190+00:00,117.28299999999999,2026-03-19 00:22:26.255880190+00:00,pending_new,,,
2026-03-19 00:22:30.139063813+00:00,539,cancel_requested,ask,2198.7,0.1260920045473078,2026-03-19 00:22:26.505880190+00:00,117.28299999999999,2026-03-19 00:22:26.255880190+00:00,pending_cancel,pressure_stop_ask,2026-03-19 00:22:30.139063813+00:00,2026-03-19 00:22:30.389063813+00:00
2026-03-19 00:22:30.139063813+00:00,540,placed,bid,2197.9,0.07390799545269224,2026-03-19 00:22:30.389063813+00:00,160.139,2026-03-19 00:22:30.139063813+00:00,pending_new,,,
2026-03-19 00:22:30.389063813+00:00,539,cancelled,ask,2198.7,0.1260920045473078,2026-03-19 00:22:26.505880190+00:00,117.28299999999999,2026-03-19 00:22:26.255880190+00:00,cancelled,pressure_stop_ask,2026-03-19 00:22:30.139063813+00:00,2026-03-19 00:22:30.389063813+00:00
2026-03-19 00:22:30.442006228+00:00,540,cancel_requested,bid,2197.9,0.07390799545269224,2026-03-19 00:22:30.389063813+00:00,160.139,2026-03-19 00:22:30.139063813+00:00,pending_cancel,refresh_reprice,2026-03-19 00:22:30.442006228+00:00,2026-03-19 00:22:30.692006228+00:00
2026-03-19 00:22:30.692006228+00:00,540,cancelled,bid,2197.9,0.07390799545269224,2026-03-19 00:22:30.389063813+00:00,160.139,2026-03-19 00:22:30.139063813+00:00,cancelled,refresh_reprice,2026-03-19 00:22:30.442006228+00:00,2026-03-19 00:22:30.692006228+00:00
2026-03-19 00:22:30.747227372+00:00,541,placed,bid,2198.3,0.07390799545269224,2026-03-19 00:22:30.997227372+00:00,145.75,2026-03-19 00:22:30.747227372+00:00,pending_new,,,
2026-03-19 00:22:30.853326936+00:00,541,cancel_requested,bid,2198.3,0.07390799545269224,2026-03-19 00:22:30.997227372+00:00,145.75,2026-03-19 00:22:30.747227372+00:00,pending_cancel,refresh_reprice,2026-03-19 00:22:30.853326936+00:00,2026-03-19 00:22:31.103326936+00:00
2026-03-19 00:22:31.103326936+00:00,541,cancelled,bid,2198.3,0.07390799545269224,2026-03-19 00:22:30.997227372+00:00,145.75,2026-03-19 00:22:30.747227372+00:00,cancelled,refresh_reprice,2026-03-19 00:22:30.853326936+00:00,2026-03-19 00:22:31.103326936+00:00
2026-03-19 00:22:31.159365214+00:00,542,placed,bid,2198.3,0.07390799545269224,2026-03-19 00:22:31.409365214+00:00,179.507,2026-03-19 00:22:31.159365214+00:00,pending_new,,,
2026-03-19 00:22:33.863800039+00:00,542,cancel_requested,bid,2198.3,0.07390799545269224,2026-03-19 00:22:31.409365214+00:00,179.507,2026-03-19 00:22:31.159365214+00:00,pending_cancel,pressure_stop_bid,2026-03-19 00:22:33.863800039+00:00,2026-03-19 00:22:34.113800039+00:00
2026-03-19 00:22:33.863800039+00:00,543,placed,ask,2199.1,0.1260920045473078,2026-03-19 00:22:34.113800039+00:00,101.75899999999999,2026-03-19 00:22:33.863800039+00:00,pending_new,,,
2026-03-19 00:22:34.113800039+00:00,542,cancelled,bid,2198.3,0.07390799545269224,2026-03-19 00:22:31.409365214+00:00,179.507,2026-03-19 00:22:31.159365214+00:00,cancelled,pressure_stop_bid,2026-03-19 00:22:33.863800039+00:00,2026-03-19 00:22:34.113800039+00:00
2026-03-19 00:22:34.145160523+00:00,543,resized,ask,2199.1,0.12587122742846227,2026-03-19 00:22:34.113800039+00:00,101.75899999999999,,,preserve_queue_priority,,
2026-03-19 00:22:37.207801804+00:00,544,placed,bid,2198.2,0.07412877257153774,2026-03-19 00:22:37.457801804+00:00,186.765,2026-03-19 00:22:37.207801804+00:00,pending_new,,,
2026-03-19 00:22:37.477284194+00:00,544,cancel_requested,bid,2198.2,0.07412877257153774,2026-03-19 00:22:37.457801804+00:00,186.765,2026-03-19 00:22:37.207801804+00:00,pending_cancel,pressure_stop_bid,2026-03-19 00:22:37.477284194+00:00,2026-03-19 00:22:37.727284194+00:00
2026-03-19 00:22:37.639756036+00:00,543,cancel_requested,ask,2199.1,0.12587122742846227,2026-03-19 00:22:34.113800039+00:00,101.75899999999999,2026-03-19 00:22:33.863800039+00:00,pending_cancel,pressure_stop_ask,2026-03-19 00:22:37.639756036+00:00,2026-03-19 00:22:37.889756036+00:00
2026-03-19 00:22:37.727284194+00:00,544,cancelled,bid,2198.2,0.07412877257153774,2026-03-19 00:22:37.457801804+00:00,186.765,2026-03-19 00:22:37.207801804+00:00,cancelled,pressure_stop_bid,2026-03-19 00:22:37.477284194+00:00,2026-03-19 00:22:37.727284194+00:00
2026-03-19 00:22:37.741815752+00:00,545,placed,bid,2197.5,0.07412877257153774,2026-03-19 00:22:37.991815752+00:00,226.26300000000006,2026-03-19 00:22:37.741815752+00:00,pending_new,,,
2026-03-19 00:22:37.889756036+00:00,543,cancelled,ask,2199.1,0.12587122742846227,2026-03-19 00:22:34.113800039+00:00,101.75899999999999,2026-03-19 00:22:33.863800039+00:00,cancelled,pressure_stop_ask,2026-03-19 00:22:37.639756036+00:00,2026-03-19 00:22:37.889756036+00:00
2026-03-19 00:22:37.927123298+00:00,546,placed,ask,2199.1,0.12587122742846227,2026-03-19 00:22:38.177123298+00:00,142.06400000000002,2026-03-19 00:22:37.927123298+00:00,pending_new,,,
2026-03-19 00:22:38.049337025+00:00,545,cancel_requested,bid,2197.5,0.07412877257153774,2026-03-19 00:22:37.991815752+00:00,226.26300000000006,2026-03-19 00:22:37.741815752+00:00,pending_cancel,pressure_stop_bid,2026-03-19 00:22:38.049337025+00:00,2026-03-19 00:22:38.299337025+00:00
2026-03-19 00:22:38.299337025+00:00,545,cancelled,bid,2197.5,0.07412877257153774,2026-03-19 00:22:37.991815752+00:00,226.26300000000006,2026-03-19 00:22:37.741815752+00:00,cancelled,pressure_stop_bid,2026-03-19 00:22:38.049337025+00:00,2026-03-19 00:22:38.299337025+00:00
2026-03-19 00:22:42.031662585+00:00,546,cancel_requested,ask,2199.1,0.12587122742846227,2026-03-19 00:22:38.177123298+00:00,142.06400000000002,2026-03-19 00:22:37.927123298+00:00,pending_cancel,refresh_reprice,2026-03-19 00:22:42.031662585+00:00,2026-03-19 00:22:42.281662585+00:00
2026-03-19 00:22:42.281662585+00:00,546,cancelled,ask,2199.1,0.12587122742846227,2026-03-19 00:22:38.177123298+00:00,142.06400000000002,2026-03-19 00:22:37.927123298+00:00,cancelled,refresh_reprice,2026-03-19 00:22:42.031662585+00:00,2026-03-19 00:22:42.281662585+00:00
2026-03-19 00:22:42.286293487+00:00,547,placed,ask,2198.6,0.12587122742846227,2026-03-19 00:22:42.536293487+00:00,114.104,2026-03-19 00:22:42.286293487+00:00,pending_new,,,
2026-03-19 00:22:42.438803733+00:00,548,placed,bid,2197.6,0.07412877257153774,2026-03-19 00:22:42.688803733+00:00,192.12300000000002,2026-03-19 00:22:42.438803733+00:00,pending_new,,,
2026-03-19 00:22:43.207295132+00:00,548,cancel_requested,bid,2197.6,0.07412877257153774,2026-03-19 00:22:42.688803733+00:00,192.12300000000002,2026-03-19 00:22:42.438803733+00:00,pending_cancel,pressure_stop_bid,2026-03-19 00:22:43.207295132+00:00,2026-03-19 00:22:43.457295132+00:00
2026-03-19 00:22:43.457295132+00:00,548,cancelled,bid,2197.6,0.07412877257153774,2026-03-19 00:22:42.688803733+00:00,192.12300000000002,2026-03-19 00:22:42.438803733+00:00,cancelled,pressure_stop_bid,2026-03-19 00:22:43.207295132+00:00,2026-03-19 00:22:43.457295132+00:00
2026-03-19 00:22:43.477986187+00:00,549,placed,bid,2197.6,0.07412877257153774,2026-03-19 00:22:43.727986187+00:00,169.02100000000002,2026-03-19 00:22:43.477986187+00:00,pending_new,,,
2026-03-19 00:22:43.608273792+00:00,549,cancel_requested,bid,2197.6,0.07412877257153774,2026-03-19 00:22:43.727986187+00:00,169.02100000000002,2026-03-19 00:22:43.477986187+00:00,pending_cancel,pressure_stop_bid,2026-03-19 00:22:43.608273792+00:00,2026-03-19 00:22:43.858273792+00:00
2026-03-19 00:22:43.858273792+00:00,549,cancelled,bid,2197.6,0.07412877257153774,2026-03-19 00:22:43.727986187+00:00,169.02100000000002,2026-03-19 00:22:43.477986187+00:00,cancelled,pressure_stop_bid,2026-03-19 00:22:43.608273792+00:00,2026-03-19 00:22:43.858273792+00:00
2026-03-19 00:22:45.810230893+00:00,550,placed,bid,2196.5,0.07412877257153774,2026-03-19 00:22:46.060230893+00:00,163.079,2026-03-19 00:22:45.810230893+00:00,pending_new,,,
2026-03-19 00:22:49.075685438+00:00,550,cancel_requested,bid,2196.5,0.07412877257153774,2026-03-19 00:22:46.060230893+00:00,163.079,2026-03-19 00:22:45.810230893+00:00,pending_cancel,pressure_stop_bid,2026-03-19 00:22:49.075685438+00:00,2026-03-19 00:22:49.325685438+00:00
2026-03-19 00:22:49.075685438+00:00,547,cancel_requested,ask,2198.6,0.12587122742846227,2026-03-19 00:22:42.536293487+00:00,114.104,2026-03-19 00:22:42.286293487+00:00,pending_cancel,refresh_reprice,2026-03-19 00:22:49.075685438+00:00,2026-03-19 00:22:49.325685438+00:00
2026-03-19 00:22:49.325685438+00:00,550,cancelled,bid,2196.5,0.07412877257153774,2026-03-19 00:22:46.060230893+00:00,163.079,2026-03-19 00:22:45.810230893+00:00,cancelled,pressure_stop_bid,2026-03-19 00:22:49.075685438+00:00,2026-03-19 00:22:49.325685438+00:00
2026-03-19 00:22:49.325685438+00:00,547,cancelled,ask,2198.6,0.12587122742846227,2026-03-19 00:22:42.536293487+00:00,114.104,2026-03-19 00:22:42.286293487+00:00,cancelled,refresh_reprice,2026-03-19 00:22:49.075685438+00:00,2026-03-19 00:22:49.325685438+00:00
2026-03-19 00:22:49.327353594+00:00,551,placed,ask,2198.2,0.12587122742846227,2026-03-19 00:22:49.577353594+00:00,271.817,2026-03-19 00:22:49.327353594+00:00,pending_new,,,
2026-03-19 00:22:54.251090085+00:00,551,cancel_requested,ask,2198.2,0.12587122742846227,2026-03-19 00:22:49.577353594+00:00,271.817,2026-03-19 00:22:49.327353594+00:00,pending_cancel,refresh_reprice,2026-03-19 00:22:54.251090085+00:00,2026-03-19 00:22:54.501090085+00:00
2026-03-19 00:22:54.501090085+00:00,551,cancelled,ask,2198.2,0.12587122742846227,2026-03-19 00:22:49.577353594+00:00,271.817,2026-03-19 00:22:49.327353594+00:00,cancelled,refresh_reprice,2026-03-19 00:22:54.251090085+00:00,2026-03-19 00:22:54.501090085+00:00
2026-03-19 00:22:54.537037848+00:00,552,placed,ask,2197.8,0.1261001498757732,2026-03-19 00:22:54.787037848+00:00,130.763,2026-03-19 00:22:54.537037848+00:00,pending_new,,,
2026-03-19 00:22:55.437154051+00:00,552,cancel_requested,ask,2197.8,0.1261001498757732,2026-03-19 00:22:54.787037848+00:00,130.763,2026-03-19 00:22:54.537037848+00:00,pending_cancel,expected_edge_ask,2026-03-19 00:22:55.437154051+00:00,2026-03-19 00:22:55.687154051+00:00
2026-03-19 00:22:55.437154051+00:00,553,placed,bid,2196.9,0.07389985012422681,2026-03-19 00:22:55.687154051+00:00,179.30700000000002,2026-03-19 00:22:55.437154051+00:00,pending_new,,,
2026-03-19 00:22:55.687154051+00:00,552,cancelled,ask,2197.8,0.1261001498757732,2026-03-19 00:22:54.787037848+00:00,130.763,2026-03-19 00:22:54.537037848+00:00,cancelled,expected_edge_ask,2026-03-19 00:22:55.437154051+00:00,2026-03-19 00:22:55.687154051+00:00
2026-03-19 00:22:58.565012255+00:00,553,cancel_requested,bid,2196.9,0.07389985012422681,2026-03-19 00:22:55.687154051+00:00,179.30700000000002,2026-03-19 00:22:55.437154051+00:00,pending_cancel,pressure_stop_bid,2026-03-19 00:22:58.565012255+00:00,2026-03-19 00:22:58.815012255+00:00
2026-03-19 00:22:58.565012255+00:00,554,placed,ask,2197.7,0.1261001498757732,2026-03-19 00:22:58.815012255+00:00,146.143,2026-03-19 00:22:58.565012255+00:00,pending_new,,,
2026-03-19 00:22:58.815012255+00:00,553,cancelled,bid,2196.9,0.07389985012422681,2026-03-19 00:22:55.687154051+00:00,179.30700000000002,2026-03-19 00:22:55.437154051+00:00,cancelled,pressure_stop_bid,2026-03-19 00:22:58.565012255+00:00,2026-03-19 00:22:58.815012255+00:00
2026-03-19 00:23:00.612500998+00:00,554,cancel_requested,ask,2197.7,0.1261001498757732,2026-03-19 00:22:58.815012255+00:00,146.143,2026-03-19 00:22:58.565012255+00:00,pending_cancel,expected_edge_ask,2026-03-19 00:23:00.612500998+00:00,2026-03-19 00:23:00.862500998+00:00
2026-03-19 00:23:00.612500998+00:00,555,placed,bid,2196.9,0.07389985012422681,2026-03-19 00:23:00.862500998+00:00,178.216,2026-03-19 00:23:00.612500998+00:00,pending_new,,,
2026-03-19 00:23:00.862500998+00:00,554,cancelled,ask,2197.7,0.1261001498757732,2026-03-19 00:22:58.815012255+00:00,146.143,2026-03-19 00:22:58.565012255+00:00,cancelled,expected_edge_ask,2026-03-19 00:23:00.612500998+00:00,2026-03-19 00:23:00.862500998+00:00
2026-03-19 00:23:03.727179932+00:00,555,cancel_requested,bid,2196.9,0.07389985012422681,2026-03-19 00:23:00.862500998+00:00,178.216,2026-03-19 00:23:00.612500998+00:00,pending_cancel,pressure_stop_bid,2026-03-19 00:23:03.727179932+00:00,2026-03-19 00:23:03.977179932+00:00
2026-03-19 00:23:03.727179932+00:00,556,placed,ask,2197.6,0.1261001498757732,2026-03-19 00:23:03.977179932+00:00,73.426,2026-03-19 00:23:03.727179932+00:00,pending_new,,,
2026-03-19 00:23:03.869281668+00:00,556,cancel_requested,ask,2197.6,0.1261001498757732,2026-03-19 00:23:03.977179932+00:00,73.426,2026-03-19 00:23:03.727179932+00:00,pending_cancel,expected_edge_ask,2026-03-19 00:23:03.869281668+00:00,2026-03-19 00:23:04.119281668+00:00
2026-03-19 00:23:03.977179932+00:00,555,cancelled,bid,2196.9,0.07389985012422681,2026-03-19 00:23:00.862500998+00:00,178.216,2026-03-19 00:23:00.612500998+00:00,cancelled,pressure_stop_bid,2026-03-19 00:23:03.727179932+00:00,2026-03-19 00:23:03.977179932+00:00
2026-03-19 00:23:04.119281668+00:00,556,cancelled,ask,2197.6,0.1261001498757732,2026-03-19 00:23:03.977179932+00:00,73.426,2026-03-19 00:23:03.727179932+00:00,cancelled,expected_edge_ask,2026-03-19 00:23:03.869281668+00:00,2026-03-19 00:23:04.119281668+00:00
2026-03-19 00:23:09.135848858+00:00,557,placed,bid,2196.2,0.07389985012422681,2026-03-19 00:23:09.385848858+00:00,152.491,2026-03-19 00:23:09.135848858+00:00,pending_new,,,
2026-03-19 00:23:09.235354817+00:00,557,cancel_requested,bid,2196.2,0.07389985012422681,2026-03-19 00:23:09.385848858+00:00,152.491,2026-03-19 00:23:09.135848858+00:00,pending_cancel,refresh_reprice,2026-03-19 00:23:09.235354817+00:00,2026-03-19 00:23:09.485354817+00:00
2026-03-19 00:23:09.235354817+00:00,558,placed,ask,2197.2,0.1261001498757732,2026-03-19 00:23:09.485354817+00:00,157.139,2026-03-19 00:23:09.235354817+00:00,pending_new,,,
2026-03-19 00:23:09.485354817+00:00,557,cancelled,bid,2196.2,0.07389985012422681,2026-03-19 00:23:09.385848858+00:00,152.491,2026-03-19 00:23:09.135848858+00:00,cancelled,refresh_reprice,2026-03-19 00:23:09.235354817+00:00,2026-03-19 00:23:09.485354817+00:00
2026-03-19 00:23:09.514060493+00:00,559,placed,bid,2196.4,0.07389985012422681,2026-03-19 00:23:09.764060493+00:00,150.757,2026-03-19 00:23:09.514060493+00:00,pending_new,,,
2026-03-19 00:23:10.135122318+00:00,559,cancel_requested,bid,2196.4,0.07389985012422681,2026-03-19 00:23:09.764060493+00:00,150.757,2026-03-19 00:23:09.514060493+00:00,pending_cancel,pressure_stop_bid,2026-03-19 00:23:10.135122318+00:00,2026-03-19 00:23:10.385122318+00:00
2026-03-19 00:23:10.385122318+00:00,559,cancelled,bid,2196.4,0.07389985012422681,2026-03-19 00:23:09.764060493+00:00,150.757,2026-03-19 00:23:09.514060493+00:00,cancelled,pressure_stop_bid,2026-03-19 00:23:10.135122318+00:00,2026-03-19 00:23:10.385122318+00:00
2026-03-19 00:23:11.843439868+00:00,558,cancel_requested,ask,2197.2,0.1261001498757732,2026-03-19 00:23:09.485354817+00:00,157.139,2026-03-19 00:23:09.235354817+00:00,pending_cancel,expected_edge_ask,2026-03-19 00:23:11.843439868+00:00,2026-03-19 00:23:12.093439868+00:00
2026-03-19 00:23:11.843439868+00:00,560,placed,bid,2196.5,0.07389985012422681,2026-03-19 00:23:12.093439868+00:00,153.56199999999998,2026-03-19 00:23:11.843439868+00:00,pending_new,,,
2026-03-19 00:23:12.093439868+00:00,558,cancelled,ask,2197.2,0.1261001498757732,2026-03-19 00:23:09.485354817+00:00,157.139,2026-03-19 00:23:09.235354817+00:00,cancelled,expected_edge_ask,2026-03-19 00:23:11.843439868+00:00,2026-03-19 00:23:12.093439868+00:00
2026-03-19 00:23:17.147503691+00:00,560,resized,bid,2196.5,0.07382128319067115,2026-03-19 00:23:12.093439868+00:00,153.56199999999998,,,preserve_queue_priority,,
2026-03-19 00:23:17.147503691+00:00,561,placed,ask,2197.3,0.12617871680932888,2026-03-19 00:23:17.397503691+00:00,47.031,2026-03-19 00:23:17.147503691+00:00,pending_new,,,
2026-03-19 00:23:17.197569792+00:00,561,cancel_requested,ask,2197.3,0.12617871680932888,2026-03-19 00:23:17.397503691+00:00,47.031,2026-03-19 00:23:17.147503691+00:00,pending_cancel,expected_edge_ask,2026-03-19 00:23:17.197569792+00:00,2026-03-19 00:23:17.447569792+00:00
2026-03-19 00:23:17.447569792+00:00,561,cancelled,ask,2197.3,0.12617871680932888,2026-03-19 00:23:17.397503691+00:00,47.031,2026-03-19 00:23:17.147503691+00:00,cancelled,expected_edge_ask,2026-03-19 00:23:17.197569792+00:00,2026-03-19 00:23:17.447569792+00:00
2026-03-19 00:23:21.843439868+00:00,560,cancel_requested,bid,2196.5,0.07382128319067115,2026-03-19 00:23:12.093439868+00:00,153.56199999999998,2026-03-19 00:23:11.843439868+00:00,pending_cancel,quote_age_expired,2026-03-19 00:23:21.843439868+00:00,2026-03-19 00:23:22.093439868+00:00
2026-03-19 00:23:21.845711943+00:00,562,placed,ask,2197.2,0.12617871680932888,2026-03-19 00:23:22.095711943+00:00,137.049,2026-03-19 00:23:21.845711943+00:00,pending_new,,,
2026-03-19 00:23:22.093439868+00:00,560,cancelled,bid,2196.5,0.07382128319067115,2026-03-19 00:23:12.093439868+00:00,153.56199999999998,2026-03-19 00:23:11.843439868+00:00,cancelled,quote_age_expired,2026-03-19 00:23:21.843439868+00:00,2026-03-19 00:23:22.093439868+00:00
2026-03-19 00:23:22.103338869+00:00,563,placed,bid,2196.5,0.07382128319067115,2026-03-19 00:23:22.353338869+00:00,136.79,2026-03-19 00:23:22.103338869+00:00,pending_new,,,
2026-03-19 00:23:22.736363329+00:00,562,cancel_requested,ask,2197.2,0.12617871680932888,2026-03-19 00:23:22.095711943+00:00,137.049,2026-03-19 00:23:21.845711943+00:00,pending_cancel,expected_edge_ask,2026-03-19 00:23:22.736363329+00:00,2026-03-19 00:23:22.986363329+00:00
2026-03-19 00:23:22.986363329+00:00,562,cancelled,ask,2197.2,0.12617871680932888,2026-03-19 00:23:22.095711943+00:00,137.049,2026-03-19 00:23:21.845711943+00:00,cancelled,expected_edge_ask,2026-03-19 00:23:22.736363329+00:00,2026-03-19 00:23:22.986363329+00:00
2026-03-19 00:23:23.035475584+00:00,564,placed,ask,2197.2,0.12617871680932888,2026-03-19 00:23:23.285475584+00:00,137.049,2026-03-19 00:23:23.035475584+00:00,pending_new,,,
2026-03-19 00:23:24.658247532+00:00,564,cancel_requested,ask,2197.2,0.12617871680932888,2026-03-19 00:23:23.285475584+00:00,137.049,2026-03-19 00:23:23.035475584+00:00,pending_cancel,expected_edge_ask,2026-03-19 00:23:24.658247532+00:00,2026-03-19 00:23:24.908247532+00:00
2026-03-19 00:23:24.908247532+00:00,564,cancelled,ask,2197.2,0.12617871680932888,2026-03-19 00:23:23.285475584+00:00,137.049,2026-03-19 00:23:23.035475584+00:00,cancelled,expected_edge_ask,2026-03-19 00:23:24.658247532+00:00,2026-03-19 00:23:24.908247532+00:00
2026-03-19 00:23:27.417428238+00:00,563,cancel_requested,bid,2196.5,0.07382128319067115,2026-03-19 00:23:22.353338869+00:00,136.79,2026-03-19 00:23:22.103338869+00:00,pending_cancel,refresh_reprice,2026-03-19 00:23:27.417428238+00:00,2026-03-19 00:23:27.667428238+00:00
2026-03-19 00:23:27.667428238+00:00,563,cancelled,bid,2196.5,0.07382128319067115,2026-03-19 00:23:22.353338869+00:00,136.79,2026-03-19 00:23:22.103338869+00:00,cancelled,refresh_reprice,2026-03-19 00:23:27.417428238+00:00,2026-03-19 00:23:27.667428238+00:00
2026-03-19 00:23:27.707253340+00:00,565,placed,bid,2196.9,0.07382128319067115,2026-03-19 00:23:27.957253340+00:00,66.695,2026-03-19 00:23:27.707253340+00:00,pending_new,,,
2026-03-19 00:23:30.584006053+00:00,565,cancel_requested,bid,2196.9,0.07382128319067115,2026-03-19 00:23:27.957253340+00:00,66.695,2026-03-19 00:23:27.707253340+00:00,pending_cancel,refresh_reprice,2026-03-19 00:23:30.584006053+00:00,2026-03-19 00:23:30.834006053+00:00
2026-03-19 00:23:30.834006053+00:00,565,cancelled,bid,2196.9,0.07382128319067115,2026-03-19 00:23:27.957253340+00:00,66.695,2026-03-19 00:23:27.707253340+00:00,cancelled,refresh_reprice,2026-03-19 00:23:30.584006053+00:00,2026-03-19 00:23:30.834006053+00:00
2026-03-19 00:23:30.886634395+00:00,566,placed,bid,2197.2,0.07382128319067115,2026-03-19 00:23:31.136634395+00:00,129.49099999999999,2026-03-19 00:23:30.886634395+00:00,pending_new,,,
2026-03-19 00:23:40.886634395+00:00,566,cancel_requested,bid,2197.2,0.07382128319067115,2026-03-19 00:23:31.136634395+00:00,129.49099999999999,2026-03-19 00:23:30.886634395+00:00,pending_cancel,quote_age_expired,2026-03-19 00:23:40.886634395+00:00,2026-03-19 00:23:41.136634395+00:00
2026-03-19 00:23:41.136634395+00:00,566,cancelled,bid,2197.2,0.07382128319067115,2026-03-19 00:23:31.136634395+00:00,129.49099999999999,2026-03-19 00:23:30.886634395+00:00,cancelled,quote_age_expired,2026-03-19 00:23:40.886634395+00:00,2026-03-19 00:23:41.136634395+00:00
2026-03-19 00:23:41.235437704+00:00,567,placed,bid,2197.2,0.07389206002464736,2026-03-19 00:23:41.485437704+00:00,121.161,2026-03-19 00:23:41.235437704+00:00,pending_new,,,
2026-03-19 00:23:41.870670017+00:00,567,cancel_requested,bid,2197.2,0.07389206002464736,2026-03-19 00:23:41.485437704+00:00,121.161,2026-03-19 00:23:41.235437704+00:00,pending_cancel,pressure_stop_bid,2026-03-19 00:23:41.870670017+00:00,2026-03-19 00:23:42.120670017+00:00
2026-03-19 00:23:42.120670017+00:00,567,cancelled,bid,2197.2,0.07389206002464736,2026-03-19 00:23:41.485437704+00:00,121.161,2026-03-19 00:23:41.235437704+00:00,cancelled,pressure_stop_bid,2026-03-19 00:23:41.870670017+00:00,2026-03-19 00:23:42.120670017+00:00
2026-03-19 00:23:47.211156286+00:00,568,placed,ask,2197.0,0.12610793997535263,2026-03-19 00:23:47.461156286+00:00,110.369,2026-03-19 00:23:47.211156286+00:00,pending_new,,,
2026-03-19 00:23:49.239074309+00:00,568,cancel_requested,ask,2197.0,0.12610793997535263,2026-03-19 00:23:47.461156286+00:00,110.369,2026-03-19 00:23:47.211156286+00:00,pending_cancel,expected_edge_ask,2026-03-19 00:23:49.239074309+00:00,2026-03-19 00:23:49.489074309+00:00
2026-03-19 00:23:49.489074309+00:00,568,cancelled,ask,2197.0,0.12610793997535263,2026-03-19 00:23:47.461156286+00:00,110.369,2026-03-19 00:23:47.211156286+00:00,cancelled,expected_edge_ask,2026-03-19 00:23:49.239074309+00:00,2026-03-19 00:23:49.489074309+00:00
2026-03-19 00:23:54.644775899+00:00,569,placed,ask,2197.0,0.12651458262659973,2026-03-19 00:23:54.894775899+00:00,88.647,2026-03-19 00:23:54.644775899+00:00,pending_new,,,
2026-03-19 00:24:01.052673380+00:00,569,cancel_requested,ask,2197.0,0.12651458262659973,2026-03-19 00:23:54.894775899+00:00,88.647,2026-03-19 00:23:54.644775899+00:00,pending_cancel,expected_edge_ask,2026-03-19 00:24:01.052673380+00:00,2026-03-19 00:24:01.302673380+00:00
2026-03-19 00:24:01.302673380+00:00,569,cancelled,ask,2197.0,0.12651458262659973,2026-03-19 00:23:54.894775899+00:00,88.647,2026-03-19 00:23:54.644775899+00:00,cancelled,expected_edge_ask,2026-03-19 00:24:01.052673380+00:00,2026-03-19 00:24:01.302673380+00:00
2026-03-19 00:24:06.394732958+00:00,570,placed,bid,2196.5,0.0734854173734003,2026-03-19 00:24:06.644732958+00:00,96.842,2026-03-19 00:24:06.394732958+00:00,pending_new,,,
2026-03-19 00:24:08.513295233+00:00,570,cancel_requested,bid,2196.5,0.0734854173734003,2026-03-19 00:24:06.644732958+00:00,96.842,2026-03-19 00:24:06.394732958+00:00,pending_cancel,pressure_stop_bid,2026-03-19 00:24:08.513295233+00:00,2026-03-19 00:24:08.763295233+00:00
2026-03-19 00:24:08.513295233+00:00,571,placed,ask,2197.0,0.12651458262659973,2026-03-19 00:24:08.763295233+00:00,68.338,2026-03-19 00:24:08.513295233+00:00,pending_new,,,
2026-03-19 00:24:08.763295233+00:00,570,cancelled,bid,2196.5,0.0734854173734003,2026-03-19 00:24:06.644732958+00:00,96.842,2026-03-19 00:24:06.394732958+00:00,cancelled,pressure_stop_bid,2026-03-19 00:24:08.513295233+00:00,2026-03-19 00:24:08.763295233+00:00
2026-03-19 00:24:08.807906595+00:00,571,cancel_requested,ask,2197.0,0.12651458262659973,2026-03-19 00:24:08.763295233+00:00,68.338,2026-03-19 00:24:08.513295233+00:00,pending_cancel,expected_edge_ask,2026-03-19 00:24:08.807906595+00:00,2026-03-19 00:24:09.057906595+00:00
2026-03-19 00:24:09.057906595+00:00,571,cancelled,ask,2197.0,0.12651458262659973,2026-03-19 00:24:08.763295233+00:00,68.338,2026-03-19 00:24:08.513295233+00:00,cancelled,expected_edge_ask,2026-03-19 00:24:08.807906595+00:00,2026-03-19 00:24:09.057906595+00:00
2026-03-19 00:24:14.121115080+00:00,572,placed,bid,2196.5,0.07332209934190136,2026-03-19 00:24:14.371115080+00:00,193.39600000000002,2026-03-19 00:24:14.121115080+00:00,pending_new,,,
2026-03-19 00:24:14.839587982+00:00,572,cancel_requested,bid,2196.5,0.07332209934190136,2026-03-19 00:24:14.371115080+00:00,193.39600000000002,2026-03-19 00:24:14.121115080+00:00,pending_cancel,refresh_reprice,2026-03-19 00:24:14.839587982+00:00,2026-03-19 00:24:15.089587982+00:00
2026-03-19 00:24:15.089587982+00:00,572,cancelled,bid,2196.5,0.07332209934190136,2026-03-19 00:24:14.371115080+00:00,193.39600000000002,2026-03-19 00:24:14.121115080+00:00,cancelled,refresh_reprice,2026-03-19 00:24:14.839587982+00:00,2026-03-19 00:24:15.089587982+00:00
2026-03-19 00:24:15.136167183+00:00,573,placed,bid,2196.9,0.07332209934190136,2026-03-19 00:24:15.386167183+00:00,41.942,2026-03-19 00:24:15.136167183+00:00,pending_new,,,
2026-03-19 00:24:19.132176089+00:00,573,cancel_requested,bid,2196.9,0.07332209934190136,2026-03-19 00:24:15.386167183+00:00,41.942,2026-03-19 00:24:15.136167183+00:00,pending_cancel,pressure_stop_bid,2026-03-19 00:24:19.132176089+00:00,2026-03-19 00:24:19.382176089+00:00
2026-03-19 00:24:19.382176089+00:00,573,cancelled,bid,2196.9,0.07332209934190136,2026-03-19 00:24:15.386167183+00:00,41.942,2026-03-19 00:24:15.136167183+00:00,cancelled,pressure_stop_bid,2026-03-19 00:24:19.132176089+00:00,2026-03-19 00:24:19.382176089+00:00
2026-03-19 00:24:19.435914693+00:00,574,placed,bid,2196.9,0.07332209934190136,2026-03-19 00:24:19.685914693+00:00,53.370999999999995,2026-03-19 00:24:19.435914693+00:00,pending_new,,,
2026-03-19 00:24:19.849229414+00:00,574,cancel_requested,bid,2196.9,0.07332209934190136,2026-03-19 00:24:19.685914693+00:00,53.370999999999995,2026-03-19 00:24:19.435914693+00:00,pending_cancel,pressure_stop_bid,2026-03-19 00:24:19.849229414+00:00,2026-03-19 00:24:20.099229414+00:00
2026-03-19 00:24:20.099229414+00:00,574,cancelled,bid,2196.9,0.07332209934190136,2026-03-19 00:24:19.685914693+00:00,53.370999999999995,2026-03-19 00:24:19.435914693+00:00,cancelled,pressure_stop_bid,2026-03-19 00:24:19.849229414+00:00,2026-03-19 00:24:20.099229414+00:00
2026-03-19 00:24:25.236547716+00:00,575,placed,bid,2196.9,0.07332209934190136,2026-03-19 00:24:25.486547716+00:00,64.286,2026-03-19 00:24:25.236547716+00:00,pending_new,,,
2026-03-19 00:24:26.327295250+00:00,575,cancel_requested,bid,2196.9,0.07332209934190136,2026-03-19 00:24:25.486547716+00:00,64.286,2026-03-19 00:24:25.236547716+00:00,pending_cancel,pressure_stop_bid,2026-03-19 00:24:26.327295250+00:00,2026-03-19 00:24:26.577295250+00:00
2026-03-19 00:24:26.577295250+00:00,575,cancelled,bid,2196.9,0.07332209934190136,2026-03-19 00:24:25.486547716+00:00,64.286,2026-03-19 00:24:25.236547716+00:00,cancelled,pressure_stop_bid,2026-03-19 00:24:26.327295250+00:00,2026-03-19 00:24:26.577295250+00:00
2026-03-19 00:24:31.592983782+00:00,576,placed,ask,2197.4,0.12667790065809867,2026-03-19 00:24:31.842983782+00:00,126.81299999999999,2026-03-19 00:24:31.592983782+00:00,pending_new,,,
2026-03-19 00:24:32.814104021+00:00,576,cancel_requested,ask,2197.4,0.12667790065809867,2026-03-19 00:24:31.842983782+00:00,126.81299999999999,2026-03-19 00:24:31.592983782+00:00,pending_cancel,expected_edge_ask,2026-03-19 00:24:32.814104021+00:00,2026-03-19 00:24:33.064104021+00:00
2026-03-19 00:24:32.814104021+00:00,577,placed,bid,2196.8,0.07332209934190136,2026-03-19 00:24:33.064104021+00:00,101.12,2026-03-19 00:24:32.814104021+00:00,pending_new,,,
2026-03-19 00:24:33.064104021+00:00,576,cancelled,ask,2197.4,0.12667790065809867,2026-03-19 00:24:31.842983782+00:00,126.81299999999999,2026-03-19 00:24:31.592983782+00:00,cancelled,expected_edge_ask,2026-03-19 00:24:32.814104021+00:00,2026-03-19 00:24:33.064104021+00:00
2026-03-19 00:24:38.114757247+00:00,577,resized,bid,2196.8,0.07330756333918065,2026-03-19 00:24:33.064104021+00:00,101.12,,,preserve_queue_priority,,
2026-03-19 00:24:40.317535411+00:00,577,cancel_requested,bid,2196.8,0.07330756333918065,2026-03-19 00:24:33.064104021+00:00,101.12,2026-03-19 00:24:32.814104021+00:00,pending_cancel,refresh_reprice,2026-03-19 00:24:40.317535411+00:00,2026-03-19 00:24:40.567535411+00:00
2026-03-19 00:24:40.567535411+00:00,577,cancelled,bid,2196.8,0.07330756333918065,2026-03-19 00:24:33.064104021+00:00,101.12,2026-03-19 00:24:32.814104021+00:00,cancelled,refresh_reprice,2026-03-19 00:24:40.317535411+00:00,2026-03-19 00:24:40.567535411+00:00
2026-03-19 00:24:40.578003963+00:00,578,placed,bid,2197.1,0.07330756333918065,2026-03-19 00:24:40.828003963+00:00,118.902,2026-03-19 00:24:40.578003963+00:00,pending_new,,,
2026-03-19 00:24:44.576375832+00:00,578,cancel_requested,bid,2197.1,0.07330756333918065,2026-03-19 00:24:40.828003963+00:00,118.902,2026-03-19 00:24:40.578003963+00:00,pending_cancel,pressure_stop_bid,2026-03-19 00:24:44.576375832+00:00,2026-03-19 00:24:44.826375832+00:00
2026-03-19 00:24:44.826375832+00:00,578,cancelled,bid,2197.1,0.07330756333918065,2026-03-19 00:24:40.828003963+00:00,118.902,2026-03-19 00:24:40.578003963+00:00,cancelled,pressure_stop_bid,2026-03-19 00:24:44.576375832+00:00,2026-03-19 00:24:44.826375832+00:00
2026-03-19 00:24:49.868191250+00:00,579,placed,bid,2196.9,0.07330756333918065,2026-03-19 00:24:50.118191250+00:00,107.09700000000001,2026-03-19 00:24:49.868191250+00:00,pending_new,,,
2026-03-19 00:24:50.837742647+00:00,579,cancel_requested,bid,2196.9,0.07330756333918065,2026-03-19 00:24:50.118191250+00:00,107.09700000000001,2026-03-19 00:24:49.868191250+00:00,pending_cancel,pressure_stop_bid,2026-03-19 00:24:50.837742647+00:00,2026-03-19 00:24:51.087742647+00:00
2026-03-19 00:24:51.087742647+00:00,579,cancelled,bid,2196.9,0.07330756333918065,2026-03-19 00:24:50.118191250+00:00,107.09700000000001,2026-03-19 00:24:49.868191250+00:00,cancelled,pressure_stop_bid,2026-03-19 00:24:50.837742647+00:00,2026-03-19 00:24:51.087742647+00:00
2026-03-19 00:24:56.200767330+00:00,580,placed,bid,2196.8,0.07318220065171542,2026-03-19 00:24:56.450767330+00:00,140.055,2026-03-19 00:24:56.200767330+00:00,pending_new,,,
2026-03-19 00:24:56.610254787+00:00,580,cancel_requested,bid,2196.8,0.07318220065171542,2026-03-19 00:24:56.450767330+00:00,140.055,2026-03-19 00:24:56.200767330+00:00,pending_cancel,pressure_stop_bid,2026-03-19 00:24:56.610254787+00:00,2026-03-19 00:24:56.860254787+00:00
2026-03-19 00:24:56.860254787+00:00,580,cancelled,bid,2196.8,0.07318220065171542,2026-03-19 00:24:56.450767330+00:00,140.055,2026-03-19 00:24:56.200767330+00:00,cancelled,pressure_stop_bid,2026-03-19 00:24:56.610254787+00:00,2026-03-19 00:24:56.860254787+00:00
2026-03-19 00:25:01.925335890+00:00,581,placed,ask,2197.3,0.1268177993482846,2026-03-19 00:25:02.175335890+00:00,174.85399999999998,2026-03-19 00:25:01.925335890+00:00,pending_new,,,
2026-03-19 00:25:02.633567160+00:00,581,cancel_requested,ask,2197.3,0.1268177993482846,2026-03-19 00:25:02.175335890+00:00,174.85399999999998,2026-03-19 00:25:01.925335890+00:00,pending_cancel,refresh_reprice,2026-03-19 00:25:02.633567160+00:00,2026-03-19 00:25:02.883567160+00:00
2026-03-19 00:25:02.883567160+00:00,581,cancelled,ask,2197.3,0.1268177993482846,2026-03-19 00:25:02.175335890+00:00,174.85399999999998,2026-03-19 00:25:01.925335890+00:00,cancelled,refresh_reprice,2026-03-19 00:25:02.633567160+00:00,2026-03-19 00:25:02.883567160+00:00
2026-03-19 00:25:02.918370129+00:00,582,placed,ask,2197.0,0.1268177993482846,2026-03-19 00:25:03.168370129+00:00,52.035000000000004,2026-03-19 00:25:02.918370129+00:00,pending_new,,,
2026-03-19 00:25:04.010448460+00:00,582,cancel_requested,ask,2197.0,0.1268177993482846,2026-03-19 00:25:03.168370129+00:00,52.035000000000004,2026-03-19 00:25:02.918370129+00:00,pending_cancel,expected_edge_ask,2026-03-19 00:25:04.010448460+00:00,2026-03-19 00:25:04.260448460+00:00
2026-03-19 00:25:04.260448460+00:00,582,cancelled,ask,2197.0,0.1268177993482846,2026-03-19 00:25:03.168370129+00:00,52.035000000000004,2026-03-19 00:25:02.918370129+00:00,cancelled,expected_edge_ask,2026-03-19 00:25:04.010448460+00:00,2026-03-19 00:25:04.260448460+00:00
2026-03-19 00:25:04.284558150+00:00,583,placed,ask,2196.8,0.1268177993482846,2026-03-19 00:25:04.534558150+00:00,127.135,2026-03-19 00:25:04.284558150+00:00,pending_new,,,
2026-03-19 00:25:04.979072458+00:00,583,cancel_requested,ask,2196.8,0.1268177993482846,2026-03-19 00:25:04.534558150+00:00,127.135,2026-03-19 00:25:04.284558150+00:00,pending_cancel,expected_edge_ask,2026-03-19 00:25:04.979072458+00:00,2026-03-19 00:25:05.229072458+00:00
2026-03-19 00:25:05.229072458+00:00,583,cancelled,ask,2196.8,0.1268177993482846,2026-03-19 00:25:04.534558150+00:00,127.135,2026-03-19 00:25:04.284558150+00:00,cancelled,expected_edge_ask,2026-03-19 00:25:04.979072458+00:00,2026-03-19 00:25:05.229072458+00:00
2026-03-19 00:25:20.292750062+00:00,584,placed,bid,2196.4,0.07291667823144658,2026-03-19 00:25:20.542750062+00:00,173.934,2026-03-19 00:25:20.292750062+00:00,pending_new,,,
2026-03-19 00:25:30.211377057+00:00,584,cancel_requested,bid,2196.4,0.07291667823144658,2026-03-19 00:25:20.542750062+00:00,173.934,2026-03-19 00:25:20.292750062+00:00,pending_cancel,refresh_reprice,2026-03-19 00:25:30.211377057+00:00,2026-03-19 00:25:30.461377057+00:00
2026-03-19 00:25:30.312036987+00:00,585,placed,ask,2197.8,0.12708332176855341,2026-03-19 00:25:30.562036987+00:00,116.773,2026-03-19 00:25:30.312036987+00:00,pending_new,,,
2026-03-19 00:25:30.461377057+00:00,584,cancelled,bid,2196.4,0.07291667823144658,2026-03-19 00:25:20.542750062+00:00,173.934,2026-03-19 00:25:20.292750062+00:00,cancelled,refresh_reprice,2026-03-19 00:25:30.211377057+00:00,2026-03-19 00:25:30.461377057+00:00
2026-03-19 00:25:30.540144360+00:00,586,placed,bid,2196.7,0.07291667823144658,2026-03-19 00:25:30.790144360+00:00,189.34699999999998,2026-03-19 00:25:30.540144360+00:00,pending_new,,,
2026-03-19 00:25:31.013977036+00:00,585,cancel_requested,ask,2197.8,0.12708332176855341,2026-03-19 00:25:30.562036987+00:00,116.773,2026-03-19 00:25:30.312036987+00:00,pending_cancel,pressure_stop_ask,2026-03-19 00:25:31.013977036+00:00,2026-03-19 00:25:31.263977036+00:00
2026-03-19 00:25:31.263977036+00:00,585,cancelled,ask,2197.8,0.12708332176855341,2026-03-19 00:25:30.562036987+00:00,116.773,2026-03-19 00:25:30.312036987+00:00,cancelled,pressure_stop_ask,2026-03-19 00:25:31.013977036+00:00,2026-03-19 00:25:31.263977036+00:00
2026-03-19 00:25:35.824693086+00:00,586,cancel_requested,bid,2196.7,0.07291667823144658,2026-03-19 00:25:30.790144360+00:00,189.34699999999998,2026-03-19 00:25:30.540144360+00:00,pending_cancel,pressure_stop_bid,2026-03-19 00:25:35.824693086+00:00,2026-03-19 00:25:36.074693086+00:00
2026-03-19 00:25:35.824693086+00:00,587,placed,ask,2197.6,0.1268637086346816,2026-03-19 00:25:36.074693086+00:00,154.547,2026-03-19 00:25:35.824693086+00:00,pending_new,,,
2026-03-19 00:25:36.074693086+00:00,586,cancelled,bid,2196.7,0.07291667823144658,2026-03-19 00:25:30.790144360+00:00,189.34699999999998,2026-03-19 00:25:30.540144360+00:00,cancelled,pressure_stop_bid,2026-03-19 00:25:35.824693086+00:00,2026-03-19 00:25:36.074693086+00:00
2026-03-19 00:25:38.887736727+00:00,587,cancel_requested,ask,2197.6,0.1268637086346816,2026-03-19 00:25:36.074693086+00:00,154.547,2026-03-19 00:25:35.824693086+00:00,pending_cancel,expected_edge_ask,2026-03-19 00:25:38.887736727+00:00,2026-03-19 00:25:39.137736727+00:00
2026-03-19 00:25:38.887736727+00:00,588,placed,bid,2196.8,0.0731362913653184,2026-03-19 00:25:39.137736727+00:00,112.337,2026-03-19 00:25:38.887736727+00:00,pending_new,,,
2026-03-19 00:25:39.137736727+00:00,587,cancelled,ask,2197.6,0.1268637086346816,2026-03-19 00:25:36.074693086+00:00,154.547,2026-03-19 00:25:35.824693086+00:00,cancelled,expected_edge_ask,2026-03-19 00:25:38.887736727+00:00,2026-03-19 00:25:39.137736727+00:00
2026-03-19 00:25:39.409050580+00:00,588,cancel_requested,bid,2196.8,0.0731362913653184,2026-03-19 00:25:39.137736727+00:00,112.337,2026-03-19 00:25:38.887736727+00:00,pending_cancel,refresh_reprice,2026-03-19 00:25:39.409050580+00:00,2026-03-19 00:25:39.659050580+00:00
2026-03-19 00:25:39.409050580+00:00,589,placed,ask,2197.5,0.1268637086346816,2026-03-19 00:25:39.659050580+00:00,124.167,2026-03-19 00:25:39.409050580+00:00,pending_new,,,
2026-03-19 00:25:39.659050580+00:00,588,cancelled,bid,2196.8,0.0731362913653184,2026-03-19 00:25:39.137736727+00:00,112.337,2026-03-19 00:25:38.887736727+00:00,cancelled,refresh_reprice,2026-03-19 00:25:39.409050580+00:00,2026-03-19 00:25:39.659050580+00:00
2026-03-19 00:25:39.672126561+00:00,590,placed,bid,2196.5,0.0731362913653184,2026-03-19 00:25:39.922126561+00:00,188.298,2026-03-19 00:25:39.672126561+00:00,pending_new,,,
2026-03-19 00:25:40.335704675+00:00,589,cancel_requested,ask,2197.5,0.1268637086346816,2026-03-19 00:25:39.659050580+00:00,124.167,2026-03-19 00:25:39.409050580+00:00,pending_cancel,expected_edge_ask,2026-03-19 00:25:40.335704675+00:00,2026-03-19 00:25:40.585704675+00:00
2026-03-19 00:25:40.335704675+00:00,590,cancel_requested,bid,2196.5,0.0731362913653184,2026-03-19 00:25:39.922126561+00:00,188.298,2026-03-19 00:25:39.672126561+00:00,pending_cancel,refresh_reprice,2026-03-19 00:25:40.335704675+00:00,2026-03-19 00:25:40.585704675+00:00
2026-03-19 00:25:40.585704675+00:00,590,cancelled,bid,2196.5,0.0731362913653184,2026-03-19 00:25:39.922126561+00:00,188.298,2026-03-19 00:25:39.672126561+00:00,cancelled,refresh_reprice,2026-03-19 00:25:40.335704675+00:00,2026-03-19 00:25:40.585704675+00:00
2026-03-19 00:25:40.585704675+00:00,589,cancelled,ask,2197.5,0.1268637086346816,2026-03-19 00:25:39.659050580+00:00,124.167,2026-03-19 00:25:39.409050580+00:00,cancelled,expected_edge_ask,2026-03-19 00:25:40.335704675+00:00,2026-03-19 00:25:40.585704675+00:00
2026-03-19 00:25:40.664400787+00:00,591,placed,bid,2196.8,0.0731362913653184,2026-03-19 00:25:40.914400787+00:00,122.057,2026-03-19 00:25:40.664400787+00:00,pending_new,,,
2026-03-19 00:25:45.323504532+00:00,591,cancel_requested,bid,2196.8,0.0731362913653184,2026-03-19 00:25:40.914400787+00:00,122.057,2026-03-19 00:25:40.664400787+00:00,pending_cancel,pressure_stop_bid,2026-03-19 00:25:45.323504532+00:00,2026-03-19 00:25:45.573504532+00:00
2026-03-19 00:25:45.323504532+00:00,592,placed,ask,2197.2,0.1268637086346816,2026-03-19 00:25:45.573504532+00:00,80.148,2026-03-19 00:25:45.323504532+00:00,pending_new,,,
2026-03-19 00:25:45.573504532+00:00,591,cancelled,bid,2196.8,0.0731362913653184,2026-03-19 00:25:40.914400787+00:00,122.057,2026-03-19 00:25:40.664400787+00:00,cancelled,pressure_stop_bid,2026-03-19 00:25:45.323504532+00:00,2026-03-19 00:25:45.573504532+00:00
2026-03-19 00:25:45.885511820+00:00,593,placed,bid,2195.9,0.0731362913653184,2026-03-19 00:25:46.135511820+00:00,137.29,2026-03-19 00:25:45.885511820+00:00,pending_new,,,
2026-03-19 00:25:48.835318647+00:00,592,cancel_requested,ask,2197.2,0.1268637086346816,2026-03-19 00:25:45.573504532+00:00,80.148,2026-03-19 00:25:45.323504532+00:00,pending_cancel,pressure_stop_ask,2026-03-19 00:25:48.835318647+00:00,2026-03-19 00:25:49.085318647+00:00
2026-03-19 00:25:49.085318647+00:00,592,cancelled,ask,2197.2,0.1268637086346816,2026-03-19 00:25:45.573504532+00:00,80.148,2026-03-19 00:25:45.323504532+00:00,cancelled,pressure_stop_ask,2026-03-19 00:25:48.835318647+00:00,2026-03-19 00:25:49.085318647+00:00
2026-03-19 00:25:51.747129970+00:00,593,cancel_requested,bid,2195.9,0.0731362913653184,2026-03-19 00:25:46.135511820+00:00,137.29,2026-03-19 00:25:45.885511820+00:00,pending_cancel,refresh_reprice,2026-03-19 00:25:51.747129970+00:00,2026-03-19 00:25:51.997129970+00:00
2026-03-19 00:25:51.997129970+00:00,593,cancelled,bid,2195.9,0.0731362913653184,2026-03-19 00:25:46.135511820+00:00,137.29,2026-03-19 00:25:45.885511820+00:00,cancelled,refresh_reprice,2026-03-19 00:25:51.747129970+00:00,2026-03-19 00:25:51.997129970+00:00
2026-03-19 00:25:52.074192125+00:00,594,placed,bid,2196.3,0.0731362913653184,2026-03-19 00:25:52.324192125+00:00,157.875,2026-03-19 00:25:52.074192125+00:00,pending_new,,,
2026-03-19 00:25:53.005852062+00:00,594,cancel_requested,bid,2196.3,0.0731362913653184,2026-03-19 00:25:52.324192125+00:00,157.875,2026-03-19 00:25:52.074192125+00:00,pending_cancel,refresh_reprice,2026-03-19 00:25:53.005852062+00:00,2026-03-19 00:25:53.255852062+00:00
2026-03-19 00:25:53.255852062+00:00,594,cancelled,bid,2196.3,0.0731362913653184,2026-03-19 00:25:52.324192125+00:00,157.875,2026-03-19 00:25:52.074192125+00:00,cancelled,refresh_reprice,2026-03-19 00:25:53.005852062+00:00,2026-03-19 00:25:53.255852062+00:00
2026-03-19 00:25:53.336036880+00:00,595,placed,bid,2196.0,0.0731362913653184,2026-03-19 00:25:53.586036880+00:00,205.23499999999999,2026-03-19 00:25:53.336036880+00:00,pending_new,,,
2026-03-19 00:25:59.005214031+00:00,595,cancel_requested,bid,2196.0,0.0731362913653184,2026-03-19 00:25:53.586036880+00:00,205.23499999999999,2026-03-19 00:25:53.336036880+00:00,pending_cancel,refresh_reprice,2026-03-19 00:25:59.005214031+00:00,2026-03-19 00:25:59.255214031+00:00
2026-03-19 00:25:59.255214031+00:00,595,cancelled,bid,2196.0,0.0731362913653184,2026-03-19 00:25:53.586036880+00:00,205.23499999999999,2026-03-19 00:25:53.336036880+00:00,cancelled,refresh_reprice,2026-03-19 00:25:59.005214031+00:00,2026-03-19 00:25:59.255214031+00:00
2026-03-19 00:25:59.265594461+00:00,596,placed,bid,2196.4,0.07301629198036366,2026-03-19 00:25:59.515594461+00:00,148.61599999999999,2026-03-19 00:25:59.265594461+00:00,pending_new,,,
2026-03-19 00:26:05.331607684+00:00,596,cancel_requested,bid,2196.4,0.07301629198036366,2026-03-19 00:25:59.515594461+00:00,148.61599999999999,2026-03-19 00:25:59.265594461+00:00,pending_cancel,refresh_reprice,2026-03-19 00:26:05.331607684+00:00,2026-03-19 00:26:05.581607684+00:00
2026-03-19 00:26:05.581607684+00:00,596,cancelled,bid,2196.4,0.07301629198036366,2026-03-19 00:25:59.515594461+00:00,148.61599999999999,2026-03-19 00:25:59.265594461+00:00,cancelled,refresh_reprice,2026-03-19 00:26:05.331607684+00:00,2026-03-19 00:26:05.581607684+00:00
2026-03-19 00:26:05.588102066+00:00,597,placed,bid,2196.4,0.07301629198036366,2026-03-19 00:26:05.838102066+00:00,237.363,2026-03-19 00:26:05.588102066+00:00,pending_new,,,
2026-03-19 00:26:05.838927222+00:00,597,cancel_requested,bid,2196.4,0.07301629198036366,2026-03-19 00:26:05.838102066+00:00,237.363,2026-03-19 00:26:05.588102066+00:00,pending_cancel,refresh_reprice,2026-03-19 00:26:05.838927222+00:00,2026-03-19 00:26:06.088927222+00:00
2026-03-19 00:26:06.088927222+00:00,597,cancelled,bid,2196.4,0.07301629198036366,2026-03-19 00:26:05.838102066+00:00,237.363,2026-03-19 00:26:05.588102066+00:00,cancelled,refresh_reprice,2026-03-19 00:26:05.838927222+00:00,2026-03-19 00:26:06.088927222+00:00
2026-03-19 00:26:06.168422728+00:00,598,placed,bid,2196.3,0.07301629198036366,2026-03-19 00:26:06.418422728+00:00,239.65799999999996,2026-03-19 00:26:06.168422728+00:00,pending_new,,,
2026-03-19 00:26:06.558586250+00:00,599,placed,ask,2197.6,0.12698370801963635,2026-03-19 00:26:06.808586250+00:00,85.486,2026-03-19 00:26:06.558586250+00:00,pending_new,,,
2026-03-19 00:26:08.837965723+00:00,599,cancel_requested,ask,2197.6,0.12698370801963635,2026-03-19 00:26:06.808586250+00:00,85.486,2026-03-19 00:26:06.558586250+00:00,pending_cancel,expected_edge_ask,2026-03-19 00:26:08.837965723+00:00,2026-03-19 00:26:09.087965723+00:00
2026-03-19 00:26:08.837965723+00:00,598,cancel_requested,bid,2196.3,0.07301629198036366,2026-03-19 00:26:06.418422728+00:00,239.65799999999996,2026-03-19 00:26:06.168422728+00:00,pending_cancel,refresh_reprice,2026-03-19 00:26:08.837965723+00:00,2026-03-19 00:26:09.087965723+00:00
2026-03-19 00:26:09.087965723+00:00,598,cancelled,bid,2196.3,0.07301629198036366,2026-03-19 00:26:06.418422728+00:00,239.65799999999996,2026-03-19 00:26:06.168422728+00:00,cancelled,refresh_reprice,2026-03-19 00:26:08.837965723+00:00,2026-03-19 00:26:09.087965723+00:00
2026-03-19 00:26:09.087965723+00:00,599,cancelled,ask,2197.6,0.12698370801963635,2026-03-19 00:26:06.808586250+00:00,85.486,2026-03-19 00:26:06.558586250+00:00,cancelled,expected_edge_ask,2026-03-19 00:26:08.837965723+00:00,2026-03-19 00:26:09.087965723+00:00
2026-03-19 00:26:09.107144203+00:00,600,placed,bid,2196.9,0.07301629198036366,2026-03-19 00:26:09.357144203+00:00,123.859,2026-03-19 00:26:09.107144203+00:00,pending_new,,,
2026-03-19 00:26:09.956719625+00:00,600,cancel_requested,bid,2196.9,0.07301629198036366,2026-03-19 00:26:09.357144203+00:00,123.859,2026-03-19 00:26:09.107144203+00:00,pending_cancel,pressure_stop_bid,2026-03-19 00:26:09.956719625+00:00,2026-03-19 00:26:10.206719625+00:00
2026-03-19 00:26:10.206719625+00:00,600,cancelled,bid,2196.9,0.07301629198036366,2026-03-19 00:26:09.357144203+00:00,123.859,2026-03-19 00:26:09.107144203+00:00,cancelled,pressure_stop_bid,2026-03-19 00:26:09.956719625+00:00,2026-03-19 00:26:10.206719625+00:00
2026-03-19 00:26:15.286773905+00:00,601,placed,bid,2197.4,0.07330684446124096,2026-03-19 00:26:15.536773905+00:00,183.269,2026-03-19 00:26:15.286773905+00:00,pending_new,,,
2026-03-19 00:26:18.143049245+00:00,601,cancel_requested,bid,2197.4,0.07330684446124096,2026-03-19 00:26:15.536773905+00:00,183.269,2026-03-19 00:26:15.286773905+00:00,pending_cancel,pressure_stop_bid,2026-03-19 00:26:18.143049245+00:00,2026-03-19 00:26:18.393049245+00:00
2026-03-19 00:26:18.393049245+00:00,601,cancelled,bid,2197.4,0.07330684446124096,2026-03-19 00:26:15.536773905+00:00,183.269,2026-03-19 00:26:15.286773905+00:00,cancelled,pressure_stop_bid,2026-03-19 00:26:18.143049245+00:00,2026-03-19 00:26:18.393049245+00:00
2026-03-19 00:26:23.495595738+00:00,602,placed,bid,2197.5,0.07330684446124096,2026-03-19 00:26:23.745595738+00:00,141.551,2026-03-19 00:26:23.495595738+00:00,pending_new,,,
2026-03-19 00:26:31.003854110+00:00,602,cancel_requested,bid,2197.5,0.07330684446124096,2026-03-19 00:26:23.745595738+00:00,141.551,2026-03-19 00:26:23.495595738+00:00,pending_cancel,refresh_reprice,2026-03-19 00:26:31.003854110+00:00,2026-03-19 00:26:31.253854110+00:00
2026-03-19 00:26:31.253854110+00:00,602,cancelled,bid,2197.5,0.07330684446124096,2026-03-19 00:26:23.745595738+00:00,141.551,2026-03-19 00:26:23.495595738+00:00,cancelled,refresh_reprice,2026-03-19 00:26:31.003854110+00:00,2026-03-19 00:26:31.253854110+00:00
2026-03-19 00:26:31.409211592+00:00,603,placed,bid,2197.8,0.07330684446124096,2026-03-19 00:26:31.659211592+00:00,142.944,2026-03-19 00:26:31.409211592+00:00,pending_new,,,
2026-03-19 00:26:32.233342328+00:00,603,cancel_requested,bid,2197.8,0.07330684446124096,2026-03-19 00:26:31.659211592+00:00,142.944,2026-03-19 00:26:31.409211592+00:00,pending_cancel,refresh_reprice,2026-03-19 00:26:32.233342328+00:00,2026-03-19 00:26:32.483342328+00:00
2026-03-19 00:26:32.483342328+00:00,603,cancelled,bid,2197.8,0.07330684446124096,2026-03-19 00:26:31.659211592+00:00,142.944,2026-03-19 00:26:31.409211592+00:00,cancelled,refresh_reprice,2026-03-19 00:26:32.233342328+00:00,2026-03-19 00:26:32.483342328+00:00
2026-03-19 00:26:32.488598664+00:00,604,placed,bid,2197.9,0.07330684446124096,2026-03-19 00:26:32.738598664+00:00,163.97899999999998,2026-03-19 00:26:32.488598664+00:00,pending_new,,,
2026-03-19 00:26:34.682565115+00:00,605,placed,ask,2199.2,0.12669315553875904,2026-03-19 00:26:34.932565115+00:00,81.608,2026-03-19 00:26:34.682565115+00:00,pending_new,,,
2026-03-19 00:26:35.039590796+00:00,605,cancel_requested,ask,2199.2,0.12669315553875904,2026-03-19 00:26:34.932565115+00:00,81.608,2026-03-19 00:26:34.682565115+00:00,pending_cancel,pressure_stop_ask,2026-03-19 00:26:35.039590796+00:00,2026-03-19 00:26:35.289590796+00:00
2026-03-19 00:26:35.039590796+00:00,604,cancel_requested,bid,2197.9,0.07330684446124096,2026-03-19 00:26:32.738598664+00:00,163.97899999999998,2026-03-19 00:26:32.488598664+00:00,pending_cancel,refresh_reprice,2026-03-19 00:26:35.039590796+00:00,2026-03-19 00:26:35.289590796+00:00
2026-03-19 00:26:35.289590796+00:00,604,cancelled,bid,2197.9,0.07330684446124096,2026-03-19 00:26:32.738598664+00:00,163.97899999999998,2026-03-19 00:26:32.488598664+00:00,cancelled,refresh_reprice,2026-03-19 00:26:35.039590796+00:00,2026-03-19 00:26:35.289590796+00:00
2026-03-19 00:26:35.289590796+00:00,605,cancelled,ask,2199.2,0.12669315553875904,2026-03-19 00:26:34.932565115+00:00,81.608,2026-03-19 00:26:34.682565115+00:00,cancelled,pressure_stop_ask,2026-03-19 00:26:35.039590796+00:00,2026-03-19 00:26:35.289590796+00:00
2026-03-19 00:26:35.337293346+00:00,606,placed,bid,2198.5,0.0735857972824596,2026-03-19 00:26:35.587293346+00:00,182.946,2026-03-19 00:26:35.337293346+00:00,pending_new,,,
2026-03-19 00:26:36.312486831+00:00,607,placed,ask,2199.7,0.1264142027175404,2026-03-19 00:26:36.562486831+00:00,79.964,2026-03-19 00:26:36.312486831+00:00,pending_new,,,
2026-03-19 00:26:37.784168332+00:00,607,cancel_requested,ask,2199.7,0.1264142027175404,2026-03-19 00:26:36.562486831+00:00,79.964,2026-03-19 00:26:36.312486831+00:00,pending_cancel,pressure_stop_ask,2026-03-19 00:26:37.784168332+00:00,2026-03-19 00:26:38.034168332+00:00
2026-03-19 00:26:38.034168332+00:00,607,cancelled,ask,2199.7,0.1264142027175404,2026-03-19 00:26:36.562486831+00:00,79.964,2026-03-19 00:26:36.312486831+00:00,cancelled,pressure_stop_ask,2026-03-19 00:26:37.784168332+00:00,2026-03-19 00:26:38.034168332+00:00
2026-03-19 00:26:38.049041952+00:00,608,placed,ask,2199.8,0.1264142027175404,2026-03-19 00:26:38.299041952+00:00,161.57,2026-03-19 00:26:38.049041952+00:00,pending_new,,,
2026-03-19 00:26:38.097767105+00:00,606,cancel_requested,bid,2198.5,0.0735857972824596,2026-03-19 00:26:35.587293346+00:00,182.946,2026-03-19 00:26:35.337293346+00:00,pending_cancel,pressure_stop_bid,2026-03-19 00:26:38.097767105+00:00,2026-03-19 00:26:38.347767105+00:00
2026-03-19 00:26:38.347767105+00:00,606,cancelled,bid,2198.5,0.0735857972824596,2026-03-19 00:26:35.587293346+00:00,182.946,2026-03-19 00:26:35.337293346+00:00,cancelled,pressure_stop_bid,2026-03-19 00:26:38.097767105+00:00,2026-03-19 00:26:38.347767105+00:00
2026-03-19 00:26:38.394020138+00:00,609,placed,bid,2198.5,0.0735857972824596,2026-03-19 00:26:38.644020138+00:00,190.12899999999996,2026-03-19 00:26:38.394020138+00:00,pending_new,,,
2026-03-19 00:26:38.508622362+00:00,608,cancel_requested,ask,2199.8,0.1264142027175404,2026-03-19 00:26:38.299041952+00:00,161.57,2026-03-19 00:26:38.049041952+00:00,pending_cancel,pressure_stop_ask,2026-03-19 00:26:38.508622362+00:00,2026-03-19 00:26:38.758622362+00:00
2026-03-19 00:26:38.758622362+00:00,608,cancelled,ask,2199.8,0.1264142027175404,2026-03-19 00:26:38.299041952+00:00,161.57,2026-03-19 00:26:38.049041952+00:00,cancelled,pressure_stop_ask,2026-03-19 00:26:38.508622362+00:00,2026-03-19 00:26:38.758622362+00:00
2026-03-19 00:26:40.397102018+00:00,609,cancel_requested,bid,2198.5,0.0735857972824596,2026-03-19 00:26:38.644020138+00:00,190.12899999999996,2026-03-19 00:26:38.394020138+00:00,pending_cancel,refresh_reprice,2026-03-19 00:26:40.397102018+00:00,2026-03-19 00:26:40.647102018+00:00
2026-03-19 00:26:40.647102018+00:00,609,cancelled,bid,2198.5,0.0735857972824596,2026-03-19 00:26:38.644020138+00:00,190.12899999999996,2026-03-19 00:26:38.394020138+00:00,cancelled,refresh_reprice,2026-03-19 00:26:40.397102018+00:00,2026-03-19 00:26:40.647102018+00:00
2026-03-19 00:26:40.684696921+00:00,610,placed,bid,2199.0,0.0735857972824596,2026-03-19 00:26:40.934696921+00:00,205.925,2026-03-19 00:26:40.684696921+00:00,pending_new,,,
2026-03-19 00:26:41.265625175+00:00,610,cancel_requested,bid,2199.0,0.0735857972824596,2026-03-19 00:26:40.934696921+00:00,205.925,2026-03-19 00:26:40.684696921+00:00,pending_cancel,pressure_stop_bid,2026-03-19 00:26:41.265625175+00:00,2026-03-19 00:26:41.515625175+00:00
2026-03-19 00:26:41.265625175+00:00,611,placed,ask,2200.4,0.1264142027175404,2026-03-19 00:26:41.515625175+00:00,204.388,2026-03-19 00:26:41.265625175+00:00,pending_new,,,
2026-03-19 00:26:41.515625175+00:00,610,cancelled,bid,2199.0,0.0735857972824596,2026-03-19 00:26:40.934696921+00:00,205.925,2026-03-19 00:26:40.684696921+00:00,cancelled,pressure_stop_bid,2026-03-19 00:26:41.265625175+00:00,2026-03-19 00:26:41.515625175+00:00
2026-03-19 00:26:41.979017134+00:00,611,cancel_requested,ask,2200.4,0.1264142027175404,2026-03-19 00:26:41.515625175+00:00,204.388,2026-03-19 00:26:41.265625175+00:00,pending_cancel,refresh_reprice,2026-03-19 00:26:41.979017134+00:00,2026-03-19 00:26:42.229017134+00:00
2026-03-19 00:26:42.132514235+00:00,612,placed,bid,2198.7,0.0735857972824596,2026-03-19 00:26:42.382514235+00:00,160.111,2026-03-19 00:26:42.132514235+00:00,pending_new,,,
2026-03-19 00:26:42.177780092+00:00,612,cancel_requested,bid,2198.7,0.0735857972824596,2026-03-19 00:26:42.382514235+00:00,160.111,2026-03-19 00:26:42.132514235+00:00,pending_cancel,pressure_stop_bid,2026-03-19 00:26:42.177780092+00:00,2026-03-19 00:26:42.427780092+00:00
2026-03-19 00:26:42.229017134+00:00,611,cancelled,ask,2200.4,0.1264142027175404,2026-03-19 00:26:41.515625175+00:00,204.388,2026-03-19 00:26:41.265625175+00:00,cancelled,refresh_reprice,2026-03-19 00:26:41.979017134+00:00,2026-03-19 00:26:42.229017134+00:00
2026-03-19 00:26:42.283011032+00:00,613,placed,ask,2200.1,0.1264142027175404,2026-03-19 00:26:42.533011032+00:00,192.383,2026-03-19 00:26:42.283011032+00:00,pending_new,,,
2026-03-19 00:26:42.427780092+00:00,612,cancelled,bid,2198.7,0.0735857972824596,2026-03-19 00:26:42.382514235+00:00,160.111,2026-03-19 00:26:42.132514235+00:00,cancelled,pressure_stop_bid,2026-03-19 00:26:42.177780092+00:00,2026-03-19 00:26:42.427780092+00:00
2026-03-19 00:26:42.744368320+00:00,614,placed,bid,2198.5,0.0735857972824596,2026-03-19 00:26:42.994368320+00:00,190.552,2026-03-19 00:26:42.744368320+00:00,pending_new,,,
2026-03-19 00:26:43.050457198+00:00,613,cancel_requested,ask,2200.1,0.1264142027175404,2026-03-19 00:26:42.533011032+00:00,192.383,2026-03-19 00:26:42.283011032+00:00,pending_cancel,refresh_reprice,2026-03-19 00:26:43.050457198+00:00,2026-03-19 00:26:43.300457198+00:00
2026-03-19 00:26:43.300457198+00:00,613,cancelled,ask,2200.1,0.1264142027175404,2026-03-19 00:26:42.533011032+00:00,192.383,2026-03-19 00:26:42.283011032+00:00,cancelled,refresh_reprice,2026-03-19 00:26:43.050457198+00:00,2026-03-19 00:26:43.300457198+00:00
2026-03-19 00:26:43.341335457+00:00,615,placed,ask,2199.7,0.1264142027175404,2026-03-19 00:26:43.591335457+00:00,156.875,2026-03-19 00:26:43.341335457+00:00,pending_new,,,
2026-03-19 00:26:44.167275039+00:00,614,cancel_requested,bid,2198.5,0.0735857972824596,2026-03-19 00:26:42.994368320+00:00,190.552,2026-03-19 00:26:42.744368320+00:00,pending_cancel,pressure_stop_bid,2026-03-19 00:26:44.167275039+00:00,2026-03-19 00:26:44.417275039+00:00
2026-03-19 00:26:44.417275039+00:00,614,cancelled,bid,2198.5,0.0735857972824596,2026-03-19 00:26:42.994368320+00:00,190.552,2026-03-19 00:26:42.744368320+00:00,cancelled,pressure_stop_bid,2026-03-19 00:26:44.167275039+00:00,2026-03-19 00:26:44.417275039+00:00
2026-03-19 00:26:45.907341258+00:00,615,cancel_requested,ask,2199.7,0.1264142027175404,2026-03-19 00:26:43.591335457+00:00,156.875,2026-03-19 00:26:43.341335457+00:00,pending_cancel,expected_edge_ask,2026-03-19 00:26:45.907341258+00:00,2026-03-19 00:26:46.157341258+00:00
2026-03-19 00:26:45.907341258+00:00,616,placed,bid,2198.7,0.0735857972824596,2026-03-19 00:26:46.157341258+00:00,174.438,2026-03-19 00:26:45.907341258+00:00,pending_new,,,
2026-03-19 00:26:46.157341258+00:00,615,cancelled,ask,2199.7,0.1264142027175404,2026-03-19 00:26:43.591335457+00:00,156.875,2026-03-19 00:26:43.341335457+00:00,cancelled,expected_edge_ask,2026-03-19 00:26:45.907341258+00:00,2026-03-19 00:26:46.157341258+00:00
2026-03-19 00:26:46.167086514+00:00,617,placed,ask,2199.4,0.1264142027175404,2026-03-19 00:26:46.417086514+00:00,143.2,2026-03-19 00:26:46.167086514+00:00,pending_new,,,
2026-03-19 00:26:46.520531819+00:00,617,cancel_requested,ask,2199.4,0.1264142027175404,2026-03-19 00:26:46.417086514+00:00,143.2,2026-03-19 00:26:46.167086514+00:00,pending_cancel,expected_edge_ask,2026-03-19 00:26:46.520531819+00:00,2026-03-19 00:26:46.770531819+00:00
2026-03-19 00:26:46.564725501+00:00,616,cancel_requested,bid,2198.7,0.0735857972824596,2026-03-19 00:26:46.157341258+00:00,174.438,2026-03-19 00:26:45.907341258+00:00,pending_cancel,pressure_stop_bid,2026-03-19 00:26:46.564725501+00:00,2026-03-19 00:26:46.814725501+00:00
2026-03-19 00:26:46.814725501+00:00,616,cancelled,bid,2198.7,0.0735857972824596,2026-03-19 00:26:46.157341258+00:00,174.438,2026-03-19 00:26:45.907341258+00:00,cancelled,pressure_stop_bid,2026-03-19 00:26:46.564725501+00:00,2026-03-19 00:26:46.814725501+00:00
2026-03-19 00:26:46.770531819+00:00,617,cancelled,ask,2199.4,0.1264142027175404,2026-03-19 00:26:46.417086514+00:00,143.2,2026-03-19 00:26:46.167086514+00:00,cancelled,expected_edge_ask,2026-03-19 00:26:46.520531819+00:00,2026-03-19 00:26:46.770531819+00:00
2026-03-19 00:26:46.826181805+00:00,618,placed,ask,2199.2,0.1264142027175404,2026-03-19 00:26:47.076181805+00:00,142.113,2026-03-19 00:26:46.826181805+00:00,pending_new,,,
2026-03-19 00:26:47.592192953+00:00,618,cancel_requested,ask,2199.2,0.1264142027175404,2026-03-19 00:26:47.076181805+00:00,142.113,2026-03-19 00:26:46.826181805+00:00,pending_cancel,expected_edge_ask,2026-03-19 00:26:47.592192953+00:00,2026-03-19 00:26:47.842192953+00:00
2026-03-19 00:26:47.592192953+00:00,619,placed,bid,2198.5,0.0735857972824596,2026-03-19 00:26:47.842192953+00:00,146.757,2026-03-19 00:26:47.592192953+00:00,pending_new,,,
2026-03-19 00:26:47.842192953+00:00,618,cancelled,ask,2199.2,0.1264142027175404,2026-03-19 00:26:47.076181805+00:00,142.113,2026-03-19 00:26:46.826181805+00:00,cancelled,expected_edge_ask,2026-03-19 00:26:47.592192953+00:00,2026-03-19 00:26:47.842192953+00:00
2026-03-19 00:26:56.172409182+00:00,619,cancel_requested,bid,2198.5,0.0735857972824596,2026-03-19 00:26:47.842192953+00:00,146.757,2026-03-19 00:26:47.592192953+00:00,pending_cancel,pressure_stop_bid,2026-03-19 00:26:56.172409182+00:00,2026-03-19 00:26:56.422409182+00:00
2026-03-19 00:26:56.172409182+00:00,620,placed,ask,2199.2,0.1262809451546015,2026-03-19 00:26:56.422409182+00:00,135.894,2026-03-19 00:26:56.172409182+00:00,pending_new,,,
2026-03-19 00:26:56.422409182+00:00,619,cancelled,bid,2198.5,0.0735857972824596,2026-03-19 00:26:47.842192953+00:00,146.757,2026-03-19 00:26:47.592192953+00:00,cancelled,pressure_stop_bid,2026-03-19 00:26:56.172409182+00:00,2026-03-19 00:26:56.422409182+00:00
2026-03-19 00:26:56.573495736+00:00,620,cancel_requested,ask,2199.2,0.1262809451546015,2026-03-19 00:26:56.422409182+00:00,135.894,2026-03-19 00:26:56.172409182+00:00,pending_cancel,refresh_reprice,2026-03-19 00:26:56.573495736+00:00,2026-03-19 00:26:56.823495736+00:00
2026-03-19 00:26:56.823495736+00:00,620,cancelled,ask,2199.2,0.1262809451546015,2026-03-19 00:26:56.422409182+00:00,135.894,2026-03-19 00:26:56.172409182+00:00,cancelled,refresh_reprice,2026-03-19 00:26:56.573495736+00:00,2026-03-19 00:26:56.823495736+00:00
2026-03-19 00:26:56.869177438+00:00,621,placed,bid,2198.0,0.07371905484539852,2026-03-19 00:26:57.119177438+00:00,147.89499999999998,2026-03-19 00:26:56.869177438+00:00,pending_new,,,
2026-03-19 00:26:56.869177438+00:00,622,placed,ask,2198.8,0.1262809451546015,2026-03-19 00:26:57.119177438+00:00,76.685,2026-03-19 00:26:56.869177438+00:00,pending_new,,,
2026-03-19 00:26:57.192509177+00:00,621,cancel_requested,bid,2198.0,0.07371905484539852,2026-03-19 00:26:57.119177438+00:00,147.89499999999998,2026-03-19 00:26:56.869177438+00:00,pending_cancel,pressure_stop_bid,2026-03-19 00:26:57.192509177+00:00,2026-03-19 00:26:57.442509177+00:00
2026-03-19 00:26:57.442509177+00:00,621,cancelled,bid,2198.0,0.07371905484539852,2026-03-19 00:26:57.119177438+00:00,147.89499999999998,2026-03-19 00:26:56.869177438+00:00,cancelled,pressure_stop_bid,2026-03-19 00:26:57.192509177+00:00,2026-03-19 00:26:57.442509177+00:00
2026-03-19 00:26:57.943412070+00:00,622,cancel_requested,ask,2198.8,0.1262809451546015,2026-03-19 00:26:57.119177438+00:00,76.685,2026-03-19 00:26:56.869177438+00:00,pending_cancel,pressure_stop_ask,2026-03-19 00:26:57.943412070+00:00,2026-03-19 00:26:58.193412070+00:00
2026-03-19 00:26:57.943412070+00:00,623,placed,bid,2198.0,0.07371905484539852,2026-03-19 00:26:58.193412070+00:00,152.517,2026-03-19 00:26:57.943412070+00:00,pending_new,,,
2026-03-19 00:26:58.193412070+00:00,622,cancelled,ask,2198.8,0.1262809451546015,2026-03-19 00:26:57.119177438+00:00,76.685,2026-03-19 00:26:56.869177438+00:00,cancelled,pressure_stop_ask,2026-03-19 00:26:57.943412070+00:00,2026-03-19 00:26:58.193412070+00:00
2026-03-19 00:27:07.943412070+00:00,623,cancel_requested,bid,2198.0,0.07371905484539852,2026-03-19 00:26:58.193412070+00:00,152.517,2026-03-19 00:26:57.943412070+00:00,pending_cancel,quote_age_expired,2026-03-19 00:27:07.943412070+00:00,2026-03-19 00:27:08.193412070+00:00
2026-03-19 00:27:08.193412070+00:00,623,cancelled,bid,2198.0,0.07371905484539852,2026-03-19 00:26:58.193412070+00:00,152.517,2026-03-19 00:26:57.943412070+00:00,cancelled,quote_age_expired,2026-03-19 00:27:07.943412070+00:00,2026-03-19 00:27:08.193412070+00:00
2026-03-19 00:27:08.193740790+00:00,624,placed,bid,2198.2,0.07371905484539852,2026-03-19 00:27:08.443740790+00:00,157.192,2026-03-19 00:27:08.193740790+00:00,pending_new,,,
2026-03-19 00:27:16.886644511+00:00,624,cancel_requested,bid,2198.2,0.07371905484539852,2026-03-19 00:27:08.443740790+00:00,157.192,2026-03-19 00:27:08.193740790+00:00,pending_cancel,refresh_reprice,2026-03-19 00:27:16.886644511+00:00,2026-03-19 00:27:17.136644511+00:00
2026-03-19 00:27:17.136644511+00:00,624,cancelled,bid,2198.2,0.07371905484539852,2026-03-19 00:27:08.443740790+00:00,157.192,2026-03-19 00:27:08.193740790+00:00,cancelled,refresh_reprice,2026-03-19 00:27:16.886644511+00:00,2026-03-19 00:27:17.136644511+00:00
2026-03-19 00:27:17.299289179+00:00,625,placed,bid,2198.4,0.07382689548692316,2026-03-19 00:27:17.549289179+00:00,130.864,2026-03-19 00:27:17.299289179+00:00,pending_new,,,
2026-03-19 00:27:27.299289179+00:00,625,cancel_requested,bid,2198.4,0.07382689548692316,2026-03-19 00:27:17.549289179+00:00,130.864,2026-03-19 00:27:17.299289179+00:00,pending_cancel,quote_age_expired,2026-03-19 00:27:27.299289179+00:00,2026-03-19 00:27:27.549289179+00:00
2026-03-19 00:27:27.549289179+00:00,625,cancelled,bid,2198.4,0.07382689548692316,2026-03-19 00:27:17.549289179+00:00,130.864,2026-03-19 00:27:17.299289179+00:00,cancelled,quote_age_expired,2026-03-19 00:27:27.299289179+00:00,2026-03-19 00:27:27.549289179+00:00
2026-03-19 00:27:27.631884263+00:00,626,placed,bid,2198.3,0.07382689548692316,2026-03-19 00:27:27.881884263+00:00,145.749,2026-03-19 00:27:27.631884263+00:00,pending_new,,,
2026-03-19 00:27:35.465818413+00:00,626,cancel_requested,bid,2198.3,0.07382689548692316,2026-03-19 00:27:27.881884263+00:00,145.749,2026-03-19 00:27:27.631884263+00:00,pending_cancel,pressure_stop_bid,2026-03-19 00:27:35.465818413+00:00,2026-03-19 00:27:35.715818413+00:00
2026-03-19 00:27:35.715818413+00:00,626,cancelled,bid,2198.3,0.07382689548692316,2026-03-19 00:27:27.881884263+00:00,145.749,2026-03-19 00:27:27.631884263+00:00,cancelled,pressure_stop_bid,2026-03-19 00:27:35.465818413+00:00,2026-03-19 00:27:35.715818413+00:00
2026-03-19 00:27:40.745016857+00:00,627,placed,bid,2198.0,0.07394968586980392,2026-03-19 00:27:40.995016857+00:00,88.569,2026-03-19 00:27:40.745016857+00:00,pending_new,,,
2026-03-19 00:27:42.273188247+00:00,627,cancel_requested,bid,2198.0,0.07394968586980392,2026-03-19 00:27:40.995016857+00:00,88.569,2026-03-19 00:27:40.745016857+00:00,pending_cancel,pressure_stop_bid,2026-03-19 00:27:42.273188247+00:00,2026-03-19 00:27:42.523188247+00:00
2026-03-19 00:27:42.523188247+00:00,627,cancelled,bid,2198.0,0.07394968586980392,2026-03-19 00:27:40.995016857+00:00,88.569,2026-03-19 00:27:40.745016857+00:00,cancelled,pressure_stop_bid,2026-03-19 00:27:42.273188247+00:00,2026-03-19 00:27:42.523188247+00:00
2026-03-19 00:27:47.538301370+00:00,628,placed,bid,2198.0,0.07394968586980392,2026-03-19 00:27:47.788301370+00:00,146.094,2026-03-19 00:27:47.538301370+00:00,pending_new,,,
2026-03-19 00:27:57.538301370+00:00,628,cancel_requested,bid,2198.0,0.07394968586980392,2026-03-19 00:27:47.788301370+00:00,146.094,2026-03-19 00:27:47.538301370+00:00,pending_cancel,quote_age_expired,2026-03-19 00:27:57.538301370+00:00,2026-03-19 00:27:57.788301370+00:00
2026-03-19 00:27:57.788301370+00:00,628,cancelled,bid,2198.0,0.07394968586980392,2026-03-19 00:27:47.788301370+00:00,146.094,2026-03-19 00:27:47.538301370+00:00,cancelled,quote_age_expired,2026-03-19 00:27:57.538301370+00:00,2026-03-19 00:27:57.788301370+00:00
2026-03-19 00:27:57.843964306+00:00,629,placed,bid,2198.0,0.07395948649849837,2026-03-19 00:27:58.093964306+00:00,154.691,2026-03-19 00:27:57.843964306+00:00,pending_new,,,
2026-03-19 00:28:07.843964306+00:00,629,cancel_requested,bid,2198.0,0.07395948649849837,2026-03-19 00:27:58.093964306+00:00,154.691,2026-03-19 00:27:57.843964306+00:00,pending_cancel,quote_age_expired,2026-03-19 00:28:07.843964306+00:00,2026-03-19 00:28:08.093964306+00:00
2026-03-19 00:28:08.093964306+00:00,629,cancelled,bid,2198.0,0.07395948649849837,2026-03-19 00:27:58.093964306+00:00,154.691,2026-03-19 00:27:57.843964306+00:00,cancelled,quote_age_expired,2026-03-19 00:28:07.843964306+00:00,2026-03-19 00:28:08.093964306+00:00
2026-03-19 00:28:08.138143452+00:00,630,placed,bid,2198.2,0.07395948649849837,2026-03-19 00:28:08.388143452+00:00,69.071,2026-03-19 00:28:08.138143452+00:00,pending_new,,,
2026-03-19 00:28:15.558222669+00:00,630,cancel_requested,bid,2198.2,0.07395948649849837,2026-03-19 00:28:08.388143452+00:00,69.071,2026-03-19 00:28:08.138143452+00:00,pending_cancel,refresh_reprice,2026-03-19 00:28:15.558222669+00:00,2026-03-19 00:28:15.808222669+00:00
2026-03-19 00:28:15.808222669+00:00,630,cancelled,bid,2198.2,0.07395948649849837,2026-03-19 00:28:08.388143452+00:00,69.071,2026-03-19 00:28:08.138143452+00:00,cancelled,refresh_reprice,2026-03-19 00:28:15.558222669+00:00,2026-03-19 00:28:15.808222669+00:00
2026-03-19 00:28:15.871081278+00:00,631,placed,bid,2198.8,0.07415818113242001,2026-03-19 00:28:16.121081278+00:00,111.142,2026-03-19 00:28:15.871081278+00:00,pending_new,,,
2026-03-19 00:28:23.984783412+00:00,631,cancel_requested,bid,2198.8,0.07415818113242001,2026-03-19 00:28:16.121081278+00:00,111.142,2026-03-19 00:28:15.871081278+00:00,pending_cancel,refresh_reprice,2026-03-19 00:28:23.984783412+00:00,2026-03-19 00:28:24.234783412+00:00
2026-03-19 00:28:24.234783412+00:00,631,cancelled,bid,2198.8,0.07415818113242001,2026-03-19 00:28:16.121081278+00:00,111.142,2026-03-19 00:28:15.871081278+00:00,cancelled,refresh_reprice,2026-03-19 00:28:23.984783412+00:00,2026-03-19 00:28:24.234783412+00:00
2026-03-19 00:28:24.235225563+00:00,632,placed,bid,2199.2,0.07415818113242001,2026-03-19 00:28:24.485225563+00:00,83.47200000000001,2026-03-19 00:28:24.235225563+00:00,pending_new,,,
2026-03-19 00:28:30.880112603+00:00,632,cancel_requested,bid,2199.2,0.07415818113242001,2026-03-19 00:28:24.485225563+00:00,83.47200000000001,2026-03-19 00:28:24.235225563+00:00,pending_cancel,refresh_reprice,2026-03-19 00:28:30.880112603+00:00,2026-03-19 00:28:31.130112603+00:00
2026-03-19 00:28:31.130112603+00:00,632,cancelled,bid,2199.2,0.07415818113242001,2026-03-19 00:28:24.485225563+00:00,83.47200000000001,2026-03-19 00:28:24.235225563+00:00,cancelled,refresh_reprice,2026-03-19 00:28:30.880112603+00:00,2026-03-19 00:28:31.130112603+00:00
2026-03-19 00:28:31.135110666+00:00,633,placed,bid,2199.5,0.07415818113242001,2026-03-19 00:28:31.385110666+00:00,60.077,2026-03-19 00:28:31.135110666+00:00,pending_new,,,
2026-03-19 00:28:35.395669698+00:00,634,placed,ask,2200.5,0.12544189655268642,2026-03-19 00:28:35.645669698+00:00,172.812,2026-03-19 00:28:35.395669698+00:00,pending_new,,,
2026-03-19 00:28:36.896636891+00:00,634,cancel_requested,ask,2200.5,0.12544189655268642,2026-03-19 00:28:35.645669698+00:00,172.812,2026-03-19 00:28:35.395669698+00:00,pending_cancel,pressure_stop_ask,2026-03-19 00:28:36.896636891+00:00,2026-03-19 00:28:37.146636891+00:00
2026-03-19 00:28:37.146636891+00:00,634,cancelled,ask,2200.5,0.12544189655268642,2026-03-19 00:28:35.645669698+00:00,172.812,2026-03-19 00:28:35.395669698+00:00,cancelled,pressure_stop_ask,2026-03-19 00:28:36.896636891+00:00,2026-03-19 00:28:37.146636891+00:00
2026-03-19 00:28:37.207502861+00:00,635,placed,ask,2200.7,0.12544189655268642,2026-03-19 00:28:37.457502861+00:00,119.79599999999999,2026-03-19 00:28:37.207502861+00:00,pending_new,,,
2026-03-19 00:28:38.738949643+00:00,635,cancel_requested,ask,2200.7,0.12544189655268642,2026-03-19 00:28:37.457502861+00:00,119.79599999999999,2026-03-19 00:28:37.207502861+00:00,pending_cancel,expected_edge_ask,2026-03-19 00:28:38.738949643+00:00,2026-03-19 00:28:38.988949643+00:00
2026-03-19 00:28:38.738949643+00:00,633,cancel_requested,bid,2199.5,0.07415818113242001,2026-03-19 00:28:31.385110666+00:00,60.077,2026-03-19 00:28:31.135110666+00:00,pending_cancel,refresh_reprice,2026-03-19 00:28:38.738949643+00:00,2026-03-19 00:28:38.988949643+00:00
2026-03-19 00:28:38.988949643+00:00,633,cancelled,bid,2199.5,0.07415818113242001,2026-03-19 00:28:31.385110666+00:00,60.077,2026-03-19 00:28:31.135110666+00:00,cancelled,refresh_reprice,2026-03-19 00:28:38.738949643+00:00,2026-03-19 00:28:38.988949643+00:00
2026-03-19 00:28:38.988949643+00:00,635,cancelled,ask,2200.7,0.12544189655268642,2026-03-19 00:28:37.457502861+00:00,119.79599999999999,2026-03-19 00:28:37.207502861+00:00,cancelled,expected_edge_ask,2026-03-19 00:28:38.738949643+00:00,2026-03-19 00:28:38.988949643+00:00
2026-03-19 00:28:39.037647747+00:00,636,placed,bid,2199.9,0.0745581034473136,2026-03-19 00:28:39.287647747+00:00,80.745,2026-03-19 00:28:39.037647747+00:00,pending_new,,,
2026-03-19 00:28:46.035359673+00:00,637,placed,ask,2201.2,0.12544189655268642,2026-03-19 00:28:46.285359673+00:00,167.771,2026-03-19 00:28:46.035359673+00:00,pending_new,,,
2026-03-19 00:28:46.600700173+00:00,637,cancel_requested,ask,2201.2,0.12544189655268642,2026-03-19 00:28:46.285359673+00:00,167.771,2026-03-19 00:28:46.035359673+00:00,pending_cancel,pressure_stop_ask,2026-03-19 00:28:46.600700173+00:00,2026-03-19 00:28:46.850700173+00:00
2026-03-19 00:28:46.850700173+00:00,637,cancelled,ask,2201.2,0.12544189655268642,2026-03-19 00:28:46.285359673+00:00,167.771,2026-03-19 00:28:46.035359673+00:00,cancelled,pressure_stop_ask,2026-03-19 00:28:46.600700173+00:00,2026-03-19 00:28:46.850700173+00:00
2026-03-19 00:28:47.777610418+00:00,636,cancel_requested,bid,2199.9,0.0745581034473136,2026-03-19 00:28:39.287647747+00:00,80.745,2026-03-19 00:28:39.037647747+00:00,pending_cancel,refresh_reprice,2026-03-19 00:28:47.777610418+00:00,2026-03-19 00:28:48.027610418+00:00
2026-03-19 00:28:47.879742829+00:00,638,placed,ask,2201.7,0.12544189655268642,2026-03-19 00:28:48.129742829+00:00,79.88699999999999,2026-03-19 00:28:47.879742829+00:00,pending_new,,,
2026-03-19 00:28:47.981736240+00:00,638,cancel_requested,ask,2201.7,0.12544189655268642,2026-03-19 00:28:48.129742829+00:00,79.88699999999999,2026-03-19 00:28:47.879742829+00:00,pending_cancel,pressure_stop_ask,2026-03-19 00:28:47.981736240+00:00,2026-03-19 00:28:48.231736240+00:00
2026-03-19 00:28:48.027610418+00:00,636,cancelled,bid,2199.9,0.0745581034473136,2026-03-19 00:28:39.287647747+00:00,80.745,2026-03-19 00:28:39.037647747+00:00,cancelled,refresh_reprice,2026-03-19 00:28:47.777610418+00:00,2026-03-19 00:28:48.027610418+00:00
2026-03-19 00:28:48.031676941+00:00,639,placed,bid,2200.5,0.0745581034473136,2026-03-19 00:28:48.281676941+00:00,213.712,2026-03-19 00:28:48.031676941+00:00,pending_new,,,
2026-03-19 00:28:48.231736240+00:00,638,cancelled,ask,2201.7,0.12544189655268642,2026-03-19 00:28:48.129742829+00:00,79.88699999999999,2026-03-19 00:28:47.879742829+00:00,cancelled,pressure_stop_ask,2026-03-19 00:28:47.981736240+00:00,2026-03-19 00:28:48.231736240+00:00
2026-03-19 00:28:48.797515517+00:00,639,cancel_requested,bid,2200.5,0.0745581034473136,2026-03-19 00:28:48.281676941+00:00,213.712,2026-03-19 00:28:48.031676941+00:00,pending_cancel,refresh_reprice,2026-03-19 00:28:48.797515517+00:00,2026-03-19 00:28:49.047515517+00:00
2026-03-19 00:28:49.047515517+00:00,639,cancelled,bid,2200.5,0.0745581034473136,2026-03-19 00:28:48.281676941+00:00,213.712,2026-03-19 00:28:48.031676941+00:00,cancelled,refresh_reprice,2026-03-19 00:28:48.797515517+00:00,2026-03-19 00:28:49.047515517+00:00
2026-03-19 00:28:49.056480533+00:00,640,placed,bid,2201.1,0.0745581034473136,2026-03-19 00:28:49.306480533+00:00,183.774,2026-03-19 00:28:49.056480533+00:00,pending_new,,,
2026-03-19 00:28:49.408611448+00:00,640,cancel_requested,bid,2201.1,0.0745581034473136,2026-03-19 00:28:49.306480533+00:00,183.774,2026-03-19 00:28:49.056480533+00:00,pending_cancel,refresh_reprice,2026-03-19 00:28:49.408611448+00:00,2026-03-19 00:28:49.658611448+00:00
2026-03-19 00:28:49.658611448+00:00,640,cancelled,bid,2201.1,0.0745581034473136,2026-03-19 00:28:49.306480533+00:00,183.774,2026-03-19 00:28:49.056480533+00:00,cancelled,refresh_reprice,2026-03-19 00:28:49.408611448+00:00,2026-03-19 00:28:49.658611448+00:00
2026-03-19 00:28:49.716097908+00:00,641,placed,bid,2201.9,0.0745581034473136,2026-03-19 00:28:49.966097908+00:00,164.49099999999999,2026-03-19 00:28:49.716097908+00:00,pending_new,,,
2026-03-19 00:28:50.527017223+00:00,641,cancel_requested,bid,2201.9,0.0745581034473136,2026-03-19 00:28:49.966097908+00:00,164.49099999999999,2026-03-19 00:28:49.716097908+00:00,pending_cancel,pressure_stop_bid,2026-03-19 00:28:50.527017223+00:00,2026-03-19 00:28:50.777017223+00:00
2026-03-19 00:28:50.527017223+00:00,642,placed,ask,2203.3,0.12544189655268642,2026-03-19 00:28:50.777017223+00:00,192.02899999999997,2026-03-19 00:28:50.527017223+00:00,pending_new,,,
2026-03-19 00:28:50.777017223+00:00,641,cancelled,bid,2201.9,0.0745581034473136,2026-03-19 00:28:49.966097908+00:00,164.49099999999999,2026-03-19 00:28:49.716097908+00:00,cancelled,pressure_stop_bid,2026-03-19 00:28:50.527017223+00:00,2026-03-19 00:28:50.777017223+00:00
2026-03-19 00:28:50.834495533+00:00,643,placed,bid,2201.6,0.0745581034473136,2026-03-19 00:28:51.084495533+00:00,142.737,2026-03-19 00:28:50.834495533+00:00,pending_new,,,
2026-03-19 00:28:50.834495533+00:00,642,cancel_requested,ask,2203.3,0.12544189655268642,2026-03-19 00:28:50.777017223+00:00,192.02899999999997,2026-03-19 00:28:50.527017223+00:00,pending_cancel,refresh_reprice,2026-03-19 00:28:50.834495533+00:00,2026-03-19 00:28:51.084495533+00:00
2026-03-19 00:28:50.884534113+00:00,643,cancel_requested,bid,2201.6,0.0745581034473136,2026-03-19 00:28:51.084495533+00:00,142.737,2026-03-19 00:28:50.834495533+00:00,pending_cancel,pressure_stop_bid,2026-03-19 00:28:50.884534113+00:00,2026-03-19 00:28:51.134534113+00:00
2026-03-19 00:28:51.084495533+00:00,642,cancelled,ask,2203.3,0.12544189655268642,2026-03-19 00:28:50.777017223+00:00,192.02899999999997,2026-03-19 00:28:50.527017223+00:00,cancelled,refresh_reprice,2026-03-19 00:28:50.834495533+00:00,2026-03-19 00:28:51.084495533+00:00
2026-03-19 00:28:51.093260827+00:00,644,placed,ask,2202.9,0.12544189655268642,2026-03-19 00:28:51.343260827+00:00,204.652,2026-03-19 00:28:51.093260827+00:00,pending_new,,,
2026-03-19 00:28:51.134534113+00:00,643,cancelled,bid,2201.6,0.0745581034473136,2026-03-19 00:28:51.084495533+00:00,142.737,2026-03-19 00:28:50.834495533+00:00,cancelled,pressure_stop_bid,2026-03-19 00:28:50.884534113+00:00,2026-03-19 00:28:51.134534113+00:00
2026-03-19 00:28:51.142893306+00:00,645,placed,bid,2201.3,0.0745581034473136,2026-03-19 00:28:51.392893306+00:00,138.574,2026-03-19 00:28:51.142893306+00:00,pending_new,,,
2026-03-19 00:28:52.157643202+00:00,645,cancel_requested,bid,2201.3,0.0745581034473136,2026-03-19 00:28:51.392893306+00:00,138.574,2026-03-19 00:28:51.142893306+00:00,pending_cancel,pressure_stop_bid,2026-03-19 00:28:52.157643202+00:00,2026-03-19 00:28:52.407643202+00:00
2026-03-19 00:28:52.407643202+00:00,645,cancelled,bid,2201.3,0.0745581034473136,2026-03-19 00:28:51.392893306+00:00,138.574,2026-03-19 00:28:51.142893306+00:00,cancelled,pressure_stop_bid,2026-03-19 00:28:52.157643202+00:00,2026-03-19 00:28:52.407643202+00:00
2026-03-19 00:28:53.133243746+00:00,644,cancel_requested,ask,2202.9,0.12544189655268642,2026-03-19 00:28:51.343260827+00:00,204.652,2026-03-19 00:28:51.093260827+00:00,pending_cancel,pressure_stop_ask,2026-03-19 00:28:53.133243746+00:00,2026-03-19 00:28:53.383243746+00:00
2026-03-19 00:28:53.133243746+00:00,646,placed,bid,2201.3,0.0745581034473136,2026-03-19 00:28:53.383243746+00:00,128.135,2026-03-19 00:28:53.133243746+00:00,pending_new,,,
2026-03-19 00:28:53.184748064+00:00,646,cancel_requested,bid,2201.3,0.0745581034473136,2026-03-19 00:28:53.383243746+00:00,128.135,2026-03-19 00:28:53.133243746+00:00,pending_cancel,refresh_reprice,2026-03-19 00:28:53.184748064+00:00,2026-03-19 00:28:53.434748064+00:00
2026-03-19 00:28:53.383243746+00:00,644,cancelled,ask,2202.9,0.12544189655268642,2026-03-19 00:28:51.343260827+00:00,204.652,2026-03-19 00:28:51.093260827+00:00,cancelled,pressure_stop_ask,2026-03-19 00:28:53.133243746+00:00,2026-03-19 00:28:53.383243746+00:00
2026-03-19 00:28:53.386740557+00:00,647,placed,ask,2203.4,0.12544189655268642,2026-03-19 00:28:53.636740557+00:00,184.65699999999998,2026-03-19 00:28:53.386740557+00:00,pending_new,,,
2026-03-19 00:28:53.434748064+00:00,646,cancelled,bid,2201.3,0.0745581034473136,2026-03-19 00:28:53.383243746+00:00,128.135,2026-03-19 00:28:53.133243746+00:00,cancelled,refresh_reprice,2026-03-19 00:28:53.184748064+00:00,2026-03-19 00:28:53.434748064+00:00
2026-03-19 00:28:53.438255025+00:00,648,placed,bid,2201.6,0.0745581034473136,2026-03-19 00:28:53.688255025+00:00,173.71699999999998,2026-03-19 00:28:53.438255025+00:00,pending_new,,,
2026-03-19 00:28:53.592808298+00:00,648,cancel_requested,bid,2201.6,0.0745581034473136,2026-03-19 00:28:53.688255025+00:00,173.71699999999998,2026-03-19 00:28:53.438255025+00:00,pending_cancel,pressure_stop_bid,2026-03-19 00:28:53.592808298+00:00,2026-03-19 00:28:53.842808298+00:00
2026-03-19 00:28:53.592808298+00:00,647,cancel_requested,ask,2203.4,0.12544189655268642,2026-03-19 00:28:53.636740557+00:00,184.65699999999998,2026-03-19 00:28:53.386740557+00:00,pending_cancel,refresh_reprice,2026-03-19 00:28:53.592808298+00:00,2026-03-19 00:28:53.842808298+00:00
2026-03-19 00:28:53.842808298+00:00,648,cancelled,bid,2201.6,0.0745581034473136,2026-03-19 00:28:53.688255025+00:00,173.71699999999998,2026-03-19 00:28:53.438255025+00:00,cancelled,pressure_stop_bid,2026-03-19 00:28:53.592808298+00:00,2026-03-19 00:28:53.842808298+00:00
2026-03-19 00:28:53.842808298+00:00,647,cancelled,ask,2203.4,0.12544189655268642,2026-03-19 00:28:53.636740557+00:00,184.65699999999998,2026-03-19 00:28:53.386740557+00:00,cancelled,refresh_reprice,2026-03-19 00:28:53.592808298+00:00,2026-03-19 00:28:53.842808298+00:00
2026-03-19 00:28:53.863092637+00:00,649,placed,ask,2203.1,0.12544189655268642,2026-03-19 00:28:54.113092637+00:00,217.65399999999997,2026-03-19 00:28:53.863092637+00:00,pending_new,,,
2026-03-19 00:28:54.447830697+00:00,649,cancel_requested,ask,2203.1,0.12544189655268642,2026-03-19 00:28:54.113092637+00:00,217.65399999999997,2026-03-19 00:28:53.863092637+00:00,pending_cancel,pressure_stop_ask,2026-03-19 00:28:54.447830697+00:00,2026-03-19 00:28:54.697830697+00:00
2026-03-19 00:28:54.447830697+00:00,650,placed,bid,2201.7,0.0745581034473136,2026-03-19 00:28:54.697830697+00:00,162.751,2026-03-19 00:28:54.447830697+00:00,pending_new,,,
2026-03-19 00:28:54.697830697+00:00,649,cancelled,ask,2203.1,0.12544189655268642,2026-03-19 00:28:54.113092637+00:00,217.65399999999997,2026-03-19 00:28:53.863092637+00:00,cancelled,pressure_stop_ask,2026-03-19 00:28:54.447830697+00:00,2026-03-19 00:28:54.697830697+00:00
2026-03-19 00:28:57.557082833+00:00,650,cancel_requested,bid,2201.7,0.0745581034473136,2026-03-19 00:28:54.697830697+00:00,162.751,2026-03-19 00:28:54.447830697+00:00,pending_cancel,refresh_reprice,2026-03-19 00:28:57.557082833+00:00,2026-03-19 00:28:57.807082833+00:00
2026-03-19 00:28:57.557082833+00:00,651,placed,ask,2203.2,0.1250517160708102,2026-03-19 00:28:57.807082833+00:00,72.148,2026-03-19 00:28:57.557082833+00:00,pending_new,,,
2026-03-19 00:28:57.673007148+00:00,651,cancel_requested,ask,2203.2,0.1250517160708102,2026-03-19 00:28:57.807082833+00:00,72.148,2026-03-19 00:28:57.557082833+00:00,pending_cancel,refresh_reprice,2026-03-19 00:28:57.673007148+00:00,2026-03-19 00:28:57.923007148+00:00
2026-03-19 00:28:57.807082833+00:00,650,cancelled,bid,2201.7,0.0745581034473136,2026-03-19 00:28:54.697830697+00:00,162.751,2026-03-19 00:28:54.447830697+00:00,cancelled,refresh_reprice,2026-03-19 00:28:57.557082833+00:00,2026-03-19 00:28:57.807082833+00:00
2026-03-19 00:28:57.865783898+00:00,652,placed,bid,2202.3,0.07494828392918981,2026-03-19 00:28:58.115783898+00:00,132.44899999999998,2026-03-19 00:28:57.865783898+00:00,pending_new,,,
2026-03-19 00:28:57.923007148+00:00,651,cancelled,ask,2203.2,0.1250517160708102,2026-03-19 00:28:57.807082833+00:00,72.148,2026-03-19 00:28:57.557082833+00:00,cancelled,refresh_reprice,2026-03-19 00:28:57.673007148+00:00,2026-03-19 00:28:57.923007148+00:00
2026-03-19 00:28:58.027576256+00:00,652,cancel_requested,bid,2202.3,0.07494828392918981,2026-03-19 00:28:58.115783898+00:00,132.44899999999998,2026-03-19 00:28:57.865783898+00:00,pending_cancel,pressure_stop_bid,2026-03-19 00:28:58.027576256+00:00,2026-03-19 00:28:58.277576256+00:00
2026-03-19 00:28:58.027576256+00:00,653,placed,ask,2203.1,0.1250517160708102,2026-03-19 00:28:58.277576256+00:00,172.087,2026-03-19 00:28:58.027576256+00:00,pending_new,,,
2026-03-19 00:28:58.277576256+00:00,652,cancelled,bid,2202.3,0.07494828392918981,2026-03-19 00:28:58.115783898+00:00,132.44899999999998,2026-03-19 00:28:57.865783898+00:00,cancelled,pressure_stop_bid,2026-03-19 00:28:58.027576256+00:00,2026-03-19 00:28:58.277576256+00:00
2026-03-19 00:28:58.644393192+00:00,653,cancel_requested,ask,2203.1,0.1250517160708102,2026-03-19 00:28:58.277576256+00:00,172.087,2026-03-19 00:28:58.027576256+00:00,pending_cancel,refresh_reprice,2026-03-19 00:28:58.644393192+00:00,2026-03-19 00:28:58.894393192+00:00
2026-03-19 00:28:58.894393192+00:00,653,cancelled,ask,2203.1,0.1250517160708102,2026-03-19 00:28:58.277576256+00:00,172.087,2026-03-19 00:28:58.027576256+00:00,cancelled,refresh_reprice,2026-03-19 00:28:58.644393192+00:00,2026-03-19 00:28:58.894393192+00:00
2026-03-19 00:28:58.942362595+00:00,654,placed,ask,2203.3,0.1250517160708102,2026-03-19 00:28:59.192362595+00:00,236.941,2026-03-19 00:28:58.942362595+00:00,pending_new,,,
2026-03-19 00:28:59.154527714+00:00,655,placed,bid,2201.5,0.07494828392918981,2026-03-19 00:28:59.404527714+00:00,217.68400000000003,2026-03-19 00:28:59.154527714+00:00,pending_new,,,
2026-03-19 00:28:59.154527714+00:00,654,cancel_requested,ask,2203.3,0.1250517160708102,2026-03-19 00:28:59.192362595+00:00,236.941,2026-03-19 00:28:58.942362595+00:00,pending_cancel,refresh_reprice,2026-03-19 00:28:59.154527714+00:00,2026-03-19 00:28:59.404527714+00:00
2026-03-19 00:28:59.197069110+00:00,655,cancel_requested,bid,2201.5,0.07494828392918981,2026-03-19 00:28:59.404527714+00:00,217.68400000000003,2026-03-19 00:28:59.154527714+00:00,pending_cancel,pressure_stop_bid,2026-03-19 00:28:59.197069110+00:00,2026-03-19 00:28:59.447069110+00:00
2026-03-19 00:28:59.404527714+00:00,654,cancelled,ask,2203.3,0.1250517160708102,2026-03-19 00:28:59.192362595+00:00,236.941,2026-03-19 00:28:58.942362595+00:00,cancelled,refresh_reprice,2026-03-19 00:28:59.154527714+00:00,2026-03-19 00:28:59.404527714+00:00
2026-03-19 00:28:59.435837911+00:00,656,placed,ask,2202.9,0.1250517160708102,2026-03-19 00:28:59.685837911+00:00,270.562,2026-03-19 00:28:59.435837911+00:00,pending_new,,,
2026-03-19 00:28:59.447069110+00:00,655,cancelled,bid,2201.5,0.07494828392918981,2026-03-19 00:28:59.404527714+00:00,217.68400000000003,2026-03-19 00:28:59.154527714+00:00,cancelled,pressure_stop_bid,2026-03-19 00:28:59.197069110+00:00,2026-03-19 00:28:59.447069110+00:00
2026-03-19 00:29:01.745988243+00:00,656,cancel_requested,ask,2202.9,0.1250517160708102,2026-03-19 00:28:59.685837911+00:00,270.562,2026-03-19 00:28:59.435837911+00:00,pending_cancel,pressure_stop_ask,2026-03-19 00:29:01.745988243+00:00,2026-03-19 00:29:01.995988243+00:00
2026-03-19 00:29:01.745988243+00:00,657,placed,bid,2201.1,0.07494828392918981,2026-03-19 00:29:01.995988243+00:00,202.01,2026-03-19 00:29:01.745988243+00:00,pending_new,,,
2026-03-19 00:29:01.995988243+00:00,656,cancelled,ask,2202.9,0.1250517160708102,2026-03-19 00:28:59.685837911+00:00,270.562,2026-03-19 00:28:59.435837911+00:00,cancelled,pressure_stop_ask,2026-03-19 00:29:01.745988243+00:00,2026-03-19 00:29:01.995988243+00:00
2026-03-19 00:29:03.090676954+00:00,657,cancel_requested,bid,2201.1,0.07494828392918981,2026-03-19 00:29:01.995988243+00:00,202.01,2026-03-19 00:29:01.745988243+00:00,pending_cancel,refresh_reprice,2026-03-19 00:29:03.090676954+00:00,2026-03-19 00:29:03.340676954+00:00
2026-03-19 00:29:03.090676954+00:00,658,placed,ask,2202.5,0.1250517160708102,2026-03-19 00:29:03.340676954+00:00,141.779,2026-03-19 00:29:03.090676954+00:00,pending_new,,,
2026-03-19 00:29:03.290233985+00:00,658,cancel_requested,ask,2202.5,0.1250517160708102,2026-03-19 00:29:03.340676954+00:00,141.779,2026-03-19 00:29:03.090676954+00:00,pending_cancel,pressure_stop_ask,2026-03-19 00:29:03.290233985+00:00,2026-03-19 00:29:03.540233985+00:00
2026-03-19 00:29:03.340676954+00:00,657,cancelled,bid,2201.1,0.07494828392918981,2026-03-19 00:29:01.995988243+00:00,202.01,2026-03-19 00:29:01.745988243+00:00,cancelled,refresh_reprice,2026-03-19 00:29:03.090676954+00:00,2026-03-19 00:29:03.340676954+00:00
2026-03-19 00:29:03.383255323+00:00,659,placed,bid,2201.7,0.07494828392918981,2026-03-19 00:29:03.633255323+00:00,140.366,2026-03-19 00:29:03.383255323+00:00,pending_new,,,
2026-03-19 00:29:03.540233985+00:00,658,cancelled,ask,2202.5,0.1250517160708102,2026-03-19 00:29:03.340676954+00:00,141.779,2026-03-19 00:29:03.090676954+00:00,cancelled,pressure_stop_ask,2026-03-19 00:29:03.290233985+00:00,2026-03-19 00:29:03.540233985+00:00
2026-03-19 00:29:03.542140335+00:00,660,placed,ask,2202.7,0.1250517160708102,2026-03-19 00:29:03.792140335+00:00,199.82299999999998,2026-03-19 00:29:03.542140335+00:00,pending_new,,,
2026-03-19 00:29:04.820772981+00:00,660,cancel_requested,ask,2202.7,0.1250517160708102,2026-03-19 00:29:03.792140335+00:00,199.82299999999998,2026-03-19 00:29:03.542140335+00:00,pending_cancel,pressure_stop_ask,2026-03-19 00:29:04.820772981+00:00,2026-03-19 00:29:05.070772981+00:00
2026-03-19 00:29:05.070772981+00:00,660,cancelled,ask,2202.7,0.1250517160708102,2026-03-19 00:29:03.792140335+00:00,199.82299999999998,2026-03-19 00:29:03.542140335+00:00,cancelled,pressure_stop_ask,2026-03-19 00:29:04.820772981+00:00,2026-03-19 00:29:05.070772981+00:00
2026-03-19 00:29:05.076571751+00:00,661,placed,ask,2202.6,0.1250517160708102,2026-03-19 00:29:05.326571751+00:00,128.01,2026-03-19 00:29:05.076571751+00:00,pending_new,,,
2026-03-19 00:29:07.066851978+00:00,661,cancel_requested,ask,2202.6,0.1250517160708102,2026-03-19 00:29:05.326571751+00:00,128.01,2026-03-19 00:29:05.076571751+00:00,pending_cancel,pressure_stop_ask,2026-03-19 00:29:07.066851978+00:00,2026-03-19 00:29:07.316851978+00:00
2026-03-19 00:29:07.316851978+00:00,661,cancelled,ask,2202.6,0.1250517160708102,2026-03-19 00:29:05.326571751+00:00,128.01,2026-03-19 00:29:05.076571751+00:00,cancelled,pressure_stop_ask,2026-03-19 00:29:07.066851978+00:00,2026-03-19 00:29:07.316851978+00:00
2026-03-19 00:29:10.230372347+00:00,659,cancel_requested,bid,2201.7,0.07494828392918981,2026-03-19 00:29:03.633255323+00:00,140.366,2026-03-19 00:29:03.383255323+00:00,pending_cancel,pressure_stop_bid,2026-03-19 00:29:10.230372347+00:00,2026-03-19 00:29:10.480372347+00:00
2026-03-19 00:29:10.230372347+00:00,662,placed,ask,2202.5,0.1250517160708102,2026-03-19 00:29:10.480372347+00:00,118.037,2026-03-19 00:29:10.230372347+00:00,pending_new,,,
2026-03-19 00:29:10.480372347+00:00,659,cancelled,bid,2201.7,0.07494828392918981,2026-03-19 00:29:03.633255323+00:00,140.366,2026-03-19 00:29:03.383255323+00:00,cancelled,pressure_stop_bid,2026-03-19 00:29:10.230372347+00:00,2026-03-19 00:29:10.480372347+00:00
2026-03-19 00:29:12.628774946+00:00,662,cancel_requested,ask,2202.5,0.1250517160708102,2026-03-19 00:29:10.480372347+00:00,118.037,2026-03-19 00:29:10.230372347+00:00,pending_cancel,pressure_stop_ask,2026-03-19 00:29:12.628774946+00:00,2026-03-19 00:29:12.878774946+00:00
2026-03-19 00:29:12.628774946+00:00,663,placed,bid,2201.7,0.07494828392918981,2026-03-19 00:29:12.878774946+00:00,170.09900000000002,2026-03-19 00:29:12.628774946+00:00,pending_new,,,
2026-03-19 00:29:12.878774946+00:00,662,cancelled,ask,2202.5,0.1250517160708102,2026-03-19 00:29:10.480372347+00:00,118.037,2026-03-19 00:29:10.230372347+00:00,cancelled,pressure_stop_ask,2026-03-19 00:29:12.628774946+00:00,2026-03-19 00:29:12.878774946+00:00
2026-03-19 00:29:17.952087666+00:00,663,resized,bid,2201.7,0.07479012448826687,2026-03-19 00:29:12.878774946+00:00,170.09900000000002,,,preserve_queue_priority,,
2026-03-19 00:29:17.952087666+00:00,664,placed,ask,2202.6,0.12520987551173313,2026-03-19 00:29:18.202087666+00:00,139.921,2026-03-19 00:29:17.952087666+00:00,pending_new,,,
2026-03-19 00:29:18.071871654+00:00,664,cancel_requested,ask,2202.6,0.12520987551173313,2026-03-19 00:29:18.202087666+00:00,139.921,2026-03-19 00:29:17.952087666+00:00,pending_cancel,expected_edge_ask,2026-03-19 00:29:18.071871654+00:00,2026-03-19 00:29:18.321871654+00:00
2026-03-19 00:29:18.321871654+00:00,664,cancelled,ask,2202.6,0.12520987551173313,2026-03-19 00:29:18.202087666+00:00,139.921,2026-03-19 00:29:17.952087666+00:00,cancelled,expected_edge_ask,2026-03-19 00:29:18.071871654+00:00,2026-03-19 00:29:18.321871654+00:00
2026-03-19 00:29:18.385806176+00:00,663,cancel_requested,bid,2201.7,0.07479012448826687,2026-03-19 00:29:12.878774946+00:00,170.09900000000002,2026-03-19 00:29:12.628774946+00:00,pending_cancel,refresh_reprice,2026-03-19 00:29:18.385806176+00:00,2026-03-19 00:29:18.635806176+00:00
2026-03-19 00:29:18.635806176+00:00,663,cancelled,bid,2201.7,0.07479012448826687,2026-03-19 00:29:12.878774946+00:00,170.09900000000002,2026-03-19 00:29:12.628774946+00:00,cancelled,refresh_reprice,2026-03-19 00:29:18.385806176+00:00,2026-03-19 00:29:18.635806176+00:00
2026-03-19 00:29:18.735330124+00:00,665,placed,bid,2201.9,0.07479012448826687,2026-03-19 00:29:18.985330124+00:00,187.59100000000004,2026-03-19 00:29:18.735330124+00:00,pending_new,,,
2026-03-19 00:29:20.942351693+00:00,665,cancel_requested,bid,2201.9,0.07479012448826687,2026-03-19 00:29:18.985330124+00:00,187.59100000000004,2026-03-19 00:29:18.735330124+00:00,pending_cancel,refresh_reprice,2026-03-19 00:29:20.942351693+00:00,2026-03-19 00:29:21.192351693+00:00
2026-03-19 00:29:21.192351693+00:00,665,cancelled,bid,2201.9,0.07479012448826687,2026-03-19 00:29:18.985330124+00:00,187.59100000000004,2026-03-19 00:29:18.735330124+00:00,cancelled,refresh_reprice,2026-03-19 00:29:20.942351693+00:00,2026-03-19 00:29:21.192351693+00:00
2026-03-19 00:29:21.252547978+00:00,666,placed,bid,2202.3,0.07479012448826687,2026-03-19 00:29:21.502547978+00:00,156.047,2026-03-19 00:29:21.252547978+00:00,pending_new,,,
2026-03-19 00:29:21.861583543+00:00,666,cancel_requested,bid,2202.3,0.07479012448826687,2026-03-19 00:29:21.502547978+00:00,156.047,2026-03-19 00:29:21.252547978+00:00,pending_cancel,pressure_stop_bid,2026-03-19 00:29:21.861583543+00:00,2026-03-19 00:29:22.111583543+00:00
2026-03-19 00:29:21.861583543+00:00,667,placed,ask,2203.1,0.12520987551173313,2026-03-19 00:29:22.111583543+00:00,136.666,2026-03-19 00:29:21.861583543+00:00,pending_new,,,
2026-03-19 00:29:22.111583543+00:00,666,cancelled,bid,2202.3,0.07479012448826687,2026-03-19 00:29:21.502547978+00:00,156.047,2026-03-19 00:29:21.252547978+00:00,cancelled,pressure_stop_bid,2026-03-19 00:29:21.861583543+00:00,2026-03-19 00:29:22.111583543+00:00
2026-03-19 00:29:27.120050313+00:00,668,placed,bid,2202.3,0.07479012448826687,2026-03-19 00:29:27.370050313+00:00,143.271,2026-03-19 00:29:27.120050313+00:00,pending_new,,,
2026-03-19 00:29:28.397638953+00:00,667,cancel_requested,ask,2203.1,0.12520987551173313,2026-03-19 00:29:22.111583543+00:00,136.666,2026-03-19 00:29:21.861583543+00:00,pending_cancel,expected_edge_ask,2026-03-19 00:29:28.397638953+00:00,2026-03-19 00:29:28.647638953+00:00
2026-03-19 00:29:28.647638953+00:00,667,cancelled,ask,2203.1,0.12520987551173313,2026-03-19 00:29:22.111583543+00:00,136.666,2026-03-19 00:29:21.861583543+00:00,cancelled,expected_edge_ask,2026-03-19 00:29:28.397638953+00:00,2026-03-19 00:29:28.647638953+00:00
2026-03-19 00:29:28.697251647+00:00,669,placed,ask,2203.2,0.12520987551173313,2026-03-19 00:29:28.947251647+00:00,177.214,2026-03-19 00:29:28.697251647+00:00,pending_new,,,
2026-03-19 00:29:28.942572710+00:00,669,cancel_requested,ask,2203.2,0.12520987551173313,2026-03-19 00:29:28.947251647+00:00,177.214,2026-03-19 00:29:28.697251647+00:00,pending_cancel,expected_edge_ask,2026-03-19 00:29:28.942572710+00:00,2026-03-19 00:29:29.192572710+00:00
2026-03-19 00:29:29.192572710+00:00,669,cancelled,ask,2203.2,0.12520987551173313,2026-03-19 00:29:28.947251647+00:00,177.214,2026-03-19 00:29:28.697251647+00:00,cancelled,expected_edge_ask,2026-03-19 00:29:28.942572710+00:00,2026-03-19 00:29:29.192572710+00:00
2026-03-19 00:29:33.909583816+00:00,668,cancel_requested,bid,2202.3,0.07479012448826687,2026-03-19 00:29:27.370050313+00:00,143.271,2026-03-19 00:29:27.120050313+00:00,pending_cancel,refresh_reprice,2026-03-19 00:29:33.909583816+00:00,2026-03-19 00:29:34.159583816+00:00
2026-03-19 00:29:34.159583816+00:00,668,cancelled,bid,2202.3,0.07479012448826687,2026-03-19 00:29:27.370050313+00:00,143.271,2026-03-19 00:29:27.120050313+00:00,cancelled,refresh_reprice,2026-03-19 00:29:33.909583816+00:00,2026-03-19 00:29:34.159583816+00:00
2026-03-19 00:29:34.164474511+00:00,670,placed,bid,2203.0,0.07479012448826687,2026-03-19 00:29:34.414474511+00:00,166.86700000000002,2026-03-19 00:29:34.164474511+00:00,pending_new,,,
2026-03-19 00:29:34.974136375+00:00,670,cancel_requested,bid,2203.0,0.07479012448826687,2026-03-19 00:29:34.414474511+00:00,166.86700000000002,2026-03-19 00:29:34.164474511+00:00,pending_cancel,pressure_stop_bid,2026-03-19 00:29:34.974136375+00:00,2026-03-19 00:29:35.224136375+00:00
2026-03-19 00:29:34.974136375+00:00,671,placed,ask,2204.9,0.12520987551173313,2026-03-19 00:29:35.224136375+00:00,223.392,2026-03-19 00:29:34.974136375+00:00,pending_new,,,
2026-03-19 00:29:35.224136375+00:00,670,cancelled,bid,2203.0,0.07479012448826687,2026-03-19 00:29:34.414474511+00:00,166.86700000000002,2026-03-19 00:29:34.164474511+00:00,cancelled,pressure_stop_bid,2026-03-19 00:29:34.974136375+00:00,2026-03-19 00:29:35.224136375+00:00
2026-03-19 00:29:35.231739183+00:00,671,resized,ask,2204.9,0.12507743823889958,2026-03-19 00:29:35.224136375+00:00,223.392,,,preserve_queue_priority,,
2026-03-19 00:29:37.017773846+00:00,672,placed,bid,2203.6,0.07492256176110042,2026-03-19 00:29:37.267773846+00:00,138.956,2026-03-19 00:29:37.017773846+00:00,pending_new,,,
2026-03-19 00:29:37.017773846+00:00,671,cancel_requested,ask,2204.9,0.12507743823889958,2026-03-19 00:29:35.224136375+00:00,223.392,2026-03-19 00:29:34.974136375+00:00,pending_cancel,refresh_reprice,2026-03-19 00:29:37.017773846+00:00,2026-03-19 00:29:37.267773846+00:00
2026-03-19 00:29:37.223819674+00:00,672,cancel_requested,bid,2203.6,0.07492256176110042,2026-03-19 00:29:37.267773846+00:00,138.956,2026-03-19 00:29:37.017773846+00:00,pending_cancel,pressure_stop_bid,2026-03-19 00:29:37.223819674+00:00,2026-03-19 00:29:37.473819674+00:00
2026-03-19 00:29:37.267773846+00:00,671,cancelled,ask,2204.9,0.12507743823889958,2026-03-19 00:29:35.224136375+00:00,223.392,2026-03-19 00:29:34.974136375+00:00,cancelled,refresh_reprice,2026-03-19 00:29:37.017773846+00:00,2026-03-19 00:29:37.267773846+00:00
2026-03-19 00:29:37.278644789+00:00,673,placed,ask,2204.7,0.12507743823889958,2026-03-19 00:29:37.528644789+00:00,188.493,2026-03-19 00:29:37.278644789+00:00,pending_new,,,
2026-03-19 00:29:37.473819674+00:00,672,cancelled,bid,2203.6,0.07492256176110042,2026-03-19 00:29:37.267773846+00:00,138.956,2026-03-19 00:29:37.017773846+00:00,cancelled,pressure_stop_bid,2026-03-19 00:29:37.223819674+00:00,2026-03-19 00:29:37.473819674+00:00
2026-03-19 00:29:42.484809612+00:00,673,cancel_requested,ask,2204.7,0.12507743823889958,2026-03-19 00:29:37.528644789+00:00,188.493,2026-03-19 00:29:37.278644789+00:00,pending_cancel,refresh_reprice,2026-03-19 00:29:42.484809612+00:00,2026-03-19 00:29:42.734809612+00:00
2026-03-19 00:29:42.734809612+00:00,673,cancelled,ask,2204.7,0.12507743823889958,2026-03-19 00:29:37.528644789+00:00,188.493,2026-03-19 00:29:37.278644789+00:00,cancelled,refresh_reprice,2026-03-19 00:29:42.484809612+00:00,2026-03-19 00:29:42.734809612+00:00
2026-03-19 00:29:42.737179105+00:00,674,placed,ask,2204.3,0.12507743823889958,2026-03-19 00:29:42.987179105+00:00,172.24200000000002,2026-03-19 00:29:42.737179105+00:00,pending_new,,,
2026-03-19 00:29:52.231715205+00:00,675,placed,bid,2203.2,0.07492256176110042,2026-03-19 00:29:52.481715205+00:00,120.422,2026-03-19 00:29:52.231715205+00:00,pending_new,,,
2026-03-19 00:29:52.231715205+00:00,674,cancel_requested,ask,2204.3,0.12507743823889958,2026-03-19 00:29:42.987179105+00:00,172.24200000000002,2026-03-19 00:29:42.737179105+00:00,pending_cancel,refresh_reprice,2026-03-19 00:29:52.231715205+00:00,2026-03-19 00:29:52.481715205+00:00
2026-03-19 00:29:52.286940996+00:00,675,cancel_requested,bid,2203.2,0.07492256176110042,2026-03-19 00:29:52.481715205+00:00,120.422,2026-03-19 00:29:52.231715205+00:00,pending_cancel,pressure_stop_bid,2026-03-19 00:29:52.286940996+00:00,2026-03-19 00:29:52.536940996+00:00
2026-03-19 00:29:52.481715205+00:00,674,cancelled,ask,2204.3,0.12507743823889958,2026-03-19 00:29:42.987179105+00:00,172.24200000000002,2026-03-19 00:29:42.737179105+00:00,cancelled,refresh_reprice,2026-03-19 00:29:52.231715205+00:00,2026-03-19 00:29:52.481715205+00:00
2026-03-19 00:29:52.486821040+00:00,676,placed,ask,2203.8,0.12507743823889958,2026-03-19 00:29:52.736821040+00:00,92.43199999999999,2026-03-19 00:29:52.486821040+00:00,pending_new,,,
2026-03-19 00:29:52.536940996+00:00,675,cancelled,bid,2203.2,0.07492256176110042,2026-03-19 00:29:52.481715205+00:00,120.422,2026-03-19 00:29:52.231715205+00:00,cancelled,pressure_stop_bid,2026-03-19 00:29:52.286940996+00:00,2026-03-19 00:29:52.536940996+00:00
2026-03-19 00:30:01.115504971+00:00,676,cancel_requested,ask,2203.8,0.12507743823889958,2026-03-19 00:29:52.736821040+00:00,92.43199999999999,2026-03-19 00:29:52.486821040+00:00,pending_cancel,refresh_reprice,2026-03-19 00:30:01.115504971+00:00,2026-03-19 00:30:01.365504971+00:00
2026-03-19 00:30:01.365504971+00:00,676,cancelled,ask,2203.8,0.12507743823889958,2026-03-19 00:29:52.736821040+00:00,92.43199999999999,2026-03-19 00:29:52.486821040+00:00,cancelled,refresh_reprice,2026-03-19 00:30:01.115504971+00:00,2026-03-19 00:30:01.365504971+00:00
2026-03-19 00:30:01.418256321+00:00,677,placed,ask,2203.4,0.12529499170498218,2026-03-19 00:30:01.668256321+00:00,215.60699999999997,2026-03-19 00:30:01.418256321+00:00,pending_new,,,
2026-03-19 00:30:02.339470291+00:00,677,cancel_requested,ask,2203.4,0.12529499170498218,2026-03-19 00:30:01.668256321+00:00,215.60699999999997,2026-03-19 00:30:01.418256321+00:00,pending_cancel,expected_edge_ask,2026-03-19 00:30:02.339470291+00:00,2026-03-19 00:30:02.589470291+00:00
2026-03-19 00:30:02.339470291+00:00,678,placed,bid,2202.6,0.07470500829501783,2026-03-19 00:30:02.589470291+00:00,135.234,2026-03-19 00:30:02.339470291+00:00,pending_new,,,
2026-03-19 00:30:02.440356788+00:00,678,cancel_requested,bid,2202.6,0.07470500829501783,2026-03-19 00:30:02.589470291+00:00,135.234,2026-03-19 00:30:02.339470291+00:00,pending_cancel,refresh_reprice,2026-03-19 00:30:02.440356788+00:00,2026-03-19 00:30:02.690356788+00:00
2026-03-19 00:30:02.589470291+00:00,677,cancelled,ask,2203.4,0.12529499170498218,2026-03-19 00:30:01.668256321+00:00,215.60699999999997,2026-03-19 00:30:01.418256321+00:00,cancelled,expected_edge_ask,2026-03-19 00:30:02.339470291+00:00,2026-03-19 00:30:02.589470291+00:00
2026-03-19 00:30:02.633981803+00:00,679,placed,ask,2203.7,0.12529499170498218,2026-03-19 00:30:02.883981803+00:00,41.297000000000004,2026-03-19 00:30:02.633981803+00:00,pending_new,,,
2026-03-19 00:30:02.690356788+00:00,678,cancelled,bid,2202.6,0.07470500829501783,2026-03-19 00:30:02.589470291+00:00,135.234,2026-03-19 00:30:02.339470291+00:00,cancelled,refresh_reprice,2026-03-19 00:30:02.440356788+00:00,2026-03-19 00:30:02.690356788+00:00
2026-03-19 00:30:02.746669855+00:00,680,placed,bid,2202.9,0.07470500829501783,2026-03-19 00:30:02.996669855+00:00,118.56,2026-03-19 00:30:02.746669855+00:00,pending_new,,,
2026-03-19 00:30:02.851489669+00:00,679,cancel_requested,ask,2203.7,0.12529499170498218,2026-03-19 00:30:02.883981803+00:00,41.297000000000004,2026-03-19 00:30:02.633981803+00:00,pending_cancel,expected_edge_ask,2026-03-19 00:30:02.851489669+00:00,2026-03-19 00:30:03.101489669+00:00
2026-03-19 00:30:03.101489669+00:00,679,cancelled,ask,2203.7,0.12529499170498218,2026-03-19 00:30:02.883981803+00:00,41.297000000000004,2026-03-19 00:30:02.633981803+00:00,cancelled,expected_edge_ask,2026-03-19 00:30:02.851489669+00:00,2026-03-19 00:30:03.101489669+00:00
2026-03-19 00:30:06.829685398+00:00,681,placed,ask,2203.9,0.12529499170498218,2026-03-19 00:30:07.079685398+00:00,61.39,2026-03-19 00:30:06.829685398+00:00,pending_new,,,
2026-03-19 00:30:06.879584667+00:00,680,cancel_requested,bid,2202.9,0.07470500829501783,2026-03-19 00:30:02.996669855+00:00,118.56,2026-03-19 00:30:02.746669855+00:00,pending_cancel,pressure_stop_bid,2026-03-19 00:30:06.879584667+00:00,2026-03-19 00:30:07.129584667+00:00
2026-03-19 00:30:07.129584667+00:00,680,cancelled,bid,2202.9,0.07470500829501783,2026-03-19 00:30:02.996669855+00:00,118.56,2026-03-19 00:30:02.746669855+00:00,cancelled,pressure_stop_bid,2026-03-19 00:30:06.879584667+00:00,2026-03-19 00:30:07.129584667+00:00
2026-03-19 00:30:09.228064544+00:00,681,cancel_requested,ask,2203.9,0.12529499170498218,2026-03-19 00:30:07.079685398+00:00,61.39,2026-03-19 00:30:06.829685398+00:00,pending_cancel,expected_edge_ask,2026-03-19 00:30:09.228064544+00:00,2026-03-19 00:30:09.478064544+00:00
2026-03-19 00:30:09.228064544+00:00,682,placed,bid,2203.1,0.07470500829501783,2026-03-19 00:30:09.478064544+00:00,176.764,2026-03-19 00:30:09.228064544+00:00,pending_new,,,
2026-03-19 00:30:09.478064544+00:00,681,cancelled,ask,2203.9,0.12529499170498218,2026-03-19 00:30:07.079685398+00:00,61.39,2026-03-19 00:30:06.829685398+00:00,cancelled,expected_edge_ask,2026-03-19 00:30:09.228064544+00:00,2026-03-19 00:30:09.478064544+00:00
2026-03-19 00:30:13.151994347+00:00,682,cancel_requested,bid,2203.1,0.07470500829501783,2026-03-19 00:30:09.478064544+00:00,176.764,2026-03-19 00:30:09.228064544+00:00,pending_cancel,pressure_stop_bid,2026-03-19 00:30:13.151994347+00:00,2026-03-19 00:30:13.401994347+00:00
2026-03-19 00:30:13.151994347+00:00,683,placed,ask,2203.9,0.12529499170498218,2026-03-19 00:30:13.401994347+00:00,125.086,2026-03-19 00:30:13.151994347+00:00,pending_new,,,
2026-03-19 00:30:13.401994347+00:00,682,cancelled,bid,2203.1,0.07470500829501783,2026-03-19 00:30:09.478064544+00:00,176.764,2026-03-19 00:30:09.228064544+00:00,cancelled,pressure_stop_bid,2026-03-19 00:30:13.151994347+00:00,2026-03-19 00:30:13.401994347+00:00
2026-03-19 00:30:15.144417933+00:00,683,cancel_requested,ask,2203.9,0.12529499170498218,2026-03-19 00:30:13.401994347+00:00,125.086,2026-03-19 00:30:13.151994347+00:00,pending_cancel,expected_edge_ask,2026-03-19 00:30:15.144417933+00:00,2026-03-19 00:30:15.394417933+00:00
2026-03-19 00:30:15.144417933+00:00,684,placed,bid,2203.0,0.07470500829501783,2026-03-19 00:30:15.394417933+00:00,170.558,2026-03-19 00:30:15.144417933+00:00,pending_new,,,
2026-03-19 00:30:15.394417933+00:00,683,cancelled,ask,2203.9,0.12529499170498218,2026-03-19 00:30:13.401994347+00:00,125.086,2026-03-19 00:30:13.151994347+00:00,cancelled,expected_edge_ask,2026-03-19 00:30:15.144417933+00:00,2026-03-19 00:30:15.394417933+00:00
2026-03-19 00:30:19.322574691+00:00,684,cancel_requested,bid,2203.0,0.07470500829501783,2026-03-19 00:30:15.394417933+00:00,170.558,2026-03-19 00:30:15.144417933+00:00,pending_cancel,pressure_stop_bid,2026-03-19 00:30:19.322574691+00:00,2026-03-19 00:30:19.572574691+00:00
2026-03-19 00:30:19.322574691+00:00,685,placed,ask,2203.8,0.12539105552777016,2026-03-19 00:30:19.572574691+00:00,176.922,2026-03-19 00:30:19.322574691+00:00,pending_new,,,
2026-03-19 00:30:19.572574691+00:00,684,cancelled,bid,2203.0,0.07470500829501783,2026-03-19 00:30:15.394417933+00:00,170.558,2026-03-19 00:30:15.144417933+00:00,cancelled,pressure_stop_bid,2026-03-19 00:30:19.322574691+00:00,2026-03-19 00:30:19.572574691+00:00
2026-03-19 00:30:19.687541537+00:00,685,cancel_requested,ask,2203.8,0.12539105552777016,2026-03-19 00:30:19.572574691+00:00,176.922,2026-03-19 00:30:19.322574691+00:00,pending_cancel,refresh_reprice,2026-03-19 00:30:19.687541537+00:00,2026-03-19 00:30:19.937541537+00:00
2026-03-19 00:30:19.738607119+00:00,686,placed,bid,2202.4,0.07460894447222986,2026-03-19 00:30:19.988607119+00:00,112.42999999999999,2026-03-19 00:30:19.738607119+00:00,pending_new,,,
2026-03-19 00:30:19.787019719+00:00,686,cancel_requested,bid,2202.4,0.07460894447222986,2026-03-19 00:30:19.988607119+00:00,112.42999999999999,2026-03-19 00:30:19.738607119+00:00,pending_cancel,pressure_stop_bid,2026-03-19 00:30:19.787019719+00:00,2026-03-19 00:30:20.037019719+00:00
2026-03-19 00:30:19.937541537+00:00,685,cancelled,ask,2203.8,0.12539105552777016,2026-03-19 00:30:19.572574691+00:00,176.922,2026-03-19 00:30:19.322574691+00:00,cancelled,refresh_reprice,2026-03-19 00:30:19.687541537+00:00,2026-03-19 00:30:19.937541537+00:00
2026-03-19 00:30:19.941674581+00:00,687,placed,ask,2203.3,0.12539105552777016,2026-03-19 00:30:20.191674581+00:00,68.191,2026-03-19 00:30:19.941674581+00:00,pending_new,,,
2026-03-19 00:30:20.037019719+00:00,686,cancelled,bid,2202.4,0.07460894447222986,2026-03-19 00:30:19.988607119+00:00,112.42999999999999,2026-03-19 00:30:19.738607119+00:00,cancelled,pressure_stop_bid,2026-03-19 00:30:19.787019719+00:00,2026-03-19 00:30:20.037019719+00:00
2026-03-19 00:30:20.047027069+00:00,688,placed,bid,2202.4,0.07460894447222986,2026-03-19 00:30:20.297027069+00:00,121.42399999999999,2026-03-19 00:30:20.047027069+00:00,pending_new,,,
2026-03-19 00:30:20.346319718+00:00,687,cancel_requested,ask,2203.3,0.12539105552777016,2026-03-19 00:30:20.191674581+00:00,68.191,2026-03-19 00:30:19.941674581+00:00,pending_cancel,expected_edge_ask,2026-03-19 00:30:20.346319718+00:00,2026-03-19 00:30:20.596319718+00:00
2026-03-19 00:30:20.596319718+00:00,687,cancelled,ask,2203.3,0.12539105552777016,2026-03-19 00:30:20.191674581+00:00,68.191,2026-03-19 00:30:19.941674581+00:00,cancelled,expected_edge_ask,2026-03-19 00:30:20.346319718+00:00,2026-03-19 00:30:20.596319718+00:00
2026-03-19 00:30:22.593679982+00:00,688,cancel_requested,bid,2202.4,0.07460894447222986,2026-03-19 00:30:20.297027069+00:00,121.42399999999999,2026-03-19 00:30:20.047027069+00:00,pending_cancel,pressure_stop_bid,2026-03-19 00:30:22.593679982+00:00,2026-03-19 00:30:22.843679982+00:00
2026-03-19 00:30:22.593679982+00:00,689,placed,ask,2203.3,0.12539105552777016,2026-03-19 00:30:22.843679982+00:00,155.276,2026-03-19 00:30:22.593679982+00:00,pending_new,,,
2026-03-19 00:30:22.843679982+00:00,688,cancelled,bid,2202.4,0.07460894447222986,2026-03-19 00:30:20.297027069+00:00,121.42399999999999,2026-03-19 00:30:20.047027069+00:00,cancelled,pressure_stop_bid,2026-03-19 00:30:22.593679982+00:00,2026-03-19 00:30:22.843679982+00:00
2026-03-19 00:30:23.865867868+00:00,689,cancel_requested,ask,2203.3,0.12539105552777016,2026-03-19 00:30:22.843679982+00:00,155.276,2026-03-19 00:30:22.593679982+00:00,pending_cancel,pressure_stop_ask,2026-03-19 00:30:23.865867868+00:00,2026-03-19 00:30:24.115867868+00:00
2026-03-19 00:30:23.865867868+00:00,690,placed,bid,2202.4,0.07460894447222986,2026-03-19 00:30:24.115867868+00:00,147.91899999999998,2026-03-19 00:30:23.865867868+00:00,pending_new,,,
2026-03-19 00:30:24.115867868+00:00,689,cancelled,ask,2203.3,0.12539105552777016,2026-03-19 00:30:22.843679982+00:00,155.276,2026-03-19 00:30:22.593679982+00:00,cancelled,pressure_stop_ask,2026-03-19 00:30:23.865867868+00:00,2026-03-19 00:30:24.115867868+00:00
2026-03-19 00:30:28.763535515+00:00,690,cancel_requested,bid,2202.4,0.07460894447222986,2026-03-19 00:30:24.115867868+00:00,147.91899999999998,2026-03-19 00:30:23.865867868+00:00,pending_cancel,pressure_stop_bid,2026-03-19 00:30:28.763535515+00:00,2026-03-19 00:30:29.013535515+00:00
2026-03-19 00:30:28.763535515+00:00,691,placed,ask,2203.2,0.12539105552777016,2026-03-19 00:30:29.013535515+00:00,127.131,2026-03-19 00:30:28.763535515+00:00,pending_new,,,
2026-03-19 00:30:29.013535515+00:00,690,cancelled,bid,2202.4,0.07460894447222986,2026-03-19 00:30:24.115867868+00:00,147.91899999999998,2026-03-19 00:30:23.865867868+00:00,cancelled,pressure_stop_bid,2026-03-19 00:30:28.763535515+00:00,2026-03-19 00:30:29.013535515+00:00
2026-03-19 00:30:29.029528913+00:00,692,placed,bid,2202.4,0.07460894447222986,2026-03-19 00:30:29.279528913+00:00,149.879,2026-03-19 00:30:29.029528913+00:00,pending_new,,,
2026-03-19 00:30:29.180358198+00:00,691,cancel_requested,ask,2203.2,0.12539105552777016,2026-03-19 00:30:29.013535515+00:00,127.131,2026-03-19 00:30:28.763535515+00:00,pending_cancel,expected_edge_ask,2026-03-19 00:30:29.180358198+00:00,2026-03-19 00:30:29.430358198+00:00
2026-03-19 00:30:29.430358198+00:00,691,cancelled,ask,2203.2,0.12539105552777016,2026-03-19 00:30:29.013535515+00:00,127.131,2026-03-19 00:30:28.763535515+00:00,cancelled,expected_edge_ask,2026-03-19 00:30:29.180358198+00:00,2026-03-19 00:30:29.430358198+00:00
2026-03-19 00:30:31.224263058+00:00,692,cancel_requested,bid,2202.4,0.07460894447222986,2026-03-19 00:30:29.279528913+00:00,149.879,2026-03-19 00:30:29.029528913+00:00,pending_cancel,refresh_reprice,2026-03-19 00:30:31.224263058+00:00,2026-03-19 00:30:31.474263058+00:00
2026-03-19 00:30:31.224263058+00:00,693,placed,ask,2203.5,0.12539105552777016,2026-03-19 00:30:31.474263058+00:00,51.1,2026-03-19 00:30:31.224263058+00:00,pending_new,,,
2026-03-19 00:30:31.275543830+00:00,693,cancel_requested,ask,2203.5,0.12539105552777016,2026-03-19 00:30:31.474263058+00:00,51.1,2026-03-19 00:30:31.224263058+00:00,pending_cancel,expected_edge_ask,2026-03-19 00:30:31.275543830+00:00,2026-03-19 00:30:31.525543830+00:00
2026-03-19 00:30:31.474263058+00:00,692,cancelled,bid,2202.4,0.07460894447222986,2026-03-19 00:30:29.279528913+00:00,149.879,2026-03-19 00:30:29.029528913+00:00,cancelled,refresh_reprice,2026-03-19 00:30:31.224263058+00:00,2026-03-19 00:30:31.474263058+00:00
2026-03-19 00:30:31.513106009+00:00,694,placed,bid,2202.8,0.07460894447222986,2026-03-19 00:30:31.763106009+00:00,223.416,2026-03-19 00:30:31.513106009+00:00,pending_new,,,
2026-03-19 00:30:31.525543830+00:00,693,cancelled,ask,2203.5,0.12539105552777016,2026-03-19 00:30:31.474263058+00:00,51.1,2026-03-19 00:30:31.224263058+00:00,cancelled,expected_edge_ask,2026-03-19 00:30:31.275543830+00:00,2026-03-19 00:30:31.525543830+00:00
2026-03-19 00:30:31.530583449+00:00,695,placed,ask,2203.6,0.12539105552777016,2026-03-19 00:30:31.780583449+00:00,38.04,2026-03-19 00:30:31.530583449+00:00,pending_new,,,
2026-03-19 00:30:31.572193147+00:00,695,cancel_requested,ask,2203.6,0.12539105552777016,2026-03-19 00:30:31.780583449+00:00,38.04,2026-03-19 00:30:31.530583449+00:00,pending_cancel,expected_edge_ask,2026-03-19 00:30:31.572193147+00:00,2026-03-19 00:30:31.822193147+00:00
2026-03-19 00:30:31.822193147+00:00,695,cancelled,ask,2203.6,0.12539105552777016,2026-03-19 00:30:31.780583449+00:00,38.04,2026-03-19 00:30:31.530583449+00:00,cancelled,expected_edge_ask,2026-03-19 00:30:31.572193147+00:00,2026-03-19 00:30:31.822193147+00:00
2026-03-19 00:30:36.937577662+00:00,694,resized,bid,2202.8,0.07460081152779563,2026-03-19 00:30:31.763106009+00:00,223.416,,,preserve_queue_priority,,
2026-03-19 00:30:40.556780296+00:00,694,cancel_requested,bid,2202.8,0.07460081152779563,2026-03-19 00:30:31.763106009+00:00,223.416,2026-03-19 00:30:31.513106009+00:00,pending_cancel,pressure_stop_bid,2026-03-19 00:30:40.556780296+00:00,2026-03-19 00:30:40.806780296+00:00
2026-03-19 00:30:40.806780296+00:00,694,cancelled,bid,2202.8,0.07460081152779563,2026-03-19 00:30:31.763106009+00:00,223.416,2026-03-19 00:30:31.513106009+00:00,cancelled,pressure_stop_bid,2026-03-19 00:30:40.556780296+00:00,2026-03-19 00:30:40.806780296+00:00
2026-03-19 00:30:45.819978493+00:00,696,placed,ask,2203.7,0.12539918847220438,2026-03-19 00:30:46.069978493+00:00,206.724,2026-03-19 00:30:45.819978493+00:00,pending_new,,,
2026-03-19 00:30:51.277555906+00:00,696,cancel_requested,ask,2203.7,0.12539918847220438,2026-03-19 00:30:46.069978493+00:00,206.724,2026-03-19 00:30:45.819978493+00:00,pending_cancel,pressure_stop_ask,2026-03-19 00:30:51.277555906+00:00,2026-03-19 00:30:51.527555906+00:00
2026-03-19 00:30:51.277555906+00:00,697,placed,bid,2203.0,0.07460081152779563,2026-03-19 00:30:51.527555906+00:00,148.00400000000002,2026-03-19 00:30:51.277555906+00:00,pending_new,,,
2026-03-19 00:30:51.527555906+00:00,696,cancelled,ask,2203.7,0.12539918847220438,2026-03-19 00:30:46.069978493+00:00,206.724,2026-03-19 00:30:45.819978493+00:00,cancelled,pressure_stop_ask,2026-03-19 00:30:51.277555906+00:00,2026-03-19 00:30:51.527555906+00:00
2026-03-19 00:30:56.635564041+00:00,698,placed,ask,2203.7,0.1253714018791084,2026-03-19 00:30:56.885564041+00:00,76.89500000000001,2026-03-19 00:30:56.635564041+00:00,pending_new,,,
2026-03-19 00:30:58.427732337+00:00,697,cancel_requested,bid,2203.0,0.07460081152779563,2026-03-19 00:30:51.527555906+00:00,148.00400000000002,2026-03-19 00:30:51.277555906+00:00,pending_cancel,pressure_stop_bid,2026-03-19 00:30:58.427732337+00:00,2026-03-19 00:30:58.677732337+00:00
2026-03-19 00:30:58.478779383+00:00,698,cancel_requested,ask,2203.7,0.1253714018791084,2026-03-19 00:30:56.885564041+00:00,76.89500000000001,2026-03-19 00:30:56.635564041+00:00,pending_cancel,refresh_reprice,2026-03-19 00:30:58.478779383+00:00,2026-03-19 00:30:58.728779383+00:00
2026-03-19 00:30:58.677732337+00:00,697,cancelled,bid,2203.0,0.07460081152779563,2026-03-19 00:30:51.527555906+00:00,148.00400000000002,2026-03-19 00:30:51.277555906+00:00,cancelled,pressure_stop_bid,2026-03-19 00:30:58.427732337+00:00,2026-03-19 00:30:58.677732337+00:00
2026-03-19 00:30:58.728779383+00:00,698,cancelled,ask,2203.7,0.1253714018791084,2026-03-19 00:30:56.885564041+00:00,76.89500000000001,2026-03-19 00:30:56.635564041+00:00,cancelled,refresh_reprice,2026-03-19 00:30:58.478779383+00:00,2026-03-19 00:30:58.728779383+00:00
2026-03-19 00:30:58.730844767+00:00,699,placed,bid,2202.6,0.07462859812089162,2026-03-19 00:30:58.980844767+00:00,99.644,2026-03-19 00:30:58.730844767+00:00,pending_new,,,
2026-03-19 00:30:58.730844767+00:00,700,placed,ask,2203.4,0.1253714018791084,2026-03-19 00:30:58.980844767+00:00,113.399,2026-03-19 00:30:58.730844767+00:00,pending_new,,,
2026-03-19 00:31:00.263039173+00:00,700,cancel_requested,ask,2203.4,0.1253714018791084,2026-03-19 00:30:58.980844767+00:00,113.399,2026-03-19 00:30:58.730844767+00:00,pending_cancel,expected_edge_ask,2026-03-19 00:31:00.263039173+00:00,2026-03-19 00:31:00.513039173+00:00
2026-03-19 00:31:00.513039173+00:00,700,cancelled,ask,2203.4,0.1253714018791084,2026-03-19 00:30:58.980844767+00:00,113.399,2026-03-19 00:30:58.730844767+00:00,cancelled,expected_edge_ask,2026-03-19 00:31:00.263039173+00:00,2026-03-19 00:31:00.513039173+00:00
2026-03-19 00:31:01.131289083+00:00,699,cancel_requested,bid,2202.6,0.07462859812089162,2026-03-19 00:30:58.980844767+00:00,99.644,2026-03-19 00:30:58.730844767+00:00,pending_cancel,pressure_stop_bid,2026-03-19 00:31:01.131289083+00:00,2026-03-19 00:31:01.381289083+00:00
2026-03-19 00:31:01.131289083+00:00,701,placed,ask,2203.4,0.1253714018791084,2026-03-19 00:31:01.381289083+00:00,88.151,2026-03-19 00:31:01.131289083+00:00,pending_new,,,
2026-03-19 00:31:01.381289083+00:00,699,cancelled,bid,2202.6,0.07462859812089162,2026-03-19 00:30:58.980844767+00:00,99.644,2026-03-19 00:30:58.730844767+00:00,cancelled,pressure_stop_bid,2026-03-19 00:31:01.131289083+00:00,2026-03-19 00:31:01.381289083+00:00
2026-03-19 00:31:03.784975068+00:00,701,cancel_requested,ask,2203.4,0.1253714018791084,2026-03-19 00:31:01.381289083+00:00,88.151,2026-03-19 00:31:01.131289083+00:00,pending_cancel,refresh_reprice,2026-03-19 00:31:03.784975068+00:00,2026-03-19 00:31:04.034975068+00:00
2026-03-19 00:31:04.034975068+00:00,701,cancelled,ask,2203.4,0.1253714018791084,2026-03-19 00:31:01.381289083+00:00,88.151,2026-03-19 00:31:01.131289083+00:00,cancelled,refresh_reprice,2026-03-19 00:31:03.784975068+00:00,2026-03-19 00:31:04.034975068+00:00
2026-03-19 00:31:04.128928227+00:00,702,placed,ask,2203.2,0.1253714018791084,2026-03-19 00:31:04.378928227+00:00,136.422,2026-03-19 00:31:04.128928227+00:00,pending_new,,,
2026-03-19 00:31:05.621004377+00:00,703,placed,bid,2202.3,0.07462859812089162,2026-03-19 00:31:05.871004377+00:00,129.78,2026-03-19 00:31:05.621004377+00:00,pending_new,,,
2026-03-19 00:31:05.977775885+00:00,703,cancel_requested,bid,2202.3,0.07462859812089162,2026-03-19 00:31:05.871004377+00:00,129.78,2026-03-19 00:31:05.621004377+00:00,pending_cancel,pressure_stop_bid,2026-03-19 00:31:05.977775885+00:00,2026-03-19 00:31:06.227775885+00:00
2026-03-19 00:31:06.227775885+00:00,703,cancelled,bid,2202.3,0.07462859812089162,2026-03-19 00:31:05.871004377+00:00,129.78,2026-03-19 00:31:05.621004377+00:00,cancelled,pressure_stop_bid,2026-03-19 00:31:05.977775885+00:00,2026-03-19 00:31:06.227775885+00:00
2026-03-19 00:31:06.387791108+00:00,702,cancel_requested,ask,2203.2,0.1253714018791084,2026-03-19 00:31:04.378928227+00:00,136.422,2026-03-19 00:31:04.128928227+00:00,pending_cancel,refresh_reprice,2026-03-19 00:31:06.387791108+00:00,2026-03-19 00:31:06.637791108+00:00
2026-03-19 00:31:06.637791108+00:00,702,cancelled,ask,2203.2,0.1253714018791084,2026-03-19 00:31:04.378928227+00:00,136.422,2026-03-19 00:31:04.128928227+00:00,cancelled,refresh_reprice,2026-03-19 00:31:06.387791108+00:00,2026-03-19 00:31:06.637791108+00:00
2026-03-19 00:31:06.661139881+00:00,704,placed,ask,2202.9,0.1253714018791084,2026-03-19 00:31:06.911139881+00:00,84.34299999999999,2026-03-19 00:31:06.661139881+00:00,pending_new,,,
2026-03-19 00:31:08.325475848+00:00,704,cancel_requested,ask,2202.9,0.1253714018791084,2026-03-19 00:31:06.911139881+00:00,84.34299999999999,2026-03-19 00:31:06.661139881+00:00,pending_cancel,expected_edge_ask,2026-03-19 00:31:08.325475848+00:00,2026-03-19 00:31:08.575475848+00:00
2026-03-19 00:31:08.325475848+00:00,705,placed,bid,2202.2,0.07462859812089162,2026-03-19 00:31:08.575475848+00:00,118.887,2026-03-19 00:31:08.325475848+00:00,pending_new,,,
2026-03-19 00:31:08.575475848+00:00,704,cancelled,ask,2202.9,0.1253714018791084,2026-03-19 00:31:06.911139881+00:00,84.34299999999999,2026-03-19 00:31:06.661139881+00:00,cancelled,expected_edge_ask,2026-03-19 00:31:08.325475848+00:00,2026-03-19 00:31:08.575475848+00:00
2026-03-19 00:31:16.989814620+00:00,705,cancel_requested,bid,2202.2,0.07462859812089162,2026-03-19 00:31:08.575475848+00:00,118.887,2026-03-19 00:31:08.325475848+00:00,pending_cancel,pressure_stop_bid,2026-03-19 00:31:16.989814620+00:00,2026-03-19 00:31:17.239814620+00:00
2026-03-19 00:31:16.989814620+00:00,706,placed,ask,2202.9,0.1254776948357499,2026-03-19 00:31:17.239814620+00:00,104.135,2026-03-19 00:31:16.989814620+00:00,pending_new,,,
2026-03-19 00:31:17.239814620+00:00,705,cancelled,bid,2202.2,0.07462859812089162,2026-03-19 00:31:08.575475848+00:00,118.887,2026-03-19 00:31:08.325475848+00:00,cancelled,pressure_stop_bid,2026-03-19 00:31:16.989814620+00:00,2026-03-19 00:31:17.239814620+00:00
2026-03-19 00:31:19.696831332+00:00,706,cancel_requested,ask,2202.9,0.1254776948357499,2026-03-19 00:31:17.239814620+00:00,104.135,2026-03-19 00:31:16.989814620+00:00,pending_cancel,expected_edge_ask,2026-03-19 00:31:19.696831332+00:00,2026-03-19 00:31:19.946831332+00:00
2026-03-19 00:31:19.946831332+00:00,706,cancelled,ask,2202.9,0.1254776948357499,2026-03-19 00:31:17.239814620+00:00,104.135,2026-03-19 00:31:16.989814620+00:00,cancelled,expected_edge_ask,2026-03-19 00:31:19.696831332+00:00,2026-03-19 00:31:19.946831332+00:00
2026-03-19 00:31:30.032219626+00:00,707,placed,bid,2201.7,0.07452230516425011,2026-03-19 00:31:30.282219626+00:00,134.142,2026-03-19 00:31:30.032219626+00:00,pending_new,,,
2026-03-19 00:31:37.025719242+00:00,707,cancel_requested,bid,2201.7,0.07452230516425011,2026-03-19 00:31:30.282219626+00:00,134.142,2026-03-19 00:31:30.032219626+00:00,pending_cancel,refresh_reprice,2026-03-19 00:31:37.025719242+00:00,2026-03-19 00:31:37.275719242+00:00
2026-03-19 00:31:37.275719242+00:00,707,cancelled,bid,2201.7,0.07452230516425011,2026-03-19 00:31:30.282219626+00:00,134.142,2026-03-19 00:31:30.032219626+00:00,cancelled,refresh_reprice,2026-03-19 00:31:37.025719242+00:00,2026-03-19 00:31:37.275719242+00:00
2026-03-19 00:31:37.278471046+00:00,708,placed,bid,2201.8,0.07449049136641582,2026-03-19 00:31:37.528471046+00:00,121.133,2026-03-19 00:31:37.278471046+00:00,pending_new,,,
2026-03-19 00:31:37.278471046+00:00,709,placed,ask,2202.5,0.1255095086335842,2026-03-19 00:31:37.528471046+00:00,52.843999999999994,2026-03-19 00:31:37.278471046+00:00,pending_new,,,
2026-03-19 00:31:37.426997705+00:00,708,cancel_requested,bid,2201.8,0.07449049136641582,2026-03-19 00:31:37.528471046+00:00,121.133,2026-03-19 00:31:37.278471046+00:00,pending_cancel,pressure_stop_bid,2026-03-19 00:31:37.426997705+00:00,2026-03-19 00:31:37.676997705+00:00
2026-03-19 00:31:37.426997705+00:00,709,cancel_requested,ask,2202.5,0.1255095086335842,2026-03-19 00:31:37.528471046+00:00,52.843999999999994,2026-03-19 00:31:37.278471046+00:00,pending_cancel,expected_edge_ask,2026-03-19 00:31:37.426997705+00:00,2026-03-19 00:31:37.676997705+00:00
2026-03-19 00:31:37.676997705+00:00,708,cancelled,bid,2201.8,0.07449049136641582,2026-03-19 00:31:37.528471046+00:00,121.133,2026-03-19 00:31:37.278471046+00:00,cancelled,pressure_stop_bid,2026-03-19 00:31:37.426997705+00:00,2026-03-19 00:31:37.676997705+00:00
2026-03-19 00:31:37.676997705+00:00,709,cancelled,ask,2202.5,0.1255095086335842,2026-03-19 00:31:37.528471046+00:00,52.843999999999994,2026-03-19 00:31:37.278471046+00:00,cancelled,expected_edge_ask,2026-03-19 00:31:37.426997705+00:00,2026-03-19 00:31:37.676997705+00:00
2026-03-19 00:31:42.735282895+00:00,710,placed,bid,2201.3,0.07449049136641582,2026-03-19 00:31:42.985282895+00:00,51.589000000000006,2026-03-19 00:31:42.735282895+00:00,pending_new,,,
2026-03-19 00:31:42.945706069+00:00,710,cancel_requested,bid,2201.3,0.07449049136641582,2026-03-19 00:31:42.985282895+00:00,51.589000000000006,2026-03-19 00:31:42.735282895+00:00,pending_cancel,pressure_stop_bid,2026-03-19 00:31:42.945706069+00:00,2026-03-19 00:31:43.195706069+00:00
2026-03-19 00:31:42.945706069+00:00,711,placed,ask,2201.8,0.1255095086335842,2026-03-19 00:31:43.195706069+00:00,54.765,2026-03-19 00:31:42.945706069+00:00,pending_new,,,
2026-03-19 00:31:43.195706069+00:00,710,cancelled,bid,2201.3,0.07449049136641582,2026-03-19 00:31:42.985282895+00:00,51.589000000000006,2026-03-19 00:31:42.735282895+00:00,cancelled,pressure_stop_bid,2026-03-19 00:31:42.945706069+00:00,2026-03-19 00:31:43.195706069+00:00
2026-03-19 00:31:43.598395880+00:00,711,cancel_requested,ask,2201.8,0.1255095086335842,2026-03-19 00:31:43.195706069+00:00,54.765,2026-03-19 00:31:42.945706069+00:00,pending_cancel,expected_edge_ask,2026-03-19 00:31:43.598395880+00:00,2026-03-19 00:31:43.848395880+00:00
2026-03-19 00:31:43.848395880+00:00,711,cancelled,ask,2201.8,0.1255095086335842,2026-03-19 00:31:43.195706069+00:00,54.765,2026-03-19 00:31:42.945706069+00:00,cancelled,expected_edge_ask,2026-03-19 00:31:43.598395880+00:00,2026-03-19 00:31:43.848395880+00:00
2026-03-19 00:31:43.917084695+00:00,712,placed,bid,2201.2,0.07449049136641582,2026-03-19 00:31:44.167084695+00:00,111.28099999999999,2026-03-19 00:31:43.917084695+00:00,pending_new,,,
2026-03-19 00:31:43.968726454+00:00,712,cancel_requested,bid,2201.2,0.07449049136641582,2026-03-19 00:31:44.167084695+00:00,111.28099999999999,2026-03-19 00:31:43.917084695+00:00,pending_cancel,pressure_stop_bid,2026-03-19 00:31:43.968726454+00:00,2026-03-19 00:31:44.218726454+00:00
2026-03-19 00:31:44.218726454+00:00,712,cancelled,bid,2201.2,0.07449049136641582,2026-03-19 00:31:44.167084695+00:00,111.28099999999999,2026-03-19 00:31:43.917084695+00:00,cancelled,pressure_stop_bid,2026-03-19 00:31:43.968726454+00:00,2026-03-19 00:31:44.218726454+00:00
2026-03-19 00:31:44.220039377+00:00,713,placed,bid,2201.3,0.07449049136641582,2026-03-19 00:31:44.470039377+00:00,67.39,2026-03-19 00:31:44.220039377+00:00,pending_new,,,
2026-03-19 00:31:45.444266682+00:00,713,cancel_requested,bid,2201.3,0.07449049136641582,2026-03-19 00:31:44.470039377+00:00,67.39,2026-03-19 00:31:44.220039377+00:00,pending_cancel,pressure_stop_bid,2026-03-19 00:31:45.444266682+00:00,2026-03-19 00:31:45.694266682+00:00
2026-03-19 00:31:45.694266682+00:00,713,cancelled,bid,2201.3,0.07449049136641582,2026-03-19 00:31:44.470039377+00:00,67.39,2026-03-19 00:31:44.220039377+00:00,cancelled,pressure_stop_bid,2026-03-19 00:31:45.444266682+00:00,2026-03-19 00:31:45.694266682+00:00
2026-03-19 00:31:45.785187590+00:00,714,placed,ask,2201.8,0.1255095086335842,2026-03-19 00:31:46.035187590+00:00,86.58,2026-03-19 00:31:45.785187590+00:00,pending_new,,,
2026-03-19 00:31:46.163446790+00:00,714,cancel_requested,ask,2201.8,0.1255095086335842,2026-03-19 00:31:46.035187590+00:00,86.58,2026-03-19 00:31:45.785187590+00:00,pending_cancel,refresh_reprice,2026-03-19 00:31:46.163446790+00:00,2026-03-19 00:31:46.413446790+00:00
2026-03-19 00:31:46.413446790+00:00,714,cancelled,ask,2201.8,0.1255095086335842,2026-03-19 00:31:46.035187590+00:00,86.58,2026-03-19 00:31:45.785187590+00:00,cancelled,refresh_reprice,2026-03-19 00:31:46.163446790+00:00,2026-03-19 00:31:46.413446790+00:00
2026-03-19 00:31:46.465916540+00:00,715,placed,ask,2201.5,0.1255095086335842,2026-03-19 00:31:46.715916540+00:00,56.881,2026-03-19 00:31:46.465916540+00:00,pending_new,,,
2026-03-19 00:31:47.082393854+00:00,715,cancel_requested,ask,2201.5,0.1255095086335842,2026-03-19 00:31:46.715916540+00:00,56.881,2026-03-19 00:31:46.465916540+00:00,pending_cancel,expected_edge_ask,2026-03-19 00:31:47.082393854+00:00,2026-03-19 00:31:47.332393854+00:00
2026-03-19 00:31:47.082393854+00:00,716,placed,bid,2200.8,0.07449049136641582,2026-03-19 00:31:47.332393854+00:00,23.878,2026-03-19 00:31:47.082393854+00:00,pending_new,,,
2026-03-19 00:31:47.130704617+00:00,716,cancel_requested,bid,2200.8,0.07449049136641582,2026-03-19 00:31:47.332393854+00:00,23.878,2026-03-19 00:31:47.082393854+00:00,pending_cancel,pressure_stop_bid,2026-03-19 00:31:47.130704617+00:00,2026-03-19 00:31:47.380704617+00:00
2026-03-19 00:31:47.332393854+00:00,715,cancelled,ask,2201.5,0.1255095086335842,2026-03-19 00:31:46.715916540+00:00,56.881,2026-03-19 00:31:46.465916540+00:00,cancelled,expected_edge_ask,2026-03-19 00:31:47.082393854+00:00,2026-03-19 00:31:47.332393854+00:00
2026-03-19 00:31:47.380704617+00:00,716,cancelled,bid,2200.8,0.07449049136641582,2026-03-19 00:31:47.332393854+00:00,23.878,2026-03-19 00:31:47.082393854+00:00,cancelled,pressure_stop_bid,2026-03-19 00:31:47.130704617+00:00,2026-03-19 00:31:47.380704617+00:00
2026-03-19 00:31:52.481953281+00:00,717,placed,ask,2200.3,0.1255095086335842,2026-03-19 00:31:52.731953281+00:00,70.858,2026-03-19 00:31:52.481953281+00:00,pending_new,,,
2026-03-19 00:31:52.847602084+00:00,717,cancel_requested,ask,2200.3,0.1255095086335842,2026-03-19 00:31:52.731953281+00:00,70.858,2026-03-19 00:31:52.481953281+00:00,pending_cancel,expected_edge_ask,2026-03-19 00:31:52.847602084+00:00,2026-03-19 00:31:53.097602084+00:00
2026-03-19 00:31:52.847602084+00:00,718,placed,bid,2199.7,0.07449049136641582,2026-03-19 00:31:53.097602084+00:00,138.791,2026-03-19 00:31:52.847602084+00:00,pending_new,,,
2026-03-19 00:31:53.097602084+00:00,717,cancelled,ask,2200.3,0.1255095086335842,2026-03-19 00:31:52.731953281+00:00,70.858,2026-03-19 00:31:52.481953281+00:00,cancelled,expected_edge_ask,2026-03-19 00:31:52.847602084+00:00,2026-03-19 00:31:53.097602084+00:00
2026-03-19 00:31:55.554464591+00:00,718,cancel_requested,bid,2199.7,0.07449049136641582,2026-03-19 00:31:53.097602084+00:00,138.791,2026-03-19 00:31:52.847602084+00:00,pending_cancel,refresh_reprice,2026-03-19 00:31:55.554464591+00:00,2026-03-19 00:31:55.804464591+00:00
2026-03-19 00:31:55.804464591+00:00,718,cancelled,bid,2199.7,0.07449049136641582,2026-03-19 00:31:53.097602084+00:00,138.791,2026-03-19 00:31:52.847602084+00:00,cancelled,refresh_reprice,2026-03-19 00:31:55.554464591+00:00,2026-03-19 00:31:55.804464591+00:00
2026-03-19 00:31:55.838034353+00:00,719,placed,bid,2199.9,0.07449049136641582,2026-03-19 00:31:56.088034353+00:00,127.94800000000001,2026-03-19 00:31:55.838034353+00:00,pending_new,,,
2026-03-19 00:31:57.787249533+00:00,719,cancel_requested,bid,2199.9,0.07449049136641582,2026-03-19 00:31:56.088034353+00:00,127.94800000000001,2026-03-19 00:31:55.838034353+00:00,pending_cancel,refresh_reprice,2026-03-19 00:31:57.787249533+00:00,2026-03-19 00:31:58.037249533+00:00
2026-03-19 00:31:58.037249533+00:00,719,cancelled,bid,2199.9,0.07449049136641582,2026-03-19 00:31:56.088034353+00:00,127.94800000000001,2026-03-19 00:31:55.838034353+00:00,cancelled,refresh_reprice,2026-03-19 00:31:57.787249533+00:00,2026-03-19 00:31:58.037249533+00:00
2026-03-19 00:31:58.106306220+00:00,720,placed,bid,2200.4,0.07411678304040213,2026-03-19 00:31:58.356306220+00:00,128.55100000000002,2026-03-19 00:31:58.106306220+00:00,pending_new,,,
2026-03-19 00:32:02.183029225+00:00,720,cancel_requested,bid,2200.4,0.07411678304040213,2026-03-19 00:31:58.356306220+00:00,128.55100000000002,2026-03-19 00:31:58.106306220+00:00,pending_cancel,pressure_stop_bid,2026-03-19 00:32:02.183029225+00:00,2026-03-19 00:32:02.433029225+00:00
2026-03-19 00:32:02.183029225+00:00,721,placed,ask,2201.0,0.1258832169595979,2026-03-19 00:32:02.433029225+00:00,73.50399999999999,2026-03-19 00:32:02.183029225+00:00,pending_new,,,
2026-03-19 00:32:02.433029225+00:00,720,cancelled,bid,2200.4,0.07411678304040213,2026-03-19 00:31:58.356306220+00:00,128.55100000000002,2026-03-19 00:31:58.106306220+00:00,cancelled,pressure_stop_bid,2026-03-19 00:32:02.183029225+00:00,2026-03-19 00:32:02.433029225+00:00
2026-03-19 00:32:03.162543217+00:00,721,cancel_requested,ask,2201.0,0.1258832169595979,2026-03-19 00:32:02.433029225+00:00,73.50399999999999,2026-03-19 00:32:02.183029225+00:00,pending_cancel,refresh_reprice,2026-03-19 00:32:03.162543217+00:00,2026-03-19 00:32:03.412543217+00:00
2026-03-19 00:32:03.412543217+00:00,721,cancelled,ask,2201.0,0.1258832169595979,2026-03-19 00:32:02.433029225+00:00,73.50399999999999,2026-03-19 00:32:02.183029225+00:00,cancelled,refresh_reprice,2026-03-19 00:32:03.162543217+00:00,2026-03-19 00:32:03.412543217+00:00
2026-03-19 00:32:03.467346947+00:00,722,placed,ask,2200.6,0.1258832169595979,2026-03-19 00:32:03.717346947+00:00,56.977000000000004,2026-03-19 00:32:03.467346947+00:00,pending_new,,,
2026-03-19 00:32:05.918308129+00:00,722,cancel_requested,ask,2200.6,0.1258832169595979,2026-03-19 00:32:03.717346947+00:00,56.977000000000004,2026-03-19 00:32:03.467346947+00:00,pending_cancel,expected_edge_ask,2026-03-19 00:32:05.918308129+00:00,2026-03-19 00:32:06.168308129+00:00
2026-03-19 00:32:05.918308129+00:00,723,placed,bid,2199.8,0.07411678304040213,2026-03-19 00:32:06.168308129+00:00,128.885,2026-03-19 00:32:05.918308129+00:00,pending_new,,,
2026-03-19 00:32:06.168308129+00:00,722,cancelled,ask,2200.6,0.1258832169595979,2026-03-19 00:32:03.717346947+00:00,56.977000000000004,2026-03-19 00:32:03.467346947+00:00,cancelled,expected_edge_ask,2026-03-19 00:32:05.918308129+00:00,2026-03-19 00:32:06.168308129+00:00
2026-03-19 00:32:08.056572584+00:00,723,cancel_requested,bid,2199.8,0.07411678304040213,2026-03-19 00:32:06.168308129+00:00,128.885,2026-03-19 00:32:05.918308129+00:00,pending_cancel,refresh_reprice,2026-03-19 00:32:08.056572584+00:00,2026-03-19 00:32:08.306572584+00:00
2026-03-19 00:32:08.306572584+00:00,723,cancelled,bid,2199.8,0.07411678304040213,2026-03-19 00:32:06.168308129+00:00,128.885,2026-03-19 00:32:05.918308129+00:00,cancelled,refresh_reprice,2026-03-19 00:32:08.056572584+00:00,2026-03-19 00:32:08.306572584+00:00
2026-03-19 00:32:08.335555125+00:00,724,placed,bid,2200.1,0.07411678304040213,2026-03-19 00:32:08.585555125+00:00,127.13999999999999,2026-03-19 00:32:08.335555125+00:00,pending_new,,,
2026-03-19 00:32:14.287255252+00:00,724,cancel_requested,bid,2200.1,0.07411678304040213,2026-03-19 00:32:08.585555125+00:00,127.13999999999999,2026-03-19 00:32:08.335555125+00:00,pending_cancel,refresh_reprice,2026-03-19 00:32:14.287255252+00:00,2026-03-19 00:32:14.537255252+00:00
2026-03-19 00:32:14.537255252+00:00,724,cancelled,bid,2200.1,0.07411678304040213,2026-03-19 00:32:08.585555125+00:00,127.13999999999999,2026-03-19 00:32:08.335555125+00:00,cancelled,refresh_reprice,2026-03-19 00:32:14.287255252+00:00,2026-03-19 00:32:14.537255252+00:00
2026-03-19 00:32:14.549317132+00:00,725,placed,bid,2200.4,0.07411678304040213,2026-03-19 00:32:14.799317132+00:00,123.38699999999999,2026-03-19 00:32:14.549317132+00:00,pending_new,,,
2026-03-19 00:32:22.096832237+00:00,725,cancel_requested,bid,2200.4,0.07411678304040213,2026-03-19 00:32:14.799317132+00:00,123.38699999999999,2026-03-19 00:32:14.549317132+00:00,pending_cancel,pressure_stop_bid,2026-03-19 00:32:22.096832237+00:00,2026-03-19 00:32:22.346832237+00:00
2026-03-19 00:32:22.096832237+00:00,726,placed,ask,2201.2,0.12578586592592694,2026-03-19 00:32:22.346832237+00:00,88.21300000000001,2026-03-19 00:32:22.096832237+00:00,pending_new,,,
2026-03-19 00:32:22.300393345+00:00,726,cancel_requested,ask,2201.2,0.12578586592592694,2026-03-19 00:32:22.346832237+00:00,88.21300000000001,2026-03-19 00:32:22.096832237+00:00,pending_cancel,refresh_reprice,2026-03-19 00:32:22.300393345+00:00,2026-03-19 00:32:22.550393345+00:00
2026-03-19 00:32:22.346832237+00:00,725,cancelled,bid,2200.4,0.07411678304040213,2026-03-19 00:32:14.799317132+00:00,123.38699999999999,2026-03-19 00:32:14.549317132+00:00,cancelled,pressure_stop_bid,2026-03-19 00:32:22.096832237+00:00,2026-03-19 00:32:22.346832237+00:00
2026-03-19 00:32:22.550393345+00:00,726,cancelled,ask,2201.2,0.12578586592592694,2026-03-19 00:32:22.346832237+00:00,88.21300000000001,2026-03-19 00:32:22.096832237+00:00,cancelled,refresh_reprice,2026-03-19 00:32:22.300393345+00:00,2026-03-19 00:32:22.550393345+00:00
2026-03-19 00:32:22.604885842+00:00,727,placed,ask,2200.8,0.12578586592592694,2026-03-19 00:32:22.854885842+00:00,73.266,2026-03-19 00:32:22.604885842+00:00,pending_new,,,
2026-03-19 00:32:22.758453737+00:00,728,placed,bid,2199.4,0.07421413407407307,2026-03-19 00:32:23.008453737+00:00,158.82999999999998,2026-03-19 00:32:22.758453737+00:00,pending_new,,,
2026-03-19 00:32:24.050668392+00:00,728,cancel_requested,bid,2199.4,0.07421413407407307,2026-03-19 00:32:23.008453737+00:00,158.82999999999998,2026-03-19 00:32:22.758453737+00:00,pending_cancel,pressure_stop_bid,2026-03-19 00:32:24.050668392+00:00,2026-03-19 00:32:24.300668392+00:00
2026-03-19 00:32:24.300668392+00:00,728,cancelled,bid,2199.4,0.07421413407407307,2026-03-19 00:32:23.008453737+00:00,158.82999999999998,2026-03-19 00:32:22.758453737+00:00,cancelled,pressure_stop_bid,2026-03-19 00:32:24.050668392+00:00,2026-03-19 00:32:24.300668392+00:00
2026-03-19 00:32:25.294107980+00:00,727,cancel_requested,ask,2200.8,0.12578586592592694,2026-03-19 00:32:22.854885842+00:00,73.266,2026-03-19 00:32:22.604885842+00:00,pending_cancel,expected_edge_ask,2026-03-19 00:32:25.294107980+00:00,2026-03-19 00:32:25.544107980+00:00
2026-03-19 00:32:25.544107980+00:00,727,cancelled,ask,2200.8,0.12578586592592694,2026-03-19 00:32:22.854885842+00:00,73.266,2026-03-19 00:32:22.604885842+00:00,cancelled,expected_edge_ask,2026-03-19 00:32:25.294107980+00:00,2026-03-19 00:32:25.544107980+00:00
2026-03-19 00:32:30.622504862+00:00,729,placed,bid,2200.3,0.07421413407407307,2026-03-19 00:32:30.872504862+00:00,147.89999999999998,2026-03-19 00:32:30.622504862+00:00,pending_new,,,
2026-03-19 00:32:32.567205465+00:00,729,cancel_requested,bid,2200.3,0.07421413407407307,2026-03-19 00:32:30.872504862+00:00,147.89999999999998,2026-03-19 00:32:30.622504862+00:00,pending_cancel,pressure_stop_bid,2026-03-19 00:32:32.567205465+00:00,2026-03-19 00:32:32.817205465+00:00
2026-03-19 00:32:32.567205465+00:00,730,placed,ask,2200.9,0.12578586592592694,2026-03-19 00:32:32.817205465+00:00,77.221,2026-03-19 00:32:32.567205465+00:00,pending_new,,,
2026-03-19 00:32:32.817205465+00:00,729,cancelled,bid,2200.3,0.07421413407407307,2026-03-19 00:32:30.872504862+00:00,147.89999999999998,2026-03-19 00:32:30.622504862+00:00,cancelled,pressure_stop_bid,2026-03-19 00:32:32.567205465+00:00,2026-03-19 00:32:32.817205465+00:00
2026-03-19 00:32:39.764137339+00:00,730,cancel_requested,ask,2200.9,0.12578586592592694,2026-03-19 00:32:32.817205465+00:00,77.221,2026-03-19 00:32:32.567205465+00:00,pending_cancel,refresh_reprice,2026-03-19 00:32:39.764137339+00:00,2026-03-19 00:32:40.014137339+00:00
2026-03-19 00:32:40.014137339+00:00,730,cancelled,ask,2200.9,0.12578586592592694,2026-03-19 00:32:32.817205465+00:00,77.221,2026-03-19 00:32:32.567205465+00:00,cancelled,refresh_reprice,2026-03-19 00:32:39.764137339+00:00,2026-03-19 00:32:40.014137339+00:00
2026-03-19 00:32:40.064741127+00:00,731,placed,ask,2200.7,0.1259353723562573,2026-03-19 00:32:40.314741127+00:00,259.651,2026-03-19 00:32:40.064741127+00:00,pending_new,,,
2026-03-19 00:32:44.003231291+00:00,731,cancel_requested,ask,2200.7,0.1259353723562573,2026-03-19 00:32:40.314741127+00:00,259.651,2026-03-19 00:32:40.064741127+00:00,pending_cancel,pressure_stop_ask,2026-03-19 00:32:44.003231291+00:00,2026-03-19 00:32:44.253231291+00:00
2026-03-19 00:32:44.003231291+00:00,732,placed,bid,2199.6,0.07406462764374272,2026-03-19 00:32:44.253231291+00:00,210.716,2026-03-19 00:32:44.003231291+00:00,pending_new,,,
2026-03-19 00:32:44.253231291+00:00,731,cancelled,ask,2200.7,0.1259353723562573,2026-03-19 00:32:40.314741127+00:00,259.651,2026-03-19 00:32:40.064741127+00:00,cancelled,pressure_stop_ask,2026-03-19 00:32:44.003231291+00:00,2026-03-19 00:32:44.253231291+00:00
2026-03-19 00:32:44.771966314+00:00,732,cancel_requested,bid,2199.6,0.07406462764374272,2026-03-19 00:32:44.253231291+00:00,210.716,2026-03-19 00:32:44.003231291+00:00,pending_cancel,refresh_reprice,2026-03-19 00:32:44.771966314+00:00,2026-03-19 00:32:45.021966314+00:00
2026-03-19 00:32:45.021966314+00:00,732,cancelled,bid,2199.6,0.07406462764374272,2026-03-19 00:32:44.253231291+00:00,210.716,2026-03-19 00:32:44.003231291+00:00,cancelled,refresh_reprice,2026-03-19 00:32:44.771966314+00:00,2026-03-19 00:32:45.021966314+00:00
2026-03-19 00:32:45.067821667+00:00,733,placed,bid,2199.9,0.07406462764374272,2026-03-19 00:32:45.317821667+00:00,194.90300000000002,2026-03-19 00:32:45.067821667+00:00,pending_new,,,
2026-03-19 00:32:45.589584395+00:00,734,placed,ask,2201.4,0.1259353723562573,2026-03-19 00:32:45.839584395+00:00,128.763,2026-03-19 00:32:45.589584395+00:00,pending_new,,,
2026-03-19 00:32:46.190266294+00:00,734,cancel_requested,ask,2201.4,0.1259353723562573,2026-03-19 00:32:45.839584395+00:00,128.763,2026-03-19 00:32:45.589584395+00:00,pending_cancel,expected_edge_ask,2026-03-19 00:32:46.190266294+00:00,2026-03-19 00:32:46.440266294+00:00
2026-03-19 00:32:46.190266294+00:00,733,cancel_requested,bid,2199.9,0.07406462764374272,2026-03-19 00:32:45.317821667+00:00,194.90300000000002,2026-03-19 00:32:45.067821667+00:00,pending_cancel,refresh_reprice,2026-03-19 00:32:46.190266294+00:00,2026-03-19 00:32:46.440266294+00:00
2026-03-19 00:32:46.440266294+00:00,733,cancelled,bid,2199.9,0.07406462764374272,2026-03-19 00:32:45.317821667+00:00,194.90300000000002,2026-03-19 00:32:45.067821667+00:00,cancelled,refresh_reprice,2026-03-19 00:32:46.190266294+00:00,2026-03-19 00:32:46.440266294+00:00
2026-03-19 00:32:46.440266294+00:00,734,cancelled,ask,2201.4,0.1259353723562573,2026-03-19 00:32:45.839584395+00:00,128.763,2026-03-19 00:32:45.589584395+00:00,cancelled,expected_edge_ask,2026-03-19 00:32:46.190266294+00:00,2026-03-19 00:32:46.440266294+00:00
2026-03-19 00:32:46.471279338+00:00,735,placed,bid,2200.4,0.07406462764374272,2026-03-19 00:32:46.721279338+00:00,143.938,2026-03-19 00:32:46.471279338+00:00,pending_new,,,
2026-03-19 00:32:47.269489839+00:00,735,cancel_requested,bid,2200.4,0.07406462764374272,2026-03-19 00:32:46.721279338+00:00,143.938,2026-03-19 00:32:46.471279338+00:00,pending_cancel,pressure_stop_bid,2026-03-19 00:32:47.269489839+00:00,2026-03-19 00:32:47.519489839+00:00
2026-03-19 00:32:47.519489839+00:00,735,cancelled,bid,2200.4,0.07406462764374272,2026-03-19 00:32:46.721279338+00:00,143.938,2026-03-19 00:32:46.471279338+00:00,cancelled,pressure_stop_bid,2026-03-19 00:32:47.269489839+00:00,2026-03-19 00:32:47.519489839+00:00
2026-03-19 00:32:47.523668048+00:00,736,placed,bid,2200.5,0.07406462764374272,2026-03-19 00:32:47.773668048+00:00,131.382,2026-03-19 00:32:47.523668048+00:00,pending_new,,,
2026-03-19 00:32:52.221579891+00:00,736,cancel_requested,bid,2200.5,0.07406462764374272,2026-03-19 00:32:47.773668048+00:00,131.382,2026-03-19 00:32:47.523668048+00:00,pending_cancel,pressure_stop_bid,2026-03-19 00:32:52.221579891+00:00,2026-03-19 00:32:52.471579891+00:00
2026-03-19 00:32:52.221579891+00:00,737,placed,ask,2201.1,0.1259353723562573,2026-03-19 00:32:52.471579891+00:00,83.08200000000001,2026-03-19 00:32:52.221579891+00:00,pending_new,,,
2026-03-19 00:32:52.471579891+00:00,736,cancelled,bid,2200.5,0.07406462764374272,2026-03-19 00:32:47.773668048+00:00,131.382,2026-03-19 00:32:47.523668048+00:00,cancelled,pressure_stop_bid,2026-03-19 00:32:52.221579891+00:00,2026-03-19 00:32:52.471579891+00:00
2026-03-19 00:32:56.299916656+00:00,737,cancel_requested,ask,2201.1,0.1259353723562573,2026-03-19 00:32:52.471579891+00:00,83.08200000000001,2026-03-19 00:32:52.221579891+00:00,pending_cancel,expected_edge_ask,2026-03-19 00:32:56.299916656+00:00,2026-03-19 00:32:56.549916656+00:00
2026-03-19 00:32:56.549916656+00:00,737,cancelled,ask,2201.1,0.1259353723562573,2026-03-19 00:32:52.471579891+00:00,83.08200000000001,2026-03-19 00:32:52.221579891+00:00,cancelled,expected_edge_ask,2026-03-19 00:32:56.299916656+00:00,2026-03-19 00:32:56.549916656+00:00
2026-03-19 00:32:56.566835294+00:00,738,placed,bid,2200.6,0.07404725605986215,2026-03-19 00:32:56.816835294+00:00,95.967,2026-03-19 00:32:56.566835294+00:00,pending_new,,,
2026-03-19 00:32:57.365190377+00:00,738,cancel_requested,bid,2200.6,0.07404725605986215,2026-03-19 00:32:56.816835294+00:00,95.967,2026-03-19 00:32:56.566835294+00:00,pending_cancel,refresh_reprice,2026-03-19 00:32:57.365190377+00:00,2026-03-19 00:32:57.615190377+00:00
2026-03-19 00:32:57.615190377+00:00,738,cancelled,bid,2200.6,0.07404725605986215,2026-03-19 00:32:56.816835294+00:00,95.967,2026-03-19 00:32:56.566835294+00:00,cancelled,refresh_reprice,2026-03-19 00:32:57.365190377+00:00,2026-03-19 00:32:57.615190377+00:00
2026-03-19 00:32:57.626736050+00:00,739,placed,bid,2200.7,0.07404725605986215,2026-03-19 00:32:57.876736050+00:00,148.911,2026-03-19 00:32:57.626736050+00:00,pending_new,,,
2026-03-19 00:33:01.205590303+00:00,739,cancel_requested,bid,2200.7,0.07404725605986215,2026-03-19 00:32:57.876736050+00:00,148.911,2026-03-19 00:32:57.626736050+00:00,pending_cancel,pressure_stop_bid,2026-03-19 00:33:01.205590303+00:00,2026-03-19 00:33:01.455590303+00:00
2026-03-19 00:33:01.205590303+00:00,740,placed,ask,2201.3,0.12595274394013786,2026-03-19 00:33:01.455590303+00:00,84.724,2026-03-19 00:33:01.205590303+00:00,pending_new,,,
2026-03-19 00:33:01.256927242+00:00,740,cancel_requested,ask,2201.3,0.12595274394013786,2026-03-19 00:33:01.455590303+00:00,84.724,2026-03-19 00:33:01.205590303+00:00,pending_cancel,refresh_reprice,2026-03-19 00:33:01.256927242+00:00,2026-03-19 00:33:01.506927242+00:00
2026-03-19 00:33:01.455590303+00:00,739,cancelled,bid,2200.7,0.07404725605986215,2026-03-19 00:32:57.876736050+00:00,148.911,2026-03-19 00:32:57.626736050+00:00,cancelled,pressure_stop_bid,2026-03-19 00:33:01.205590303+00:00,2026-03-19 00:33:01.455590303+00:00
2026-03-19 00:33:01.506927242+00:00,740,cancelled,ask,2201.3,0.12595274394013786,2026-03-19 00:33:01.455590303+00:00,84.724,2026-03-19 00:33:01.205590303+00:00,cancelled,refresh_reprice,2026-03-19 00:33:01.256927242+00:00,2026-03-19 00:33:01.506927242+00:00
2026-03-19 00:33:01.563665953+00:00,741,placed,ask,2201.0,0.12595274394013786,2026-03-19 00:33:01.813665953+00:00,52.271,2026-03-19 00:33:01.563665953+00:00,pending_new,,,
2026-03-19 00:33:02.122559319+00:00,741,cancel_requested,ask,2201.0,0.12595274394013786,2026-03-19 00:33:01.813665953+00:00,52.271,2026-03-19 00:33:01.563665953+00:00,pending_cancel,expected_edge_ask,2026-03-19 00:33:02.122559319+00:00,2026-03-19 00:33:02.372559319+00:00
2026-03-19 00:33:02.122559319+00:00,742,placed,bid,2200.1,0.07404725605986215,2026-03-19 00:33:02.372559319+00:00,94.626,2026-03-19 00:33:02.122559319+00:00,pending_new,,,
2026-03-19 00:33:02.372559319+00:00,741,cancelled,ask,2201.0,0.12595274394013786,2026-03-19 00:33:01.813665953+00:00,52.271,2026-03-19 00:33:01.563665953+00:00,cancelled,expected_edge_ask,2026-03-19 00:33:02.122559319+00:00,2026-03-19 00:33:02.372559319+00:00
2026-03-19 00:33:06.203163620+00:00,742,cancel_requested,bid,2200.1,0.07404725605986215,2026-03-19 00:33:02.372559319+00:00,94.626,2026-03-19 00:33:02.122559319+00:00,pending_cancel,pressure_stop_bid,2026-03-19 00:33:06.203163620+00:00,2026-03-19 00:33:06.453163620+00:00
2026-03-19 00:33:06.453163620+00:00,742,cancelled,bid,2200.1,0.07404725605986215,2026-03-19 00:33:02.372559319+00:00,94.626,2026-03-19 00:33:02.122559319+00:00,cancelled,pressure_stop_bid,2026-03-19 00:33:06.203163620+00:00,2026-03-19 00:33:06.453163620+00:00
2026-03-19 00:33:16.513364243+00:00,743,placed,bid,2199.5,0.07391973646547154,2026-03-19 00:33:16.763364243+00:00,123.275,2026-03-19 00:33:16.513364243+00:00,pending_new,,,
2026-03-19 00:33:18.963520050+00:00,743,cancel_requested,bid,2199.5,0.07391973646547154,2026-03-19 00:33:16.763364243+00:00,123.275,2026-03-19 00:33:16.513364243+00:00,pending_cancel,refresh_reprice,2026-03-19 00:33:18.963520050+00:00,2026-03-19 00:33:19.213520050+00:00
2026-03-19 00:33:19.213520050+00:00,743,cancelled,bid,2199.5,0.07391973646547154,2026-03-19 00:33:16.763364243+00:00,123.275,2026-03-19 00:33:16.513364243+00:00,cancelled,refresh_reprice,2026-03-19 00:33:18.963520050+00:00,2026-03-19 00:33:19.213520050+00:00
2026-03-19 00:33:19.218429074+00:00,744,placed,bid,2200.0,0.07391973646547154,2026-03-19 00:33:19.468429074+00:00,117.92099999999999,2026-03-19 00:33:19.218429074+00:00,pending_new,,,
2026-03-19 00:33:22.534630675+00:00,744,cancel_requested,bid,2200.0,0.07391973646547154,2026-03-19 00:33:19.468429074+00:00,117.92099999999999,2026-03-19 00:33:19.218429074+00:00,pending_cancel,pressure_stop_bid,2026-03-19 00:33:22.534630675+00:00,2026-03-19 00:33:22.784630675+00:00
2026-03-19 00:33:22.784630675+00:00,744,cancelled,bid,2200.0,0.07391973646547154,2026-03-19 00:33:19.468429074+00:00,117.92099999999999,2026-03-19 00:33:19.218429074+00:00,cancelled,pressure_stop_bid,2026-03-19 00:33:22.534630675+00:00,2026-03-19 00:33:22.784630675+00:00
2026-03-19 00:33:22.921262300+00:00,745,placed,ask,2200.6,0.12608026353452848,2026-03-19 00:33:23.171262300+00:00,103.227,2026-03-19 00:33:22.921262300+00:00,pending_new,,,
2026-03-19 00:33:29.727989801+00:00,745,cancel_requested,ask,2200.6,0.12608026353452848,2026-03-19 00:33:23.171262300+00:00,103.227,2026-03-19 00:33:22.921262300+00:00,pending_cancel,expected_edge_ask,2026-03-19 00:33:29.727989801+00:00,2026-03-19 00:33:29.977989801+00:00
2026-03-19 00:33:29.727989801+00:00,746,placed,bid,2199.8,0.07391973646547154,2026-03-19 00:33:29.977989801+00:00,136.336,2026-03-19 00:33:29.727989801+00:00,pending_new,,,
2026-03-19 00:33:29.977989801+00:00,745,cancelled,ask,2200.6,0.12608026353452848,2026-03-19 00:33:23.171262300+00:00,103.227,2026-03-19 00:33:22.921262300+00:00,cancelled,expected_edge_ask,2026-03-19 00:33:29.727989801+00:00,2026-03-19 00:33:29.977989801+00:00
2026-03-19 00:33:31.303004653+00:00,746,cancel_requested,bid,2199.8,0.07391973646547154,2026-03-19 00:33:29.977989801+00:00,136.336,2026-03-19 00:33:29.727989801+00:00,pending_cancel,pressure_stop_bid,2026-03-19 00:33:31.303004653+00:00,2026-03-19 00:33:31.553004653+00:00
2026-03-19 00:33:31.553004653+00:00,746,cancelled,bid,2199.8,0.07391973646547154,2026-03-19 00:33:29.977989801+00:00,136.336,2026-03-19 00:33:29.727989801+00:00,cancelled,pressure_stop_bid,2026-03-19 00:33:31.303004653+00:00,2026-03-19 00:33:31.553004653+00:00
2026-03-19 00:33:31.636975882+00:00,747,placed,bid,2199.7,0.07391973646547154,2026-03-19 00:33:31.886975882+00:00,127.882,2026-03-19 00:33:31.636975882+00:00,pending_new,,,
2026-03-19 00:33:39.427367021+00:00,747,cancel_requested,bid,2199.7,0.07391973646547154,2026-03-19 00:33:31.886975882+00:00,127.882,2026-03-19 00:33:31.636975882+00:00,pending_cancel,pressure_stop_bid,2026-03-19 00:33:39.427367021+00:00,2026-03-19 00:33:39.677367021+00:00
2026-03-19 00:33:39.677367021+00:00,747,cancelled,bid,2199.7,0.07391973646547154,2026-03-19 00:33:31.886975882+00:00,127.882,2026-03-19 00:33:31.636975882+00:00,cancelled,pressure_stop_bid,2026-03-19 00:33:39.427367021+00:00,2026-03-19 00:33:39.677367021+00:00
2026-03-19 00:33:39.680706443+00:00,748,placed,ask,2200.2,0.12606599923850223,2026-03-19 00:33:39.930706443+00:00,69.586,2026-03-19 00:33:39.680706443+00:00,pending_new,,,
2026-03-19 00:33:39.734031201+00:00,748,cancel_requested,ask,2200.2,0.12606599923850223,2026-03-19 00:33:39.930706443+00:00,69.586,2026-03-19 00:33:39.680706443+00:00,pending_cancel,expected_edge_ask,2026-03-19 00:33:39.734031201+00:00,2026-03-19 00:33:39.984031201+00:00
2026-03-19 00:33:39.734031201+00:00,749,placed,bid,2199.4,0.07393400076149777,2026-03-19 00:33:39.984031201+00:00,129.674,2026-03-19 00:33:39.734031201+00:00,pending_new,,,
2026-03-19 00:33:39.984031201+00:00,748,cancelled,ask,2200.2,0.12606599923850223,2026-03-19 00:33:39.930706443+00:00,69.586,2026-03-19 00:33:39.680706443+00:00,cancelled,expected_edge_ask,2026-03-19 00:33:39.734031201+00:00,2026-03-19 00:33:39.984031201+00:00
2026-03-19 00:33:40.193469445+00:00,749,cancel_requested,bid,2199.4,0.07393400076149777,2026-03-19 00:33:39.984031201+00:00,129.674,2026-03-19 00:33:39.734031201+00:00,pending_cancel,pressure_stop_bid,2026-03-19 00:33:40.193469445+00:00,2026-03-19 00:33:40.443469445+00:00
2026-03-19 00:33:40.443469445+00:00,749,cancelled,bid,2199.4,0.07393400076149777,2026-03-19 00:33:39.984031201+00:00,129.674,2026-03-19 00:33:39.734031201+00:00,cancelled,pressure_stop_bid,2026-03-19 00:33:40.193469445+00:00,2026-03-19 00:33:40.443469445+00:00
2026-03-19 00:33:45.506997086+00:00,750,placed,ask,2199.8,0.12606599923850223,2026-03-19 00:33:45.756997086+00:00,78.463,2026-03-19 00:33:45.506997086+00:00,pending_new,,,
2026-03-19 00:33:49.990397251+00:00,750,cancel_requested,ask,2199.8,0.12606599923850223,2026-03-19 00:33:45.756997086+00:00,78.463,2026-03-19 00:33:45.506997086+00:00,pending_cancel,refresh_reprice,2026-03-19 00:33:49.990397251+00:00,2026-03-19 00:33:50.240397251+00:00
2026-03-19 00:33:50.199626440+00:00,751,placed,bid,2198.8,0.07393400076149777,2026-03-19 00:33:50.449626440+00:00,66.111,2026-03-19 00:33:50.199626440+00:00,pending_new,,,
2026-03-19 00:33:50.240397251+00:00,750,cancelled,ask,2199.8,0.12606599923850223,2026-03-19 00:33:45.756997086+00:00,78.463,2026-03-19 00:33:45.506997086+00:00,cancelled,refresh_reprice,2026-03-19 00:33:49.990397251+00:00,2026-03-19 00:33:50.240397251+00:00
2026-03-19 00:33:50.250645764+00:00,751,cancel_requested,bid,2198.8,0.07393400076149777,2026-03-19 00:33:50.449626440+00:00,66.111,2026-03-19 00:33:50.199626440+00:00,pending_cancel,pressure_stop_bid,2026-03-19 00:33:50.250645764+00:00,2026-03-19 00:33:50.500645764+00:00
2026-03-19 00:33:50.500645764+00:00,751,cancelled,bid,2198.8,0.07393400076149777,2026-03-19 00:33:50.449626440+00:00,66.111,2026-03-19 00:33:50.199626440+00:00,cancelled,pressure_stop_bid,2026-03-19 00:33:50.250645764+00:00,2026-03-19 00:33:50.500645764+00:00
2026-03-19 00:33:50.505332473+00:00,752,placed,ask,2199.0,0.12606599923850223,2026-03-19 00:33:50.755332473+00:00,121.88,2026-03-19 00:33:50.505332473+00:00,pending_new,,,
2026-03-19 00:33:51.831584649+00:00,753,placed,bid,2197.3,0.07393400076149777,2026-03-19 00:33:52.081584649+00:00,172.47899999999998,2026-03-19 00:33:51.831584649+00:00,pending_new,,,
2026-03-19 00:33:51.831584649+00:00,752,cancel_requested,ask,2199.0,0.12606599923850223,2026-03-19 00:33:50.755332473+00:00,121.88,2026-03-19 00:33:50.505332473+00:00,pending_cancel,refresh_reprice,2026-03-19 00:33:51.831584649+00:00,2026-03-19 00:33:52.081584649+00:00
2026-03-19 00:33:51.881005667+00:00,753,cancel_requested,bid,2197.3,0.07393400076149777,2026-03-19 00:33:52.081584649+00:00,172.47899999999998,2026-03-19 00:33:51.831584649+00:00,pending_cancel,pressure_stop_bid,2026-03-19 00:33:51.881005667+00:00,2026-03-19 00:33:52.131005667+00:00
2026-03-19 00:33:52.081584649+00:00,752,cancelled,ask,2199.0,0.12606599923850223,2026-03-19 00:33:50.755332473+00:00,121.88,2026-03-19 00:33:50.505332473+00:00,cancelled,refresh_reprice,2026-03-19 00:33:51.831584649+00:00,2026-03-19 00:33:52.081584649+00:00
2026-03-19 00:33:52.082037380+00:00,754,placed,ask,2198.6,0.12606599923850223,2026-03-19 00:33:52.332037380+00:00,171.416,2026-03-19 00:33:52.082037380+00:00,pending_new,,,
2026-03-19 00:33:52.131005667+00:00,753,cancelled,bid,2197.3,0.07393400076149777,2026-03-19 00:33:52.081584649+00:00,172.47899999999998,2026-03-19 00:33:51.831584649+00:00,cancelled,pressure_stop_bid,2026-03-19 00:33:51.881005667+00:00,2026-03-19 00:33:52.131005667+00:00
2026-03-19 00:33:52.137664124+00:00,755,placed,bid,2197.2,0.07393400076149777,2026-03-19 00:33:52.387664124+00:00,168.636,2026-03-19 00:33:52.137664124+00:00,pending_new,,,
2026-03-19 00:33:52.341647261+00:00,755,cancel_requested,bid,2197.2,0.07393400076149777,2026-03-19 00:33:52.387664124+00:00,168.636,2026-03-19 00:33:52.137664124+00:00,pending_cancel,pressure_stop_bid,2026-03-19 00:33:52.341647261+00:00,2026-03-19 00:33:52.591647261+00:00
2026-03-19 00:33:52.591647261+00:00,755,cancelled,bid,2197.2,0.07393400076149777,2026-03-19 00:33:52.387664124+00:00,168.636,2026-03-19 00:33:52.137664124+00:00,cancelled,pressure_stop_bid,2026-03-19 00:33:52.341647261+00:00,2026-03-19 00:33:52.591647261+00:00
2026-03-19 00:33:52.851716031+00:00,754,cancel_requested,ask,2198.6,0.12606599923850223,2026-03-19 00:33:52.332037380+00:00,171.416,2026-03-19 00:33:52.082037380+00:00,pending_cancel,refresh_reprice,2026-03-19 00:33:52.851716031+00:00,2026-03-19 00:33:53.101716031+00:00
2026-03-19 00:33:53.098835127+00:00,756,placed,bid,2196.5,0.07393400076149777,2026-03-19 00:33:53.348835127+00:00,191.37300000000002,2026-03-19 00:33:53.098835127+00:00,pending_new,,,
2026-03-19 00:33:53.101716031+00:00,754,cancelled,ask,2198.6,0.12606599923850223,2026-03-19 00:33:52.332037380+00:00,171.416,2026-03-19 00:33:52.082037380+00:00,cancelled,refresh_reprice,2026-03-19 00:33:52.851716031+00:00,2026-03-19 00:33:53.101716031+00:00
2026-03-19 00:33:53.137551177+00:00,757,placed,ask,2198.0,0.12606599923850223,2026-03-19 00:33:53.387551177+00:00,174.531,2026-03-19 00:33:53.137551177+00:00,pending_new,,,
2026-03-19 00:33:53.387392244+00:00,756,cancel_requested,bid,2196.5,0.07393400076149777,2026-03-19 00:33:53.348835127+00:00,191.37300000000002,2026-03-19 00:33:53.098835127+00:00,pending_cancel,pressure_stop_bid,2026-03-19 00:33:53.387392244+00:00,2026-03-19 00:33:53.637392244+00:00
2026-03-19 00:33:53.511930421+00:00,757,cancel_requested,ask,2198.0,0.12606599923850223,2026-03-19 00:33:53.387551177+00:00,174.531,2026-03-19 00:33:53.137551177+00:00,pending_cancel,refresh_reprice,2026-03-19 00:33:53.511930421+00:00,2026-03-19 00:33:53.761930421+00:00
2026-03-19 00:33:53.637392244+00:00,756,cancelled,bid,2196.5,0.07393400076149777,2026-03-19 00:33:53.348835127+00:00,191.37300000000002,2026-03-19 00:33:53.098835127+00:00,cancelled,pressure_stop_bid,2026-03-19 00:33:53.387392244+00:00,2026-03-19 00:33:53.637392244+00:00
2026-03-19 00:33:53.761930421+00:00,757,cancelled,ask,2198.0,0.12606599923850223,2026-03-19 00:33:53.387551177+00:00,174.531,2026-03-19 00:33:53.137551177+00:00,cancelled,refresh_reprice,2026-03-19 00:33:53.511930421+00:00,2026-03-19 00:33:53.761930421+00:00
2026-03-19 00:33:53.767869995+00:00,758,placed,ask,2197.5,0.12606599923850223,2026-03-19 00:33:54.017869995+00:00,185.534,2026-03-19 00:33:53.767869995+00:00,pending_new,,,
2026-03-19 00:33:54.635236786+00:00,758,cancel_requested,ask,2197.5,0.12606599923850223,2026-03-19 00:33:54.017869995+00:00,185.534,2026-03-19 00:33:53.767869995+00:00,pending_cancel,refresh_reprice,2026-03-19 00:33:54.635236786+00:00,2026-03-19 00:33:54.885236786+00:00
2026-03-19 00:33:54.885236786+00:00,758,cancelled,ask,2197.5,0.12606599923850223,2026-03-19 00:33:54.017869995+00:00,185.534,2026-03-19 00:33:53.767869995+00:00,cancelled,refresh_reprice,2026-03-19 00:33:54.635236786+00:00,2026-03-19 00:33:54.885236786+00:00
2026-03-19 00:33:54.885430285+00:00,759,placed,ask,2197.1,0.12606599923850223,2026-03-19 00:33:55.135430285+00:00,177.991,2026-03-19 00:33:54.885430285+00:00,pending_new,,,
2026-03-19 00:33:57.797136696+00:00,759,cancel_requested,ask,2197.1,0.12606599923850223,2026-03-19 00:33:55.135430285+00:00,177.991,2026-03-19 00:33:54.885430285+00:00,pending_cancel,refresh_reprice,2026-03-19 00:33:57.797136696+00:00,2026-03-19 00:33:58.047136696+00:00
2026-03-19 00:33:58.047136696+00:00,759,cancelled,ask,2197.1,0.12606599923850223,2026-03-19 00:33:55.135430285+00:00,177.991,2026-03-19 00:33:54.885430285+00:00,cancelled,refresh_reprice,2026-03-19 00:33:57.797136696+00:00,2026-03-19 00:33:58.047136696+00:00
2026-03-19 00:33:58.056529865+00:00,760,placed,ask,2196.7,0.12667805465495885,2026-03-19 00:33:58.306529865+00:00,106.46100000000001,2026-03-19 00:33:58.056529865+00:00,pending_new,,,
2026-03-19 00:34:00.403383796+00:00,761,placed,bid,2195.0,0.07332194534504115,2026-03-19 00:34:00.653383796+00:00,182.531,2026-03-19 00:34:00.403383796+00:00,pending_new,,,
2026-03-19 00:34:00.598655953+00:00,761,cancel_requested,bid,2195.0,0.07332194534504115,2026-03-19 00:34:00.653383796+00:00,182.531,2026-03-19 00:34:00.403383796+00:00,pending_cancel,pressure_stop_bid,2026-03-19 00:34:00.598655953+00:00,2026-03-19 00:34:00.848655953+00:00
2026-03-19 00:34:00.848655953+00:00,761,cancelled,bid,2195.0,0.07332194534504115,2026-03-19 00:34:00.653383796+00:00,182.531,2026-03-19 00:34:00.403383796+00:00,cancelled,pressure_stop_bid,2026-03-19 00:34:00.598655953+00:00,2026-03-19 00:34:00.848655953+00:00
2026-03-19 00:34:00.862482762+00:00,762,placed,bid,2195.1,0.07332194534504115,2026-03-19 00:34:01.112482762+00:00,151.58799999999997,2026-03-19 00:34:00.862482762+00:00,pending_new,,,
2026-03-19 00:34:01.158043540+00:00,762,cancel_requested,bid,2195.1,0.07332194534504115,2026-03-19 00:34:01.112482762+00:00,151.58799999999997,2026-03-19 00:34:00.862482762+00:00,pending_cancel,refresh_reprice,2026-03-19 00:34:01.158043540+00:00,2026-03-19 00:34:01.408043540+00:00
2026-03-19 00:34:01.158043540+00:00,760,cancel_requested,ask,2196.7,0.12667805465495885,2026-03-19 00:33:58.306529865+00:00,106.46100000000001,2026-03-19 00:33:58.056529865+00:00,pending_cancel,refresh_reprice,2026-03-19 00:34:01.158043540+00:00,2026-03-19 00:34:01.408043540+00:00
2026-03-19 00:34:01.408043540+00:00,762,cancelled,bid,2195.1,0.07332194534504115,2026-03-19 00:34:01.112482762+00:00,151.58799999999997,2026-03-19 00:34:00.862482762+00:00,cancelled,refresh_reprice,2026-03-19 00:34:01.158043540+00:00,2026-03-19 00:34:01.408043540+00:00
2026-03-19 00:34:01.408043540+00:00,760,cancelled,ask,2196.7,0.12667805465495885,2026-03-19 00:33:58.306529865+00:00,106.46100000000001,2026-03-19 00:33:58.056529865+00:00,cancelled,refresh_reprice,2026-03-19 00:34:01.158043540+00:00,2026-03-19 00:34:01.408043540+00:00
2026-03-19 00:34:01.422805464+00:00,763,placed,bid,2194.8,0.07332194534504115,2026-03-19 00:34:01.672805464+00:00,180.263,2026-03-19 00:34:01.422805464+00:00,pending_new,,,
2026-03-19 00:34:01.422805464+00:00,764,placed,ask,2196.3,0.12667805465495885,2026-03-19 00:34:01.672805464+00:00,164.836,2026-03-19 00:34:01.422805464+00:00,pending_new,,,
2026-03-19 00:34:01.466846119+00:00,763,cancel_requested,bid,2194.8,0.07332194534504115,2026-03-19 00:34:01.672805464+00:00,180.263,2026-03-19 00:34:01.422805464+00:00,pending_cancel,pressure_stop_bid,2026-03-19 00:34:01.466846119+00:00,2026-03-19 00:34:01.716846119+00:00
2026-03-19 00:34:01.716846119+00:00,763,cancelled,bid,2194.8,0.07332194534504115,2026-03-19 00:34:01.672805464+00:00,180.263,2026-03-19 00:34:01.422805464+00:00,cancelled,pressure_stop_bid,2026-03-19 00:34:01.466846119+00:00,2026-03-19 00:34:01.716846119+00:00
2026-03-19 00:34:02.339169721+00:00,764,cancel_requested,ask,2196.3,0.12667805465495885,2026-03-19 00:34:01.672805464+00:00,164.836,2026-03-19 00:34:01.422805464+00:00,pending_cancel,pressure_stop_ask,2026-03-19 00:34:02.339169721+00:00,2026-03-19 00:34:02.589169721+00:00
2026-03-19 00:34:02.339169721+00:00,765,placed,bid,2194.9,0.07332194534504115,2026-03-19 00:34:02.589169721+00:00,194.11599999999999,2026-03-19 00:34:02.339169721+00:00,pending_new,,,
2026-03-19 00:34:02.589169721+00:00,764,cancelled,ask,2196.3,0.12667805465495885,2026-03-19 00:34:01.672805464+00:00,164.836,2026-03-19 00:34:01.422805464+00:00,cancelled,pressure_stop_ask,2026-03-19 00:34:02.339169721+00:00,2026-03-19 00:34:02.589169721+00:00
2026-03-19 00:34:05.193110683+00:00,765,cancel_requested,bid,2194.9,0.07332194534504115,2026-03-19 00:34:02.589169721+00:00,194.11599999999999,2026-03-19 00:34:02.339169721+00:00,pending_cancel,pressure_stop_bid,2026-03-19 00:34:05.193110683+00:00,2026-03-19 00:34:05.443110683+00:00
2026-03-19 00:34:05.193110683+00:00,766,placed,ask,2196.4,0.12667805465495885,2026-03-19 00:34:05.443110683+00:00,240.292,2026-03-19 00:34:05.193110683+00:00,pending_new,,,
2026-03-19 00:34:05.443110683+00:00,765,cancelled,bid,2194.9,0.07332194534504115,2026-03-19 00:34:02.589169721+00:00,194.11599999999999,2026-03-19 00:34:02.339169721+00:00,cancelled,pressure_stop_bid,2026-03-19 00:34:05.193110683+00:00,2026-03-19 00:34:05.443110683+00:00
2026-03-19 00:34:05.492917033+00:00,767,placed,bid,2194.8,0.07332194534504115,2026-03-19 00:34:05.742917033+00:00,219.84499999999994,2026-03-19 00:34:05.492917033+00:00,pending_new,,,
2026-03-19 00:34:05.966700786+00:00,767,cancel_requested,bid,2194.8,0.07332194534504115,2026-03-19 00:34:05.742917033+00:00,219.84499999999994,2026-03-19 00:34:05.492917033+00:00,pending_cancel,pressure_stop_bid,2026-03-19 00:34:05.966700786+00:00,2026-03-19 00:34:06.216700786+00:00
2026-03-19 00:34:06.216700786+00:00,767,cancelled,bid,2194.8,0.07332194534504115,2026-03-19 00:34:05.742917033+00:00,219.84499999999994,2026-03-19 00:34:05.492917033+00:00,cancelled,pressure_stop_bid,2026-03-19 00:34:05.966700786+00:00,2026-03-19 00:34:06.216700786+00:00
2026-03-19 00:34:06.220083209+00:00,766,cancel_requested,ask,2196.4,0.12667805465495885,2026-03-19 00:34:05.443110683+00:00,240.292,2026-03-19 00:34:05.193110683+00:00,pending_cancel,refresh_reprice,2026-03-19 00:34:06.220083209+00:00,2026-03-19 00:34:06.470083209+00:00
2026-03-19 00:34:06.322274256+00:00,768,placed,bid,2194.4,0.07332194534504115,2026-03-19 00:34:06.572274256+00:00,181.15,2026-03-19 00:34:06.322274256+00:00,pending_new,,,
2026-03-19 00:34:06.373205014+00:00,768,cancel_requested,bid,2194.4,0.07332194534504115,2026-03-19 00:34:06.572274256+00:00,181.15,2026-03-19 00:34:06.322274256+00:00,pending_cancel,pressure_stop_bid,2026-03-19 00:34:06.373205014+00:00,2026-03-19 00:34:06.623205014+00:00
2026-03-19 00:34:06.470083209+00:00,766,cancelled,ask,2196.4,0.12667805465495885,2026-03-19 00:34:05.443110683+00:00,240.292,2026-03-19 00:34:05.193110683+00:00,cancelled,refresh_reprice,2026-03-19 00:34:06.220083209+00:00,2026-03-19 00:34:06.470083209+00:00
2026-03-19 00:34:06.510007043+00:00,769,placed,ask,2195.9,0.12667805465495885,2026-03-19 00:34:06.760007043+00:00,141.034,2026-03-19 00:34:06.510007043+00:00,pending_new,,,
2026-03-19 00:34:06.623205014+00:00,768,cancelled,bid,2194.4,0.07332194534504115,2026-03-19 00:34:06.572274256+00:00,181.15,2026-03-19 00:34:06.322274256+00:00,cancelled,pressure_stop_bid,2026-03-19 00:34:06.373205014+00:00,2026-03-19 00:34:06.623205014+00:00
2026-03-19 00:34:06.661198809+00:00,770,placed,bid,2194.3,0.07332194534504115,2026-03-19 00:34:06.911198809+00:00,179.93400000000003,2026-03-19 00:34:06.661198809+00:00,pending_new,,,
2026-03-19 00:34:07.697852959+00:00,770,cancel_requested,bid,2194.3,0.07332194534504115,2026-03-19 00:34:06.911198809+00:00,179.93400000000003,2026-03-19 00:34:06.661198809+00:00,pending_cancel,pressure_stop_bid,2026-03-19 00:34:07.697852959+00:00,2026-03-19 00:34:07.947852959+00:00
2026-03-19 00:34:07.947852959+00:00,770,cancelled,bid,2194.3,0.07332194534504115,2026-03-19 00:34:06.911198809+00:00,179.93400000000003,2026-03-19 00:34:06.661198809+00:00,cancelled,pressure_stop_bid,2026-03-19 00:34:07.697852959+00:00,2026-03-19 00:34:07.947852959+00:00
2026-03-19 00:34:13.035291712+00:00,771,placed,bid,2194.4,0.07332194534504115,2026-03-19 00:34:13.285291712+00:00,225.29799999999997,2026-03-19 00:34:13.035291712+00:00,pending_new,,,
2026-03-19 00:34:13.317218559+00:00,771,cancel_requested,bid,2194.4,0.07332194534504115,2026-03-19 00:34:13.285291712+00:00,225.29799999999997,2026-03-19 00:34:13.035291712+00:00,pending_cancel,pressure_stop_bid,2026-03-19 00:34:13.317218559+00:00,2026-03-19 00:34:13.567218559+00:00
2026-03-19 00:34:13.317218559+00:00,769,cancel_requested,ask,2195.9,0.12667805465495885,2026-03-19 00:34:06.760007043+00:00,141.034,2026-03-19 00:34:06.510007043+00:00,pending_cancel,refresh_reprice,2026-03-19 00:34:13.317218559+00:00,2026-03-19 00:34:13.567218559+00:00
2026-03-19 00:34:13.567218559+00:00,771,cancelled,bid,2194.4,0.07332194534504115,2026-03-19 00:34:13.285291712+00:00,225.29799999999997,2026-03-19 00:34:13.035291712+00:00,cancelled,pressure_stop_bid,2026-03-19 00:34:13.317218559+00:00,2026-03-19 00:34:13.567218559+00:00
2026-03-19 00:34:13.567218559+00:00,769,cancelled,ask,2195.9,0.12667805465495885,2026-03-19 00:34:06.760007043+00:00,141.034,2026-03-19 00:34:06.510007043+00:00,cancelled,refresh_reprice,2026-03-19 00:34:13.317218559+00:00,2026-03-19 00:34:13.567218559+00:00
2026-03-19 00:34:13.671042282+00:00,772,placed,bid,2193.4,0.07332194534504115,2026-03-19 00:34:13.921042282+00:00,185.41200000000003,2026-03-19 00:34:13.671042282+00:00,pending_new,,,
2026-03-19 00:34:13.671042282+00:00,773,placed,ask,2195.1,0.12667805465495885,2026-03-19 00:34:13.921042282+00:00,145.735,2026-03-19 00:34:13.671042282+00:00,pending_new,,,
2026-03-19 00:34:13.877999688+00:00,772,cancel_requested,bid,2193.4,0.07332194534504115,2026-03-19 00:34:13.921042282+00:00,185.41200000000003,2026-03-19 00:34:13.671042282+00:00,pending_cancel,refresh_reprice,2026-03-19 00:34:13.877999688+00:00,2026-03-19 00:34:14.127999688+00:00
2026-03-19 00:34:13.877999688+00:00,773,cancel_requested,ask,2195.1,0.12667805465495885,2026-03-19 00:34:13.921042282+00:00,145.735,2026-03-19 00:34:13.671042282+00:00,pending_cancel,refresh_reprice,2026-03-19 00:34:13.877999688+00:00,2026-03-19 00:34:14.127999688+00:00
2026-03-19 00:34:14.127999688+00:00,772,cancelled,bid,2193.4,0.07332194534504115,2026-03-19 00:34:13.921042282+00:00,185.41200000000003,2026-03-19 00:34:13.671042282+00:00,cancelled,refresh_reprice,2026-03-19 00:34:13.877999688+00:00,2026-03-19 00:34:14.127999688+00:00
2026-03-19 00:34:14.127999688+00:00,773,cancelled,ask,2195.1,0.12667805465495885,2026-03-19 00:34:13.921042282+00:00,145.735,2026-03-19 00:34:13.671042282+00:00,cancelled,refresh_reprice,2026-03-19 00:34:13.877999688+00:00,2026-03-19 00:34:14.127999688+00:00
2026-03-19 00:34:14.132531377+00:00,774,placed,bid,2193.8,0.07332194534504115,2026-03-19 00:34:14.382531377+00:00,178.67600000000004,2026-03-19 00:34:14.132531377+00:00,pending_new,,,
2026-03-19 00:34:14.132531377+00:00,775,placed,ask,2195.6,0.12667805465495885,2026-03-19 00:34:14.382531377+00:00,136.034,2026-03-19 00:34:14.132531377+00:00,pending_new,,,
2026-03-19 00:34:14.797868564+00:00,775,cancel_requested,ask,2195.6,0.12667805465495885,2026-03-19 00:34:14.382531377+00:00,136.034,2026-03-19 00:34:14.132531377+00:00,pending_cancel,pressure_stop_ask,2026-03-19 00:34:14.797868564+00:00,2026-03-19 00:34:15.047868564+00:00
2026-03-19 00:34:15.047868564+00:00,775,cancelled,ask,2195.6,0.12667805465495885,2026-03-19 00:34:14.382531377+00:00,136.034,2026-03-19 00:34:14.132531377+00:00,cancelled,pressure_stop_ask,2026-03-19 00:34:14.797868564+00:00,2026-03-19 00:34:15.047868564+00:00
2026-03-19 00:34:15.088067428+00:00,776,placed,ask,2195.8,0.12667805465495885,2026-03-19 00:34:15.338067428+00:00,158.12400000000002,2026-03-19 00:34:15.088067428+00:00,pending_new,,,
2026-03-19 00:34:15.975811023+00:00,774,cancel_requested,bid,2193.8,0.07332194534504115,2026-03-19 00:34:14.382531377+00:00,178.67600000000004,2026-03-19 00:34:14.132531377+00:00,pending_cancel,pressure_stop_bid,2026-03-19 00:34:15.975811023+00:00,2026-03-19 00:34:16.225811023+00:00
2026-03-19 00:34:16.225811023+00:00,774,cancelled,bid,2193.8,0.07332194534504115,2026-03-19 00:34:14.382531377+00:00,178.67600000000004,2026-03-19 00:34:14.132531377+00:00,cancelled,pressure_stop_bid,2026-03-19 00:34:15.975811023+00:00,2026-03-19 00:34:16.225811023+00:00
2026-03-19 00:34:16.226622654+00:00,776,cancel_requested,ask,2195.8,0.12667805465495885,2026-03-19 00:34:15.338067428+00:00,158.12400000000002,2026-03-19 00:34:15.088067428+00:00,pending_cancel,refresh_reprice,2026-03-19 00:34:16.226622654+00:00,2026-03-19 00:34:16.476622654+00:00
2026-03-19 00:34:16.476622654+00:00,776,cancelled,ask,2195.8,0.12667805465495885,2026-03-19 00:34:15.338067428+00:00,158.12400000000002,2026-03-19 00:34:15.088067428+00:00,cancelled,refresh_reprice,2026-03-19 00:34:16.226622654+00:00,2026-03-19 00:34:16.476622654+00:00
2026-03-19 00:34:16.485345563+00:00,777,placed,ask,2195.6,0.12667805465495885,2026-03-19 00:34:16.735345563+00:00,228.13699999999997,2026-03-19 00:34:16.485345563+00:00,pending_new,,,
2026-03-19 00:34:17.711449068+00:00,778,placed,bid,2194.0,0.07334449722747548,2026-03-19 00:34:17.961449068+00:00,184.51600000000002,2026-03-19 00:34:17.711449068+00:00,pending_new,,,
2026-03-19 00:34:17.711449068+00:00,777,cancel_requested,ask,2195.6,0.12667805465495885,2026-03-19 00:34:16.735345563+00:00,228.13699999999997,2026-03-19 00:34:16.485345563+00:00,pending_cancel,refresh_reprice,2026-03-19 00:34:17.711449068+00:00,2026-03-19 00:34:17.961449068+00:00
2026-03-19 00:34:17.961449068+00:00,777,cancelled,ask,2195.6,0.12667805465495885,2026-03-19 00:34:16.735345563+00:00,228.13699999999997,2026-03-19 00:34:16.485345563+00:00,cancelled,refresh_reprice,2026-03-19 00:34:17.711449068+00:00,2026-03-19 00:34:17.961449068+00:00
2026-03-19 00:34:19.340527195+00:00,778,cancel_requested,bid,2194.0,0.07334449722747548,2026-03-19 00:34:17.961449068+00:00,184.51600000000002,2026-03-19 00:34:17.711449068+00:00,pending_cancel,refresh_reprice,2026-03-19 00:34:19.340527195+00:00,2026-03-19 00:34:19.590527195+00:00
2026-03-19 00:34:19.340527195+00:00,779,placed,ask,2195.8,0.12665550277252452,2026-03-19 00:34:19.590527195+00:00,60.010999999999996,2026-03-19 00:34:19.340527195+00:00,pending_new,,,
2026-03-19 00:34:19.590527195+00:00,778,cancelled,bid,2194.0,0.07334449722747548,2026-03-19 00:34:17.961449068+00:00,184.51600000000002,2026-03-19 00:34:17.711449068+00:00,cancelled,refresh_reprice,2026-03-19 00:34:19.340527195+00:00,2026-03-19 00:34:19.590527195+00:00
2026-03-19 00:34:19.593541116+00:00,780,placed,bid,2194.8,0.07334449722747548,2026-03-19 00:34:19.843541116+00:00,179.42199999999997,2026-03-19 00:34:19.593541116+00:00,pending_new,,,
2026-03-19 00:34:19.697291651+00:00,779,cancel_requested,ask,2195.8,0.12665550277252452,2026-03-19 00:34:19.590527195+00:00,60.010999999999996,2026-03-19 00:34:19.340527195+00:00,pending_cancel,expected_edge_ask,2026-03-19 00:34:19.697291651+00:00,2026-03-19 00:34:19.947291651+00:00
2026-03-19 00:34:19.947291651+00:00,779,cancelled,ask,2195.8,0.12665550277252452,2026-03-19 00:34:19.590527195+00:00,60.010999999999996,2026-03-19 00:34:19.340527195+00:00,cancelled,expected_edge_ask,2026-03-19 00:34:19.697291651+00:00,2026-03-19 00:34:19.947291651+00:00
2026-03-19 00:34:19.955110345+00:00,781,placed,ask,2195.7,0.12665550277252452,2026-03-19 00:34:20.205110345+00:00,74.048,2026-03-19 00:34:19.955110345+00:00,pending_new,,,
2026-03-19 00:34:20.094984888+00:00,780,cancel_requested,bid,2194.8,0.07334449722747548,2026-03-19 00:34:19.843541116+00:00,179.42199999999997,2026-03-19 00:34:19.593541116+00:00,pending_cancel,pressure_stop_bid,2026-03-19 00:34:20.094984888+00:00,2026-03-19 00:34:20.344984888+00:00
2026-03-19 00:34:20.344984888+00:00,780,cancelled,bid,2194.8,0.07334449722747548,2026-03-19 00:34:19.843541116+00:00,179.42199999999997,2026-03-19 00:34:19.593541116+00:00,cancelled,pressure_stop_bid,2026-03-19 00:34:20.094984888+00:00,2026-03-19 00:34:20.344984888+00:00
2026-03-19 00:34:20.349389686+00:00,782,placed,bid,2194.7,0.07334449722747548,2026-03-19 00:34:20.599389686+00:00,167.79700000000003,2026-03-19 00:34:20.349389686+00:00,pending_new,,,
2026-03-19 00:34:20.670357475+00:00,781,cancel_requested,ask,2195.7,0.12665550277252452,2026-03-19 00:34:20.205110345+00:00,74.048,2026-03-19 00:34:19.955110345+00:00,pending_cancel,pressure_stop_ask,2026-03-19 00:34:20.670357475+00:00,2026-03-19 00:34:20.920357475+00:00
2026-03-19 00:34:20.670357475+00:00,782,cancel_requested,bid,2194.7,0.07334449722747548,2026-03-19 00:34:20.599389686+00:00,167.79700000000003,2026-03-19 00:34:20.349389686+00:00,pending_cancel,refresh_reprice,2026-03-19 00:34:20.670357475+00:00,2026-03-19 00:34:20.920357475+00:00
2026-03-19 00:34:20.920357475+00:00,782,cancelled,bid,2194.7,0.07334449722747548,2026-03-19 00:34:20.599389686+00:00,167.79700000000003,2026-03-19 00:34:20.349389686+00:00,cancelled,refresh_reprice,2026-03-19 00:34:20.670357475+00:00,2026-03-19 00:34:20.920357475+00:00
2026-03-19 00:34:20.920357475+00:00,781,cancelled,ask,2195.7,0.12665550277252452,2026-03-19 00:34:20.205110345+00:00,74.048,2026-03-19 00:34:19.955110345+00:00,cancelled,pressure_stop_ask,2026-03-19 00:34:20.670357475+00:00,2026-03-19 00:34:20.920357475+00:00
2026-03-19 00:34:20.960493080+00:00,783,placed,bid,2194.9,0.07334449722747548,2026-03-19 00:34:21.210493080+00:00,167.493,2026-03-19 00:34:20.960493080+00:00,pending_new,,,
2026-03-19 00:34:20.960493080+00:00,784,placed,ask,2195.9,0.12665550277252452,2026-03-19 00:34:21.210493080+00:00,33.522999999999996,2026-03-19 00:34:20.960493080+00:00,pending_new,,,
2026-03-19 00:34:22.178135669+00:00,784,cancel_requested,ask,2195.9,0.12665550277252452,2026-03-19 00:34:21.210493080+00:00,33.522999999999996,2026-03-19 00:34:20.960493080+00:00,pending_cancel,pressure_stop_ask,2026-03-19 00:34:22.178135669+00:00,2026-03-19 00:34:22.428135669+00:00
2026-03-19 00:34:22.428135669+00:00,784,cancelled,ask,2195.9,0.12665550277252452,2026-03-19 00:34:21.210493080+00:00,33.522999999999996,2026-03-19 00:34:20.960493080+00:00,cancelled,pressure_stop_ask,2026-03-19 00:34:22.178135669+00:00,2026-03-19 00:34:22.428135669+00:00
2026-03-19 00:34:23.630249201+00:00,783,cancel_requested,bid,2194.9,0.07334449722747548,2026-03-19 00:34:21.210493080+00:00,167.493,2026-03-19 00:34:20.960493080+00:00,pending_cancel,pressure_stop_bid,2026-03-19 00:34:23.630249201+00:00,2026-03-19 00:34:23.880249201+00:00
2026-03-19 00:34:23.630249201+00:00,785,placed,ask,2195.8,0.12665550277252452,2026-03-19 00:34:23.880249201+00:00,101.97,2026-03-19 00:34:23.630249201+00:00,pending_new,,,
2026-03-19 00:34:23.880249201+00:00,783,cancelled,bid,2194.9,0.07334449722747548,2026-03-19 00:34:21.210493080+00:00,167.493,2026-03-19 00:34:20.960493080+00:00,cancelled,pressure_stop_bid,2026-03-19 00:34:23.630249201+00:00,2026-03-19 00:34:23.880249201+00:00
2026-03-19 00:34:23.935308684+00:00,786,placed,bid,2194.8,0.07334449722747548,2026-03-19 00:34:24.185308684+00:00,185.963,2026-03-19 00:34:23.935308684+00:00,pending_new,,,
2026-03-19 00:34:24.036856298+00:00,786,cancel_requested,bid,2194.8,0.07334449722747548,2026-03-19 00:34:24.185308684+00:00,185.963,2026-03-19 00:34:23.935308684+00:00,pending_cancel,pressure_stop_bid,2026-03-19 00:34:24.036856298+00:00,2026-03-19 00:34:24.286856298+00:00
2026-03-19 00:34:24.286856298+00:00,786,cancelled,bid,2194.8,0.07334449722747548,2026-03-19 00:34:24.185308684+00:00,185.963,2026-03-19 00:34:23.935308684+00:00,cancelled,pressure_stop_bid,2026-03-19 00:34:24.036856298+00:00,2026-03-19 00:34:24.286856298+00:00
2026-03-19 00:34:24.339993401+00:00,787,placed,bid,2194.8,0.07334449722747548,2026-03-19 00:34:24.589993401+00:00,193.42000000000002,2026-03-19 00:34:24.339993401+00:00,pending_new,,,
2026-03-19 00:34:24.656784909+00:00,785,cancel_requested,ask,2195.8,0.12665550277252452,2026-03-19 00:34:23.880249201+00:00,101.97,2026-03-19 00:34:23.630249201+00:00,pending_cancel,expected_edge_ask,2026-03-19 00:34:24.656784909+00:00,2026-03-19 00:34:24.906784909+00:00
2026-03-19 00:34:24.906784909+00:00,785,cancelled,ask,2195.8,0.12665550277252452,2026-03-19 00:34:23.880249201+00:00,101.97,2026-03-19 00:34:23.630249201+00:00,cancelled,expected_edge_ask,2026-03-19 00:34:24.656784909+00:00,2026-03-19 00:34:24.906784909+00:00
2026-03-19 00:34:24.939357406+00:00,788,placed,ask,2195.9,0.12665550277252452,2026-03-19 00:34:25.189357406+00:00,179.723,2026-03-19 00:34:24.939357406+00:00,pending_new,,,
2026-03-19 00:34:25.317434920+00:00,788,cancel_requested,ask,2195.9,0.12665550277252452,2026-03-19 00:34:25.189357406+00:00,179.723,2026-03-19 00:34:24.939357406+00:00,pending_cancel,pressure_stop_ask,2026-03-19 00:34:25.317434920+00:00,2026-03-19 00:34:25.567434920+00:00
2026-03-19 00:34:25.567434920+00:00,788,cancelled,ask,2195.9,0.12665550277252452,2026-03-19 00:34:25.189357406+00:00,179.723,2026-03-19 00:34:24.939357406+00:00,cancelled,pressure_stop_ask,2026-03-19 00:34:25.317434920+00:00,2026-03-19 00:34:25.567434920+00:00
2026-03-19 00:34:25.623207265+00:00,789,placed,ask,2196.0,0.12665550277252452,2026-03-19 00:34:25.873207265+00:00,39.406000000000006,2026-03-19 00:34:25.623207265+00:00,pending_new,,,
2026-03-19 00:34:26.439170060+00:00,787,cancel_requested,bid,2194.8,0.07334449722747548,2026-03-19 00:34:24.589993401+00:00,193.42000000000002,2026-03-19 00:34:24.339993401+00:00,pending_cancel,pressure_stop_bid,2026-03-19 00:34:26.439170060+00:00,2026-03-19 00:34:26.689170060+00:00
2026-03-19 00:34:26.689170060+00:00,787,cancelled,bid,2194.8,0.07334449722747548,2026-03-19 00:34:24.589993401+00:00,193.42000000000002,2026-03-19 00:34:24.339993401+00:00,cancelled,pressure_stop_bid,2026-03-19 00:34:26.439170060+00:00,2026-03-19 00:34:26.689170060+00:00
2026-03-19 00:34:31.492211925+00:00,789,cancel_requested,ask,2196.0,0.12665550277252452,2026-03-19 00:34:25.873207265+00:00,39.406000000000006,2026-03-19 00:34:25.623207265+00:00,pending_cancel,pressure_stop_ask,2026-03-19 00:34:31.492211925+00:00,2026-03-19 00:34:31.742211925+00:00
2026-03-19 00:34:31.492211925+00:00,790,placed,bid,2194.8,0.07334449722747548,2026-03-19 00:34:31.742211925+00:00,207.674,2026-03-19 00:34:31.492211925+00:00,pending_new,,,
2026-03-19 00:34:31.594386262+00:00,790,cancel_requested,bid,2194.8,0.07334449722747548,2026-03-19 00:34:31.742211925+00:00,207.674,2026-03-19 00:34:31.492211925+00:00,pending_cancel,pressure_stop_bid,2026-03-19 00:34:31.594386262+00:00,2026-03-19 00:34:31.844386262+00:00
2026-03-19 00:34:31.742211925+00:00,789,cancelled,ask,2196.0,0.12665550277252452,2026-03-19 00:34:25.873207265+00:00,39.406000000000006,2026-03-19 00:34:25.623207265+00:00,cancelled,pressure_stop_ask,2026-03-19 00:34:31.492211925+00:00,2026-03-19 00:34:31.742211925+00:00
2026-03-19 00:34:31.797508849+00:00,791,placed,ask,2195.8,0.12665550277252452,2026-03-19 00:34:32.047508849+00:00,122.22,2026-03-19 00:34:31.797508849+00:00,pending_new,,,
2026-03-19 00:34:31.844386262+00:00,790,cancelled,bid,2194.8,0.07334449722747548,2026-03-19 00:34:31.742211925+00:00,207.674,2026-03-19 00:34:31.492211925+00:00,cancelled,pressure_stop_bid,2026-03-19 00:34:31.594386262+00:00,2026-03-19 00:34:31.844386262+00:00
2026-03-19 00:34:34.808565501+00:00,791,cancel_requested,ask,2195.8,0.12665550277252452,2026-03-19 00:34:32.047508849+00:00,122.22,2026-03-19 00:34:31.797508849+00:00,pending_cancel,pressure_stop_ask,2026-03-19 00:34:34.808565501+00:00,2026-03-19 00:34:35.058565501+00:00
2026-03-19 00:34:34.808565501+00:00,792,placed,bid,2195.0,0.07334449722747548,2026-03-19 00:34:35.058565501+00:00,169.589,2026-03-19 00:34:34.808565501+00:00,pending_new,,,
2026-03-19 00:34:35.058565501+00:00,791,cancelled,ask,2195.8,0.12665550277252452,2026-03-19 00:34:32.047508849+00:00,122.22,2026-03-19 00:34:31.797508849+00:00,cancelled,pressure_stop_ask,2026-03-19 00:34:34.808565501+00:00,2026-03-19 00:34:35.058565501+00:00
2026-03-19 00:34:35.063163509+00:00,793,placed,ask,2196.1,0.12665550277252452,2026-03-19 00:34:35.313163509+00:00,68.641,2026-03-19 00:34:35.063163509+00:00,pending_new,,,
2026-03-19 00:34:35.408835760+00:00,792,cancel_requested,bid,2195.0,0.07334449722747548,2026-03-19 00:34:35.058565501+00:00,169.589,2026-03-19 00:34:34.808565501+00:00,pending_cancel,refresh_reprice,2026-03-19 00:34:35.408835760+00:00,2026-03-19 00:34:35.658835760+00:00
2026-03-19 00:34:35.408835760+00:00,793,cancel_requested,ask,2196.1,0.12665550277252452,2026-03-19 00:34:35.313163509+00:00,68.641,2026-03-19 00:34:35.063163509+00:00,pending_cancel,refresh_reprice,2026-03-19 00:34:35.408835760+00:00,2026-03-19 00:34:35.658835760+00:00
2026-03-19 00:34:35.658835760+00:00,792,cancelled,bid,2195.0,0.07334449722747548,2026-03-19 00:34:35.058565501+00:00,169.589,2026-03-19 00:34:34.808565501+00:00,cancelled,refresh_reprice,2026-03-19 00:34:35.408835760+00:00,2026-03-19 00:34:35.658835760+00:00
2026-03-19 00:34:35.658835760+00:00,793,cancelled,ask,2196.1,0.12665550277252452,2026-03-19 00:34:35.313163509+00:00,68.641,2026-03-19 00:34:35.063163509+00:00,cancelled,refresh_reprice,2026-03-19 00:34:35.408835760+00:00,2026-03-19 00:34:35.658835760+00:00
2026-03-19 00:34:35.706922631+00:00,794,placed,bid,2194.6,0.07334449722747548,2026-03-19 00:34:35.956922631+00:00,208.60399999999998,2026-03-19 00:34:35.706922631+00:00,pending_new,,,
2026-03-19 00:34:35.706922631+00:00,795,placed,ask,2196.5,0.12665550277252452,2026-03-19 00:34:35.956922631+00:00,266.691,2026-03-19 00:34:35.706922631+00:00,pending_new,,,
2026-03-19 00:34:35.825343373+00:00,795,cancel_requested,ask,2196.5,0.12665550277252452,2026-03-19 00:34:35.956922631+00:00,266.691,2026-03-19 00:34:35.706922631+00:00,pending_cancel,pressure_stop_ask,2026-03-19 00:34:35.825343373+00:00,2026-03-19 00:34:36.075343373+00:00
2026-03-19 00:34:35.930505883+00:00,794,cancel_requested,bid,2194.6,0.07334449722747548,2026-03-19 00:34:35.956922631+00:00,208.60399999999998,2026-03-19 00:34:35.706922631+00:00,pending_cancel,refresh_reprice,2026-03-19 00:34:35.930505883+00:00,2026-03-19 00:34:36.180505883+00:00
2026-03-19 00:34:36.075343373+00:00,795,cancelled,ask,2196.5,0.12665550277252452,2026-03-19 00:34:35.956922631+00:00,266.691,2026-03-19 00:34:35.706922631+00:00,cancelled,pressure_stop_ask,2026-03-19 00:34:35.825343373+00:00,2026-03-19 00:34:36.075343373+00:00
2026-03-19 00:34:36.075477430+00:00,796,placed,ask,2196.9,0.12665550277252452,2026-03-19 00:34:36.325477430+00:00,207.553,2026-03-19 00:34:36.075477430+00:00,pending_new,,,
2026-03-19 00:34:36.180505883+00:00,794,cancelled,bid,2194.6,0.07334449722747548,2026-03-19 00:34:35.956922631+00:00,208.60399999999998,2026-03-19 00:34:35.706922631+00:00,cancelled,refresh_reprice,2026-03-19 00:34:35.930505883+00:00,2026-03-19 00:34:36.180505883+00:00
2026-03-19 00:34:36.236241189+00:00,797,placed,bid,2195.0,0.07334449722747548,2026-03-19 00:34:36.486241189+00:00,233.048,2026-03-19 00:34:36.236241189+00:00,pending_new,,,
2026-03-19 00:34:41.335816145+00:00,796,resized,ask,2196.9,0.12651001996378017,2026-03-19 00:34:36.325477430+00:00,207.553,,,preserve_queue_priority,,
2026-03-19 00:34:42.106116123+00:00,797,cancel_requested,bid,2195.0,0.07334449722747548,2026-03-19 00:34:36.486241189+00:00,233.048,2026-03-19 00:34:36.236241189+00:00,pending_cancel,refresh_reprice,2026-03-19 00:34:42.106116123+00:00,2026-03-19 00:34:42.356116123+00:00
2026-03-19 00:34:42.106116123+00:00,796,cancel_requested,ask,2196.9,0.12651001996378017,2026-03-19 00:34:36.325477430+00:00,207.553,2026-03-19 00:34:36.075477430+00:00,pending_cancel,refresh_reprice,2026-03-19 00:34:42.106116123+00:00,2026-03-19 00:34:42.356116123+00:00
2026-03-19 00:34:42.356116123+00:00,797,cancelled,bid,2195.0,0.07334449722747548,2026-03-19 00:34:36.486241189+00:00,233.048,2026-03-19 00:34:36.236241189+00:00,cancelled,refresh_reprice,2026-03-19 00:34:42.106116123+00:00,2026-03-19 00:34:42.356116123+00:00
2026-03-19 00:34:42.356116123+00:00,796,cancelled,ask,2196.9,0.12651001996378017,2026-03-19 00:34:36.325477430+00:00,207.553,2026-03-19 00:34:36.075477430+00:00,cancelled,refresh_reprice,2026-03-19 00:34:42.106116123+00:00,2026-03-19 00:34:42.356116123+00:00
2026-03-19 00:34:42.382240907+00:00,798,placed,bid,2195.6,0.07348998003621986,2026-03-19 00:34:42.632240907+00:00,202.87399999999997,2026-03-19 00:34:42.382240907+00:00,pending_new,,,
2026-03-19 00:34:42.382240907+00:00,799,placed,ask,2196.6,0.12651001996378017,2026-03-19 00:34:42.632240907+00:00,82.82399999999998,2026-03-19 00:34:42.382240907+00:00,pending_new,,,
2026-03-19 00:34:42.462695464+00:00,799,cancel_requested,ask,2196.6,0.12651001996378017,2026-03-19 00:34:42.632240907+00:00,82.82399999999998,2026-03-19 00:34:42.382240907+00:00,pending_cancel,expected_edge_ask,2026-03-19 00:34:42.462695464+00:00,2026-03-19 00:34:42.712695464+00:00
2026-03-19 00:34:42.712695464+00:00,799,cancelled,ask,2196.6,0.12651001996378017,2026-03-19 00:34:42.632240907+00:00,82.82399999999998,2026-03-19 00:34:42.382240907+00:00,cancelled,expected_edge_ask,2026-03-19 00:34:42.462695464+00:00,2026-03-19 00:34:42.712695464+00:00
2026-03-19 00:34:42.735922984+00:00,800,placed,ask,2196.5,0.12651001996378017,2026-03-19 00:34:42.985922984+00:00,73.28999999999999,2026-03-19 00:34:42.735922984+00:00,pending_new,,,
2026-03-19 00:34:43.007385085+00:00,800,cancel_requested,ask,2196.5,0.12651001996378017,2026-03-19 00:34:42.985922984+00:00,73.28999999999999,2026-03-19 00:34:42.735922984+00:00,pending_cancel,expected_edge_ask,2026-03-19 00:34:43.007385085+00:00,2026-03-19 00:34:43.257385085+00:00
2026-03-19 00:34:43.257385085+00:00,800,cancelled,ask,2196.5,0.12651001996378017,2026-03-19 00:34:42.985922984+00:00,73.28999999999999,2026-03-19 00:34:42.735922984+00:00,cancelled,expected_edge_ask,2026-03-19 00:34:43.007385085+00:00,2026-03-19 00:34:43.257385085+00:00
2026-03-19 00:34:48.336147775+00:00,801,placed,ask,2196.6,0.12651001996378017,2026-03-19 00:34:48.586147775+00:00,105.627,2026-03-19 00:34:48.336147775+00:00,pending_new,,,
2026-03-19 00:34:48.489671295+00:00,798,cancel_requested,bid,2195.6,0.07348998003621986,2026-03-19 00:34:42.632240907+00:00,202.87399999999997,2026-03-19 00:34:42.382240907+00:00,pending_cancel,pressure_stop_bid,2026-03-19 00:34:48.489671295+00:00,2026-03-19 00:34:48.739671295+00:00
2026-03-19 00:34:48.739671295+00:00,798,cancelled,bid,2195.6,0.07348998003621986,2026-03-19 00:34:42.632240907+00:00,202.87399999999997,2026-03-19 00:34:42.382240907+00:00,cancelled,pressure_stop_bid,2026-03-19 00:34:48.489671295+00:00,2026-03-19 00:34:48.739671295+00:00
2026-03-19 00:34:48.765091335+00:00,801,cancel_requested,ask,2196.6,0.12651001996378017,2026-03-19 00:34:48.586147775+00:00,105.627,2026-03-19 00:34:48.336147775+00:00,pending_cancel,refresh_reprice,2026-03-19 00:34:48.765091335+00:00,2026-03-19 00:34:49.015091335+00:00
2026-03-19 00:34:49.015091335+00:00,801,cancelled,ask,2196.6,0.12651001996378017,2026-03-19 00:34:48.586147775+00:00,105.627,2026-03-19 00:34:48.336147775+00:00,cancelled,refresh_reprice,2026-03-19 00:34:48.765091335+00:00,2026-03-19 00:34:49.015091335+00:00
2026-03-19 00:34:49.048047470+00:00,802,placed,ask,2196.3,0.12651001996378017,2026-03-19 00:34:49.298047470+00:00,107.158,2026-03-19 00:34:49.048047470+00:00,pending_new,,,
2026-03-19 00:34:50.168985651+00:00,802,cancel_requested,ask,2196.3,0.12651001996378017,2026-03-19 00:34:49.298047470+00:00,107.158,2026-03-19 00:34:49.048047470+00:00,pending_cancel,expected_edge_ask,2026-03-19 00:34:50.168985651+00:00,2026-03-19 00:34:50.418985651+00:00
2026-03-19 00:34:50.168985651+00:00,803,placed,bid,2195.4,0.07348998003621986,2026-03-19 00:34:50.418985651+00:00,175.224,2026-03-19 00:34:50.168985651+00:00,pending_new,,,
2026-03-19 00:34:50.418985651+00:00,802,cancelled,ask,2196.3,0.12651001996378017,2026-03-19 00:34:49.298047470+00:00,107.158,2026-03-19 00:34:49.048047470+00:00,cancelled,expected_edge_ask,2026-03-19 00:34:50.168985651+00:00,2026-03-19 00:34:50.418985651+00:00
2026-03-19 00:34:50.476708743+00:00,804,placed,ask,2196.4,0.12651001996378017,2026-03-19 00:34:50.726708743+00:00,86.548,2026-03-19 00:34:50.476708743+00:00,pending_new,,,
2026-03-19 00:34:50.883050765+00:00,804,cancel_requested,ask,2196.4,0.12651001996378017,2026-03-19 00:34:50.726708743+00:00,86.548,2026-03-19 00:34:50.476708743+00:00,pending_cancel,pressure_stop_ask,2026-03-19 00:34:50.883050765+00:00,2026-03-19 00:34:51.133050765+00:00
2026-03-19 00:34:51.133050765+00:00,804,cancelled,ask,2196.4,0.12651001996378017,2026-03-19 00:34:50.726708743+00:00,86.548,2026-03-19 00:34:50.476708743+00:00,cancelled,pressure_stop_ask,2026-03-19 00:34:50.883050765+00:00,2026-03-19 00:34:51.133050765+00:00
2026-03-19 00:34:53.898824753+00:00,803,cancel_requested,bid,2195.4,0.07348998003621986,2026-03-19 00:34:50.418985651+00:00,175.224,2026-03-19 00:34:50.168985651+00:00,pending_cancel,pressure_stop_bid,2026-03-19 00:34:53.898824753+00:00,2026-03-19 00:34:54.148824753+00:00
2026-03-19 00:34:53.898824753+00:00,805,placed,ask,2196.4,0.12651001996378017,2026-03-19 00:34:54.148824753+00:00,174.68200000000002,2026-03-19 00:34:53.898824753+00:00,pending_new,,,
2026-03-19 00:34:53.950439325+00:00,805,cancel_requested,ask,2196.4,0.12651001996378017,2026-03-19 00:34:54.148824753+00:00,174.68200000000002,2026-03-19 00:34:53.898824753+00:00,pending_cancel,refresh_reprice,2026-03-19 00:34:53.950439325+00:00,2026-03-19 00:34:54.200439325+00:00
2026-03-19 00:34:54.148824753+00:00,803,cancelled,bid,2195.4,0.07348998003621986,2026-03-19 00:34:50.418985651+00:00,175.224,2026-03-19 00:34:50.168985651+00:00,cancelled,pressure_stop_bid,2026-03-19 00:34:53.898824753+00:00,2026-03-19 00:34:54.148824753+00:00
2026-03-19 00:34:54.200439325+00:00,805,cancelled,ask,2196.4,0.12651001996378017,2026-03-19 00:34:54.148824753+00:00,174.68200000000002,2026-03-19 00:34:53.898824753+00:00,cancelled,refresh_reprice,2026-03-19 00:34:53.950439325+00:00,2026-03-19 00:34:54.200439325+00:00
2026-03-19 00:34:54.203204529+00:00,806,placed,ask,2195.5,0.12651001996378017,2026-03-19 00:34:54.453204529+00:00,94.325,2026-03-19 00:34:54.203204529+00:00,pending_new,,,
2026-03-19 00:34:54.456891529+00:00,806,cancel_requested,ask,2195.5,0.12651001996378017,2026-03-19 00:34:54.453204529+00:00,94.325,2026-03-19 00:34:54.203204529+00:00,pending_cancel,refresh_reprice,2026-03-19 00:34:54.456891529+00:00,2026-03-19 00:34:54.706891529+00:00
2026-03-19 00:34:54.706891529+00:00,806,cancelled,ask,2195.5,0.12651001996378017,2026-03-19 00:34:54.453204529+00:00,94.325,2026-03-19 00:34:54.203204529+00:00,cancelled,refresh_reprice,2026-03-19 00:34:54.456891529+00:00,2026-03-19 00:34:54.706891529+00:00
2026-03-19 00:34:54.708700061+00:00,807,placed,ask,2195.2,0.12651001996378017,2026-03-19 00:34:54.958700061+00:00,64.472,2026-03-19 00:34:54.708700061+00:00,pending_new,,,
2026-03-19 00:34:56.654610998+00:00,808,placed,bid,2193.4,0.07348998003621986,2026-03-19 00:34:56.904610998+00:00,172.79999999999998,2026-03-19 00:34:56.654610998+00:00,pending_new,,,
2026-03-19 00:34:56.756816188+00:00,808,cancel_requested,bid,2193.4,0.07348998003621986,2026-03-19 00:34:56.904610998+00:00,172.79999999999998,2026-03-19 00:34:56.654610998+00:00,pending_cancel,refresh_reprice,2026-03-19 00:34:56.756816188+00:00,2026-03-19 00:34:57.006816188+00:00
2026-03-19 00:34:56.909219723+00:00,807,cancel_requested,ask,2195.2,0.12651001996378017,2026-03-19 00:34:54.958700061+00:00,64.472,2026-03-19 00:34:54.708700061+00:00,pending_cancel,pressure_stop_ask,2026-03-19 00:34:56.909219723+00:00,2026-03-19 00:34:57.159219723+00:00
2026-03-19 00:34:57.006816188+00:00,808,cancelled,bid,2193.4,0.07348998003621986,2026-03-19 00:34:56.904610998+00:00,172.79999999999998,2026-03-19 00:34:56.654610998+00:00,cancelled,refresh_reprice,2026-03-19 00:34:56.756816188+00:00,2026-03-19 00:34:57.006816188+00:00
2026-03-19 00:34:57.008596189+00:00,809,placed,bid,2193.2,0.07343256736900293,2026-03-19 00:34:57.258596189+00:00,216.462,2026-03-19 00:34:57.008596189+00:00,pending_new,,,
2026-03-19 00:34:57.159219723+00:00,807,cancelled,ask,2195.2,0.12651001996378017,2026-03-19 00:34:54.958700061+00:00,64.472,2026-03-19 00:34:54.708700061+00:00,cancelled,pressure_stop_ask,2026-03-19 00:34:56.909219723+00:00,2026-03-19 00:34:57.159219723+00:00
2026-03-19 00:34:57.164172479+00:00,810,placed,ask,2195.2,0.1265674326309971,2026-03-19 00:34:57.414172479+00:00,251.875,2026-03-19 00:34:57.164172479+00:00,pending_new,,,
2026-03-19 00:34:57.368287846+00:00,809,cancel_requested,bid,2193.2,0.07343256736900293,2026-03-19 00:34:57.258596189+00:00,216.462,2026-03-19 00:34:57.008596189+00:00,pending_cancel,pressure_stop_bid,2026-03-19 00:34:57.368287846+00:00,2026-03-19 00:34:57.618287846+00:00
2026-03-19 00:34:57.618287846+00:00,809,cancelled,bid,2193.2,0.07343256736900293,2026-03-19 00:34:57.258596189+00:00,216.462,2026-03-19 00:34:57.008596189+00:00,cancelled,pressure_stop_bid,2026-03-19 00:34:57.368287846+00:00,2026-03-19 00:34:57.618287846+00:00
2026-03-19 00:34:57.622892560+00:00,810,cancel_requested,ask,2195.2,0.1265674326309971,2026-03-19 00:34:57.414172479+00:00,251.875,2026-03-19 00:34:57.164172479+00:00,pending_cancel,refresh_reprice,2026-03-19 00:34:57.622892560+00:00,2026-03-19 00:34:57.872892560+00:00
2026-03-19 00:34:57.872892560+00:00,810,cancelled,ask,2195.2,0.1265674326309971,2026-03-19 00:34:57.414172479+00:00,251.875,2026-03-19 00:34:57.164172479+00:00,cancelled,refresh_reprice,2026-03-19 00:34:57.622892560+00:00,2026-03-19 00:34:57.872892560+00:00
2026-03-19 00:34:57.873363004+00:00,811,placed,ask,2194.9,0.1265674326309971,2026-03-19 00:34:58.123363004+00:00,241.78199999999998,2026-03-19 00:34:57.873363004+00:00,pending_new,,,
2026-03-19 00:34:59.359315084+00:00,812,placed,bid,2192.4,0.07343256736900293,2026-03-19 00:34:59.609315084+00:00,137.105,2026-03-19 00:34:59.359315084+00:00,pending_new,,,
2026-03-19 00:34:59.359315084+00:00,811,cancel_requested,ask,2194.9,0.1265674326309971,2026-03-19 00:34:58.123363004+00:00,241.78199999999998,2026-03-19 00:34:57.873363004+00:00,pending_cancel,refresh_reprice,2026-03-19 00:34:59.359315084+00:00,2026-03-19 00:34:59.609315084+00:00
2026-03-19 00:34:59.609315084+00:00,811,cancelled,ask,2194.9,0.1265674326309971,2026-03-19 00:34:58.123363004+00:00,241.78199999999998,2026-03-19 00:34:57.873363004+00:00,cancelled,refresh_reprice,2026-03-19 00:34:59.359315084+00:00,2026-03-19 00:34:59.609315084+00:00
2026-03-19 00:34:59.613711307+00:00,813,placed,ask,2194.5,0.1265674326309971,2026-03-19 00:34:59.863711307+00:00,206.444,2026-03-19 00:34:59.613711307+00:00,pending_new,,,
2026-03-19 00:34:59.716400779+00:00,813,cancel_requested,ask,2194.5,0.1265674326309971,2026-03-19 00:34:59.863711307+00:00,206.444,2026-03-19 00:34:59.613711307+00:00,pending_cancel,pressure_stop_ask,2026-03-19 00:34:59.716400779+00:00,2026-03-19 00:34:59.966400779+00:00
2026-03-19 00:34:59.966400779+00:00,813,cancelled,ask,2194.5,0.1265674326309971,2026-03-19 00:34:59.863711307+00:00,206.444,2026-03-19 00:34:59.613711307+00:00,cancelled,pressure_stop_ask,2026-03-19 00:34:59.716400779+00:00,2026-03-19 00:34:59.966400779+00:00
2026-03-19 00:35:03.132041960+00:00,812,cancel_requested,bid,2192.4,0.07343256736900293,2026-03-19 00:34:59.609315084+00:00,137.105,2026-03-19 00:34:59.359315084+00:00,pending_cancel,refresh_reprice,2026-03-19 00:35:03.132041960+00:00,2026-03-19 00:35:03.382041960+00:00
2026-03-19 00:35:03.382041960+00:00,812,cancelled,bid,2192.4,0.07343256736900293,2026-03-19 00:34:59.609315084+00:00,137.105,2026-03-19 00:34:59.359315084+00:00,cancelled,refresh_reprice,2026-03-19 00:35:03.132041960+00:00,2026-03-19 00:35:03.382041960+00:00
2026-03-19 00:35:03.439249801+00:00,814,placed,bid,2193.3,0.07343256736900293,2026-03-19 00:35:03.689249801+00:00,213.64499999999998,2026-03-19 00:35:03.439249801+00:00,pending_new,,,
2026-03-19 00:35:03.439249801+00:00,815,placed,ask,2194.4,0.1265674326309971,2026-03-19 00:35:03.689249801+00:00,66.555,2026-03-19 00:35:03.439249801+00:00,pending_new,,,
2026-03-19 00:35:03.694287157+00:00,814,cancel_requested,bid,2193.3,0.07343256736900293,2026-03-19 00:35:03.689249801+00:00,213.64499999999998,2026-03-19 00:35:03.439249801+00:00,pending_cancel,pressure_stop_bid,2026-03-19 00:35:03.694287157+00:00,2026-03-19 00:35:03.944287157+00:00
2026-03-19 00:35:03.694287157+00:00,815,cancel_requested,ask,2194.4,0.1265674326309971,2026-03-19 00:35:03.689249801+00:00,66.555,2026-03-19 00:35:03.439249801+00:00,pending_cancel,refresh_reprice,2026-03-19 00:35:03.694287157+00:00,2026-03-19 00:35:03.944287157+00:00
2026-03-19 00:35:03.944287157+00:00,814,cancelled,bid,2193.3,0.07343256736900293,2026-03-19 00:35:03.689249801+00:00,213.64499999999998,2026-03-19 00:35:03.439249801+00:00,cancelled,pressure_stop_bid,2026-03-19 00:35:03.694287157+00:00,2026-03-19 00:35:03.944287157+00:00
2026-03-19 00:35:03.944287157+00:00,815,cancelled,ask,2194.4,0.1265674326309971,2026-03-19 00:35:03.689249801+00:00,66.555,2026-03-19 00:35:03.439249801+00:00,cancelled,refresh_reprice,2026-03-19 00:35:03.694287157+00:00,2026-03-19 00:35:03.944287157+00:00
2026-03-19 00:35:03.945125604+00:00,816,placed,bid,2192.4,0.07343256736900293,2026-03-19 00:35:04.195125604+00:00,205.977,2026-03-19 00:35:03.945125604+00:00,pending_new,,,
2026-03-19 00:35:04.051633363+00:00,817,placed,ask,2194.5,0.1265674326309971,2026-03-19 00:35:04.301633363+00:00,195.492,2026-03-19 00:35:04.051633363+00:00,pending_new,,,
2026-03-19 00:35:04.201833878+00:00,817,cancel_requested,ask,2194.5,0.1265674326309971,2026-03-19 00:35:04.301633363+00:00,195.492,2026-03-19 00:35:04.051633363+00:00,pending_cancel,pressure_stop_ask,2026-03-19 00:35:04.201833878+00:00,2026-03-19 00:35:04.451833878+00:00
2026-03-19 00:35:04.451833878+00:00,817,cancelled,ask,2194.5,0.1265674326309971,2026-03-19 00:35:04.301633363+00:00,195.492,2026-03-19 00:35:04.051633363+00:00,cancelled,pressure_stop_ask,2026-03-19 00:35:04.201833878+00:00,2026-03-19 00:35:04.451833878+00:00
2026-03-19 00:35:04.918649711+00:00,816,cancel_requested,bid,2192.4,0.07343256736900293,2026-03-19 00:35:04.195125604+00:00,205.977,2026-03-19 00:35:03.945125604+00:00,pending_cancel,pressure_stop_bid,2026-03-19 00:35:04.918649711+00:00,2026-03-19 00:35:05.168649711+00:00
2026-03-19 00:35:04.918649711+00:00,818,placed,ask,2194.4,0.1265674326309971,2026-03-19 00:35:05.168649711+00:00,163.486,2026-03-19 00:35:04.918649711+00:00,pending_new,,,
2026-03-19 00:35:04.969776059+00:00,818,cancel_requested,ask,2194.4,0.1265674326309971,2026-03-19 00:35:05.168649711+00:00,163.486,2026-03-19 00:35:04.918649711+00:00,pending_cancel,pressure_stop_ask,2026-03-19 00:35:04.969776059+00:00,2026-03-19 00:35:05.219776059+00:00
2026-03-19 00:35:05.168649711+00:00,816,cancelled,bid,2192.4,0.07343256736900293,2026-03-19 00:35:04.195125604+00:00,205.977,2026-03-19 00:35:03.945125604+00:00,cancelled,pressure_stop_bid,2026-03-19 00:35:04.918649711+00:00,2026-03-19 00:35:05.168649711+00:00
2026-03-19 00:35:05.219776059+00:00,818,cancelled,ask,2194.4,0.1265674326309971,2026-03-19 00:35:05.168649711+00:00,163.486,2026-03-19 00:35:04.918649711+00:00,cancelled,pressure_stop_ask,2026-03-19 00:35:04.969776059+00:00,2026-03-19 00:35:05.219776059+00:00
2026-03-19 00:35:05.223718731+00:00,819,placed,ask,2193.6,0.1265674326309971,2026-03-19 00:35:05.473718731+00:00,221.206,2026-03-19 00:35:05.223718731+00:00,pending_new,,,
2026-03-19 00:35:05.377484892+00:00,820,placed,bid,2190.9,0.07343256736900293,2026-03-19 00:35:05.627484892+00:00,160.386,2026-03-19 00:35:05.377484892+00:00,pending_new,,,
2026-03-19 00:35:05.377484892+00:00,819,cancel_requested,ask,2193.6,0.1265674326309971,2026-03-19 00:35:05.473718731+00:00,221.206,2026-03-19 00:35:05.223718731+00:00,pending_cancel,refresh_reprice,2026-03-19 00:35:05.377484892+00:00,2026-03-19 00:35:05.627484892+00:00
2026-03-19 00:35:05.425717698+00:00,820,cancel_requested,bid,2190.9,0.07343256736900293,2026-03-19 00:35:05.627484892+00:00,160.386,2026-03-19 00:35:05.377484892+00:00,pending_cancel,pressure_stop_bid,2026-03-19 00:35:05.425717698+00:00,2026-03-19 00:35:05.675717698+00:00
2026-03-19 00:35:05.627484892+00:00,819,cancelled,ask,2193.6,0.1265674326309971,2026-03-19 00:35:05.473718731+00:00,221.206,2026-03-19 00:35:05.223718731+00:00,cancelled,refresh_reprice,2026-03-19 00:35:05.377484892+00:00,2026-03-19 00:35:05.627484892+00:00
2026-03-19 00:35:05.675717698+00:00,820,cancelled,bid,2190.9,0.07343256736900293,2026-03-19 00:35:05.627484892+00:00,160.386,2026-03-19 00:35:05.377484892+00:00,cancelled,pressure_stop_bid,2026-03-19 00:35:05.425717698+00:00,2026-03-19 00:35:05.675717698+00:00
2026-03-19 00:35:05.681193166+00:00,821,placed,bid,2191.3,0.07343256736900293,2026-03-19 00:35:05.931193166+00:00,184.13,2026-03-19 00:35:05.681193166+00:00,pending_new,,,
2026-03-19 00:35:05.681193166+00:00,822,placed,ask,2193.6,0.1265674326309971,2026-03-19 00:35:05.931193166+00:00,185.707,2026-03-19 00:35:05.681193166+00:00,pending_new,,,
2026-03-19 00:35:06.900552066+00:00,822,cancel_requested,ask,2193.6,0.1265674326309971,2026-03-19 00:35:05.931193166+00:00,185.707,2026-03-19 00:35:05.681193166+00:00,pending_cancel,pressure_stop_ask,2026-03-19 00:35:06.900552066+00:00,2026-03-19 00:35:07.150552066+00:00
2026-03-19 00:35:07.150552066+00:00,822,cancelled,ask,2193.6,0.1265674326309971,2026-03-19 00:35:05.931193166+00:00,185.707,2026-03-19 00:35:05.681193166+00:00,cancelled,pressure_stop_ask,2026-03-19 00:35:06.900552066+00:00,2026-03-19 00:35:07.150552066+00:00
2026-03-19 00:35:07.162443104+00:00,823,placed,ask,2193.8,0.1265674326309971,2026-03-19 00:35:07.412443104+00:00,206.73899999999998,2026-03-19 00:35:07.162443104+00:00,pending_new,,,
2026-03-19 00:35:07.214215367+00:00,821,cancel_requested,bid,2191.3,0.07343256736900293,2026-03-19 00:35:05.931193166+00:00,184.13,2026-03-19 00:35:05.681193166+00:00,pending_cancel,pressure_stop_bid,2026-03-19 00:35:07.214215367+00:00,2026-03-19 00:35:07.464215367+00:00
2026-03-19 00:35:07.214215367+00:00,823,cancel_requested,ask,2193.8,0.1265674326309971,2026-03-19 00:35:07.412443104+00:00,206.73899999999998,2026-03-19 00:35:07.162443104+00:00,pending_cancel,refresh_reprice,2026-03-19 00:35:07.214215367+00:00,2026-03-19 00:35:07.464215367+00:00
2026-03-19 00:35:07.464215367+00:00,821,cancelled,bid,2191.3,0.07343256736900293,2026-03-19 00:35:05.931193166+00:00,184.13,2026-03-19 00:35:05.681193166+00:00,cancelled,pressure_stop_bid,2026-03-19 00:35:07.214215367+00:00,2026-03-19 00:35:07.464215367+00:00
2026-03-19 00:35:07.464215367+00:00,823,cancelled,ask,2193.8,0.1265674326309971,2026-03-19 00:35:07.412443104+00:00,206.73899999999998,2026-03-19 00:35:07.162443104+00:00,cancelled,refresh_reprice,2026-03-19 00:35:07.214215367+00:00,2026-03-19 00:35:07.464215367+00:00
2026-03-19 00:35:07.519012207+00:00,824,placed,bid,2191.5,0.07343256736900293,2026-03-19 00:35:07.769012207+00:00,210.66500000000002,2026-03-19 00:35:07.519012207+00:00,pending_new,,,
2026-03-19 00:35:07.519012207+00:00,825,placed,ask,2193.8,0.1265674326309971,2026-03-19 00:35:07.769012207+00:00,204.147,2026-03-19 00:35:07.519012207+00:00,pending_new,,,
2026-03-19 00:35:07.823075263+00:00,825,cancel_requested,ask,2193.8,0.1265674326309971,2026-03-19 00:35:07.769012207+00:00,204.147,2026-03-19 00:35:07.519012207+00:00,pending_cancel,pressure_stop_ask,2026-03-19 00:35:07.823075263+00:00,2026-03-19 00:35:08.073075263+00:00
2026-03-19 00:35:08.073075263+00:00,825,cancelled,ask,2193.8,0.1265674326309971,2026-03-19 00:35:07.769012207+00:00,204.147,2026-03-19 00:35:07.519012207+00:00,cancelled,pressure_stop_ask,2026-03-19 00:35:07.823075263+00:00,2026-03-19 00:35:08.073075263+00:00
2026-03-19 00:35:08.281582644+00:00,824,cancel_requested,bid,2191.5,0.07343256736900293,2026-03-19 00:35:07.769012207+00:00,210.66500000000002,2026-03-19 00:35:07.519012207+00:00,pending_cancel,refresh_reprice,2026-03-19 00:35:08.281582644+00:00,2026-03-19 00:35:08.531582644+00:00
2026-03-19 00:35:08.531582644+00:00,824,cancelled,bid,2191.5,0.07343256736900293,2026-03-19 00:35:07.769012207+00:00,210.66500000000002,2026-03-19 00:35:07.519012207+00:00,cancelled,refresh_reprice,2026-03-19 00:35:08.281582644+00:00,2026-03-19 00:35:08.531582644+00:00
2026-03-19 00:35:08.537402073+00:00,826,placed,bid,2191.5,0.07343256736900293,2026-03-19 00:35:08.787402073+00:00,290.07700000000006,2026-03-19 00:35:08.537402073+00:00,pending_new,,,
2026-03-19 00:35:08.722284500+00:00,826,cancel_requested,bid,2191.5,0.07343256736900293,2026-03-19 00:35:08.787402073+00:00,290.07700000000006,2026-03-19 00:35:08.537402073+00:00,pending_cancel,refresh_reprice,2026-03-19 00:35:08.722284500+00:00,2026-03-19 00:35:08.972284500+00:00
2026-03-19 00:35:08.972284500+00:00,826,cancelled,bid,2191.5,0.07343256736900293,2026-03-19 00:35:08.787402073+00:00,290.07700000000006,2026-03-19 00:35:08.537402073+00:00,cancelled,refresh_reprice,2026-03-19 00:35:08.722284500+00:00,2026-03-19 00:35:08.972284500+00:00
2026-03-19 00:35:08.999057528+00:00,827,placed,bid,2192.2,0.07343256736900293,2026-03-19 00:35:09.249057528+00:00,177.647,2026-03-19 00:35:08.999057528+00:00,pending_new,,,
2026-03-19 00:35:09.757172545+00:00,827,cancel_requested,bid,2192.2,0.07343256736900293,2026-03-19 00:35:09.249057528+00:00,177.647,2026-03-19 00:35:08.999057528+00:00,pending_cancel,pressure_stop_bid,2026-03-19 00:35:09.757172545+00:00,2026-03-19 00:35:10.007172545+00:00
2026-03-19 00:35:09.757172545+00:00,828,placed,ask,2193.4,0.1265674326309971,2026-03-19 00:35:10.007172545+00:00,149.587,2026-03-19 00:35:09.757172545+00:00,pending_new,,,
2026-03-19 00:35:10.007172545+00:00,827,cancelled,bid,2192.2,0.07343256736900293,2026-03-19 00:35:09.249057528+00:00,177.647,2026-03-19 00:35:08.999057528+00:00,cancelled,pressure_stop_bid,2026-03-19 00:35:09.757172545+00:00,2026-03-19 00:35:10.007172545+00:00
2026-03-19 00:35:10.683588417+00:00,828,cancel_requested,ask,2193.4,0.1265674326309971,2026-03-19 00:35:10.007172545+00:00,149.587,2026-03-19 00:35:09.757172545+00:00,pending_cancel,pressure_stop_ask,2026-03-19 00:35:10.683588417+00:00,2026-03-19 00:35:10.933588417+00:00
2026-03-19 00:35:10.683588417+00:00,829,placed,bid,2192.3,0.07343256736900293,2026-03-19 00:35:10.933588417+00:00,202.211,2026-03-19 00:35:10.683588417+00:00,pending_new,,,
2026-03-19 00:35:10.933588417+00:00,828,cancelled,ask,2193.4,0.1265674326309971,2026-03-19 00:35:10.007172545+00:00,149.587,2026-03-19 00:35:09.757172545+00:00,cancelled,pressure_stop_ask,2026-03-19 00:35:10.683588417+00:00,2026-03-19 00:35:10.933588417+00:00
2026-03-19 00:35:10.936514422+00:00,830,placed,ask,2193.6,0.1265674326309971,2026-03-19 00:35:11.186514422+00:00,113.18299999999999,2026-03-19 00:35:10.936514422+00:00,pending_new,,,
2026-03-19 00:35:11.991998629+00:00,830,cancel_requested,ask,2193.6,0.1265674326309971,2026-03-19 00:35:11.186514422+00:00,113.18299999999999,2026-03-19 00:35:10.936514422+00:00,pending_cancel,pressure_stop_ask,2026-03-19 00:35:11.991998629+00:00,2026-03-19 00:35:12.241998629+00:00
2026-03-19 00:35:12.241998629+00:00,830,cancelled,ask,2193.6,0.1265674326309971,2026-03-19 00:35:11.186514422+00:00,113.18299999999999,2026-03-19 00:35:10.936514422+00:00,cancelled,pressure_stop_ask,2026-03-19 00:35:11.991998629+00:00,2026-03-19 00:35:12.241998629+00:00
2026-03-19 00:35:12.417577276+00:00,829,cancel_requested,bid,2192.3,0.07343256736900293,2026-03-19 00:35:10.933588417+00:00,202.211,2026-03-19 00:35:10.683588417+00:00,pending_cancel,refresh_reprice,2026-03-19 00:35:12.417577276+00:00,2026-03-19 00:35:12.667577276+00:00
2026-03-19 00:35:12.417577276+00:00,831,placed,ask,2193.8,0.1265674326309971,2026-03-19 00:35:12.667577276+00:00,93.17,2026-03-19 00:35:12.417577276+00:00,pending_new,,,
2026-03-19 00:35:12.467218327+00:00,831,cancel_requested,ask,2193.8,0.1265674326309971,2026-03-19 00:35:12.667577276+00:00,93.17,2026-03-19 00:35:12.417577276+00:00,pending_cancel,pressure_stop_ask,2026-03-19 00:35:12.467218327+00:00,2026-03-19 00:35:12.717218327+00:00
2026-03-19 00:35:12.667577276+00:00,829,cancelled,bid,2192.3,0.07343256736900293,2026-03-19 00:35:10.933588417+00:00,202.211,2026-03-19 00:35:10.683588417+00:00,cancelled,refresh_reprice,2026-03-19 00:35:12.417577276+00:00,2026-03-19 00:35:12.667577276+00:00
2026-03-19 00:35:12.708783650+00:00,832,placed,bid,2192.6,0.07343256736900293,2026-03-19 00:35:12.958783650+00:00,203.09400000000002,2026-03-19 00:35:12.708783650+00:00,pending_new,,,
2026-03-19 00:35:12.717218327+00:00,831,cancelled,ask,2193.8,0.1265674326309971,2026-03-19 00:35:12.667577276+00:00,93.17,2026-03-19 00:35:12.417577276+00:00,cancelled,pressure_stop_ask,2026-03-19 00:35:12.467218327+00:00,2026-03-19 00:35:12.717218327+00:00
2026-03-19 00:35:13.336237896+00:00,832,cancel_requested,bid,2192.6,0.07343256736900293,2026-03-19 00:35:12.958783650+00:00,203.09400000000002,2026-03-19 00:35:12.708783650+00:00,pending_cancel,refresh_reprice,2026-03-19 00:35:13.336237896+00:00,2026-03-19 00:35:13.586237896+00:00
2026-03-19 00:35:13.383632987+00:00,833,placed,ask,2194.1,0.1265674326309971,2026-03-19 00:35:13.633632987+00:00,35.038000000000004,2026-03-19 00:35:13.383632987+00:00,pending_new,,,
2026-03-19 00:35:13.438817743+00:00,833,cancel_requested,ask,2194.1,0.1265674326309971,2026-03-19 00:35:13.633632987+00:00,35.038000000000004,2026-03-19 00:35:13.383632987+00:00,pending_cancel,pressure_stop_ask,2026-03-19 00:35:13.438817743+00:00,2026-03-19 00:35:13.688817743+00:00
2026-03-19 00:35:13.586237896+00:00,832,cancelled,bid,2192.6,0.07343256736900293,2026-03-19 00:35:12.958783650+00:00,203.09400000000002,2026-03-19 00:35:12.708783650+00:00,cancelled,refresh_reprice,2026-03-19 00:35:13.336237896+00:00,2026-03-19 00:35:13.586237896+00:00
2026-03-19 00:35:13.638400321+00:00,834,placed,bid,2193.3,0.07343256736900293,2026-03-19 00:35:13.888400321+00:00,166.579,2026-03-19 00:35:13.638400321+00:00,pending_new,,,
2026-03-19 00:35:13.688817743+00:00,833,cancelled,ask,2194.1,0.1265674326309971,2026-03-19 00:35:13.633632987+00:00,35.038000000000004,2026-03-19 00:35:13.383632987+00:00,cancelled,pressure_stop_ask,2026-03-19 00:35:13.438817743+00:00,2026-03-19 00:35:13.688817743+00:00
2026-03-19 00:35:13.735363771+00:00,835,placed,ask,2194.4,0.1265674326309971,2026-03-19 00:35:13.985363771+00:00,163.52499999999998,2026-03-19 00:35:13.735363771+00:00,pending_new,,,
2026-03-19 00:35:14.049794003+00:00,835,cancel_requested,ask,2194.4,0.1265674326309971,2026-03-19 00:35:13.985363771+00:00,163.52499999999998,2026-03-19 00:35:13.735363771+00:00,pending_cancel,pressure_stop_ask,2026-03-19 00:35:14.049794003+00:00,2026-03-19 00:35:14.299794003+00:00
2026-03-19 00:35:14.299794003+00:00,835,cancelled,ask,2194.4,0.1265674326309971,2026-03-19 00:35:13.985363771+00:00,163.52499999999998,2026-03-19 00:35:13.735363771+00:00,cancelled,pressure_stop_ask,2026-03-19 00:35:14.049794003+00:00,2026-03-19 00:35:14.299794003+00:00
2026-03-19 00:35:14.325319124+00:00,836,placed,ask,2194.5,0.1265674326309971,2026-03-19 00:35:14.575319124+00:00,131.018,2026-03-19 00:35:14.325319124+00:00,pending_new,,,
2026-03-19 00:35:14.557957115+00:00,836,cancel_requested,ask,2194.5,0.1265674326309971,2026-03-19 00:35:14.575319124+00:00,131.018,2026-03-19 00:35:14.325319124+00:00,pending_cancel,pressure_stop_ask,2026-03-19 00:35:14.557957115+00:00,2026-03-19 00:35:14.807957115+00:00
2026-03-19 00:35:14.807957115+00:00,836,cancelled,ask,2194.5,0.1265674326309971,2026-03-19 00:35:14.575319124+00:00,131.018,2026-03-19 00:35:14.325319124+00:00,cancelled,pressure_stop_ask,2026-03-19 00:35:14.557957115+00:00,2026-03-19 00:35:14.807957115+00:00
2026-03-19 00:35:15.275909882+00:00,834,cancel_requested,bid,2193.3,0.07343256736900293,2026-03-19 00:35:13.888400321+00:00,166.579,2026-03-19 00:35:13.638400321+00:00,pending_cancel,pressure_stop_bid,2026-03-19 00:35:15.275909882+00:00,2026-03-19 00:35:15.525909882+00:00
2026-03-19 00:35:15.275909882+00:00,837,placed,ask,2194.4,0.1265674326309971,2026-03-19 00:35:15.525909882+00:00,68.69800000000001,2026-03-19 00:35:15.275909882+00:00,pending_new,,,
2026-03-19 00:35:15.327703253+00:00,837,cancel_requested,ask,2194.4,0.1265674326309971,2026-03-19 00:35:15.525909882+00:00,68.69800000000001,2026-03-19 00:35:15.275909882+00:00,pending_cancel,refresh_reprice,2026-03-19 00:35:15.327703253+00:00,2026-03-19 00:35:15.577703253+00:00
2026-03-19 00:35:15.525909882+00:00,834,cancelled,bid,2193.3,0.07343256736900293,2026-03-19 00:35:13.888400321+00:00,166.579,2026-03-19 00:35:13.638400321+00:00,cancelled,pressure_stop_bid,2026-03-19 00:35:15.275909882+00:00,2026-03-19 00:35:15.525909882+00:00
2026-03-19 00:35:15.577703253+00:00,837,cancelled,ask,2194.4,0.1265674326309971,2026-03-19 00:35:15.525909882+00:00,68.69800000000001,2026-03-19 00:35:15.275909882+00:00,cancelled,refresh_reprice,2026-03-19 00:35:15.327703253+00:00,2026-03-19 00:35:15.577703253+00:00
2026-03-19 00:35:15.582223326+00:00,838,placed,ask,2192.7,0.1265674326309971,2026-03-19 00:35:15.832223326+00:00,189.191,2026-03-19 00:35:15.582223326+00:00,pending_new,,,
2026-03-19 00:35:15.633151163+00:00,838,cancel_requested,ask,2192.7,0.1265674326309971,2026-03-19 00:35:15.832223326+00:00,189.191,2026-03-19 00:35:15.582223326+00:00,pending_cancel,refresh_reprice,2026-03-19 00:35:15.633151163+00:00,2026-03-19 00:35:15.883151163+00:00
2026-03-19 00:35:15.883151163+00:00,838,cancelled,ask,2192.7,0.1265674326309971,2026-03-19 00:35:15.832223326+00:00,189.191,2026-03-19 00:35:15.582223326+00:00,cancelled,refresh_reprice,2026-03-19 00:35:15.633151163+00:00,2026-03-19 00:35:15.883151163+00:00
2026-03-19 00:35:15.939458606+00:00,839,placed,bid,2190.0,0.07343256736900293,2026-03-19 00:35:16.189458606+00:00,498.962,2026-03-19 00:35:15.939458606+00:00,pending_new,,,
2026-03-19 00:35:16.041487510+00:00,839,cancel_requested,bid,2190.0,0.07343256736900293,2026-03-19 00:35:16.189458606+00:00,498.962,2026-03-19 00:35:15.939458606+00:00,pending_cancel,refresh_reprice,2026-03-19 00:35:16.041487510+00:00,2026-03-19 00:35:16.291487510+00:00
2026-03-19 00:35:16.291487510+00:00,839,cancelled,bid,2190.0,0.07343256736900293,2026-03-19 00:35:16.189458606+00:00,498.962,2026-03-19 00:35:15.939458606+00:00,cancelled,refresh_reprice,2026-03-19 00:35:16.041487510+00:00,2026-03-19 00:35:16.291487510+00:00
2026-03-19 00:35:16.342221328+00:00,840,placed,bid,2190.5,0.07343256736900293,2026-03-19 00:35:16.592221328+00:00,260.906,2026-03-19 00:35:16.342221328+00:00,pending_new,,,
2026-03-19 00:35:18.385392035+00:00,840,resized,bid,2190.5,0.07332311202343364,2026-03-19 00:35:16.592221328+00:00,260.906,,,preserve_queue_priority,,
2026-03-19 00:35:18.487261159+00:00,840,cancel_requested,bid,2190.5,0.07332311202343364,2026-03-19 00:35:16.592221328+00:00,260.906,2026-03-19 00:35:16.342221328+00:00,pending_cancel,refresh_reprice,2026-03-19 00:35:18.487261159+00:00,2026-03-19 00:35:18.737261159+00:00
2026-03-19 00:35:18.487261159+00:00,841,placed,ask,2193.6,0.12667688797656637,2026-03-19 00:35:18.737261159+00:00,199.25599999999997,2026-03-19 00:35:18.487261159+00:00,pending_new,,,
2026-03-19 00:35:18.737261159+00:00,840,cancelled,bid,2190.5,0.07332311202343364,2026-03-19 00:35:16.592221328+00:00,260.906,2026-03-19 00:35:16.342221328+00:00,cancelled,refresh_reprice,2026-03-19 00:35:18.487261159+00:00,2026-03-19 00:35:18.737261159+00:00
2026-03-19 00:35:18.743962612+00:00,842,placed,bid,2191.0,0.07332311202343364,2026-03-19 00:35:18.993962612+00:00,271.701,2026-03-19 00:35:18.743962612+00:00,pending_new,,,
2026-03-19 00:35:18.897540556+00:00,842,cancel_requested,bid,2191.0,0.07332311202343364,2026-03-19 00:35:18.993962612+00:00,271.701,2026-03-19 00:35:18.743962612+00:00,pending_cancel,pressure_stop_bid,2026-03-19 00:35:18.897540556+00:00,2026-03-19 00:35:19.147540556+00:00
2026-03-19 00:35:19.147540556+00:00,842,cancelled,bid,2191.0,0.07332311202343364,2026-03-19 00:35:18.993962612+00:00,271.701,2026-03-19 00:35:18.743962612+00:00,cancelled,pressure_stop_bid,2026-03-19 00:35:18.897540556+00:00,2026-03-19 00:35:19.147540556+00:00
2026-03-19 00:35:21.640214393+00:00,841,cancel_requested,ask,2193.6,0.12667688797656637,2026-03-19 00:35:18.737261159+00:00,199.25599999999997,2026-03-19 00:35:18.487261159+00:00,pending_cancel,pressure_stop_ask,2026-03-19 00:35:21.640214393+00:00,2026-03-19 00:35:21.890214393+00:00
2026-03-19 00:35:21.640214393+00:00,843,placed,bid,2191.0,0.07332311202343364,2026-03-19 00:35:21.890214393+00:00,283.521,2026-03-19 00:35:21.640214393+00:00,pending_new,,,
2026-03-19 00:35:21.890214393+00:00,841,cancelled,ask,2193.6,0.12667688797656637,2026-03-19 00:35:18.737261159+00:00,199.25599999999997,2026-03-19 00:35:18.487261159+00:00,cancelled,pressure_stop_ask,2026-03-19 00:35:21.640214393+00:00,2026-03-19 00:35:21.890214393+00:00
2026-03-19 00:35:22.035652481+00:00,843,cancel_requested,bid,2191.0,0.07332311202343364,2026-03-19 00:35:21.890214393+00:00,283.521,2026-03-19 00:35:21.640214393+00:00,pending_cancel,refresh_reprice,2026-03-19 00:35:22.035652481+00:00,2026-03-19 00:35:22.285652481+00:00
2026-03-19 00:35:22.285652481+00:00,843,cancelled,bid,2191.0,0.07332311202343364,2026-03-19 00:35:21.890214393+00:00,283.521,2026-03-19 00:35:21.640214393+00:00,cancelled,refresh_reprice,2026-03-19 00:35:22.035652481+00:00,2026-03-19 00:35:22.285652481+00:00
2026-03-19 00:35:22.307258094+00:00,844,placed,bid,2191.9,0.07332311202343364,2026-03-19 00:35:22.557258094+00:00,210.58300000000003,2026-03-19 00:35:22.307258094+00:00,pending_new,,,
2026-03-19 00:35:22.307258094+00:00,845,placed,ask,2193.3,0.12667688797656637,2026-03-19 00:35:22.557258094+00:00,201.12900000000002,2026-03-19 00:35:22.307258094+00:00,pending_new,,,
2026-03-19 00:35:22.983267425+00:00,845,cancel_requested,ask,2193.3,0.12667688797656637,2026-03-19 00:35:22.557258094+00:00,201.12900000000002,2026-03-19 00:35:22.307258094+00:00,pending_cancel,pressure_stop_ask,2026-03-19 00:35:22.983267425+00:00,2026-03-19 00:35:23.233267425+00:00
2026-03-19 00:35:23.233267425+00:00,845,cancelled,ask,2193.3,0.12667688797656637,2026-03-19 00:35:22.557258094+00:00,201.12900000000002,2026-03-19 00:35:22.307258094+00:00,cancelled,pressure_stop_ask,2026-03-19 00:35:22.983267425+00:00,2026-03-19 00:35:23.233267425+00:00
2026-03-19 00:35:23.433908720+00:00,844,cancel_requested,bid,2191.9,0.07332311202343364,2026-03-19 00:35:22.557258094+00:00,210.58300000000003,2026-03-19 00:35:22.307258094+00:00,pending_cancel,refresh_reprice,2026-03-19 00:35:23.433908720+00:00,2026-03-19 00:35:23.683908720+00:00
2026-03-19 00:35:23.433908720+00:00,846,placed,ask,2193.9,0.12667688797656637,2026-03-19 00:35:23.683908720+00:00,208.66,2026-03-19 00:35:23.433908720+00:00,pending_new,,,
2026-03-19 00:35:23.683908720+00:00,844,cancelled,bid,2191.9,0.07332311202343364,2026-03-19 00:35:22.557258094+00:00,210.58300000000003,2026-03-19 00:35:22.307258094+00:00,cancelled,refresh_reprice,2026-03-19 00:35:23.433908720+00:00,2026-03-19 00:35:23.683908720+00:00
2026-03-19 00:35:23.698641+00:00,847,placed,bid,2191.3,0.07332311202343364,2026-03-19 00:35:23.948641+00:00,386.274,2026-03-19 00:35:23.698641+00:00,pending_new,,,
2026-03-19 00:35:25.891056101+00:00,846,cancel_requested,ask,2193.9,0.12667688797656637,2026-03-19 00:35:23.683908720+00:00,208.66,2026-03-19 00:35:23.433908720+00:00,pending_cancel,pressure_stop_ask,2026-03-19 00:35:25.891056101+00:00,2026-03-19 00:35:26.141056101+00:00
2026-03-19 00:35:26.141056101+00:00,846,cancelled,ask,2193.9,0.12667688797656637,2026-03-19 00:35:23.683908720+00:00,208.66,2026-03-19 00:35:23.433908720+00:00,cancelled,pressure_stop_ask,2026-03-19 00:35:25.891056101+00:00,2026-03-19 00:35:26.141056101+00:00
2026-03-19 00:35:26.299433629+00:00,847,cancel_requested,bid,2191.3,0.07332311202343364,2026-03-19 00:35:23.948641+00:00,386.274,2026-03-19 00:35:23.698641+00:00,pending_cancel,refresh_reprice,2026-03-19 00:35:26.299433629+00:00,2026-03-19 00:35:26.549433629+00:00
2026-03-19 00:35:26.299433629+00:00,848,placed,ask,2194.3,0.12667688797656637,2026-03-19 00:35:26.549433629+00:00,157.056,2026-03-19 00:35:26.299433629+00:00,pending_new,,,
2026-03-19 00:35:26.549433629+00:00,847,cancelled,bid,2191.3,0.07332311202343364,2026-03-19 00:35:23.948641+00:00,386.274,2026-03-19 00:35:23.698641+00:00,cancelled,refresh_reprice,2026-03-19 00:35:26.299433629+00:00,2026-03-19 00:35:26.549433629+00:00
2026-03-19 00:35:26.551861772+00:00,849,placed,bid,2191.7,0.07332311202343364,2026-03-19 00:35:26.801861772+00:00,337.99,2026-03-19 00:35:26.551861772+00:00,pending_new,,,
2026-03-19 00:35:26.658618668+00:00,849,cancel_requested,bid,2191.7,0.07332311202343364,2026-03-19 00:35:26.801861772+00:00,337.99,2026-03-19 00:35:26.551861772+00:00,pending_cancel,pressure_stop_bid,2026-03-19 00:35:26.658618668+00:00,2026-03-19 00:35:26.908618668+00:00
2026-03-19 00:35:26.860347716+00:00,848,cancel_requested,ask,2194.3,0.12667688797656637,2026-03-19 00:35:26.549433629+00:00,157.056,2026-03-19 00:35:26.299433629+00:00,pending_cancel,refresh_reprice,2026-03-19 00:35:26.860347716+00:00,2026-03-19 00:35:27.110347716+00:00
2026-03-19 00:35:26.908618668+00:00,849,cancelled,bid,2191.7,0.07332311202343364,2026-03-19 00:35:26.801861772+00:00,337.99,2026-03-19 00:35:26.551861772+00:00,cancelled,pressure_stop_bid,2026-03-19 00:35:26.658618668+00:00,2026-03-19 00:35:26.908618668+00:00
2026-03-19 00:35:27.110347716+00:00,848,cancelled,ask,2194.3,0.12667688797656637,2026-03-19 00:35:26.549433629+00:00,157.056,2026-03-19 00:35:26.299433629+00:00,cancelled,refresh_reprice,2026-03-19 00:35:26.860347716+00:00,2026-03-19 00:35:27.110347716+00:00
2026-03-19 00:35:27.162257909+00:00,850,placed,ask,2194.0,0.12667688797656637,2026-03-19 00:35:27.412257909+00:00,276.326,2026-03-19 00:35:27.162257909+00:00,pending_new,,,
2026-03-19 00:35:28.496928583+00:00,850,cancel_requested,ask,2194.0,0.12667688797656637,2026-03-19 00:35:27.412257909+00:00,276.326,2026-03-19 00:35:27.162257909+00:00,pending_cancel,pressure_stop_ask,2026-03-19 00:35:28.496928583+00:00,2026-03-19 00:35:28.746928583+00:00
2026-03-19 00:35:28.496928583+00:00,851,placed,bid,2191.4,0.07332311202343364,2026-03-19 00:35:28.746928583+00:00,287.89700000000005,2026-03-19 00:35:28.496928583+00:00,pending_new,,,
2026-03-19 00:35:28.746928583+00:00,850,cancelled,ask,2194.0,0.12667688797656637,2026-03-19 00:35:27.412257909+00:00,276.326,2026-03-19 00:35:27.162257909+00:00,cancelled,pressure_stop_ask,2026-03-19 00:35:28.496928583+00:00,2026-03-19 00:35:28.746928583+00:00
2026-03-19 00:35:30.836942919+00:00,851,cancel_requested,bid,2191.4,0.07332311202343364,2026-03-19 00:35:28.746928583+00:00,287.89700000000005,2026-03-19 00:35:28.496928583+00:00,pending_cancel,refresh_reprice,2026-03-19 00:35:30.836942919+00:00,2026-03-19 00:35:31.086942919+00:00
2026-03-19 00:35:30.836942919+00:00,852,placed,ask,2193.9,0.12667688797656637,2026-03-19 00:35:31.086942919+00:00,236.023,2026-03-19 00:35:30.836942919+00:00,pending_new,,,
2026-03-19 00:35:31.086942919+00:00,851,cancelled,bid,2191.4,0.07332311202343364,2026-03-19 00:35:28.746928583+00:00,287.89700000000005,2026-03-19 00:35:28.496928583+00:00,cancelled,refresh_reprice,2026-03-19 00:35:30.836942919+00:00,2026-03-19 00:35:31.086942919+00:00
2026-03-19 00:35:31.135193355+00:00,853,placed,bid,2192.5,0.07332311202343364,2026-03-19 00:35:31.385193355+00:00,202.557,2026-03-19 00:35:31.135193355+00:00,pending_new,,,
2026-03-19 00:35:31.762533281+00:00,852,cancel_requested,ask,2193.9,0.12667688797656637,2026-03-19 00:35:31.086942919+00:00,236.023,2026-03-19 00:35:30.836942919+00:00,pending_cancel,pressure_stop_ask,2026-03-19 00:35:31.762533281+00:00,2026-03-19 00:35:32.012533281+00:00
2026-03-19 00:35:32.012533281+00:00,852,cancelled,ask,2193.9,0.12667688797656637,2026-03-19 00:35:31.086942919+00:00,236.023,2026-03-19 00:35:30.836942919+00:00,cancelled,pressure_stop_ask,2026-03-19 00:35:31.762533281+00:00,2026-03-19 00:35:32.012533281+00:00
2026-03-19 00:35:32.170400617+00:00,853,cancel_requested,bid,2192.5,0.07332311202343364,2026-03-19 00:35:31.385193355+00:00,202.557,2026-03-19 00:35:31.135193355+00:00,pending_cancel,refresh_reprice,2026-03-19 00:35:32.170400617+00:00,2026-03-19 00:35:32.420400617+00:00
2026-03-19 00:35:32.170400617+00:00,854,placed,ask,2194.6,0.12667688797656637,2026-03-19 00:35:32.420400617+00:00,196.469,2026-03-19 00:35:32.170400617+00:00,pending_new,,,
2026-03-19 00:35:32.420400617+00:00,853,cancelled,bid,2192.5,0.07332311202343364,2026-03-19 00:35:31.385193355+00:00,202.557,2026-03-19 00:35:31.135193355+00:00,cancelled,refresh_reprice,2026-03-19 00:35:32.170400617+00:00,2026-03-19 00:35:32.420400617+00:00
2026-03-19 00:35:32.475375605+00:00,855,placed,bid,2192.0,0.07332311202343364,2026-03-19 00:35:32.725375605+00:00,295.206,2026-03-19 00:35:32.475375605+00:00,pending_new,,,
2026-03-19 00:35:32.681618703+00:00,854,cancel_requested,ask,2194.6,0.12667688797656637,2026-03-19 00:35:32.420400617+00:00,196.469,2026-03-19 00:35:32.170400617+00:00,pending_cancel,pressure_stop_ask,2026-03-19 00:35:32.681618703+00:00,2026-03-19 00:35:32.931618703+00:00
2026-03-19 00:35:32.783669648+00:00,855,cancel_requested,bid,2192.0,0.07332311202343364,2026-03-19 00:35:32.725375605+00:00,295.206,2026-03-19 00:35:32.475375605+00:00,pending_cancel,refresh_reprice,2026-03-19 00:35:32.783669648+00:00,2026-03-19 00:35:33.033669648+00:00
2026-03-19 00:35:32.931618703+00:00,854,cancelled,ask,2194.6,0.12667688797656637,2026-03-19 00:35:32.420400617+00:00,196.469,2026-03-19 00:35:32.170400617+00:00,cancelled,pressure_stop_ask,2026-03-19 00:35:32.681618703+00:00,2026-03-19 00:35:32.931618703+00:00
2026-03-19 00:35:33.033669648+00:00,855,cancelled,bid,2192.0,0.07332311202343364,2026-03-19 00:35:32.725375605+00:00,295.206,2026-03-19 00:35:32.475375605+00:00,cancelled,refresh_reprice,2026-03-19 00:35:32.783669648+00:00,2026-03-19 00:35:33.033669648+00:00
2026-03-19 00:35:33.053142491+00:00,856,placed,bid,2192.5,0.07332311202343364,2026-03-19 00:35:33.303142491+00:00,471.34799999999996,2026-03-19 00:35:33.053142491+00:00,pending_new,,,
2026-03-19 00:35:33.952078538+00:00,856,cancel_requested,bid,2192.5,0.07332311202343364,2026-03-19 00:35:33.303142491+00:00,471.34799999999996,2026-03-19 00:35:33.053142491+00:00,pending_cancel,pressure_stop_bid,2026-03-19 00:35:33.952078538+00:00,2026-03-19 00:35:34.202078538+00:00
2026-03-19 00:35:33.952078538+00:00,857,placed,ask,2195.1,0.12667688797656637,2026-03-19 00:35:34.202078538+00:00,249.20499999999998,2026-03-19 00:35:33.952078538+00:00,pending_new,,,
2026-03-19 00:35:34.202078538+00:00,856,cancelled,bid,2192.5,0.07332311202343364,2026-03-19 00:35:33.303142491+00:00,471.34799999999996,2026-03-19 00:35:33.053142491+00:00,cancelled,pressure_stop_bid,2026-03-19 00:35:33.952078538+00:00,2026-03-19 00:35:34.202078538+00:00
2026-03-19 00:35:34.360917838+00:00,858,placed,bid,2192.2,0.07332311202343364,2026-03-19 00:35:34.610917838+00:00,716.997,2026-03-19 00:35:34.360917838+00:00,pending_new,,,
2026-03-19 00:35:34.465653525+00:00,858,cancel_requested,bid,2192.2,0.07332311202343364,2026-03-19 00:35:34.610917838+00:00,716.997,2026-03-19 00:35:34.360917838+00:00,pending_cancel,pressure_stop_bid,2026-03-19 00:35:34.465653525+00:00,2026-03-19 00:35:34.715653525+00:00
2026-03-19 00:35:34.715653525+00:00,858,cancelled,bid,2192.2,0.07332311202343364,2026-03-19 00:35:34.610917838+00:00,716.997,2026-03-19 00:35:34.360917838+00:00,cancelled,pressure_stop_bid,2026-03-19 00:35:34.465653525+00:00,2026-03-19 00:35:34.715653525+00:00
2026-03-19 00:35:36.048535083+00:00,857,cancel_requested,ask,2195.1,0.12667688797656637,2026-03-19 00:35:34.202078538+00:00,249.20499999999998,2026-03-19 00:35:33.952078538+00:00,pending_cancel,pressure_stop_ask,2026-03-19 00:35:36.048535083+00:00,2026-03-19 00:35:36.298535083+00:00
2026-03-19 00:35:36.048535083+00:00,859,placed,bid,2192.7,0.07332311202343364,2026-03-19 00:35:36.298535083+00:00,372.542,2026-03-19 00:35:36.048535083+00:00,pending_new,,,
2026-03-19 00:35:36.273406618+00:00,859,cancel_requested,bid,2192.7,0.07332311202343364,2026-03-19 00:35:36.298535083+00:00,372.542,2026-03-19 00:35:36.048535083+00:00,pending_cancel,refresh_reprice,2026-03-19 00:35:36.273406618+00:00,2026-03-19 00:35:36.523406618+00:00
2026-03-19 00:35:36.298535083+00:00,857,cancelled,ask,2195.1,0.12667688797656637,2026-03-19 00:35:34.202078538+00:00,249.20499999999998,2026-03-19 00:35:33.952078538+00:00,cancelled,pressure_stop_ask,2026-03-19 00:35:36.048535083+00:00,2026-03-19 00:35:36.298535083+00:00
2026-03-19 00:35:36.523406618+00:00,859,cancelled,bid,2192.7,0.07332311202343364,2026-03-19 00:35:36.298535083+00:00,372.542,2026-03-19 00:35:36.048535083+00:00,cancelled,refresh_reprice,2026-03-19 00:35:36.273406618+00:00,2026-03-19 00:35:36.523406618+00:00
2026-03-19 00:35:36.557917921+00:00,860,placed,bid,2193.5,0.07332311202343364,2026-03-19 00:35:36.807917921+00:00,204.815,2026-03-19 00:35:36.557917921+00:00,pending_new,,,
2026-03-19 00:35:37.016309541+00:00,860,cancel_requested,bid,2193.5,0.07332311202343364,2026-03-19 00:35:36.807917921+00:00,204.815,2026-03-19 00:35:36.557917921+00:00,pending_cancel,pressure_stop_bid,2026-03-19 00:35:37.016309541+00:00,2026-03-19 00:35:37.266309541+00:00
2026-03-19 00:35:37.016309541+00:00,861,placed,ask,2195.0,0.12616045372219992,2026-03-19 00:35:37.266309541+00:00,158.466,2026-03-19 00:35:37.016309541+00:00,pending_new,,,
2026-03-19 00:35:37.266309541+00:00,860,cancelled,bid,2193.5,0.07332311202343364,2026-03-19 00:35:36.807917921+00:00,204.815,2026-03-19 00:35:36.557917921+00:00,cancelled,pressure_stop_bid,2026-03-19 00:35:37.016309541+00:00,2026-03-19 00:35:37.266309541+00:00
2026-03-19 00:35:37.274974013+00:00,862,placed,bid,2193.4,0.0738395462778001,2026-03-19 00:35:37.524974013+00:00,205.445,2026-03-19 00:35:37.274974013+00:00,pending_new,,,
2026-03-19 00:35:39.470188277+00:00,862,cancel_requested,bid,2193.4,0.0738395462778001,2026-03-19 00:35:37.524974013+00:00,205.445,2026-03-19 00:35:37.274974013+00:00,pending_cancel,pressure_stop_bid,2026-03-19 00:35:39.470188277+00:00,2026-03-19 00:35:39.720188277+00:00
2026-03-19 00:35:39.623873651+00:00,861,cancel_requested,ask,2195.0,0.12616045372219992,2026-03-19 00:35:37.266309541+00:00,158.466,2026-03-19 00:35:37.016309541+00:00,pending_cancel,refresh_reprice,2026-03-19 00:35:39.623873651+00:00,2026-03-19 00:35:39.873873651+00:00
2026-03-19 00:35:39.720188277+00:00,862,cancelled,bid,2193.4,0.0738395462778001,2026-03-19 00:35:37.524974013+00:00,205.445,2026-03-19 00:35:37.274974013+00:00,cancelled,pressure_stop_bid,2026-03-19 00:35:39.470188277+00:00,2026-03-19 00:35:39.720188277+00:00
2026-03-19 00:35:39.873873651+00:00,861,cancelled,ask,2195.0,0.12616045372219992,2026-03-19 00:35:37.266309541+00:00,158.466,2026-03-19 00:35:37.016309541+00:00,cancelled,refresh_reprice,2026-03-19 00:35:39.623873651+00:00,2026-03-19 00:35:39.873873651+00:00
2026-03-19 00:35:39.910370543+00:00,863,placed,ask,2194.7,0.12616045372219992,2026-03-19 00:35:40.160370543+00:00,171.74599999999998,2026-03-19 00:35:39.910370543+00:00,pending_new,,,
2026-03-19 00:35:45.663100106+00:00,864,placed,bid,2193.2,0.0738395462778001,2026-03-19 00:35:45.913100106+00:00,204.71800000000002,2026-03-19 00:35:45.663100106+00:00,pending_new,,,
2026-03-19 00:35:49.113218838+00:00,864,cancel_requested,bid,2193.2,0.0738395462778001,2026-03-19 00:35:45.913100106+00:00,204.71800000000002,2026-03-19 00:35:45.663100106+00:00,pending_cancel,pressure_stop_bid,2026-03-19 00:35:49.113218838+00:00,2026-03-19 00:35:49.363218838+00:00
2026-03-19 00:35:49.363218838+00:00,864,cancelled,bid,2193.2,0.0738395462778001,2026-03-19 00:35:45.913100106+00:00,204.71800000000002,2026-03-19 00:35:45.663100106+00:00,cancelled,pressure_stop_bid,2026-03-19 00:35:49.113218838+00:00,2026-03-19 00:35:49.363218838+00:00
2026-03-19 00:35:49.910370543+00:00,863,cancel_requested,ask,2194.7,0.12616045372219992,2026-03-19 00:35:40.160370543+00:00,171.74599999999998,2026-03-19 00:35:39.910370543+00:00,pending_cancel,quote_age_expired,2026-03-19 00:35:49.910370543+00:00,2026-03-19 00:35:50.160370543+00:00
2026-03-19 00:35:50.160370543+00:00,863,cancelled,ask,2194.7,0.12616045372219992,2026-03-19 00:35:40.160370543+00:00,171.74599999999998,2026-03-19 00:35:39.910370543+00:00,cancelled,quote_age_expired,2026-03-19 00:35:49.910370543+00:00,2026-03-19 00:35:50.160370543+00:00
2026-03-19 00:35:50.169569566+00:00,865,placed,ask,2194.6,0.12616045372219992,2026-03-19 00:35:50.419569566+00:00,219.51100000000002,2026-03-19 00:35:50.169569566+00:00,pending_new,,,
2026-03-19 00:35:55.183312968+00:00,866,placed,bid,2193.2,0.0738395462778001,2026-03-19 00:35:55.433312968+00:00,184.57799999999997,2026-03-19 00:35:55.183312968+00:00,pending_new,,,
2026-03-19 00:35:58.855817151+00:00,865,cancel_requested,ask,2194.6,0.12616045372219992,2026-03-19 00:35:50.419569566+00:00,219.51100000000002,2026-03-19 00:35:50.169569566+00:00,pending_cancel,pressure_stop_ask,2026-03-19 00:35:58.855817151+00:00,2026-03-19 00:35:59.105817151+00:00
2026-03-19 00:35:59.105817151+00:00,865,cancelled,ask,2194.6,0.12616045372219992,2026-03-19 00:35:50.419569566+00:00,219.51100000000002,2026-03-19 00:35:50.169569566+00:00,cancelled,pressure_stop_ask,2026-03-19 00:35:58.855817151+00:00,2026-03-19 00:35:59.105817151+00:00
2026-03-19 00:35:59.529480344+00:00,866,cancel_requested,bid,2193.2,0.0738395462778001,2026-03-19 00:35:55.433312968+00:00,184.57799999999997,2026-03-19 00:35:55.183312968+00:00,pending_cancel,refresh_reprice,2026-03-19 00:35:59.529480344+00:00,2026-03-19 00:35:59.779480344+00:00
2026-03-19 00:35:59.779480344+00:00,866,cancelled,bid,2193.2,0.0738395462778001,2026-03-19 00:35:55.433312968+00:00,184.57799999999997,2026-03-19 00:35:55.183312968+00:00,cancelled,refresh_reprice,2026-03-19 00:35:59.529480344+00:00,2026-03-19 00:35:59.779480344+00:00
2026-03-19 00:35:59.836597564+00:00,867,placed,bid,2193.5,0.07385056346591692,2026-03-19 00:36:00.086597564+00:00,210.10300000000004,2026-03-19 00:35:59.836597564+00:00,pending_new,,,
2026-03-19 00:36:00.754590758+00:00,867,cancel_requested,bid,2193.5,0.07385056346591692,2026-03-19 00:36:00.086597564+00:00,210.10300000000004,2026-03-19 00:35:59.836597564+00:00,pending_cancel,refresh_reprice,2026-03-19 00:36:00.754590758+00:00,2026-03-19 00:36:01.004590758+00:00
2026-03-19 00:36:00.754590758+00:00,868,placed,ask,2195.3,0.1261494365340831,2026-03-19 00:36:01.004590758+00:00,36.733000000000004,2026-03-19 00:36:00.754590758+00:00,pending_new,,,
2026-03-19 00:36:00.892788943+00:00,868,cancel_requested,ask,2195.3,0.1261494365340831,2026-03-19 00:36:01.004590758+00:00,36.733000000000004,2026-03-19 00:36:00.754590758+00:00,pending_cancel,pressure_stop_ask,2026-03-19 00:36:00.892788943+00:00,2026-03-19 00:36:01.142788943+00:00
2026-03-19 00:36:01.004590758+00:00,867,cancelled,bid,2193.5,0.07385056346591692,2026-03-19 00:36:00.086597564+00:00,210.10300000000004,2026-03-19 00:35:59.836597564+00:00,cancelled,refresh_reprice,2026-03-19 00:36:00.754590758+00:00,2026-03-19 00:36:01.004590758+00:00
2026-03-19 00:36:01.057400679+00:00,869,placed,bid,2194.0,0.07385056346591692,2026-03-19 00:36:01.307400679+00:00,217.387,2026-03-19 00:36:01.057400679+00:00,pending_new,,,
2026-03-19 00:36:01.142788943+00:00,868,cancelled,ask,2195.3,0.1261494365340831,2026-03-19 00:36:01.004590758+00:00,36.733000000000004,2026-03-19 00:36:00.754590758+00:00,cancelled,pressure_stop_ask,2026-03-19 00:36:00.892788943+00:00,2026-03-19 00:36:01.142788943+00:00
2026-03-19 00:36:01.621677329+00:00,869,cancel_requested,bid,2194.0,0.07385056346591692,2026-03-19 00:36:01.307400679+00:00,217.387,2026-03-19 00:36:01.057400679+00:00,pending_cancel,refresh_reprice,2026-03-19 00:36:01.621677329+00:00,2026-03-19 00:36:01.871677329+00:00
2026-03-19 00:36:01.621677329+00:00,870,placed,ask,2195.6,0.1261494365340831,2026-03-19 00:36:01.871677329+00:00,58.944,2026-03-19 00:36:01.621677329+00:00,pending_new,,,
2026-03-19 00:36:01.718067981+00:00,870,cancel_requested,ask,2195.6,0.1261494365340831,2026-03-19 00:36:01.871677329+00:00,58.944,2026-03-19 00:36:01.621677329+00:00,pending_cancel,pressure_stop_ask,2026-03-19 00:36:01.718067981+00:00,2026-03-19 00:36:01.968067981+00:00
2026-03-19 00:36:01.871677329+00:00,869,cancelled,bid,2194.0,0.07385056346591692,2026-03-19 00:36:01.307400679+00:00,217.387,2026-03-19 00:36:01.057400679+00:00,cancelled,refresh_reprice,2026-03-19 00:36:01.621677329+00:00,2026-03-19 00:36:01.871677329+00:00
2026-03-19 00:36:01.902143577+00:00,871,placed,bid,2194.4,0.07385056346591692,2026-03-19 00:36:02.152143577+00:00,192.401,2026-03-19 00:36:01.902143577+00:00,pending_new,,,
2026-03-19 00:36:01.968067981+00:00,870,cancelled,ask,2195.6,0.1261494365340831,2026-03-19 00:36:01.871677329+00:00,58.944,2026-03-19 00:36:01.621677329+00:00,cancelled,pressure_stop_ask,2026-03-19 00:36:01.718067981+00:00,2026-03-19 00:36:01.968067981+00:00
2026-03-19 00:36:03.813833872+00:00,871,cancel_requested,bid,2194.4,0.07385056346591692,2026-03-19 00:36:02.152143577+00:00,192.401,2026-03-19 00:36:01.902143577+00:00,pending_cancel,pressure_stop_bid,2026-03-19 00:36:03.813833872+00:00,2026-03-19 00:36:04.063833872+00:00
2026-03-19 00:36:03.813833872+00:00,872,placed,ask,2195.6,0.1261494365340831,2026-03-19 00:36:04.063833872+00:00,213.098,2026-03-19 00:36:03.813833872+00:00,pending_new,,,
2026-03-19 00:36:04.063833872+00:00,871,cancelled,bid,2194.4,0.07385056346591692,2026-03-19 00:36:02.152143577+00:00,192.401,2026-03-19 00:36:01.902143577+00:00,cancelled,pressure_stop_bid,2026-03-19 00:36:03.813833872+00:00,2026-03-19 00:36:04.063833872+00:00
2026-03-19 00:36:09.689200965+00:00,872,cancel_requested,ask,2195.6,0.1261494365340831,2026-03-19 00:36:04.063833872+00:00,213.098,2026-03-19 00:36:03.813833872+00:00,pending_cancel,refresh_reprice,2026-03-19 00:36:09.689200965+00:00,2026-03-19 00:36:09.939200965+00:00
2026-03-19 00:36:09.939200965+00:00,872,cancelled,ask,2195.6,0.1261494365340831,2026-03-19 00:36:04.063833872+00:00,213.098,2026-03-19 00:36:03.813833872+00:00,cancelled,refresh_reprice,2026-03-19 00:36:09.689200965+00:00,2026-03-19 00:36:09.939200965+00:00
2026-03-19 00:36:09.985282034+00:00,873,placed,bid,2193.5,0.07385056346591692,2026-03-19 00:36:10.235282034+00:00,168.47799999999998,2026-03-19 00:36:09.985282034+00:00,pending_new,,,
2026-03-19 00:36:09.985282034+00:00,874,placed,ask,2194.8,0.1261494365340831,2026-03-19 00:36:10.235282034+00:00,100.43,2026-03-19 00:36:09.985282034+00:00,pending_new,,,
2026-03-19 00:36:10.296929505+00:00,874,cancel_requested,ask,2194.8,0.1261494365340831,2026-03-19 00:36:10.235282034+00:00,100.43,2026-03-19 00:36:09.985282034+00:00,pending_cancel,pressure_stop_ask,2026-03-19 00:36:10.296929505+00:00,2026-03-19 00:36:10.546929505+00:00
2026-03-19 00:36:10.546929505+00:00,874,cancelled,ask,2194.8,0.1261494365340831,2026-03-19 00:36:10.235282034+00:00,100.43,2026-03-19 00:36:09.985282034+00:00,cancelled,pressure_stop_ask,2026-03-19 00:36:10.296929505+00:00,2026-03-19 00:36:10.546929505+00:00
2026-03-19 00:36:10.862172600+00:00,873,cancel_requested,bid,2193.5,0.07385056346591692,2026-03-19 00:36:10.235282034+00:00,168.47799999999998,2026-03-19 00:36:09.985282034+00:00,pending_cancel,refresh_reprice,2026-03-19 00:36:10.862172600+00:00,2026-03-19 00:36:11.112172600+00:00
2026-03-19 00:36:10.862172600+00:00,875,placed,ask,2195.2,0.1261494365340831,2026-03-19 00:36:11.112172600+00:00,116.397,2026-03-19 00:36:10.862172600+00:00,pending_new,,,
2026-03-19 00:36:11.110882962+00:00,875,cancel_requested,ask,2195.2,0.1261494365340831,2026-03-19 00:36:11.112172600+00:00,116.397,2026-03-19 00:36:10.862172600+00:00,pending_cancel,pressure_stop_ask,2026-03-19 00:36:11.110882962+00:00,2026-03-19 00:36:11.360882962+00:00
2026-03-19 00:36:11.112172600+00:00,873,cancelled,bid,2193.5,0.07385056346591692,2026-03-19 00:36:10.235282034+00:00,168.47799999999998,2026-03-19 00:36:09.985282034+00:00,cancelled,refresh_reprice,2026-03-19 00:36:10.862172600+00:00,2026-03-19 00:36:11.112172600+00:00
2026-03-19 00:36:11.157506556+00:00,876,placed,bid,2193.9,0.07385056346591692,2026-03-19 00:36:11.407506556+00:00,217.297,2026-03-19 00:36:11.157506556+00:00,pending_new,,,
2026-03-19 00:36:11.360882962+00:00,875,cancelled,ask,2195.2,0.1261494365340831,2026-03-19 00:36:11.112172600+00:00,116.397,2026-03-19 00:36:10.862172600+00:00,cancelled,pressure_stop_ask,2026-03-19 00:36:11.110882962+00:00,2026-03-19 00:36:11.360882962+00:00
2026-03-19 00:36:14.742366933+00:00,876,cancel_requested,bid,2193.9,0.07385056346591692,2026-03-19 00:36:11.407506556+00:00,217.297,2026-03-19 00:36:11.157506556+00:00,pending_cancel,pressure_stop_bid,2026-03-19 00:36:14.742366933+00:00,2026-03-19 00:36:14.992366933+00:00
2026-03-19 00:36:14.742366933+00:00,877,placed,ask,2195.1,0.1261494365340831,2026-03-19 00:36:14.992366933+00:00,176.32,2026-03-19 00:36:14.742366933+00:00,pending_new,,,
2026-03-19 00:36:14.992366933+00:00,876,cancelled,bid,2193.9,0.07385056346591692,2026-03-19 00:36:11.407506556+00:00,217.297,2026-03-19 00:36:11.157506556+00:00,cancelled,pressure_stop_bid,2026-03-19 00:36:14.742366933+00:00,2026-03-19 00:36:14.992366933+00:00
2026-03-19 00:36:18.621010131+00:00,877,cancel_requested,ask,2195.1,0.1261494365340831,2026-03-19 00:36:14.992366933+00:00,176.32,2026-03-19 00:36:14.742366933+00:00,pending_cancel,pressure_stop_ask,2026-03-19 00:36:18.621010131+00:00,2026-03-19 00:36:18.871010131+00:00
2026-03-19 00:36:18.621010131+00:00,878,placed,bid,2194.2,0.07405213136396764,2026-03-19 00:36:18.871010131+00:00,175.39299999999997,2026-03-19 00:36:18.621010131+00:00,pending_new,,,
2026-03-19 00:36:18.871010131+00:00,877,cancelled,ask,2195.1,0.1261494365340831,2026-03-19 00:36:14.992366933+00:00,176.32,2026-03-19 00:36:14.742366933+00:00,cancelled,pressure_stop_ask,2026-03-19 00:36:18.621010131+00:00,2026-03-19 00:36:18.871010131+00:00
2026-03-19 00:36:19.742759276+00:00,879,placed,ask,2195.2,0.12594786863603236,2026-03-19 00:36:19.992759276+00:00,89.273,2026-03-19 00:36:19.742759276+00:00,pending_new,,,
2026-03-19 00:36:19.866343838+00:00,879,cancel_requested,ask,2195.2,0.12594786863603236,2026-03-19 00:36:19.992759276+00:00,89.273,2026-03-19 00:36:19.742759276+00:00,pending_cancel,pressure_stop_ask,2026-03-19 00:36:19.866343838+00:00,2026-03-19 00:36:20.116343838+00:00
2026-03-19 00:36:19.866343838+00:00,878,cancel_requested,bid,2194.2,0.07405213136396764,2026-03-19 00:36:18.871010131+00:00,175.39299999999997,2026-03-19 00:36:18.621010131+00:00,pending_cancel,refresh_reprice,2026-03-19 00:36:19.866343838+00:00,2026-03-19 00:36:20.116343838+00:00
2026-03-19 00:36:20.116343838+00:00,878,cancelled,bid,2194.2,0.07405213136396764,2026-03-19 00:36:18.871010131+00:00,175.39299999999997,2026-03-19 00:36:18.621010131+00:00,cancelled,refresh_reprice,2026-03-19 00:36:19.866343838+00:00,2026-03-19 00:36:20.116343838+00:00
2026-03-19 00:36:20.116343838+00:00,879,cancelled,ask,2195.2,0.12594786863603236,2026-03-19 00:36:19.992759276+00:00,89.273,2026-03-19 00:36:19.742759276+00:00,cancelled,pressure_stop_ask,2026-03-19 00:36:19.866343838+00:00,2026-03-19 00:36:20.116343838+00:00
2026-03-19 00:36:20.304759457+00:00,880,placed,bid,2194.5,0.07405213136396764,2026-03-19 00:36:20.554759457+00:00,168.84199999999998,2026-03-19 00:36:20.304759457+00:00,pending_new,,,
2026-03-19 00:36:20.304759457+00:00,881,placed,ask,2195.4,0.12594786863603236,2026-03-19 00:36:20.554759457+00:00,44.213,2026-03-19 00:36:20.304759457+00:00,pending_new,,,
2026-03-19 00:36:20.807292984+00:00,881,cancel_requested,ask,2195.4,0.12594786863603236,2026-03-19 00:36:20.554759457+00:00,44.213,2026-03-19 00:36:20.304759457+00:00,pending_cancel,pressure_stop_ask,2026-03-19 00:36:20.807292984+00:00,2026-03-19 00:36:21.057292984+00:00
2026-03-19 00:36:21.057292984+00:00,881,cancelled,ask,2195.4,0.12594786863603236,2026-03-19 00:36:20.554759457+00:00,44.213,2026-03-19 00:36:20.304759457+00:00,cancelled,pressure_stop_ask,2026-03-19 00:36:20.807292984+00:00,2026-03-19 00:36:21.057292984+00:00
2026-03-19 00:36:22.652563920+00:00,880,cancel_requested,bid,2194.5,0.07405213136396764,2026-03-19 00:36:20.554759457+00:00,168.84199999999998,2026-03-19 00:36:20.304759457+00:00,pending_cancel,refresh_reprice,2026-03-19 00:36:22.652563920+00:00,2026-03-19 00:36:22.902563920+00:00
2026-03-19 00:36:22.754140400+00:00,882,placed,ask,2196.6,0.12594786863603236,2026-03-19 00:36:23.004140400+00:00,43.224,2026-03-19 00:36:22.754140400+00:00,pending_new,,,
2026-03-19 00:36:22.856458394+00:00,882,cancel_requested,ask,2196.6,0.12594786863603236,2026-03-19 00:36:23.004140400+00:00,43.224,2026-03-19 00:36:22.754140400+00:00,pending_cancel,pressure_stop_ask,2026-03-19 00:36:22.856458394+00:00,2026-03-19 00:36:23.106458394+00:00
2026-03-19 00:36:22.902563920+00:00,880,cancelled,bid,2194.5,0.07405213136396764,2026-03-19 00:36:20.554759457+00:00,168.84199999999998,2026-03-19 00:36:20.304759457+00:00,cancelled,refresh_reprice,2026-03-19 00:36:22.652563920+00:00,2026-03-19 00:36:22.902563920+00:00
2026-03-19 00:36:22.907419280+00:00,883,placed,bid,2195.8,0.07405213136396764,2026-03-19 00:36:23.157419280+00:00,140.195,2026-03-19 00:36:22.907419280+00:00,pending_new,,,
2026-03-19 00:36:23.106458394+00:00,882,cancelled,ask,2196.6,0.12594786863603236,2026-03-19 00:36:23.004140400+00:00,43.224,2026-03-19 00:36:22.754140400+00:00,cancelled,pressure_stop_ask,2026-03-19 00:36:22.856458394+00:00,2026-03-19 00:36:23.106458394+00:00
2026-03-19 00:36:25.714727999+00:00,883,cancel_requested,bid,2195.8,0.07405213136396764,2026-03-19 00:36:23.157419280+00:00,140.195,2026-03-19 00:36:22.907419280+00:00,pending_cancel,refresh_reprice,2026-03-19 00:36:25.714727999+00:00,2026-03-19 00:36:25.964727999+00:00
2026-03-19 00:36:25.714727999+00:00,884,placed,ask,2197.1,0.12594786863603236,2026-03-19 00:36:25.964727999+00:00,25.118000000000002,2026-03-19 00:36:25.714727999+00:00,pending_new,,,
2026-03-19 00:36:25.764892491+00:00,884,cancel_requested,ask,2197.1,0.12594786863603236,2026-03-19 00:36:25.964727999+00:00,25.118000000000002,2026-03-19 00:36:25.714727999+00:00,pending_cancel,pressure_stop_ask,2026-03-19 00:36:25.764892491+00:00,2026-03-19 00:36:26.014892491+00:00
2026-03-19 00:36:25.964727999+00:00,883,cancelled,bid,2195.8,0.07405213136396764,2026-03-19 00:36:23.157419280+00:00,140.195,2026-03-19 00:36:22.907419280+00:00,cancelled,refresh_reprice,2026-03-19 00:36:25.714727999+00:00,2026-03-19 00:36:25.964727999+00:00
2026-03-19 00:36:26.014892491+00:00,884,cancelled,ask,2197.1,0.12594786863603236,2026-03-19 00:36:25.964727999+00:00,25.118000000000002,2026-03-19 00:36:25.714727999+00:00,cancelled,pressure_stop_ask,2026-03-19 00:36:25.764892491+00:00,2026-03-19 00:36:26.014892491+00:00
2026-03-19 00:36:26.017295440+00:00,885,placed,bid,2196.2,0.07405213136396764,2026-03-19 00:36:26.267295440+00:00,167.107,2026-03-19 00:36:26.017295440+00:00,pending_new,,,
2026-03-19 00:36:27.600934333+00:00,885,cancel_requested,bid,2196.2,0.07405213136396764,2026-03-19 00:36:26.267295440+00:00,167.107,2026-03-19 00:36:26.017295440+00:00,pending_cancel,refresh_reprice,2026-03-19 00:36:27.600934333+00:00,2026-03-19 00:36:27.850934333+00:00
2026-03-19 00:36:27.600934333+00:00,886,placed,ask,2197.8,0.12594786863603236,2026-03-19 00:36:27.850934333+00:00,36.169999999999995,2026-03-19 00:36:27.600934333+00:00,pending_new,,,
2026-03-19 00:36:27.850934333+00:00,885,cancelled,bid,2196.2,0.07405213136396764,2026-03-19 00:36:26.267295440+00:00,167.107,2026-03-19 00:36:26.017295440+00:00,cancelled,refresh_reprice,2026-03-19 00:36:27.600934333+00:00,2026-03-19 00:36:27.850934333+00:00
2026-03-19 00:36:27.853391752+00:00,887,placed,bid,2196.8,0.07405213136396764,2026-03-19 00:36:28.103391752+00:00,179.669,2026-03-19 00:36:27.853391752+00:00,pending_new,,,
2026-03-19 00:36:28.928678401+00:00,886,cancel_requested,ask,2197.8,0.12594786863603236,2026-03-19 00:36:27.850934333+00:00,36.169999999999995,2026-03-19 00:36:27.600934333+00:00,pending_cancel,pressure_stop_ask,2026-03-19 00:36:28.928678401+00:00,2026-03-19 00:36:29.178678401+00:00
2026-03-19 00:36:29.178678401+00:00,886,cancelled,ask,2197.8,0.12594786863603236,2026-03-19 00:36:27.850934333+00:00,36.169999999999995,2026-03-19 00:36:27.600934333+00:00,cancelled,pressure_stop_ask,2026-03-19 00:36:28.928678401+00:00,2026-03-19 00:36:29.178678401+00:00
2026-03-19 00:36:29.183593342+00:00,888,placed,ask,2198.0,0.12594786863603236,2026-03-19 00:36:29.433593342+00:00,56.583999999999996,2026-03-19 00:36:29.183593342+00:00,pending_new,,,
2026-03-19 00:36:29.438657263+00:00,888,cancel_requested,ask,2198.0,0.12594786863603236,2026-03-19 00:36:29.433593342+00:00,56.583999999999996,2026-03-19 00:36:29.183593342+00:00,pending_cancel,pressure_stop_ask,2026-03-19 00:36:29.438657263+00:00,2026-03-19 00:36:29.688657263+00:00
2026-03-19 00:36:29.688657263+00:00,888,cancelled,ask,2198.0,0.12594786863603236,2026-03-19 00:36:29.433593342+00:00,56.583999999999996,2026-03-19 00:36:29.183593342+00:00,cancelled,pressure_stop_ask,2026-03-19 00:36:29.438657263+00:00,2026-03-19 00:36:29.688657263+00:00
2026-03-19 00:36:29.694151616+00:00,889,placed,ask,2198.1,0.12594786863603236,2026-03-19 00:36:29.944151616+00:00,75.393,2026-03-19 00:36:29.694151616+00:00,pending_new,,,
2026-03-19 00:36:29.897292476+00:00,887,cancel_requested,bid,2196.8,0.07405213136396764,2026-03-19 00:36:28.103391752+00:00,179.669,2026-03-19 00:36:27.853391752+00:00,pending_cancel,pressure_stop_bid,2026-03-19 00:36:29.897292476+00:00,2026-03-19 00:36:30.147292476+00:00
2026-03-19 00:36:30.147292476+00:00,887,cancelled,bid,2196.8,0.07405213136396764,2026-03-19 00:36:28.103391752+00:00,179.669,2026-03-19 00:36:27.853391752+00:00,cancelled,pressure_stop_bid,2026-03-19 00:36:29.897292476+00:00,2026-03-19 00:36:30.147292476+00:00
2026-03-19 00:36:35.106614645+00:00,889,cancel_requested,ask,2198.1,0.12594786863603236,2026-03-19 00:36:29.944151616+00:00,75.393,2026-03-19 00:36:29.694151616+00:00,pending_cancel,refresh_reprice,2026-03-19 00:36:35.106614645+00:00,2026-03-19 00:36:35.356614645+00:00
2026-03-19 00:36:35.356614645+00:00,889,cancelled,ask,2198.1,0.12594786863603236,2026-03-19 00:36:29.944151616+00:00,75.393,2026-03-19 00:36:29.694151616+00:00,cancelled,refresh_reprice,2026-03-19 00:36:35.106614645+00:00,2026-03-19 00:36:35.356614645+00:00
2026-03-19 00:36:35.397396258+00:00,890,placed,ask,2197.6,0.12594786863603236,2026-03-19 00:36:35.647396258+00:00,60.342,2026-03-19 00:36:35.397396258+00:00,pending_new,,,
2026-03-19 00:36:36.740908152+00:00,890,cancel_requested,ask,2197.6,0.12594786863603236,2026-03-19 00:36:35.647396258+00:00,60.342,2026-03-19 00:36:35.397396258+00:00,pending_cancel,refresh_reprice,2026-03-19 00:36:36.740908152+00:00,2026-03-19 00:36:36.990908152+00:00
2026-03-19 00:36:36.990908152+00:00,890,cancelled,ask,2197.6,0.12594786863603236,2026-03-19 00:36:35.647396258+00:00,60.342,2026-03-19 00:36:35.397396258+00:00,cancelled,refresh_reprice,2026-03-19 00:36:36.740908152+00:00,2026-03-19 00:36:36.990908152+00:00
2026-03-19 00:36:36.999297785+00:00,891,placed,ask,2197.2,0.12594786863603236,2026-03-19 00:36:37.249297785+00:00,121.27199999999999,2026-03-19 00:36:36.999297785+00:00,pending_new,,,
2026-03-19 00:36:38.068315041+00:00,891,cancel_requested,ask,2197.2,0.12594786863603236,2026-03-19 00:36:37.249297785+00:00,121.27199999999999,2026-03-19 00:36:36.999297785+00:00,pending_cancel,pressure_stop_ask,2026-03-19 00:36:38.068315041+00:00,2026-03-19 00:36:38.318315041+00:00
2026-03-19 00:36:38.068315041+00:00,892,placed,bid,2196.3,0.07447153346639183,2026-03-19 00:36:38.318315041+00:00,202.43599999999998,2026-03-19 00:36:38.068315041+00:00,pending_new,,,
2026-03-19 00:36:38.318315041+00:00,891,cancelled,ask,2197.2,0.12594786863603236,2026-03-19 00:36:37.249297785+00:00,121.27199999999999,2026-03-19 00:36:36.999297785+00:00,cancelled,pressure_stop_ask,2026-03-19 00:36:38.068315041+00:00,2026-03-19 00:36:38.318315041+00:00
2026-03-19 00:36:38.323594299+00:00,893,placed,ask,2197.4,0.12552846653360816,2026-03-19 00:36:38.573594299+00:00,83.739,2026-03-19 00:36:38.323594299+00:00,pending_new,,,
2026-03-19 00:36:39.140579742+00:00,892,cancel_requested,bid,2196.3,0.07447153346639183,2026-03-19 00:36:38.318315041+00:00,202.43599999999998,2026-03-19 00:36:38.068315041+00:00,pending_cancel,pressure_stop_bid,2026-03-19 00:36:39.140579742+00:00,2026-03-19 00:36:39.390579742+00:00
2026-03-19 00:36:39.140579742+00:00,893,cancel_requested,ask,2197.4,0.12552846653360816,2026-03-19 00:36:38.573594299+00:00,83.739,2026-03-19 00:36:38.323594299+00:00,pending_cancel,refresh_reprice,2026-03-19 00:36:39.140579742+00:00,2026-03-19 00:36:39.390579742+00:00
2026-03-19 00:36:39.390579742+00:00,892,cancelled,bid,2196.3,0.07447153346639183,2026-03-19 00:36:38.318315041+00:00,202.43599999999998,2026-03-19 00:36:38.068315041+00:00,cancelled,pressure_stop_bid,2026-03-19 00:36:39.140579742+00:00,2026-03-19 00:36:39.390579742+00:00
2026-03-19 00:36:39.390579742+00:00,893,cancelled,ask,2197.4,0.12552846653360816,2026-03-19 00:36:38.573594299+00:00,83.739,2026-03-19 00:36:38.323594299+00:00,cancelled,refresh_reprice,2026-03-19 00:36:39.140579742+00:00,2026-03-19 00:36:39.390579742+00:00
2026-03-19 00:36:39.394485835+00:00,894,placed,ask,2197.0,0.12552846653360816,2026-03-19 00:36:39.644485835+00:00,88.195,2026-03-19 00:36:39.394485835+00:00,pending_new,,,
2026-03-19 00:36:40.410546426+00:00,894,cancel_requested,ask,2197.0,0.12552846653360816,2026-03-19 00:36:39.644485835+00:00,88.195,2026-03-19 00:36:39.394485835+00:00,pending_cancel,pressure_stop_ask,2026-03-19 00:36:40.410546426+00:00,2026-03-19 00:36:40.660546426+00:00
2026-03-19 00:36:40.410546426+00:00,895,placed,bid,2196.0,0.07447153346639183,2026-03-19 00:36:40.660546426+00:00,205.137,2026-03-19 00:36:40.410546426+00:00,pending_new,,,
2026-03-19 00:36:40.660546426+00:00,894,cancelled,ask,2197.0,0.12552846653360816,2026-03-19 00:36:39.644485835+00:00,88.195,2026-03-19 00:36:39.394485835+00:00,cancelled,pressure_stop_ask,2026-03-19 00:36:40.410546426+00:00,2026-03-19 00:36:40.660546426+00:00
2026-03-19 00:36:43.882935170+00:00,895,cancel_requested,bid,2196.0,0.07447153346639183,2026-03-19 00:36:40.660546426+00:00,205.137,2026-03-19 00:36:40.410546426+00:00,pending_cancel,pressure_stop_bid,2026-03-19 00:36:43.882935170+00:00,2026-03-19 00:36:44.132935170+00:00
2026-03-19 00:36:43.882935170+00:00,896,placed,ask,2196.9,0.12552846653360816,2026-03-19 00:36:44.132935170+00:00,112.65700000000001,2026-03-19 00:36:43.882935170+00:00,pending_new,,,
2026-03-19 00:36:43.988079426+00:00,896,cancel_requested,ask,2196.9,0.12552846653360816,2026-03-19 00:36:44.132935170+00:00,112.65700000000001,2026-03-19 00:36:43.882935170+00:00,pending_cancel,refresh_reprice,2026-03-19 00:36:43.988079426+00:00,2026-03-19 00:36:44.238079426+00:00
2026-03-19 00:36:44.132935170+00:00,895,cancelled,bid,2196.0,0.07447153346639183,2026-03-19 00:36:40.660546426+00:00,205.137,2026-03-19 00:36:40.410546426+00:00,cancelled,pressure_stop_bid,2026-03-19 00:36:43.882935170+00:00,2026-03-19 00:36:44.132935170+00:00
2026-03-19 00:36:44.140554110+00:00,897,placed,bid,2195.5,0.07447153346639183,2026-03-19 00:36:44.390554110+00:00,147.381,2026-03-19 00:36:44.140554110+00:00,pending_new,,,
2026-03-19 00:36:44.238079426+00:00,896,cancelled,ask,2196.9,0.12552846653360816,2026-03-19 00:36:44.132935170+00:00,112.65700000000001,2026-03-19 00:36:43.882935170+00:00,cancelled,refresh_reprice,2026-03-19 00:36:43.988079426+00:00,2026-03-19 00:36:44.238079426+00:00
2026-03-19 00:36:44.283529010+00:00,898,placed,ask,2196.5,0.12552846653360816,2026-03-19 00:36:44.533529010+00:00,84.044,2026-03-19 00:36:44.283529010+00:00,pending_new,,,
2026-03-19 00:36:44.497796069+00:00,897,cancel_requested,bid,2195.5,0.07447153346639183,2026-03-19 00:36:44.390554110+00:00,147.381,2026-03-19 00:36:44.140554110+00:00,pending_cancel,pressure_stop_bid,2026-03-19 00:36:44.497796069+00:00,2026-03-19 00:36:44.747796069+00:00
2026-03-19 00:36:44.747796069+00:00,897,cancelled,bid,2195.5,0.07447153346639183,2026-03-19 00:36:44.390554110+00:00,147.381,2026-03-19 00:36:44.140554110+00:00,cancelled,pressure_stop_bid,2026-03-19 00:36:44.497796069+00:00,2026-03-19 00:36:44.747796069+00:00
2026-03-19 00:36:44.955382753+00:00,898,cancel_requested,ask,2196.5,0.12552846653360816,2026-03-19 00:36:44.533529010+00:00,84.044,2026-03-19 00:36:44.283529010+00:00,pending_cancel,refresh_reprice,2026-03-19 00:36:44.955382753+00:00,2026-03-19 00:36:45.205382753+00:00
2026-03-19 00:36:45.205382753+00:00,898,cancelled,ask,2196.5,0.12552846653360816,2026-03-19 00:36:44.533529010+00:00,84.044,2026-03-19 00:36:44.283529010+00:00,cancelled,refresh_reprice,2026-03-19 00:36:44.955382753+00:00,2026-03-19 00:36:45.205382753+00:00
2026-03-19 00:36:45.253495378+00:00,899,placed,bid,2195.1,0.07447153346639183,2026-03-19 00:36:45.503495378+00:00,194.584,2026-03-19 00:36:45.253495378+00:00,pending_new,,,
2026-03-19 00:36:45.253495378+00:00,900,placed,ask,2196.2,0.12552846653360816,2026-03-19 00:36:45.503495378+00:00,90.00399999999999,2026-03-19 00:36:45.253495378+00:00,pending_new,,,
2026-03-19 00:36:45.977216830+00:00,899,cancel_requested,bid,2195.1,0.07447153346639183,2026-03-19 00:36:45.503495378+00:00,194.584,2026-03-19 00:36:45.253495378+00:00,pending_cancel,pressure_stop_bid,2026-03-19 00:36:45.977216830+00:00,2026-03-19 00:36:46.227216830+00:00
2026-03-19 00:36:46.227216830+00:00,899,cancelled,bid,2195.1,0.07447153346639183,2026-03-19 00:36:45.503495378+00:00,194.584,2026-03-19 00:36:45.253495378+00:00,cancelled,pressure_stop_bid,2026-03-19 00:36:45.977216830+00:00,2026-03-19 00:36:46.227216830+00:00
2026-03-19 00:36:48.581795637+00:00,901,placed,bid,2195.0,0.07447153346639183,2026-03-19 00:36:48.831795637+00:00,171.219,2026-03-19 00:36:48.581795637+00:00,pending_new,,,
2026-03-19 00:36:48.632075115+00:00,901,cancel_requested,bid,2195.0,0.07447153346639183,2026-03-19 00:36:48.831795637+00:00,171.219,2026-03-19 00:36:48.581795637+00:00,pending_cancel,pressure_stop_bid,2026-03-19 00:36:48.632075115+00:00,2026-03-19 00:36:48.882075115+00:00
2026-03-19 00:36:48.882075115+00:00,901,cancelled,bid,2195.0,0.07447153346639183,2026-03-19 00:36:48.831795637+00:00,171.219,2026-03-19 00:36:48.581795637+00:00,cancelled,pressure_stop_bid,2026-03-19 00:36:48.632075115+00:00,2026-03-19 00:36:48.882075115+00:00
2026-03-19 00:36:48.887173650+00:00,900,cancel_requested,ask,2196.2,0.12552846653360816,2026-03-19 00:36:45.503495378+00:00,90.00399999999999,2026-03-19 00:36:45.253495378+00:00,pending_cancel,refresh_reprice,2026-03-19 00:36:48.887173650+00:00,2026-03-19 00:36:49.137173650+00:00
2026-03-19 00:36:49.137173650+00:00,900,cancelled,ask,2196.2,0.12552846653360816,2026-03-19 00:36:45.503495378+00:00,90.00399999999999,2026-03-19 00:36:45.253495378+00:00,cancelled,refresh_reprice,2026-03-19 00:36:48.887173650+00:00,2026-03-19 00:36:49.137173650+00:00
2026-03-19 00:36:49.143026760+00:00,902,placed,ask,2195.9,0.12552846653360816,2026-03-19 00:36:49.393026760+00:00,148.692,2026-03-19 00:36:49.143026760+00:00,pending_new,,,
2026-03-19 00:36:52.150233049+00:00,902,cancel_requested,ask,2195.9,0.12552846653360816,2026-03-19 00:36:49.393026760+00:00,148.692,2026-03-19 00:36:49.143026760+00:00,pending_cancel,refresh_reprice,2026-03-19 00:36:52.150233049+00:00,2026-03-19 00:36:52.400233049+00:00
2026-03-19 00:36:52.400233049+00:00,902,cancelled,ask,2195.9,0.12552846653360816,2026-03-19 00:36:49.393026760+00:00,148.692,2026-03-19 00:36:49.143026760+00:00,cancelled,refresh_reprice,2026-03-19 00:36:52.150233049+00:00,2026-03-19 00:36:52.400233049+00:00
2026-03-19 00:36:52.477825982+00:00,903,placed,ask,2195.6,0.12552846653360816,2026-03-19 00:36:52.727825982+00:00,159.142,2026-03-19 00:36:52.477825982+00:00,pending_new,,,
2026-03-19 00:36:53.222869909+00:00,904,placed,bid,2194.4,0.07447153346639183,2026-03-19 00:36:53.472869909+00:00,181.781,2026-03-19 00:36:53.222869909+00:00,pending_new,,,
2026-03-19 00:36:53.274490443+00:00,904,cancel_requested,bid,2194.4,0.07447153346639183,2026-03-19 00:36:53.472869909+00:00,181.781,2026-03-19 00:36:53.222869909+00:00,pending_cancel,pressure_stop_bid,2026-03-19 00:36:53.274490443+00:00,2026-03-19 00:36:53.524490443+00:00
2026-03-19 00:36:53.524490443+00:00,904,cancelled,bid,2194.4,0.07447153346639183,2026-03-19 00:36:53.472869909+00:00,181.781,2026-03-19 00:36:53.222869909+00:00,cancelled,pressure_stop_bid,2026-03-19 00:36:53.274490443+00:00,2026-03-19 00:36:53.524490443+00:00
2026-03-19 00:36:53.529018116+00:00,903,cancel_requested,ask,2195.6,0.12552846653360816,2026-03-19 00:36:52.727825982+00:00,159.142,2026-03-19 00:36:52.477825982+00:00,pending_cancel,refresh_reprice,2026-03-19 00:36:53.529018116+00:00,2026-03-19 00:36:53.779018116+00:00
2026-03-19 00:36:53.779018116+00:00,903,cancelled,ask,2195.6,0.12552846653360816,2026-03-19 00:36:52.727825982+00:00,159.142,2026-03-19 00:36:52.477825982+00:00,cancelled,refresh_reprice,2026-03-19 00:36:53.529018116+00:00,2026-03-19 00:36:53.779018116+00:00
2026-03-19 00:36:53.887590721+00:00,905,placed,ask,2195.3,0.12552846653360816,2026-03-19 00:36:54.137590721+00:00,195.48,2026-03-19 00:36:53.887590721+00:00,pending_new,,,
2026-03-19 00:36:57.972180122+00:00,905,cancel_requested,ask,2195.3,0.12552846653360816,2026-03-19 00:36:54.137590721+00:00,195.48,2026-03-19 00:36:53.887590721+00:00,pending_cancel,pressure_stop_ask,2026-03-19 00:36:57.972180122+00:00,2026-03-19 00:36:58.222180122+00:00
2026-03-19 00:36:57.972180122+00:00,906,placed,bid,2194.2,0.07420035479109324,2026-03-19 00:36:58.222180122+00:00,174.771,2026-03-19 00:36:57.972180122+00:00,pending_new,,,
2026-03-19 00:36:58.222180122+00:00,905,cancelled,ask,2195.3,0.12552846653360816,2026-03-19 00:36:54.137590721+00:00,195.48,2026-03-19 00:36:53.887590721+00:00,cancelled,pressure_stop_ask,2026-03-19 00:36:57.972180122+00:00,2026-03-19 00:36:58.222180122+00:00
2026-03-19 00:37:00.522534259+00:00,906,cancel_requested,bid,2194.2,0.07420035479109324,2026-03-19 00:36:58.222180122+00:00,174.771,2026-03-19 00:36:57.972180122+00:00,pending_cancel,refresh_reprice,2026-03-19 00:37:00.522534259+00:00,2026-03-19 00:37:00.772534259+00:00
2026-03-19 00:37:00.522534259+00:00,907,placed,ask,2195.4,0.12579964520890677,2026-03-19 00:37:00.772534259+00:00,68.548,2026-03-19 00:37:00.522534259+00:00,pending_new,,,
2026-03-19 00:37:00.572994748+00:00,907,cancel_requested,ask,2195.4,0.12579964520890677,2026-03-19 00:37:00.772534259+00:00,68.548,2026-03-19 00:37:00.522534259+00:00,pending_cancel,pressure_stop_ask,2026-03-19 00:37:00.572994748+00:00,2026-03-19 00:37:00.822994748+00:00
2026-03-19 00:37:00.772534259+00:00,906,cancelled,bid,2194.2,0.07420035479109324,2026-03-19 00:36:58.222180122+00:00,174.771,2026-03-19 00:36:57.972180122+00:00,cancelled,refresh_reprice,2026-03-19 00:37:00.522534259+00:00,2026-03-19 00:37:00.772534259+00:00
2026-03-19 00:37:00.822994748+00:00,907,cancelled,ask,2195.4,0.12579964520890677,2026-03-19 00:37:00.772534259+00:00,68.548,2026-03-19 00:37:00.522534259+00:00,cancelled,pressure_stop_ask,2026-03-19 00:37:00.572994748+00:00,2026-03-19 00:37:00.822994748+00:00
2026-03-19 00:37:00.825560983+00:00,908,placed,bid,2194.7,0.07420035479109324,2026-03-19 00:37:01.075560983+00:00,154.886,2026-03-19 00:37:00.825560983+00:00,pending_new,,,
2026-03-19 00:37:05.422643717+00:00,908,cancel_requested,bid,2194.7,0.07420035479109324,2026-03-19 00:37:01.075560983+00:00,154.886,2026-03-19 00:37:00.825560983+00:00,pending_cancel,refresh_reprice,2026-03-19 00:37:05.422643717+00:00,2026-03-19 00:37:05.672643717+00:00
2026-03-19 00:37:05.672643717+00:00,908,cancelled,bid,2194.7,0.07420035479109324,2026-03-19 00:37:01.075560983+00:00,154.886,2026-03-19 00:37:00.825560983+00:00,cancelled,refresh_reprice,2026-03-19 00:37:05.422643717+00:00,2026-03-19 00:37:05.672643717+00:00
2026-03-19 00:37:05.722683984+00:00,909,placed,bid,2195.0,0.07420035479109324,2026-03-19 00:37:05.972683984+00:00,172.308,2026-03-19 00:37:05.722683984+00:00,pending_new,,,
2026-03-19 00:37:05.722683984+00:00,910,placed,ask,2196.0,0.12579964520890677,2026-03-19 00:37:05.972683984+00:00,58.685,2026-03-19 00:37:05.722683984+00:00,pending_new,,,
2026-03-19 00:37:06.034543805+00:00,909,cancel_requested,bid,2195.0,0.07420035479109324,2026-03-19 00:37:05.972683984+00:00,172.308,2026-03-19 00:37:05.722683984+00:00,pending_cancel,pressure_stop_bid,2026-03-19 00:37:06.034543805+00:00,2026-03-19 00:37:06.284543805+00:00
2026-03-19 00:37:06.284543805+00:00,909,cancelled,bid,2195.0,0.07420035479109324,2026-03-19 00:37:05.972683984+00:00,172.308,2026-03-19 00:37:05.722683984+00:00,cancelled,pressure_stop_bid,2026-03-19 00:37:06.034543805+00:00,2026-03-19 00:37:06.284543805+00:00
2026-03-19 00:37:06.851907021+00:00,911,placed,bid,2194.7,0.07420035479109324,2026-03-19 00:37:07.101907021+00:00,176.432,2026-03-19 00:37:06.851907021+00:00,pending_new,,,
2026-03-19 00:37:09.195519792+00:00,911,cancel_requested,bid,2194.7,0.07420035479109324,2026-03-19 00:37:07.101907021+00:00,176.432,2026-03-19 00:37:06.851907021+00:00,pending_cancel,pressure_stop_bid,2026-03-19 00:37:09.195519792+00:00,2026-03-19 00:37:09.445519792+00:00
2026-03-19 00:37:09.195519792+00:00,910,cancel_requested,ask,2196.0,0.12579964520890677,2026-03-19 00:37:05.972683984+00:00,58.685,2026-03-19 00:37:05.722683984+00:00,pending_cancel,refresh_reprice,2026-03-19 00:37:09.195519792+00:00,2026-03-19 00:37:09.445519792+00:00
2026-03-19 00:37:09.445519792+00:00,911,cancelled,bid,2194.7,0.07420035479109324,2026-03-19 00:37:07.101907021+00:00,176.432,2026-03-19 00:37:06.851907021+00:00,cancelled,pressure_stop_bid,2026-03-19 00:37:09.195519792+00:00,2026-03-19 00:37:09.445519792+00:00
2026-03-19 00:37:09.445519792+00:00,910,cancelled,ask,2196.0,0.12579964520890677,2026-03-19 00:37:05.972683984+00:00,58.685,2026-03-19 00:37:05.722683984+00:00,cancelled,refresh_reprice,2026-03-19 00:37:09.195519792+00:00,2026-03-19 00:37:09.445519792+00:00
2026-03-19 00:37:09.552090500+00:00,912,placed,ask,2195.7,0.12579964520890677,2026-03-19 00:37:09.802090500+00:00,89.545,2026-03-19 00:37:09.552090500+00:00,pending_new,,,
2026-03-19 00:37:13.643400647+00:00,912,cancel_requested,ask,2195.7,0.12579964520890677,2026-03-19 00:37:09.802090500+00:00,89.545,2026-03-19 00:37:09.552090500+00:00,pending_cancel,expected_edge_ask,2026-03-19 00:37:13.643400647+00:00,2026-03-19 00:37:13.893400647+00:00
2026-03-19 00:37:13.643400647+00:00,913,placed,bid,2194.8,0.07420035479109324,2026-03-19 00:37:13.893400647+00:00,196.846,2026-03-19 00:37:13.643400647+00:00,pending_new,,,
2026-03-19 00:37:13.893400647+00:00,912,cancelled,ask,2195.7,0.12579964520890677,2026-03-19 00:37:09.802090500+00:00,89.545,2026-03-19 00:37:09.552090500+00:00,cancelled,expected_edge_ask,2026-03-19 00:37:13.643400647+00:00,2026-03-19 00:37:13.893400647+00:00
2026-03-19 00:37:13.935879108+00:00,914,placed,ask,2195.7,0.12579964520890677,2026-03-19 00:37:14.185879108+00:00,61.32000000000001,2026-03-19 00:37:13.935879108+00:00,pending_new,,,
2026-03-19 00:37:13.997338052+00:00,914,cancel_requested,ask,2195.7,0.12579964520890677,2026-03-19 00:37:14.185879108+00:00,61.32000000000001,2026-03-19 00:37:13.935879108+00:00,pending_cancel,expected_edge_ask,2026-03-19 00:37:13.997338052+00:00,2026-03-19 00:37:14.247338052+00:00
2026-03-19 00:37:14.247338052+00:00,914,cancelled,ask,2195.7,0.12579964520890677,2026-03-19 00:37:14.185879108+00:00,61.32000000000001,2026-03-19 00:37:13.935879108+00:00,cancelled,expected_edge_ask,2026-03-19 00:37:13.997338052+00:00,2026-03-19 00:37:14.247338052+00:00
2026-03-19 00:37:14.312096957+00:00,915,placed,ask,2195.7,0.12579964520890677,2026-03-19 00:37:14.562096957+00:00,58.577999999999996,2026-03-19 00:37:14.312096957+00:00,pending_new,,,
2026-03-19 00:37:14.396326726+00:00,915,cancel_requested,ask,2195.7,0.12579964520890677,2026-03-19 00:37:14.562096957+00:00,58.577999999999996,2026-03-19 00:37:14.312096957+00:00,pending_cancel,expected_edge_ask,2026-03-19 00:37:14.396326726+00:00,2026-03-19 00:37:14.646326726+00:00
2026-03-19 00:37:14.646326726+00:00,915,cancelled,ask,2195.7,0.12579964520890677,2026-03-19 00:37:14.562096957+00:00,58.577999999999996,2026-03-19 00:37:14.312096957+00:00,cancelled,expected_edge_ask,2026-03-19 00:37:14.396326726+00:00,2026-03-19 00:37:14.646326726+00:00
2026-03-19 00:37:19.739147859+00:00,913,cancel_requested,bid,2194.8,0.07420035479109324,2026-03-19 00:37:13.893400647+00:00,196.846,2026-03-19 00:37:13.643400647+00:00,pending_cancel,refresh_reprice,2026-03-19 00:37:19.739147859+00:00,2026-03-19 00:37:19.989147859+00:00
2026-03-19 00:37:19.989147859+00:00,913,cancelled,bid,2194.8,0.07420035479109324,2026-03-19 00:37:13.893400647+00:00,196.846,2026-03-19 00:37:13.643400647+00:00,cancelled,refresh_reprice,2026-03-19 00:37:19.739147859+00:00,2026-03-19 00:37:19.989147859+00:00
2026-03-19 00:37:19.992983562+00:00,916,placed,bid,2195.1,0.07435094835501907,2026-03-19 00:37:20.242983562+00:00,195.223,2026-03-19 00:37:19.992983562+00:00,pending_new,,,
2026-03-19 00:37:19.992983562+00:00,917,placed,ask,2196.0,0.12564905164498094,2026-03-19 00:37:20.242983562+00:00,56.181,2026-03-19 00:37:19.992983562+00:00,pending_new,,,
2026-03-19 00:37:20.047351241+00:00,917,cancel_requested,ask,2196.0,0.12564905164498094,2026-03-19 00:37:20.242983562+00:00,56.181,2026-03-19 00:37:19.992983562+00:00,pending_cancel,expected_edge_ask,2026-03-19 00:37:20.047351241+00:00,2026-03-19 00:37:20.297351241+00:00
2026-03-19 00:37:20.297351241+00:00,917,cancelled,ask,2196.0,0.12564905164498094,2026-03-19 00:37:20.242983562+00:00,56.181,2026-03-19 00:37:19.992983562+00:00,cancelled,expected_edge_ask,2026-03-19 00:37:20.047351241+00:00,2026-03-19 00:37:20.297351241+00:00
2026-03-19 00:37:21.762241219+00:00,916,cancel_requested,bid,2195.1,0.07435094835501907,2026-03-19 00:37:20.242983562+00:00,195.223,2026-03-19 00:37:19.992983562+00:00,pending_cancel,refresh_reprice,2026-03-19 00:37:21.762241219+00:00,2026-03-19 00:37:22.012241219+00:00
2026-03-19 00:37:22.012241219+00:00,916,cancelled,bid,2195.1,0.07435094835501907,2026-03-19 00:37:20.242983562+00:00,195.223,2026-03-19 00:37:19.992983562+00:00,cancelled,refresh_reprice,2026-03-19 00:37:21.762241219+00:00,2026-03-19 00:37:22.012241219+00:00
2026-03-19 00:37:22.017991091+00:00,918,placed,bid,2195.4,0.07435094835501907,2026-03-19 00:37:22.267991091+00:00,190.592,2026-03-19 00:37:22.017991091+00:00,pending_new,,,
2026-03-19 00:37:22.017991091+00:00,919,placed,ask,2196.3,0.12564905164498094,2026-03-19 00:37:22.267991091+00:00,112.402,2026-03-19 00:37:22.017991091+00:00,pending_new,,,
2026-03-19 00:37:22.785877559+00:00,919,cancel_requested,ask,2196.3,0.12564905164498094,2026-03-19 00:37:22.267991091+00:00,112.402,2026-03-19 00:37:22.017991091+00:00,pending_cancel,pressure_stop_ask,2026-03-19 00:37:22.785877559+00:00,2026-03-19 00:37:23.035877559+00:00
2026-03-19 00:37:23.035877559+00:00,919,cancelled,ask,2196.3,0.12564905164498094,2026-03-19 00:37:22.267991091+00:00,112.402,2026-03-19 00:37:22.017991091+00:00,cancelled,pressure_stop_ask,2026-03-19 00:37:22.785877559+00:00,2026-03-19 00:37:23.035877559+00:00
2026-03-19 00:37:25.127802381+00:00,918,cancel_requested,bid,2195.4,0.07435094835501907,2026-03-19 00:37:22.267991091+00:00,190.592,2026-03-19 00:37:22.017991091+00:00,pending_cancel,pressure_stop_bid,2026-03-19 00:37:25.127802381+00:00,2026-03-19 00:37:25.377802381+00:00
2026-03-19 00:37:25.127802381+00:00,920,placed,ask,2196.3,0.12564905164498094,2026-03-19 00:37:25.377802381+00:00,90.416,2026-03-19 00:37:25.127802381+00:00,pending_new,,,
2026-03-19 00:37:25.377802381+00:00,918,cancelled,bid,2195.4,0.07435094835501907,2026-03-19 00:37:22.267991091+00:00,190.592,2026-03-19 00:37:22.017991091+00:00,cancelled,pressure_stop_bid,2026-03-19 00:37:25.127802381+00:00,2026-03-19 00:37:25.377802381+00:00
2026-03-19 00:37:26.305656548+00:00,920,cancel_requested,ask,2196.3,0.12564905164498094,2026-03-19 00:37:25.377802381+00:00,90.416,2026-03-19 00:37:25.127802381+00:00,pending_cancel,refresh_reprice,2026-03-19 00:37:26.305656548+00:00,2026-03-19 00:37:26.555656548+00:00
2026-03-19 00:37:26.555656548+00:00,920,cancelled,ask,2196.3,0.12564905164498094,2026-03-19 00:37:25.377802381+00:00,90.416,2026-03-19 00:37:25.127802381+00:00,cancelled,refresh_reprice,2026-03-19 00:37:26.305656548+00:00,2026-03-19 00:37:26.555656548+00:00
2026-03-19 00:37:26.561524611+00:00,921,placed,ask,2195.9,0.12564905164498094,2026-03-19 00:37:26.811524611+00:00,159.59199999999998,2026-03-19 00:37:26.561524611+00:00,pending_new,,,
2026-03-19 00:37:27.735211959+00:00,921,cancel_requested,ask,2195.9,0.12564905164498094,2026-03-19 00:37:26.811524611+00:00,159.59199999999998,2026-03-19 00:37:26.561524611+00:00,pending_cancel,expected_edge_ask,2026-03-19 00:37:27.735211959+00:00,2026-03-19 00:37:27.985211959+00:00
2026-03-19 00:37:27.985211959+00:00,921,cancelled,ask,2195.9,0.12564905164498094,2026-03-19 00:37:26.811524611+00:00,159.59199999999998,2026-03-19 00:37:26.561524611+00:00,cancelled,expected_edge_ask,2026-03-19 00:37:27.735211959+00:00,2026-03-19 00:37:27.985211959+00:00
2026-03-19 00:37:28.040223037+00:00,922,placed,bid,2194.8,0.07435094835501907,2026-03-19 00:37:28.290223037+00:00,104.718,2026-03-19 00:37:28.040223037+00:00,pending_new,,,
2026-03-19 00:37:28.040223037+00:00,923,placed,ask,2195.5,0.12564905164498094,2026-03-19 00:37:28.290223037+00:00,37.160000000000004,2026-03-19 00:37:28.040223037+00:00,pending_new,,,
2026-03-19 00:37:28.138438626+00:00,923,cancel_requested,ask,2195.5,0.12564905164498094,2026-03-19 00:37:28.290223037+00:00,37.160000000000004,2026-03-19 00:37:28.040223037+00:00,pending_cancel,expected_edge_ask,2026-03-19 00:37:28.138438626+00:00,2026-03-19 00:37:28.388438626+00:00
2026-03-19 00:37:28.388438626+00:00,923,cancelled,ask,2195.5,0.12564905164498094,2026-03-19 00:37:28.290223037+00:00,37.160000000000004,2026-03-19 00:37:28.040223037+00:00,cancelled,expected_edge_ask,2026-03-19 00:37:28.138438626+00:00,2026-03-19 00:37:28.388438626+00:00
2026-03-19 00:37:29.862362036+00:00,922,cancel_requested,bid,2194.8,0.07435094835501907,2026-03-19 00:37:28.290223037+00:00,104.718,2026-03-19 00:37:28.040223037+00:00,pending_cancel,pressure_stop_bid,2026-03-19 00:37:29.862362036+00:00,2026-03-19 00:37:30.112362036+00:00
2026-03-19 00:37:29.862362036+00:00,924,placed,ask,2195.6,0.12564905164498094,2026-03-19 00:37:30.112362036+00:00,75.462,2026-03-19 00:37:29.862362036+00:00,pending_new,,,
2026-03-19 00:37:30.084858986+00:00,924,cancel_requested,ask,2195.6,0.12564905164498094,2026-03-19 00:37:30.112362036+00:00,75.462,2026-03-19 00:37:29.862362036+00:00,pending_cancel,expected_edge_ask,2026-03-19 00:37:30.084858986+00:00,2026-03-19 00:37:30.334858986+00:00
2026-03-19 00:37:30.112362036+00:00,922,cancelled,bid,2194.8,0.07435094835501907,2026-03-19 00:37:28.290223037+00:00,104.718,2026-03-19 00:37:28.040223037+00:00,cancelled,pressure_stop_bid,2026-03-19 00:37:29.862362036+00:00,2026-03-19 00:37:30.112362036+00:00
2026-03-19 00:37:30.135962920+00:00,925,placed,bid,2195.0,0.07435094835501907,2026-03-19 00:37:30.385962920+00:00,120.608,2026-03-19 00:37:30.135962920+00:00,pending_new,,,
2026-03-19 00:37:30.334858986+00:00,924,cancelled,ask,2195.6,0.12564905164498094,2026-03-19 00:37:30.112362036+00:00,75.462,2026-03-19 00:37:29.862362036+00:00,cancelled,expected_edge_ask,2026-03-19 00:37:30.084858986+00:00,2026-03-19 00:37:30.334858986+00:00
2026-03-19 00:37:31.463281192+00:00,925,cancel_requested,bid,2195.0,0.07435094835501907,2026-03-19 00:37:30.385962920+00:00,120.608,2026-03-19 00:37:30.135962920+00:00,pending_cancel,pressure_stop_bid,2026-03-19 00:37:31.463281192+00:00,2026-03-19 00:37:31.713281192+00:00
2026-03-19 00:37:31.463281192+00:00,926,placed,ask,2195.6,0.12564905164498094,2026-03-19 00:37:31.713281192+00:00,68.417,2026-03-19 00:37:31.463281192+00:00,pending_new,,,
2026-03-19 00:37:31.616082792+00:00,926,cancel_requested,ask,2195.6,0.12564905164498094,2026-03-19 00:37:31.713281192+00:00,68.417,2026-03-19 00:37:31.463281192+00:00,pending_cancel,expected_edge_ask,2026-03-19 00:37:31.616082792+00:00,2026-03-19 00:37:31.866082792+00:00
2026-03-19 00:37:31.713281192+00:00,925,cancelled,bid,2195.0,0.07435094835501907,2026-03-19 00:37:30.385962920+00:00,120.608,2026-03-19 00:37:30.135962920+00:00,cancelled,pressure_stop_bid,2026-03-19 00:37:31.463281192+00:00,2026-03-19 00:37:31.713281192+00:00
2026-03-19 00:37:31.866082792+00:00,926,cancelled,ask,2195.6,0.12564905164498094,2026-03-19 00:37:31.713281192+00:00,68.417,2026-03-19 00:37:31.463281192+00:00,cancelled,expected_edge_ask,2026-03-19 00:37:31.616082792+00:00,2026-03-19 00:37:31.866082792+00:00
2026-03-19 00:37:31.911345064+00:00,927,placed,bid,2195.0,0.07435094835501907,2026-03-19 00:37:32.161345064+00:00,146.018,2026-03-19 00:37:31.911345064+00:00,pending_new,,,
2026-03-19 00:37:31.911345064+00:00,928,placed,ask,2195.7,0.12564905164498094,2026-03-19 00:37:32.161345064+00:00,55.656,2026-03-19 00:37:31.911345064+00:00,pending_new,,,
2026-03-19 00:37:32.121907429+00:00,928,cancel_requested,ask,2195.7,0.12564905164498094,2026-03-19 00:37:32.161345064+00:00,55.656,2026-03-19 00:37:31.911345064+00:00,pending_cancel,expected_edge_ask,2026-03-19 00:37:32.121907429+00:00,2026-03-19 00:37:32.371907429+00:00
2026-03-19 00:37:32.371907429+00:00,928,cancelled,ask,2195.7,0.12564905164498094,2026-03-19 00:37:32.161345064+00:00,55.656,2026-03-19 00:37:31.911345064+00:00,cancelled,expected_edge_ask,2026-03-19 00:37:32.121907429+00:00,2026-03-19 00:37:32.371907429+00:00
2026-03-19 00:37:38.554810143+00:00,927,cancel_requested,bid,2195.0,0.07435094835501907,2026-03-19 00:37:32.161345064+00:00,146.018,2026-03-19 00:37:31.911345064+00:00,pending_cancel,refresh_reprice,2026-03-19 00:37:38.554810143+00:00,2026-03-19 00:37:38.804810143+00:00
2026-03-19 00:37:38.804810143+00:00,927,cancelled,bid,2195.0,0.07435094835501907,2026-03-19 00:37:32.161345064+00:00,146.018,2026-03-19 00:37:31.911345064+00:00,cancelled,refresh_reprice,2026-03-19 00:37:38.554810143+00:00,2026-03-19 00:37:38.804810143+00:00
2026-03-19 00:37:38.817901518+00:00,929,placed,bid,2195.3,0.07443862743824736,2026-03-19 00:37:39.067901518+00:00,56.186,2026-03-19 00:37:38.817901518+00:00,pending_new,,,
2026-03-19 00:37:40.500346068+00:00,929,cancel_requested,bid,2195.3,0.07443862743824736,2026-03-19 00:37:39.067901518+00:00,56.186,2026-03-19 00:37:38.817901518+00:00,pending_cancel,refresh_reprice,2026-03-19 00:37:40.500346068+00:00,2026-03-19 00:37:40.750346068+00:00
2026-03-19 00:37:40.750346068+00:00,929,cancelled,bid,2195.3,0.07443862743824736,2026-03-19 00:37:39.067901518+00:00,56.186,2026-03-19 00:37:38.817901518+00:00,cancelled,refresh_reprice,2026-03-19 00:37:40.500346068+00:00,2026-03-19 00:37:40.750346068+00:00
2026-03-19 00:37:40.803574052+00:00,930,placed,bid,2195.8,0.07443862743824736,2026-03-19 00:37:41.053574052+00:00,122.55599999999998,2026-03-19 00:37:40.803574052+00:00,pending_new,,,
2026-03-19 00:37:45.910806613+00:00,930,cancel_requested,bid,2195.8,0.07443862743824736,2026-03-19 00:37:41.053574052+00:00,122.55599999999998,2026-03-19 00:37:40.803574052+00:00,pending_cancel,refresh_reprice,2026-03-19 00:37:45.910806613+00:00,2026-03-19 00:37:46.160806613+00:00
2026-03-19 00:37:46.160806613+00:00,930,cancelled,bid,2195.8,0.07443862743824736,2026-03-19 00:37:41.053574052+00:00,122.55599999999998,2026-03-19 00:37:40.803574052+00:00,cancelled,refresh_reprice,2026-03-19 00:37:45.910806613+00:00,2026-03-19 00:37:46.160806613+00:00
2026-03-19 00:37:46.164610484+00:00,931,placed,bid,2196.2,0.07443862743824736,2026-03-19 00:37:46.414610484+00:00,144.85500000000002,2026-03-19 00:37:46.164610484+00:00,pending_new,,,
2026-03-19 00:37:50.039114037+00:00,931,cancel_requested,bid,2196.2,0.07443862743824736,2026-03-19 00:37:46.414610484+00:00,144.85500000000002,2026-03-19 00:37:46.164610484+00:00,pending_cancel,pressure_stop_bid,2026-03-19 00:37:50.039114037+00:00,2026-03-19 00:37:50.289114037+00:00
2026-03-19 00:37:50.289114037+00:00,931,cancelled,bid,2196.2,0.07443862743824736,2026-03-19 00:37:46.414610484+00:00,144.85500000000002,2026-03-19 00:37:46.164610484+00:00,cancelled,pressure_stop_bid,2026-03-19 00:37:50.039114037+00:00,2026-03-19 00:37:50.289114037+00:00
2026-03-19 00:37:50.347300674+00:00,932,placed,ask,2196.9,0.12556137256175265,2026-03-19 00:37:50.597300674+00:00,149.536,2026-03-19 00:37:50.347300674+00:00,pending_new,,,
2026-03-19 00:37:50.547790816+00:00,932,cancel_requested,ask,2196.9,0.12556137256175265,2026-03-19 00:37:50.597300674+00:00,149.536,2026-03-19 00:37:50.347300674+00:00,pending_cancel,expected_edge_ask,2026-03-19 00:37:50.547790816+00:00,2026-03-19 00:37:50.797790816+00:00
2026-03-19 00:37:50.797790816+00:00,932,cancelled,ask,2196.9,0.12556137256175265,2026-03-19 00:37:50.597300674+00:00,149.536,2026-03-19 00:37:50.347300674+00:00,cancelled,expected_edge_ask,2026-03-19 00:37:50.547790816+00:00,2026-03-19 00:37:50.797790816+00:00
2026-03-19 00:37:55.837929545+00:00,933,placed,bid,2196.2,0.07443862743824736,2026-03-19 00:37:56.087929545+00:00,65.95200000000001,2026-03-19 00:37:55.837929545+00:00,pending_new,,,
2026-03-19 00:37:57.038206056+00:00,933,cancel_requested,bid,2196.2,0.07443862743824736,2026-03-19 00:37:56.087929545+00:00,65.95200000000001,2026-03-19 00:37:55.837929545+00:00,pending_cancel,pressure_stop_bid,2026-03-19 00:37:57.038206056+00:00,2026-03-19 00:37:57.288206056+00:00
2026-03-19 00:37:57.288206056+00:00,933,cancelled,bid,2196.2,0.07443862743824736,2026-03-19 00:37:56.087929545+00:00,65.95200000000001,2026-03-19 00:37:55.837929545+00:00,cancelled,pressure_stop_bid,2026-03-19 00:37:57.038206056+00:00,2026-03-19 00:37:57.288206056+00:00
2026-03-19 00:37:57.335357526+00:00,934,placed,ask,2196.8,0.12556137256175265,2026-03-19 00:37:57.585357526+00:00,82.088,2026-03-19 00:37:57.335357526+00:00,pending_new,,,
2026-03-19 00:37:57.586133540+00:00,934,cancel_requested,ask,2196.8,0.12556137256175265,2026-03-19 00:37:57.585357526+00:00,82.088,2026-03-19 00:37:57.335357526+00:00,pending_cancel,expected_edge_ask,2026-03-19 00:37:57.586133540+00:00,2026-03-19 00:37:57.836133540+00:00
2026-03-19 00:37:57.836133540+00:00,934,cancelled,ask,2196.8,0.12556137256175265,2026-03-19 00:37:57.585357526+00:00,82.088,2026-03-19 00:37:57.335357526+00:00,cancelled,expected_edge_ask,2026-03-19 00:37:57.586133540+00:00,2026-03-19 00:37:57.836133540+00:00
2026-03-19 00:38:03.009541575+00:00,935,placed,bid,2195.8,0.07463512668671239,2026-03-19 00:38:03.259541575+00:00,171.493,2026-03-19 00:38:03.009541575+00:00,pending_new,,,
2026-03-19 00:38:03.009541575+00:00,936,placed,ask,2196.5,0.1253648733132876,2026-03-19 00:38:03.259541575+00:00,63.574,2026-03-19 00:38:03.009541575+00:00,pending_new,,,
2026-03-19 00:38:03.161049399+00:00,936,cancel_requested,ask,2196.5,0.1253648733132876,2026-03-19 00:38:03.259541575+00:00,63.574,2026-03-19 00:38:03.009541575+00:00,pending_cancel,expected_edge_ask,2026-03-19 00:38:03.161049399+00:00,2026-03-19 00:38:03.411049399+00:00
2026-03-19 00:38:03.411049399+00:00,936,cancelled,ask,2196.5,0.1253648733132876,2026-03-19 00:38:03.259541575+00:00,63.574,2026-03-19 00:38:03.009541575+00:00,cancelled,expected_edge_ask,2026-03-19 00:38:03.161049399+00:00,2026-03-19 00:38:03.411049399+00:00
2026-03-19 00:38:08.777361110+00:00,935,cancel_requested,bid,2195.8,0.07463512668671239,2026-03-19 00:38:03.259541575+00:00,171.493,2026-03-19 00:38:03.009541575+00:00,pending_cancel,pressure_stop_bid,2026-03-19 00:38:08.777361110+00:00,2026-03-19 00:38:09.027361110+00:00
2026-03-19 00:38:09.027361110+00:00,935,cancelled,bid,2195.8,0.07463512668671239,2026-03-19 00:38:03.259541575+00:00,171.493,2026-03-19 00:38:03.009541575+00:00,cancelled,pressure_stop_bid,2026-03-19 00:38:08.777361110+00:00,2026-03-19 00:38:09.027361110+00:00
2026-03-19 00:38:09.032072787+00:00,937,placed,bid,2196.0,0.07463512668671239,2026-03-19 00:38:09.282072787+00:00,83.033,2026-03-19 00:38:09.032072787+00:00,pending_new,,,
2026-03-19 00:38:09.084703973+00:00,938,placed,ask,2196.5,0.1253648733132876,2026-03-19 00:38:09.334703973+00:00,48.387,2026-03-19 00:38:09.084703973+00:00,pending_new,,,
2026-03-19 00:38:09.237110143+00:00,937,cancel_requested,bid,2196.0,0.07463512668671239,2026-03-19 00:38:09.282072787+00:00,83.033,2026-03-19 00:38:09.032072787+00:00,pending_cancel,pressure_stop_bid,2026-03-19 00:38:09.237110143+00:00,2026-03-19 00:38:09.487110143+00:00
2026-03-19 00:38:09.237110143+00:00,938,cancel_requested,ask,2196.5,0.1253648733132876,2026-03-19 00:38:09.334703973+00:00,48.387,2026-03-19 00:38:09.084703973+00:00,pending_cancel,expected_edge_ask,2026-03-19 00:38:09.237110143+00:00,2026-03-19 00:38:09.487110143+00:00
2026-03-19 00:38:09.487110143+00:00,937,cancelled,bid,2196.0,0.07463512668671239,2026-03-19 00:38:09.282072787+00:00,83.033,2026-03-19 00:38:09.032072787+00:00,cancelled,pressure_stop_bid,2026-03-19 00:38:09.237110143+00:00,2026-03-19 00:38:09.487110143+00:00
2026-03-19 00:38:09.487110143+00:00,938,cancelled,ask,2196.5,0.1253648733132876,2026-03-19 00:38:09.334703973+00:00,48.387,2026-03-19 00:38:09.084703973+00:00,cancelled,expected_edge_ask,2026-03-19 00:38:09.237110143+00:00,2026-03-19 00:38:09.487110143+00:00
2026-03-19 00:38:14.646264891+00:00,939,placed,bid,2195.4,0.07463512668671239,2026-03-19 00:38:14.896264891+00:00,125.42500000000001,2026-03-19 00:38:14.646264891+00:00,pending_new,,,
2026-03-19 00:38:16.638357928+00:00,939,cancel_requested,bid,2195.4,0.07463512668671239,2026-03-19 00:38:14.896264891+00:00,125.42500000000001,2026-03-19 00:38:14.646264891+00:00,pending_cancel,pressure_stop_bid,2026-03-19 00:38:16.638357928+00:00,2026-03-19 00:38:16.888357928+00:00
2026-03-19 00:38:16.638357928+00:00,940,placed,ask,2196.2,0.1253648733132876,2026-03-19 00:38:16.888357928+00:00,84.839,2026-03-19 00:38:16.638357928+00:00,pending_new,,,
2026-03-19 00:38:16.686921725+00:00,940,cancel_requested,ask,2196.2,0.1253648733132876,2026-03-19 00:38:16.888357928+00:00,84.839,2026-03-19 00:38:16.638357928+00:00,pending_cancel,expected_edge_ask,2026-03-19 00:38:16.686921725+00:00,2026-03-19 00:38:16.936921725+00:00
2026-03-19 00:38:16.888357928+00:00,939,cancelled,bid,2195.4,0.07463512668671239,2026-03-19 00:38:14.896264891+00:00,125.42500000000001,2026-03-19 00:38:14.646264891+00:00,cancelled,pressure_stop_bid,2026-03-19 00:38:16.638357928+00:00,2026-03-19 00:38:16.888357928+00:00
2026-03-19 00:38:16.936921725+00:00,940,cancelled,ask,2196.2,0.1253648733132876,2026-03-19 00:38:16.888357928+00:00,84.839,2026-03-19 00:38:16.638357928+00:00,cancelled,expected_edge_ask,2026-03-19 00:38:16.686921725+00:00,2026-03-19 00:38:16.936921725+00:00
2026-03-19 00:38:16.940685458+00:00,941,placed,ask,2196.1,0.1253648733132876,2026-03-19 00:38:17.190685458+00:00,75.093,2026-03-19 00:38:16.940685458+00:00,pending_new,,,
2026-03-19 00:38:17.098523794+00:00,941,cancel_requested,ask,2196.1,0.1253648733132876,2026-03-19 00:38:17.190685458+00:00,75.093,2026-03-19 00:38:16.940685458+00:00,pending_cancel,expected_edge_ask,2026-03-19 00:38:17.098523794+00:00,2026-03-19 00:38:17.348523794+00:00
2026-03-19 00:38:17.348523794+00:00,941,cancelled,ask,2196.1,0.1253648733132876,2026-03-19 00:38:17.190685458+00:00,75.093,2026-03-19 00:38:16.940685458+00:00,cancelled,expected_edge_ask,2026-03-19 00:38:17.098523794+00:00,2026-03-19 00:38:17.348523794+00:00
2026-03-19 00:38:17.354084095+00:00,942,placed,ask,2196.1,0.1253648733132876,2026-03-19 00:38:17.604084095+00:00,170.25,2026-03-19 00:38:17.354084095+00:00,pending_new,,,
2026-03-19 00:38:17.457688278+00:00,942,cancel_requested,ask,2196.1,0.1253648733132876,2026-03-19 00:38:17.604084095+00:00,170.25,2026-03-19 00:38:17.354084095+00:00,pending_cancel,refresh_reprice,2026-03-19 00:38:17.457688278+00:00,2026-03-19 00:38:17.707688278+00:00
2026-03-19 00:38:17.707688278+00:00,942,cancelled,ask,2196.1,0.1253648733132876,2026-03-19 00:38:17.604084095+00:00,170.25,2026-03-19 00:38:17.354084095+00:00,cancelled,refresh_reprice,2026-03-19 00:38:17.457688278+00:00,2026-03-19 00:38:17.707688278+00:00
2026-03-19 00:38:17.736744490+00:00,943,placed,ask,2195.8,0.1253648733132876,2026-03-19 00:38:17.986744490+00:00,132.323,2026-03-19 00:38:17.736744490+00:00,pending_new,,,
2026-03-19 00:38:17.866502334+00:00,944,placed,bid,2194.9,0.07463512668671239,2026-03-19 00:38:18.116502334+00:00,134.553,2026-03-19 00:38:17.866502334+00:00,pending_new,,,
2026-03-19 00:38:17.866502334+00:00,943,cancel_requested,ask,2195.8,0.1253648733132876,2026-03-19 00:38:17.986744490+00:00,132.323,2026-03-19 00:38:17.736744490+00:00,pending_cancel,refresh_reprice,2026-03-19 00:38:17.866502334+00:00,2026-03-19 00:38:18.116502334+00:00
2026-03-19 00:38:18.116502334+00:00,943,cancelled,ask,2195.8,0.1253648733132876,2026-03-19 00:38:17.986744490+00:00,132.323,2026-03-19 00:38:17.736744490+00:00,cancelled,refresh_reprice,2026-03-19 00:38:17.866502334+00:00,2026-03-19 00:38:18.116502334+00:00
2026-03-19 00:38:18.117646125+00:00,944,resized,bid,2194.9,0.07459876791978441,2026-03-19 00:38:18.116502334+00:00,134.553,,,preserve_queue_priority,,
2026-03-19 00:38:18.427663240+00:00,944,cancel_requested,bid,2194.9,0.07459876791978441,2026-03-19 00:38:18.116502334+00:00,134.553,2026-03-19 00:38:17.866502334+00:00,pending_cancel,pressure_stop_bid,2026-03-19 00:38:18.427663240+00:00,2026-03-19 00:38:18.677663240+00:00
2026-03-19 00:38:18.427663240+00:00,945,placed,ask,2195.7,0.12540123208021559,2026-03-19 00:38:18.677663240+00:00,57.44800000000001,2026-03-19 00:38:18.427663240+00:00,pending_new,,,
2026-03-19 00:38:18.677663240+00:00,944,cancelled,bid,2194.9,0.07459876791978441,2026-03-19 00:38:18.116502334+00:00,134.553,2026-03-19 00:38:17.866502334+00:00,cancelled,pressure_stop_bid,2026-03-19 00:38:18.427663240+00:00,2026-03-19 00:38:18.677663240+00:00
2026-03-19 00:38:20.619189598+00:00,945,cancel_requested,ask,2195.7,0.12540123208021559,2026-03-19 00:38:18.677663240+00:00,57.44800000000001,2026-03-19 00:38:18.427663240+00:00,pending_cancel,pressure_stop_ask,2026-03-19 00:38:20.619189598+00:00,2026-03-19 00:38:20.869189598+00:00
2026-03-19 00:38:20.619189598+00:00,946,placed,bid,2194.9,0.07459876791978441,2026-03-19 00:38:20.869189598+00:00,144.203,2026-03-19 00:38:20.619189598+00:00,pending_new,,,
2026-03-19 00:38:20.827985161+00:00,946,cancel_requested,bid,2194.9,0.07459876791978441,2026-03-19 00:38:20.869189598+00:00,144.203,2026-03-19 00:38:20.619189598+00:00,pending_cancel,pressure_stop_bid,2026-03-19 00:38:20.827985161+00:00,2026-03-19 00:38:21.077985161+00:00
2026-03-19 00:38:20.869189598+00:00,945,cancelled,ask,2195.7,0.12540123208021559,2026-03-19 00:38:18.677663240+00:00,57.44800000000001,2026-03-19 00:38:18.427663240+00:00,cancelled,pressure_stop_ask,2026-03-19 00:38:20.619189598+00:00,2026-03-19 00:38:20.869189598+00:00
2026-03-19 00:38:20.922583142+00:00,947,placed,ask,2195.6,0.12540123208021559,2026-03-19 00:38:21.172583142+00:00,82.525,2026-03-19 00:38:20.922583142+00:00,pending_new,,,
2026-03-19 00:38:21.077985161+00:00,946,cancelled,bid,2194.9,0.07459876791978441,2026-03-19 00:38:20.869189598+00:00,144.203,2026-03-19 00:38:20.619189598+00:00,cancelled,pressure_stop_bid,2026-03-19 00:38:20.827985161+00:00,2026-03-19 00:38:21.077985161+00:00
2026-03-19 00:38:21.439880114+00:00,947,cancel_requested,ask,2195.6,0.12540123208021559,2026-03-19 00:38:21.172583142+00:00,82.525,2026-03-19 00:38:20.922583142+00:00,pending_cancel,expected_edge_ask,2026-03-19 00:38:21.439880114+00:00,2026-03-19 00:38:21.689880114+00:00
2026-03-19 00:38:21.439880114+00:00,948,placed,bid,2194.9,0.07459876791978441,2026-03-19 00:38:21.689880114+00:00,98.594,2026-03-19 00:38:21.439880114+00:00,pending_new,,,
2026-03-19 00:38:21.689880114+00:00,947,cancelled,ask,2195.6,0.12540123208021559,2026-03-19 00:38:21.172583142+00:00,82.525,2026-03-19 00:38:20.922583142+00:00,cancelled,expected_edge_ask,2026-03-19 00:38:21.439880114+00:00,2026-03-19 00:38:21.689880114+00:00
2026-03-19 00:38:25.624984578+00:00,948,cancel_requested,bid,2194.9,0.07459876791978441,2026-03-19 00:38:21.689880114+00:00,98.594,2026-03-19 00:38:21.439880114+00:00,pending_cancel,pressure_stop_bid,2026-03-19 00:38:25.624984578+00:00,2026-03-19 00:38:25.874984578+00:00
2026-03-19 00:38:25.624984578+00:00,949,placed,ask,2195.5,0.12540123208021559,2026-03-19 00:38:25.874984578+00:00,72.338,2026-03-19 00:38:25.624984578+00:00,pending_new,,,
2026-03-19 00:38:25.776861613+00:00,949,cancel_requested,ask,2195.5,0.12540123208021559,2026-03-19 00:38:25.874984578+00:00,72.338,2026-03-19 00:38:25.624984578+00:00,pending_cancel,expected_edge_ask,2026-03-19 00:38:25.776861613+00:00,2026-03-19 00:38:26.026861613+00:00
2026-03-19 00:38:25.874984578+00:00,948,cancelled,bid,2194.9,0.07459876791978441,2026-03-19 00:38:21.689880114+00:00,98.594,2026-03-19 00:38:21.439880114+00:00,cancelled,pressure_stop_bid,2026-03-19 00:38:25.624984578+00:00,2026-03-19 00:38:25.874984578+00:00
2026-03-19 00:38:26.026861613+00:00,949,cancelled,ask,2195.5,0.12540123208021559,2026-03-19 00:38:25.874984578+00:00,72.338,2026-03-19 00:38:25.624984578+00:00,cancelled,expected_edge_ask,2026-03-19 00:38:25.776861613+00:00,2026-03-19 00:38:26.026861613+00:00
2026-03-19 00:38:41.190843658+00:00,950,placed,bid,2194.5,0.0744890764138879,2026-03-19 00:38:41.440843658+00:00,101.535,2026-03-19 00:38:41.190843658+00:00,pending_new,,,
2026-03-19 00:38:44.146458626+00:00,950,cancel_requested,bid,2194.5,0.0744890764138879,2026-03-19 00:38:41.440843658+00:00,101.535,2026-03-19 00:38:41.190843658+00:00,pending_cancel,pressure_stop_bid,2026-03-19 00:38:44.146458626+00:00,2026-03-19 00:38:44.396458626+00:00
2026-03-19 00:38:44.146458626+00:00,951,placed,ask,2195.0,0.12551092358611213,2026-03-19 00:38:44.396458626+00:00,82.82,2026-03-19 00:38:44.146458626+00:00,pending_new,,,
2026-03-19 00:38:44.250503819+00:00,951,cancel_requested,ask,2195.0,0.12551092358611213,2026-03-19 00:38:44.396458626+00:00,82.82,2026-03-19 00:38:44.146458626+00:00,pending_cancel,expected_edge_ask,2026-03-19 00:38:44.250503819+00:00,2026-03-19 00:38:44.500503819+00:00
2026-03-19 00:38:44.396458626+00:00,950,cancelled,bid,2194.5,0.0744890764138879,2026-03-19 00:38:41.440843658+00:00,101.535,2026-03-19 00:38:41.190843658+00:00,cancelled,pressure_stop_bid,2026-03-19 00:38:44.146458626+00:00,2026-03-19 00:38:44.396458626+00:00
2026-03-19 00:38:44.500503819+00:00,951,cancelled,ask,2195.0,0.12551092358611213,2026-03-19 00:38:44.396458626+00:00,82.82,2026-03-19 00:38:44.146458626+00:00,cancelled,expected_edge_ask,2026-03-19 00:38:44.250503819+00:00,2026-03-19 00:38:44.500503819+00:00
2026-03-19 00:38:49.564548407+00:00,952,placed,bid,2194.4,0.0744890764138879,2026-03-19 00:38:49.814548407+00:00,141.153,2026-03-19 00:38:49.564548407+00:00,pending_new,,,
2026-03-19 00:38:50.021718387+00:00,952,cancel_requested,bid,2194.4,0.0744890764138879,2026-03-19 00:38:49.814548407+00:00,141.153,2026-03-19 00:38:49.564548407+00:00,pending_cancel,pressure_stop_bid,2026-03-19 00:38:50.021718387+00:00,2026-03-19 00:38:50.271718387+00:00
2026-03-19 00:38:50.271718387+00:00,952,cancelled,bid,2194.4,0.0744890764138879,2026-03-19 00:38:49.814548407+00:00,141.153,2026-03-19 00:38:49.564548407+00:00,cancelled,pressure_stop_bid,2026-03-19 00:38:50.021718387+00:00,2026-03-19 00:38:50.271718387+00:00
2026-03-19 00:38:50.273223954+00:00,953,placed,ask,2194.9,0.12551092358611213,2026-03-19 00:38:50.523223954+00:00,79.192,2026-03-19 00:38:50.273223954+00:00,pending_new,,,
2026-03-19 00:38:50.634695920+00:00,953,cancel_requested,ask,2194.9,0.12551092358611213,2026-03-19 00:38:50.523223954+00:00,79.192,2026-03-19 00:38:50.273223954+00:00,pending_cancel,refresh_reprice,2026-03-19 00:38:50.634695920+00:00,2026-03-19 00:38:50.884695920+00:00
2026-03-19 00:38:50.685484645+00:00,954,placed,bid,2193.7,0.0744890764138879,2026-03-19 00:38:50.935484645+00:00,94.87899999999999,2026-03-19 00:38:50.685484645+00:00,pending_new,,,
2026-03-19 00:38:50.735554657+00:00,954,cancel_requested,bid,2193.7,0.0744890764138879,2026-03-19 00:38:50.935484645+00:00,94.87899999999999,2026-03-19 00:38:50.685484645+00:00,pending_cancel,pressure_stop_bid,2026-03-19 00:38:50.735554657+00:00,2026-03-19 00:38:50.985554657+00:00
2026-03-19 00:38:50.884695920+00:00,953,cancelled,ask,2194.9,0.12551092358611213,2026-03-19 00:38:50.523223954+00:00,79.192,2026-03-19 00:38:50.273223954+00:00,cancelled,refresh_reprice,2026-03-19 00:38:50.634695920+00:00,2026-03-19 00:38:50.884695920+00:00
2026-03-19 00:38:50.985554657+00:00,954,cancelled,bid,2193.7,0.0744890764138879,2026-03-19 00:38:50.935484645+00:00,94.87899999999999,2026-03-19 00:38:50.685484645+00:00,cancelled,pressure_stop_bid,2026-03-19 00:38:50.735554657+00:00,2026-03-19 00:38:50.985554657+00:00
2026-03-19 00:38:51.032328514+00:00,955,placed,bid,2193.7,0.0744890764138879,2026-03-19 00:38:51.282328514+00:00,131.16899999999998,2026-03-19 00:38:51.032328514+00:00,pending_new,,,
2026-03-19 00:39:01.032328514+00:00,955,cancel_requested,bid,2193.7,0.0744890764138879,2026-03-19 00:38:51.282328514+00:00,131.16899999999998,2026-03-19 00:38:51.032328514+00:00,pending_cancel,quote_age_expired,2026-03-19 00:39:01.032328514+00:00,2026-03-19 00:39:01.282328514+00:00
2026-03-19 00:39:01.282328514+00:00,955,cancelled,bid,2193.7,0.0744890764138879,2026-03-19 00:38:51.282328514+00:00,131.16899999999998,2026-03-19 00:38:51.032328514+00:00,cancelled,quote_age_expired,2026-03-19 00:39:01.032328514+00:00,2026-03-19 00:39:01.282328514+00:00
2026-03-19 00:39:01.297307397+00:00,956,placed,bid,2193.8,0.07446934259946898,2026-03-19 00:39:01.547307397+00:00,70.19800000000001,2026-03-19 00:39:01.297307397+00:00,pending_new,,,
2026-03-19 00:39:11.297307397+00:00,956,cancel_requested,bid,2193.8,0.07446934259946898,2026-03-19 00:39:01.547307397+00:00,70.19800000000001,2026-03-19 00:39:01.297307397+00:00,pending_cancel,quote_age_expired,2026-03-19 00:39:11.297307397+00:00,2026-03-19 00:39:11.547307397+00:00
2026-03-19 00:39:11.547307397+00:00,956,cancelled,bid,2193.8,0.07446934259946898,2026-03-19 00:39:01.547307397+00:00,70.19800000000001,2026-03-19 00:39:01.297307397+00:00,cancelled,quote_age_expired,2026-03-19 00:39:11.297307397+00:00,2026-03-19 00:39:11.547307397+00:00
2026-03-19 00:39:11.736753764+00:00,957,placed,bid,2193.8,0.07446934259946898,2026-03-19 00:39:11.986753764+00:00,183.014,2026-03-19 00:39:11.736753764+00:00,pending_new,,,
2026-03-19 00:39:19.318993754+00:00,957,cancel_requested,bid,2193.8,0.07446934259946898,2026-03-19 00:39:11.986753764+00:00,183.014,2026-03-19 00:39:11.736753764+00:00,pending_cancel,refresh_reprice,2026-03-19 00:39:19.318993754+00:00,2026-03-19 00:39:19.568993754+00:00
2026-03-19 00:39:19.568993754+00:00,957,cancelled,bid,2193.8,0.07446934259946898,2026-03-19 00:39:11.986753764+00:00,183.014,2026-03-19 00:39:11.736753764+00:00,cancelled,refresh_reprice,2026-03-19 00:39:19.318993754+00:00,2026-03-19 00:39:19.568993754+00:00
2026-03-19 00:39:19.618647102+00:00,958,placed,bid,2194.3,0.07467235489469003,2026-03-19 00:39:19.868647102+00:00,101.589,2026-03-19 00:39:19.618647102+00:00,pending_new,,,
2026-03-19 00:39:25.291571638+00:00,958,cancel_requested,bid,2194.3,0.07467235489469003,2026-03-19 00:39:19.868647102+00:00,101.589,2026-03-19 00:39:19.618647102+00:00,pending_cancel,pressure_stop_bid,2026-03-19 00:39:25.291571638+00:00,2026-03-19 00:39:25.541571638+00:00
2026-03-19 00:39:25.541571638+00:00,958,cancelled,bid,2194.3,0.07467235489469003,2026-03-19 00:39:19.868647102+00:00,101.589,2026-03-19 00:39:19.618647102+00:00,cancelled,pressure_stop_bid,2026-03-19 00:39:25.291571638+00:00,2026-03-19 00:39:25.541571638+00:00
2026-03-19 00:39:25.562581345+00:00,959,placed,ask,2195.1,0.12532764510531,2026-03-19 00:39:25.812581345+00:00,79.497,2026-03-19 00:39:25.562581345+00:00,pending_new,,,
2026-03-19 00:39:29.669859795+00:00,959,cancel_requested,ask,2195.1,0.12532764510531,2026-03-19 00:39:25.812581345+00:00,79.497,2026-03-19 00:39:25.562581345+00:00,pending_cancel,expected_edge_ask,2026-03-19 00:39:29.669859795+00:00,2026-03-19 00:39:29.919859795+00:00
2026-03-19 00:39:29.919859795+00:00,959,cancelled,ask,2195.1,0.12532764510531,2026-03-19 00:39:25.812581345+00:00,79.497,2026-03-19 00:39:25.562581345+00:00,cancelled,expected_edge_ask,2026-03-19 00:39:29.669859795+00:00,2026-03-19 00:39:29.919859795+00:00
2026-03-19 00:39:29.942822340+00:00,960,placed,ask,2194.9,0.12532764510531,2026-03-19 00:39:30.192822340+00:00,69.362,2026-03-19 00:39:29.942822340+00:00,pending_new,,,
2026-03-19 00:39:30.401895346+00:00,960,cancel_requested,ask,2194.9,0.12532764510531,2026-03-19 00:39:30.192822340+00:00,69.362,2026-03-19 00:39:29.942822340+00:00,pending_cancel,expected_edge_ask,2026-03-19 00:39:30.401895346+00:00,2026-03-19 00:39:30.651895346+00:00
2026-03-19 00:39:30.651895346+00:00,960,cancelled,ask,2194.9,0.12532764510531,2026-03-19 00:39:30.192822340+00:00,69.362,2026-03-19 00:39:29.942822340+00:00,cancelled,expected_edge_ask,2026-03-19 00:39:30.401895346+00:00,2026-03-19 00:39:30.651895346+00:00
2026-03-19 00:39:35.836359334+00:00,961,placed,bid,2194.2,0.07467235489469003,2026-03-19 00:39:36.086359334+00:00,148.50900000000001,2026-03-19 00:39:35.836359334+00:00,pending_new,,,
2026-03-19 00:39:35.935637999+00:00,961,cancel_requested,bid,2194.2,0.07467235489469003,2026-03-19 00:39:36.086359334+00:00,148.50900000000001,2026-03-19 00:39:35.836359334+00:00,pending_cancel,refresh_reprice,2026-03-19 00:39:35.935637999+00:00,2026-03-19 00:39:36.185637999+00:00
2026-03-19 00:39:35.935637999+00:00,962,placed,ask,2195.0,0.12532764510531,2026-03-19 00:39:36.185637999+00:00,86.80199999999999,2026-03-19 00:39:35.935637999+00:00,pending_new,,,
2026-03-19 00:39:36.185637999+00:00,961,cancelled,bid,2194.2,0.07467235489469003,2026-03-19 00:39:36.086359334+00:00,148.50900000000001,2026-03-19 00:39:35.836359334+00:00,cancelled,refresh_reprice,2026-03-19 00:39:35.935637999+00:00,2026-03-19 00:39:36.185637999+00:00
2026-03-19 00:39:36.253874917+00:00,963,placed,bid,2193.9,0.07467235489469003,2026-03-19 00:39:36.503874917+00:00,220.137,2026-03-19 00:39:36.253874917+00:00,pending_new,,,
2026-03-19 00:39:36.523077614+00:00,962,cancel_requested,ask,2195.0,0.12532764510531,2026-03-19 00:39:36.185637999+00:00,86.80199999999999,2026-03-19 00:39:35.935637999+00:00,pending_cancel,expected_edge_ask,2026-03-19 00:39:36.523077614+00:00,2026-03-19 00:39:36.773077614+00:00
2026-03-19 00:39:36.523077614+00:00,963,cancel_requested,bid,2193.9,0.07467235489469003,2026-03-19 00:39:36.503874917+00:00,220.137,2026-03-19 00:39:36.253874917+00:00,pending_cancel,refresh_reprice,2026-03-19 00:39:36.523077614+00:00,2026-03-19 00:39:36.773077614+00:00
2026-03-19 00:39:36.773077614+00:00,963,cancelled,bid,2193.9,0.07467235489469003,2026-03-19 00:39:36.503874917+00:00,220.137,2026-03-19 00:39:36.253874917+00:00,cancelled,refresh_reprice,2026-03-19 00:39:36.523077614+00:00,2026-03-19 00:39:36.773077614+00:00
2026-03-19 00:39:36.773077614+00:00,962,cancelled,ask,2195.0,0.12532764510531,2026-03-19 00:39:36.185637999+00:00,86.80199999999999,2026-03-19 00:39:35.935637999+00:00,cancelled,expected_edge_ask,2026-03-19 00:39:36.523077614+00:00,2026-03-19 00:39:36.773077614+00:00
2026-03-19 00:39:36.817965007+00:00,964,placed,bid,2194.2,0.07467235489469003,2026-03-19 00:39:37.067965007+00:00,148.51,2026-03-19 00:39:36.817965007+00:00,pending_new,,,
2026-03-19 00:39:46.817965007+00:00,964,cancel_requested,bid,2194.2,0.07467235489469003,2026-03-19 00:39:37.067965007+00:00,148.51,2026-03-19 00:39:36.817965007+00:00,pending_cancel,quote_age_expired,2026-03-19 00:39:46.817965007+00:00,2026-03-19 00:39:47.067965007+00:00
2026-03-19 00:39:47.067965007+00:00,964,cancelled,bid,2194.2,0.07467235489469003,2026-03-19 00:39:37.067965007+00:00,148.51,2026-03-19 00:39:36.817965007+00:00,cancelled,quote_age_expired,2026-03-19 00:39:46.817965007+00:00,2026-03-19 00:39:47.067965007+00:00
2026-03-19 00:39:47.179619774+00:00,965,placed,bid,2194.3,0.07485006826050569,2026-03-19 00:39:47.429619774+00:00,145.29399999999998,2026-03-19 00:39:47.179619774+00:00,pending_new,,,
2026-03-19 00:39:52.905563468+00:00,965,cancel_requested,bid,2194.3,0.07485006826050569,2026-03-19 00:39:47.429619774+00:00,145.29399999999998,2026-03-19 00:39:47.179619774+00:00,pending_cancel,pressure_stop_bid,2026-03-19 00:39:52.905563468+00:00,2026-03-19 00:39:53.155563468+00:00
2026-03-19 00:39:52.905563468+00:00,966,placed,ask,2195.1,0.12514993173949432,2026-03-19 00:39:53.155563468+00:00,48.912,2026-03-19 00:39:52.905563468+00:00,pending_new,,,
2026-03-19 00:39:52.953440771+00:00,966,cancel_requested,ask,2195.1,0.12514993173949432,2026-03-19 00:39:53.155563468+00:00,48.912,2026-03-19 00:39:52.905563468+00:00,pending_cancel,expected_edge_ask,2026-03-19 00:39:52.953440771+00:00,2026-03-19 00:39:53.203440771+00:00
2026-03-19 00:39:53.155563468+00:00,965,cancelled,bid,2194.3,0.07485006826050569,2026-03-19 00:39:47.429619774+00:00,145.29399999999998,2026-03-19 00:39:47.179619774+00:00,cancelled,pressure_stop_bid,2026-03-19 00:39:52.905563468+00:00,2026-03-19 00:39:53.155563468+00:00
2026-03-19 00:39:53.175334905+00:00,967,placed,bid,2194.5,0.07485006826050569,2026-03-19 00:39:53.425334905+00:00,38.492999999999995,2026-03-19 00:39:53.175334905+00:00,pending_new,,,
2026-03-19 00:39:53.203440771+00:00,966,cancelled,ask,2195.1,0.12514993173949432,2026-03-19 00:39:53.155563468+00:00,48.912,2026-03-19 00:39:52.905563468+00:00,cancelled,expected_edge_ask,2026-03-19 00:39:52.953440771+00:00,2026-03-19 00:39:53.203440771+00:00
2026-03-19 00:39:53.977564344+00:00,967,cancel_requested,bid,2194.5,0.07485006826050569,2026-03-19 00:39:53.425334905+00:00,38.492999999999995,2026-03-19 00:39:53.175334905+00:00,pending_cancel,pressure_stop_bid,2026-03-19 00:39:53.977564344+00:00,2026-03-19 00:39:54.227564344+00:00
2026-03-19 00:39:53.977564344+00:00,968,placed,ask,2195.0,0.12514993173949432,2026-03-19 00:39:54.227564344+00:00,51.913,2026-03-19 00:39:53.977564344+00:00,pending_new,,,
2026-03-19 00:39:54.084357262+00:00,968,cancel_requested,ask,2195.0,0.12514993173949432,2026-03-19 00:39:54.227564344+00:00,51.913,2026-03-19 00:39:53.977564344+00:00,pending_cancel,expected_edge_ask,2026-03-19 00:39:54.084357262+00:00,2026-03-19 00:39:54.334357262+00:00
2026-03-19 00:39:54.227564344+00:00,967,cancelled,bid,2194.5,0.07485006826050569,2026-03-19 00:39:53.425334905+00:00,38.492999999999995,2026-03-19 00:39:53.175334905+00:00,cancelled,pressure_stop_bid,2026-03-19 00:39:53.977564344+00:00,2026-03-19 00:39:54.227564344+00:00
2026-03-19 00:39:54.230658074+00:00,969,placed,bid,2194.5,0.07485006826050569,2026-03-19 00:39:54.480658074+00:00,70.08800000000001,2026-03-19 00:39:54.230658074+00:00,pending_new,,,
2026-03-19 00:39:54.334357262+00:00,968,cancelled,ask,2195.0,0.12514993173949432,2026-03-19 00:39:54.227564344+00:00,51.913,2026-03-19 00:39:53.977564344+00:00,cancelled,expected_edge_ask,2026-03-19 00:39:54.084357262+00:00,2026-03-19 00:39:54.334357262+00:00
2026-03-19 00:39:56.687452173+00:00,969,cancel_requested,bid,2194.5,0.07485006826050569,2026-03-19 00:39:54.480658074+00:00,70.08800000000001,2026-03-19 00:39:54.230658074+00:00,pending_cancel,refresh_reprice,2026-03-19 00:39:56.687452173+00:00,2026-03-19 00:39:56.937452173+00:00
2026-03-19 00:39:56.937452173+00:00,969,cancelled,bid,2194.5,0.07485006826050569,2026-03-19 00:39:54.480658074+00:00,70.08800000000001,2026-03-19 00:39:54.230658074+00:00,cancelled,refresh_reprice,2026-03-19 00:39:56.687452173+00:00,2026-03-19 00:39:56.937452173+00:00
2026-03-19 00:39:57.035400094+00:00,970,placed,bid,2194.9,0.07485006826050569,2026-03-19 00:39:57.285400094+00:00,98.55600000000001,2026-03-19 00:39:57.035400094+00:00,pending_new,,,
2026-03-19 00:40:01.386294621+00:00,970,cancel_requested,bid,2194.9,0.07485006826050569,2026-03-19 00:39:57.285400094+00:00,98.55600000000001,2026-03-19 00:39:57.035400094+00:00,pending_cancel,pressure_stop_bid,2026-03-19 00:40:01.386294621+00:00,2026-03-19 00:40:01.636294621+00:00
2026-03-19 00:40:01.386294621+00:00,971,placed,ask,2195.4,0.124966310912946,2026-03-19 00:40:01.636294621+00:00,84.00699999999999,2026-03-19 00:40:01.386294621+00:00,pending_new,,,
2026-03-19 00:40:01.488640618+00:00,971,cancel_requested,ask,2195.4,0.124966310912946,2026-03-19 00:40:01.636294621+00:00,84.00699999999999,2026-03-19 00:40:01.386294621+00:00,pending_cancel,expected_edge_ask,2026-03-19 00:40:01.488640618+00:00,2026-03-19 00:40:01.738640618+00:00
2026-03-19 00:40:01.636294621+00:00,970,cancelled,bid,2194.9,0.07485006826050569,2026-03-19 00:39:57.285400094+00:00,98.55600000000001,2026-03-19 00:39:57.035400094+00:00,cancelled,pressure_stop_bid,2026-03-19 00:40:01.386294621+00:00,2026-03-19 00:40:01.636294621+00:00
2026-03-19 00:40:01.644710577+00:00,972,placed,bid,2194.6,0.07503368908705402,2026-03-19 00:40:01.894710577+00:00,41.547,2026-03-19 00:40:01.644710577+00:00,pending_new,,,
2026-03-19 00:40:01.738640618+00:00,971,cancelled,ask,2195.4,0.124966310912946,2026-03-19 00:40:01.636294621+00:00,84.00699999999999,2026-03-19 00:40:01.386294621+00:00,cancelled,expected_edge_ask,2026-03-19 00:40:01.488640618+00:00,2026-03-19 00:40:01.738640618+00:00
2026-03-19 00:40:01.896258233+00:00,972,cancel_requested,bid,2194.6,0.07503368908705402,2026-03-19 00:40:01.894710577+00:00,41.547,2026-03-19 00:40:01.644710577+00:00,pending_cancel,pressure_stop_bid,2026-03-19 00:40:01.896258233+00:00,2026-03-19 00:40:02.146258233+00:00
2026-03-19 00:40:02.146258233+00:00,972,cancelled,bid,2194.6,0.07503368908705402,2026-03-19 00:40:01.894710577+00:00,41.547,2026-03-19 00:40:01.644710577+00:00,cancelled,pressure_stop_bid,2026-03-19 00:40:01.896258233+00:00,2026-03-19 00:40:02.146258233+00:00
2026-03-19 00:40:02.151314993+00:00,973,placed,ask,2195.2,0.124966310912946,2026-03-19 00:40:02.401314993+00:00,58.714999999999996,2026-03-19 00:40:02.151314993+00:00,pending_new,,,
2026-03-19 00:40:02.915145361+00:00,973,cancel_requested,ask,2195.2,0.124966310912946,2026-03-19 00:40:02.401314993+00:00,58.714999999999996,2026-03-19 00:40:02.151314993+00:00,pending_cancel,expected_edge_ask,2026-03-19 00:40:02.915145361+00:00,2026-03-19 00:40:03.165145361+00:00
2026-03-19 00:40:03.165145361+00:00,973,cancelled,ask,2195.2,0.124966310912946,2026-03-19 00:40:02.401314993+00:00,58.714999999999996,2026-03-19 00:40:02.151314993+00:00,cancelled,expected_edge_ask,2026-03-19 00:40:02.915145361+00:00,2026-03-19 00:40:03.165145361+00:00
2026-03-19 00:40:08.234901178+00:00,974,placed,bid,2194.7,0.07503368908705402,2026-03-19 00:40:08.484901178+00:00,149.56799999999998,2026-03-19 00:40:08.234901178+00:00,pending_new,,,
2026-03-19 00:40:11.338192073+00:00,974,cancel_requested,bid,2194.7,0.07503368908705402,2026-03-19 00:40:08.484901178+00:00,149.56799999999998,2026-03-19 00:40:08.234901178+00:00,pending_cancel,refresh_reprice,2026-03-19 00:40:11.338192073+00:00,2026-03-19 00:40:11.588192073+00:00
2026-03-19 00:40:11.588192073+00:00,974,cancelled,bid,2194.7,0.07503368908705402,2026-03-19 00:40:08.484901178+00:00,149.56799999999998,2026-03-19 00:40:08.234901178+00:00,cancelled,refresh_reprice,2026-03-19 00:40:11.338192073+00:00,2026-03-19 00:40:11.588192073+00:00
2026-03-19 00:40:11.643984021+00:00,975,placed,bid,2194.9,0.07503368908705402,2026-03-19 00:40:11.893984021+00:00,209.668,2026-03-19 00:40:11.643984021+00:00,pending_new,,,
2026-03-19 00:40:12.001592041+00:00,975,cancel_requested,bid,2194.9,0.07503368908705402,2026-03-19 00:40:11.893984021+00:00,209.668,2026-03-19 00:40:11.643984021+00:00,pending_cancel,refresh_reprice,2026-03-19 00:40:12.001592041+00:00,2026-03-19 00:40:12.251592041+00:00
2026-03-19 00:40:12.052434089+00:00,976,placed,ask,2196.3,0.124966310912946,2026-03-19 00:40:12.302434089+00:00,42.714,2026-03-19 00:40:12.052434089+00:00,pending_new,,,
2026-03-19 00:40:12.251592041+00:00,975,cancelled,bid,2194.9,0.07503368908705402,2026-03-19 00:40:11.893984021+00:00,209.668,2026-03-19 00:40:11.643984021+00:00,cancelled,refresh_reprice,2026-03-19 00:40:12.001592041+00:00,2026-03-19 00:40:12.251592041+00:00
2026-03-19 00:40:12.256371512+00:00,976,cancel_requested,ask,2196.3,0.124966310912946,2026-03-19 00:40:12.302434089+00:00,42.714,2026-03-19 00:40:12.052434089+00:00,pending_cancel,refresh_reprice,2026-03-19 00:40:12.256371512+00:00,2026-03-19 00:40:12.506371512+00:00
2026-03-19 00:40:12.506371512+00:00,976,cancelled,ask,2196.3,0.124966310912946,2026-03-19 00:40:12.302434089+00:00,42.714,2026-03-19 00:40:12.052434089+00:00,cancelled,refresh_reprice,2026-03-19 00:40:12.256371512+00:00,2026-03-19 00:40:12.506371512+00:00
2026-03-19 00:40:12.557116647+00:00,977,placed,ask,2196.0,0.124966310912946,2026-03-19 00:40:12.807116647+00:00,167.919,2026-03-19 00:40:12.557116647+00:00,pending_new,,,
2026-03-19 00:40:16.289210798+00:00,977,cancel_requested,ask,2196.0,0.124966310912946,2026-03-19 00:40:12.807116647+00:00,167.919,2026-03-19 00:40:12.557116647+00:00,pending_cancel,refresh_reprice,2026-03-19 00:40:16.289210798+00:00,2026-03-19 00:40:16.539210798+00:00
2026-03-19 00:40:16.539210798+00:00,977,cancelled,ask,2196.0,0.124966310912946,2026-03-19 00:40:12.807116647+00:00,167.919,2026-03-19 00:40:12.557116647+00:00,cancelled,refresh_reprice,2026-03-19 00:40:16.289210798+00:00,2026-03-19 00:40:16.539210798+00:00
2026-03-19 00:40:16.542593431+00:00,978,placed,ask,2195.4,0.124966310912946,2026-03-19 00:40:16.792593431+00:00,235.57800000000003,2026-03-19 00:40:16.542593431+00:00,pending_new,,,
2026-03-19 00:40:19.396900285+00:00,978,cancel_requested,ask,2195.4,0.124966310912946,2026-03-19 00:40:16.792593431+00:00,235.57800000000003,2026-03-19 00:40:16.542593431+00:00,pending_cancel,expected_edge_ask,2026-03-19 00:40:19.396900285+00:00,2026-03-19 00:40:19.646900285+00:00
2026-03-19 00:40:19.396900285+00:00,979,placed,bid,2194.7,0.07509151872464671,2026-03-19 00:40:19.646900285+00:00,145.749,2026-03-19 00:40:19.396900285+00:00,pending_new,,,
2026-03-19 00:40:19.646900285+00:00,978,cancelled,ask,2195.4,0.124966310912946,2026-03-19 00:40:16.792593431+00:00,235.57800000000003,2026-03-19 00:40:16.542593431+00:00,cancelled,expected_edge_ask,2026-03-19 00:40:19.396900285+00:00,2026-03-19 00:40:19.646900285+00:00
2026-03-19 00:40:20.470655875+00:00,979,cancel_requested,bid,2194.7,0.07509151872464671,2026-03-19 00:40:19.646900285+00:00,145.749,2026-03-19 00:40:19.396900285+00:00,pending_cancel,pressure_stop_bid,2026-03-19 00:40:20.470655875+00:00,2026-03-19 00:40:20.720655875+00:00
2026-03-19 00:40:20.720655875+00:00,979,cancelled,bid,2194.7,0.07509151872464671,2026-03-19 00:40:19.646900285+00:00,145.749,2026-03-19 00:40:19.396900285+00:00,cancelled,pressure_stop_bid,2026-03-19 00:40:20.470655875+00:00,2026-03-19 00:40:20.720655875+00:00
2026-03-19 00:40:40.937406140+00:00,980,placed,bid,2193.7,0.07499288874740608,2026-03-19 00:40:41.187406140+00:00,169.981,2026-03-19 00:40:40.937406140+00:00,pending_new,,,
2026-03-19 00:40:40.937406140+00:00,981,placed,ask,2194.4,0.12500711125259395,2026-03-19 00:40:41.187406140+00:00,83.574,2026-03-19 00:40:40.937406140+00:00,pending_new,,,
2026-03-19 00:40:41.149858004+00:00,980,cancel_requested,bid,2193.7,0.07499288874740608,2026-03-19 00:40:41.187406140+00:00,169.981,2026-03-19 00:40:40.937406140+00:00,pending_cancel,pressure_stop_bid,2026-03-19 00:40:41.149858004+00:00,2026-03-19 00:40:41.399858004+00:00
2026-03-19 00:40:41.149858004+00:00,981,cancel_requested,ask,2194.4,0.12500711125259395,2026-03-19 00:40:41.187406140+00:00,83.574,2026-03-19 00:40:40.937406140+00:00,pending_cancel,expected_edge_ask,2026-03-19 00:40:41.149858004+00:00,2026-03-19 00:40:41.399858004+00:00
2026-03-19 00:40:41.399858004+00:00,980,cancelled,bid,2193.7,0.07499288874740608,2026-03-19 00:40:41.187406140+00:00,169.981,2026-03-19 00:40:40.937406140+00:00,cancelled,pressure_stop_bid,2026-03-19 00:40:41.149858004+00:00,2026-03-19 00:40:41.399858004+00:00
2026-03-19 00:40:41.399858004+00:00,981,cancelled,ask,2194.4,0.12500711125259395,2026-03-19 00:40:41.187406140+00:00,83.574,2026-03-19 00:40:40.937406140+00:00,cancelled,expected_edge_ask,2026-03-19 00:40:41.149858004+00:00,2026-03-19 00:40:41.399858004+00:00
2026-03-19 00:40:46.492646809+00:00,982,placed,bid,2193.1,0.07499288874740608,2026-03-19 00:40:46.742646809+00:00,150.57399999999998,2026-03-19 00:40:46.492646809+00:00,pending_new,,,
2026-03-19 00:40:51.258801157+00:00,982,cancel_requested,bid,2193.1,0.07499288874740608,2026-03-19 00:40:46.742646809+00:00,150.57399999999998,2026-03-19 00:40:46.492646809+00:00,pending_cancel,refresh_reprice,2026-03-19 00:40:51.258801157+00:00,2026-03-19 00:40:51.508801157+00:00
2026-03-19 00:40:51.508801157+00:00,982,cancelled,bid,2193.1,0.07499288874740608,2026-03-19 00:40:46.742646809+00:00,150.57399999999998,2026-03-19 00:40:46.492646809+00:00,cancelled,refresh_reprice,2026-03-19 00:40:51.258801157+00:00,2026-03-19 00:40:51.508801157+00:00
2026-03-19 00:40:51.565287201+00:00,983,placed,bid,2193.4,0.07499288874740608,2026-03-19 00:40:51.815287201+00:00,174.339,2026-03-19 00:40:51.565287201+00:00,pending_new,,,
2026-03-19 00:40:57.233300682+00:00,983,cancel_requested,bid,2193.4,0.07499288874740608,2026-03-19 00:40:51.815287201+00:00,174.339,2026-03-19 00:40:51.565287201+00:00,pending_cancel,pressure_stop_bid,2026-03-19 00:40:57.233300682+00:00,2026-03-19 00:40:57.483300682+00:00
2026-03-19 00:40:57.483300682+00:00,983,cancelled,bid,2193.4,0.07499288874740608,2026-03-19 00:40:51.815287201+00:00,174.339,2026-03-19 00:40:51.565287201+00:00,cancelled,pressure_stop_bid,2026-03-19 00:40:57.233300682+00:00,2026-03-19 00:40:57.483300682+00:00
2026-03-19 00:41:02.540114108+00:00,984,placed,bid,2193.8,0.07505771867101402,2026-03-19 00:41:02.790114108+00:00,138.451,2026-03-19 00:41:02.540114108+00:00,pending_new,,,
2026-03-19 00:41:03.150855235+00:00,984,cancel_requested,bid,2193.8,0.07505771867101402,2026-03-19 00:41:02.790114108+00:00,138.451,2026-03-19 00:41:02.540114108+00:00,pending_cancel,pressure_stop_bid,2026-03-19 00:41:03.150855235+00:00,2026-03-19 00:41:03.400855235+00:00
2026-03-19 00:41:03.150855235+00:00,985,placed,ask,2194.5,0.124942281328986,2026-03-19 00:41:03.400855235+00:00,82.95499999999998,2026-03-19 00:41:03.150855235+00:00,pending_new,,,
2026-03-19 00:41:03.400855235+00:00,984,cancelled,bid,2193.8,0.07505771867101402,2026-03-19 00:41:02.790114108+00:00,138.451,2026-03-19 00:41:02.540114108+00:00,cancelled,pressure_stop_bid,2026-03-19 00:41:03.150855235+00:00,2026-03-19 00:41:03.400855235+00:00
2026-03-19 00:41:08.148822977+00:00,985,cancel_requested,ask,2194.5,0.124942281328986,2026-03-19 00:41:03.400855235+00:00,82.95499999999998,2026-03-19 00:41:03.150855235+00:00,pending_cancel,expected_edge_ask,2026-03-19 00:41:08.148822977+00:00,2026-03-19 00:41:08.398822977+00:00
2026-03-19 00:41:08.148822977+00:00,986,placed,bid,2193.6,0.07505771867101402,2026-03-19 00:41:08.398822977+00:00,172.235,2026-03-19 00:41:08.148822977+00:00,pending_new,,,
2026-03-19 00:41:08.398822977+00:00,985,cancelled,ask,2194.5,0.124942281328986,2026-03-19 00:41:03.400855235+00:00,82.95499999999998,2026-03-19 00:41:03.150855235+00:00,cancelled,expected_edge_ask,2026-03-19 00:41:08.148822977+00:00,2026-03-19 00:41:08.398822977+00:00
2026-03-19 00:41:09.377359971+00:00,986,cancel_requested,bid,2193.6,0.07505771867101402,2026-03-19 00:41:08.398822977+00:00,172.235,2026-03-19 00:41:08.148822977+00:00,pending_cancel,pressure_stop_bid,2026-03-19 00:41:09.377359971+00:00,2026-03-19 00:41:09.627359971+00:00
2026-03-19 00:41:09.377359971+00:00,987,placed,ask,2194.3,0.124942281328986,2026-03-19 00:41:09.627359971+00:00,85.339,2026-03-19 00:41:09.377359971+00:00,pending_new,,,
2026-03-19 00:41:09.627359971+00:00,986,cancelled,bid,2193.6,0.07505771867101402,2026-03-19 00:41:08.398822977+00:00,172.235,2026-03-19 00:41:08.148822977+00:00,cancelled,pressure_stop_bid,2026-03-19 00:41:09.377359971+00:00,2026-03-19 00:41:09.627359971+00:00
2026-03-19 00:41:11.165281029+00:00,987,cancel_requested,ask,2194.3,0.124942281328986,2026-03-19 00:41:09.627359971+00:00,85.339,2026-03-19 00:41:09.377359971+00:00,pending_cancel,refresh_reprice,2026-03-19 00:41:11.165281029+00:00,2026-03-19 00:41:11.415281029+00:00
2026-03-19 00:41:11.415281029+00:00,987,cancelled,ask,2194.3,0.124942281328986,2026-03-19 00:41:09.627359971+00:00,85.339,2026-03-19 00:41:09.377359971+00:00,cancelled,refresh_reprice,2026-03-19 00:41:11.165281029+00:00,2026-03-19 00:41:11.415281029+00:00
2026-03-19 00:41:11.522977881+00:00,988,placed,ask,2194.0,0.124942281328986,2026-03-19 00:41:11.772977881+00:00,123.26400000000001,2026-03-19 00:41:11.522977881+00:00,pending_new,,,
2026-03-19 00:41:12.080783868+00:00,988,cancel_requested,ask,2194.0,0.124942281328986,2026-03-19 00:41:11.772977881+00:00,123.26400000000001,2026-03-19 00:41:11.522977881+00:00,pending_cancel,expected_edge_ask,2026-03-19 00:41:12.080783868+00:00,2026-03-19 00:41:12.330783868+00:00
2026-03-19 00:41:12.330783868+00:00,988,cancelled,ask,2194.0,0.124942281328986,2026-03-19 00:41:11.772977881+00:00,123.26400000000001,2026-03-19 00:41:11.522977881+00:00,cancelled,expected_edge_ask,2026-03-19 00:41:12.080783868+00:00,2026-03-19 00:41:12.330783868+00:00
2026-03-19 00:41:12.385450925+00:00,989,placed,ask,2193.8,0.124942281328986,2026-03-19 00:41:12.635450925+00:00,62.494,2026-03-19 00:41:12.385450925+00:00,pending_new,,,
2026-03-19 00:41:13.346709686+00:00,989,cancel_requested,ask,2193.8,0.124942281328986,2026-03-19 00:41:12.635450925+00:00,62.494,2026-03-19 00:41:12.385450925+00:00,pending_cancel,expected_edge_ask,2026-03-19 00:41:13.346709686+00:00,2026-03-19 00:41:13.596709686+00:00
2026-03-19 00:41:13.596709686+00:00,989,cancelled,ask,2193.8,0.124942281328986,2026-03-19 00:41:12.635450925+00:00,62.494,2026-03-19 00:41:12.385450925+00:00,cancelled,expected_edge_ask,2026-03-19 00:41:13.346709686+00:00,2026-03-19 00:41:13.596709686+00:00
2026-03-19 00:41:13.659777331+00:00,990,placed,ask,2193.7,0.124942281328986,2026-03-19 00:41:13.909777331+00:00,74.953,2026-03-19 00:41:13.659777331+00:00,pending_new,,,
2026-03-19 00:41:15.632674894+00:00,990,cancel_requested,ask,2193.7,0.124942281328986,2026-03-19 00:41:13.909777331+00:00,74.953,2026-03-19 00:41:13.659777331+00:00,pending_cancel,expected_edge_ask,2026-03-19 00:41:15.632674894+00:00,2026-03-19 00:41:15.882674894+00:00
2026-03-19 00:41:15.882674894+00:00,990,cancelled,ask,2193.7,0.124942281328986,2026-03-19 00:41:13.909777331+00:00,74.953,2026-03-19 00:41:13.659777331+00:00,cancelled,expected_edge_ask,2026-03-19 00:41:15.632674894+00:00,2026-03-19 00:41:15.882674894+00:00
2026-03-19 00:41:21.049056931+00:00,991,placed,bid,2193.2,0.07495097069137427,2026-03-19 00:41:21.299056931+00:00,89.782,2026-03-19 00:41:21.049056931+00:00,pending_new,,,
2026-03-19 00:41:22.027444446+00:00,991,cancel_requested,bid,2193.2,0.07495097069137427,2026-03-19 00:41:21.299056931+00:00,89.782,2026-03-19 00:41:21.049056931+00:00,pending_cancel,pressure_stop_bid,2026-03-19 00:41:22.027444446+00:00,2026-03-19 00:41:22.277444446+00:00
2026-03-19 00:41:22.277444446+00:00,991,cancelled,bid,2193.2,0.07495097069137427,2026-03-19 00:41:21.299056931+00:00,89.782,2026-03-19 00:41:21.049056931+00:00,cancelled,pressure_stop_bid,2026-03-19 00:41:22.027444446+00:00,2026-03-19 00:41:22.277444446+00:00
2026-03-19 00:41:22.335023232+00:00,992,placed,bid,2193.2,0.07495097069137427,2026-03-19 00:41:22.585023232+00:00,105.968,2026-03-19 00:41:22.335023232+00:00,pending_new,,,
2026-03-19 00:41:22.344479575+00:00,992,cancel_requested,bid,2193.2,0.07495097069137427,2026-03-19 00:41:22.585023232+00:00,105.968,2026-03-19 00:41:22.335023232+00:00,pending_cancel,pressure_stop_bid,2026-03-19 00:41:22.344479575+00:00,2026-03-19 00:41:22.594479575+00:00
2026-03-19 00:41:22.594479575+00:00,992,cancelled,bid,2193.2,0.07495097069137427,2026-03-19 00:41:22.585023232+00:00,105.968,2026-03-19 00:41:22.335023232+00:00,cancelled,pressure_stop_bid,2026-03-19 00:41:22.344479575+00:00,2026-03-19 00:41:22.594479575+00:00
2026-03-19 00:41:27.637185407+00:00,993,placed,bid,2192.7,0.07495097069137427,2026-03-19 00:41:27.887185407+00:00,123.85,2026-03-19 00:41:27.637185407+00:00,pending_new,,,
2026-03-19 00:41:37.637185407+00:00,993,cancel_requested,bid,2192.7,0.07495097069137427,2026-03-19 00:41:27.887185407+00:00,123.85,2026-03-19 00:41:27.637185407+00:00,pending_cancel,quote_age_expired,2026-03-19 00:41:37.637185407+00:00,2026-03-19 00:41:37.887185407+00:00
2026-03-19 00:41:37.887185407+00:00,993,cancelled,bid,2192.7,0.07495097069137427,2026-03-19 00:41:27.887185407+00:00,123.85,2026-03-19 00:41:27.637185407+00:00,cancelled,quote_age_expired,2026-03-19 00:41:37.637185407+00:00,2026-03-19 00:41:37.887185407+00:00
2026-03-19 00:41:37.907200780+00:00,994,placed,bid,2192.7,0.07495097069137427,2026-03-19 00:41:38.157200780+00:00,169.369,2026-03-19 00:41:37.907200780+00:00,pending_new,,,
2026-03-19 00:41:39.392026584+00:00,994,cancel_requested,bid,2192.7,0.07495097069137427,2026-03-19 00:41:38.157200780+00:00,169.369,2026-03-19 00:41:37.907200780+00:00,pending_cancel,pressure_stop_bid,2026-03-19 00:41:39.392026584+00:00,2026-03-19 00:41:39.642026584+00:00
2026-03-19 00:41:39.642026584+00:00,994,cancelled,bid,2192.7,0.07495097069137427,2026-03-19 00:41:38.157200780+00:00,169.369,2026-03-19 00:41:37.907200780+00:00,cancelled,pressure_stop_bid,2026-03-19 00:41:39.392026584+00:00,2026-03-19 00:41:39.642026584+00:00
2026-03-19 00:41:39.647188168+00:00,995,placed,bid,2192.7,0.07489493822111888,2026-03-19 00:41:39.897188168+00:00,87.957,2026-03-19 00:41:39.647188168+00:00,pending_new,,,
2026-03-19 00:41:40.517080466+00:00,995,cancel_requested,bid,2192.7,0.07489493822111888,2026-03-19 00:41:39.897188168+00:00,87.957,2026-03-19 00:41:39.647188168+00:00,pending_cancel,pressure_stop_bid,2026-03-19 00:41:40.517080466+00:00,2026-03-19 00:41:40.767080466+00:00
2026-03-19 00:41:40.517080466+00:00,996,placed,ask,2193.2,0.12510506177888112,2026-03-19 00:41:40.767080466+00:00,74.75500000000001,2026-03-19 00:41:40.517080466+00:00,pending_new,,,
2026-03-19 00:41:40.767080466+00:00,995,cancelled,bid,2192.7,0.07489493822111888,2026-03-19 00:41:39.897188168+00:00,87.957,2026-03-19 00:41:39.647188168+00:00,cancelled,pressure_stop_bid,2026-03-19 00:41:40.517080466+00:00,2026-03-19 00:41:40.767080466+00:00
2026-03-19 00:41:45.265222994+00:00,996,cancel_requested,ask,2193.2,0.12510506177888112,2026-03-19 00:41:40.767080466+00:00,74.75500000000001,2026-03-19 00:41:40.517080466+00:00,pending_cancel,expected_edge_ask,2026-03-19 00:41:45.265222994+00:00,2026-03-19 00:41:45.515222994+00:00
2026-03-19 00:41:45.515222994+00:00,996,cancelled,ask,2193.2,0.12510506177888112,2026-03-19 00:41:40.767080466+00:00,74.75500000000001,2026-03-19 00:41:40.517080466+00:00,cancelled,expected_edge_ask,2026-03-19 00:41:45.265222994+00:00,2026-03-19 00:41:45.515222994+00:00
2026-03-19 00:41:50.555173626+00:00,997,placed,bid,2190.9,0.07489493822111888,2026-03-19 00:41:50.805173626+00:00,233.1,2026-03-19 00:41:50.555173626+00:00,pending_new,,,
2026-03-19 00:41:53.431789877+00:00,997,cancel_requested,bid,2190.9,0.07489493822111888,2026-03-19 00:41:50.805173626+00:00,233.1,2026-03-19 00:41:50.555173626+00:00,pending_cancel,pressure_stop_bid,2026-03-19 00:41:53.431789877+00:00,2026-03-19 00:41:53.681789877+00:00
2026-03-19 00:41:53.431789877+00:00,998,placed,ask,2192.3,0.12510506177888112,2026-03-19 00:41:53.681789877+00:00,172.053,2026-03-19 00:41:53.431789877+00:00,pending_new,,,
2026-03-19 00:41:53.681789877+00:00,997,cancelled,bid,2190.9,0.07489493822111888,2026-03-19 00:41:50.805173626+00:00,233.1,2026-03-19 00:41:50.555173626+00:00,cancelled,pressure_stop_bid,2026-03-19 00:41:53.431789877+00:00,2026-03-19 00:41:53.681789877+00:00
2026-03-19 00:41:54.083315601+00:00,998,cancel_requested,ask,2192.3,0.12510506177888112,2026-03-19 00:41:53.681789877+00:00,172.053,2026-03-19 00:41:53.431789877+00:00,pending_cancel,pressure_stop_ask,2026-03-19 00:41:54.083315601+00:00,2026-03-19 00:41:54.333315601+00:00
2026-03-19 00:41:54.083315601+00:00,999,placed,bid,2190.9,0.07489493822111888,2026-03-19 00:41:54.333315601+00:00,232.62099999999998,2026-03-19 00:41:54.083315601+00:00,pending_new,,,
2026-03-19 00:41:54.333315601+00:00,998,cancelled,ask,2192.3,0.12510506177888112,2026-03-19 00:41:53.681789877+00:00,172.053,2026-03-19 00:41:53.431789877+00:00,cancelled,pressure_stop_ask,2026-03-19 00:41:54.083315601+00:00,2026-03-19 00:41:54.333315601+00:00
2026-03-19 00:41:54.340394073+00:00,1000,placed,ask,2192.4,0.12510506177888112,2026-03-19 00:41:54.590394073+00:00,176.725,2026-03-19 00:41:54.340394073+00:00,pending_new,,,
2026-03-19 00:41:54.396412222+00:00,1000,cancel_requested,ask,2192.4,0.12510506177888112,2026-03-19 00:41:54.590394073+00:00,176.725,2026-03-19 00:41:54.340394073+00:00,pending_cancel,pressure_stop_ask,2026-03-19 00:41:54.396412222+00:00,2026-03-19 00:41:54.646412222+00:00
2026-03-19 00:41:54.646412222+00:00,1000,cancelled,ask,2192.4,0.12510506177888112,2026-03-19 00:41:54.590394073+00:00,176.725,2026-03-19 00:41:54.340394073+00:00,cancelled,pressure_stop_ask,2026-03-19 00:41:54.396412222+00:00,2026-03-19 00:41:54.646412222+00:00
2026-03-19 00:41:55.162209823+00:00,999,cancel_requested,bid,2190.9,0.07489493822111888,2026-03-19 00:41:54.333315601+00:00,232.62099999999998,2026-03-19 00:41:54.083315601+00:00,pending_cancel,refresh_reprice,2026-03-19 00:41:55.162209823+00:00,2026-03-19 00:41:55.412209823+00:00
2026-03-19 00:41:55.412209823+00:00,999,cancelled,bid,2190.9,0.07489493822111888,2026-03-19 00:41:54.333315601+00:00,232.62099999999998,2026-03-19 00:41:54.083315601+00:00,cancelled,refresh_reprice,2026-03-19 00:41:55.162209823+00:00,2026-03-19 00:41:55.412209823+00:00
2026-03-19 00:41:55.421438472+00:00,1001,placed,bid,2191.6,0.07489493822111888,2026-03-19 00:41:55.671438472+00:00,148.829,2026-03-19 00:41:55.421438472+00:00,pending_new,,,
2026-03-19 00:41:58.171713100+00:00,1001,cancel_requested,bid,2191.6,0.07489493822111888,2026-03-19 00:41:55.671438472+00:00,148.829,2026-03-19 00:41:55.421438472+00:00,pending_cancel,refresh_reprice,2026-03-19 00:41:58.171713100+00:00,2026-03-19 00:41:58.421713100+00:00
2026-03-19 00:41:58.421713100+00:00,1001,cancelled,bid,2191.6,0.07489493822111888,2026-03-19 00:41:55.671438472+00:00,148.829,2026-03-19 00:41:55.421438472+00:00,cancelled,refresh_reprice,2026-03-19 00:41:58.171713100+00:00,2026-03-19 00:41:58.421713100+00:00
2026-03-19 00:41:58.427527533+00:00,1002,placed,bid,2191.3,0.07489493822111888,2026-03-19 00:41:58.677527533+00:00,215.03500000000003,2026-03-19 00:41:58.427527533+00:00,pending_new,,,
2026-03-19 00:42:01.645986086+00:00,1002,resized,bid,2191.3,0.07471238455176911,2026-03-19 00:41:58.677527533+00:00,215.03500000000003,,,preserve_queue_priority,,
2026-03-19 00:42:01.850287350+00:00,1002,cancel_requested,bid,2191.3,0.07471238455176911,2026-03-19 00:41:58.677527533+00:00,215.03500000000003,2026-03-19 00:41:58.427527533+00:00,pending_cancel,refresh_reprice,2026-03-19 00:42:01.850287350+00:00,2026-03-19 00:42:02.100287350+00:00
2026-03-19 00:42:02.100287350+00:00,1002,cancelled,bid,2191.3,0.07471238455176911,2026-03-19 00:41:58.677527533+00:00,215.03500000000003,2026-03-19 00:41:58.427527533+00:00,cancelled,refresh_reprice,2026-03-19 00:42:01.850287350+00:00,2026-03-19 00:42:02.100287350+00:00
2026-03-19 00:42:02.152259747+00:00,1003,placed,bid,2192.2,0.07471238455176911,2026-03-19 00:42:02.402259747+00:00,97.14599999999999,2026-03-19 00:42:02.152259747+00:00,pending_new,,,
2026-03-19 00:42:02.870948740+00:00,1003,cancel_requested,bid,2192.2,0.07471238455176911,2026-03-19 00:42:02.402259747+00:00,97.14599999999999,2026-03-19 00:42:02.152259747+00:00,pending_cancel,pressure_stop_bid,2026-03-19 00:42:02.870948740+00:00,2026-03-19 00:42:03.120948740+00:00
2026-03-19 00:42:02.870948740+00:00,1004,placed,ask,2192.9,0.1252876154482309,2026-03-19 00:42:03.120948740+00:00,107.884,2026-03-19 00:42:02.870948740+00:00,pending_new,,,
2026-03-19 00:42:03.120948740+00:00,1003,cancelled,bid,2192.2,0.07471238455176911,2026-03-19 00:42:02.402259747+00:00,97.14599999999999,2026-03-19 00:42:02.152259747+00:00,cancelled,pressure_stop_bid,2026-03-19 00:42:02.870948740+00:00,2026-03-19 00:42:03.120948740+00:00
2026-03-19 00:42:05.372890029+00:00,1005,placed,bid,2191.9,0.07471238455176911,2026-03-19 00:42:05.622890029+00:00,119.194,2026-03-19 00:42:05.372890029+00:00,pending_new,,,
2026-03-19 00:42:05.372890029+00:00,1004,cancel_requested,ask,2192.9,0.1252876154482309,2026-03-19 00:42:03.120948740+00:00,107.884,2026-03-19 00:42:02.870948740+00:00,pending_cancel,refresh_reprice,2026-03-19 00:42:05.372890029+00:00,2026-03-19 00:42:05.622890029+00:00
2026-03-19 00:42:05.517223517+00:00,1005,cancel_requested,bid,2191.9,0.07471238455176911,2026-03-19 00:42:05.622890029+00:00,119.194,2026-03-19 00:42:05.372890029+00:00,pending_cancel,pressure_stop_bid,2026-03-19 00:42:05.517223517+00:00,2026-03-19 00:42:05.767223517+00:00
2026-03-19 00:42:05.622890029+00:00,1004,cancelled,ask,2192.9,0.1252876154482309,2026-03-19 00:42:03.120948740+00:00,107.884,2026-03-19 00:42:02.870948740+00:00,cancelled,refresh_reprice,2026-03-19 00:42:05.372890029+00:00,2026-03-19 00:42:05.622890029+00:00
2026-03-19 00:42:05.623209497+00:00,1006,placed,ask,2192.7,0.1252876154482309,2026-03-19 00:42:05.873209497+00:00,166.885,2026-03-19 00:42:05.623209497+00:00,pending_new,,,
2026-03-19 00:42:05.767223517+00:00,1005,cancelled,bid,2191.9,0.07471238455176911,2026-03-19 00:42:05.622890029+00:00,119.194,2026-03-19 00:42:05.372890029+00:00,cancelled,pressure_stop_bid,2026-03-19 00:42:05.517223517+00:00,2026-03-19 00:42:05.767223517+00:00
2026-03-19 00:42:11.041618920+00:00,1006,cancel_requested,ask,2192.7,0.1252876154482309,2026-03-19 00:42:05.873209497+00:00,166.885,2026-03-19 00:42:05.623209497+00:00,pending_cancel,expected_edge_ask,2026-03-19 00:42:11.041618920+00:00,2026-03-19 00:42:11.291618920+00:00
2026-03-19 00:42:11.041618920+00:00,1007,placed,bid,2191.8,0.07471238455176911,2026-03-19 00:42:11.291618920+00:00,104.72699999999999,2026-03-19 00:42:11.041618920+00:00,pending_new,,,
2026-03-19 00:42:11.143574693+00:00,1007,cancel_requested,bid,2191.8,0.07471238455176911,2026-03-19 00:42:11.291618920+00:00,104.72699999999999,2026-03-19 00:42:11.041618920+00:00,pending_cancel,refresh_reprice,2026-03-19 00:42:11.143574693+00:00,2026-03-19 00:42:11.393574693+00:00
2026-03-19 00:42:11.291618920+00:00,1006,cancelled,ask,2192.7,0.1252876154482309,2026-03-19 00:42:05.873209497+00:00,166.885,2026-03-19 00:42:05.623209497+00:00,cancelled,expected_edge_ask,2026-03-19 00:42:11.041618920+00:00,2026-03-19 00:42:11.291618920+00:00
2026-03-19 00:42:11.291655299+00:00,1008,placed,ask,2193.1,0.1252876154482309,2026-03-19 00:42:11.541655299+00:00,89.52199999999999,2026-03-19 00:42:11.291655299+00:00,pending_new,,,
2026-03-19 00:42:11.393574693+00:00,1007,cancelled,bid,2191.8,0.07471238455176911,2026-03-19 00:42:11.291618920+00:00,104.72699999999999,2026-03-19 00:42:11.041618920+00:00,cancelled,refresh_reprice,2026-03-19 00:42:11.143574693+00:00,2026-03-19 00:42:11.393574693+00:00
2026-03-19 00:42:11.443442873+00:00,1009,placed,bid,2191.7,0.07471238455176911,2026-03-19 00:42:11.693442873+00:00,230.527,2026-03-19 00:42:11.443442873+00:00,pending_new,,,
2026-03-19 00:42:11.705668989+00:00,1008,cancel_requested,ask,2193.1,0.1252876154482309,2026-03-19 00:42:11.541655299+00:00,89.52199999999999,2026-03-19 00:42:11.291655299+00:00,pending_cancel,pressure_stop_ask,2026-03-19 00:42:11.705668989+00:00,2026-03-19 00:42:11.955668989+00:00
2026-03-19 00:42:11.955668989+00:00,1008,cancelled,ask,2193.1,0.1252876154482309,2026-03-19 00:42:11.541655299+00:00,89.52199999999999,2026-03-19 00:42:11.291655299+00:00,cancelled,pressure_stop_ask,2026-03-19 00:42:11.705668989+00:00,2026-03-19 00:42:11.955668989+00:00
2026-03-19 00:42:13.235137720+00:00,1009,cancel_requested,bid,2191.7,0.07471238455176911,2026-03-19 00:42:11.693442873+00:00,230.527,2026-03-19 00:42:11.443442873+00:00,pending_cancel,refresh_reprice,2026-03-19 00:42:13.235137720+00:00,2026-03-19 00:42:13.485137720+00:00
2026-03-19 00:42:13.485137720+00:00,1009,cancelled,bid,2191.7,0.07471238455176911,2026-03-19 00:42:11.693442873+00:00,230.527,2026-03-19 00:42:11.443442873+00:00,cancelled,refresh_reprice,2026-03-19 00:42:13.235137720+00:00,2026-03-19 00:42:13.485137720+00:00
2026-03-19 00:42:13.491691110+00:00,1010,placed,bid,2192.2,0.07471238455176911,2026-03-19 00:42:13.741691110+00:00,204.676,2026-03-19 00:42:13.491691110+00:00,pending_new,,,
2026-03-19 00:42:14.052927572+00:00,1011,placed,ask,2193.1,0.1252876154482309,2026-03-19 00:42:14.302927572+00:00,25.796,2026-03-19 00:42:14.052927572+00:00,pending_new,,,
2026-03-19 00:42:14.100778214+00:00,1011,cancel_requested,ask,2193.1,0.1252876154482309,2026-03-19 00:42:14.302927572+00:00,25.796,2026-03-19 00:42:14.052927572+00:00,pending_cancel,pressure_stop_ask,2026-03-19 00:42:14.100778214+00:00,2026-03-19 00:42:14.350778214+00:00
2026-03-19 00:42:14.350778214+00:00,1011,cancelled,ask,2193.1,0.1252876154482309,2026-03-19 00:42:14.302927572+00:00,25.796,2026-03-19 00:42:14.052927572+00:00,cancelled,pressure_stop_ask,2026-03-19 00:42:14.100778214+00:00,2026-03-19 00:42:14.350778214+00:00
2026-03-19 00:42:19.515600868+00:00,1010,cancel_requested,bid,2192.2,0.07471238455176911,2026-03-19 00:42:13.741691110+00:00,204.676,2026-03-19 00:42:13.491691110+00:00,pending_cancel,pressure_stop_bid,2026-03-19 00:42:19.515600868+00:00,2026-03-19 00:42:19.765600868+00:00
2026-03-19 00:42:19.515600868+00:00,1012,placed,ask,2193.0,0.12521411323021892,2026-03-19 00:42:19.765600868+00:00,182.053,2026-03-19 00:42:19.515600868+00:00,pending_new,,,
2026-03-19 00:42:19.765600868+00:00,1010,cancelled,bid,2192.2,0.07471238455176911,2026-03-19 00:42:13.741691110+00:00,204.676,2026-03-19 00:42:13.491691110+00:00,cancelled,pressure_stop_bid,2026-03-19 00:42:19.515600868+00:00,2026-03-19 00:42:19.765600868+00:00
2026-03-19 00:42:20.128511239+00:00,1013,placed,bid,2191.4,0.07478588676978108,2026-03-19 00:42:20.378511239+00:00,199.897,2026-03-19 00:42:20.128511239+00:00,pending_new,,,
2026-03-19 00:42:20.176121460+00:00,1013,cancel_requested,bid,2191.4,0.07478588676978108,2026-03-19 00:42:20.378511239+00:00,199.897,2026-03-19 00:42:20.128511239+00:00,pending_cancel,pressure_stop_bid,2026-03-19 00:42:20.176121460+00:00,2026-03-19 00:42:20.426121460+00:00
2026-03-19 00:42:20.426121460+00:00,1013,cancelled,bid,2191.4,0.07478588676978108,2026-03-19 00:42:20.378511239+00:00,199.897,2026-03-19 00:42:20.128511239+00:00,cancelled,pressure_stop_bid,2026-03-19 00:42:20.176121460+00:00,2026-03-19 00:42:20.426121460+00:00
2026-03-19 00:42:20.484772251+00:00,1014,placed,bid,2191.4,0.07478588676978108,2026-03-19 00:42:20.734772251+00:00,201.312,2026-03-19 00:42:20.484772251+00:00,pending_new,,,
2026-03-19 00:42:20.943618388+00:00,1012,cancel_requested,ask,2193.0,0.12521411323021892,2026-03-19 00:42:19.765600868+00:00,182.053,2026-03-19 00:42:19.515600868+00:00,pending_cancel,pressure_stop_ask,2026-03-19 00:42:20.943618388+00:00,2026-03-19 00:42:21.193618388+00:00
2026-03-19 00:42:21.193618388+00:00,1012,cancelled,ask,2193.0,0.12521411323021892,2026-03-19 00:42:19.765600868+00:00,182.053,2026-03-19 00:42:19.515600868+00:00,cancelled,pressure_stop_ask,2026-03-19 00:42:20.943618388+00:00,2026-03-19 00:42:21.193618388+00:00
2026-03-19 00:42:21.454635788+00:00,1014,cancel_requested,bid,2191.4,0.07478588676978108,2026-03-19 00:42:20.734772251+00:00,201.312,2026-03-19 00:42:20.484772251+00:00,pending_cancel,refresh_reprice,2026-03-19 00:42:21.454635788+00:00,2026-03-19 00:42:21.704635788+00:00
2026-03-19 00:42:21.704635788+00:00,1014,cancelled,bid,2191.4,0.07478588676978108,2026-03-19 00:42:20.734772251+00:00,201.312,2026-03-19 00:42:20.484772251+00:00,cancelled,refresh_reprice,2026-03-19 00:42:21.454635788+00:00,2026-03-19 00:42:21.704635788+00:00
2026-03-19 00:42:21.710202651+00:00,1015,placed,bid,2191.7,0.07478588676978108,2026-03-19 00:42:21.960202651+00:00,218.25799999999995,2026-03-19 00:42:21.710202651+00:00,pending_new,,,
2026-03-19 00:42:22.620571342+00:00,1016,placed,ask,2193.3,0.12521411323021892,2026-03-19 00:42:22.870571342+00:00,151.305,2026-03-19 00:42:22.620571342+00:00,pending_new,,,
2026-03-19 00:42:23.087425177+00:00,1016,cancel_requested,ask,2193.3,0.12521411323021892,2026-03-19 00:42:22.870571342+00:00,151.305,2026-03-19 00:42:22.620571342+00:00,pending_cancel,pressure_stop_ask,2026-03-19 00:42:23.087425177+00:00,2026-03-19 00:42:23.337425177+00:00
2026-03-19 00:42:23.087425177+00:00,1015,cancel_requested,bid,2191.7,0.07478588676978108,2026-03-19 00:42:21.960202651+00:00,218.25799999999995,2026-03-19 00:42:21.710202651+00:00,pending_cancel,refresh_reprice,2026-03-19 00:42:23.087425177+00:00,2026-03-19 00:42:23.337425177+00:00
2026-03-19 00:42:23.337425177+00:00,1015,cancelled,bid,2191.7,0.07478588676978108,2026-03-19 00:42:21.960202651+00:00,218.25799999999995,2026-03-19 00:42:21.710202651+00:00,cancelled,refresh_reprice,2026-03-19 00:42:23.087425177+00:00,2026-03-19 00:42:23.337425177+00:00
2026-03-19 00:42:23.337425177+00:00,1016,cancelled,ask,2193.3,0.12521411323021892,2026-03-19 00:42:22.870571342+00:00,151.305,2026-03-19 00:42:22.620571342+00:00,cancelled,pressure_stop_ask,2026-03-19 00:42:23.087425177+00:00,2026-03-19 00:42:23.337425177+00:00
2026-03-19 00:42:23.386121372+00:00,1017,placed,bid,2191.9,0.07478588676978108,2026-03-19 00:42:23.636121372+00:00,221.195,2026-03-19 00:42:23.386121372+00:00,pending_new,,,
2026-03-19 00:42:24.154583895+00:00,1017,cancel_requested,bid,2191.9,0.07478588676978108,2026-03-19 00:42:23.636121372+00:00,221.195,2026-03-19 00:42:23.386121372+00:00,pending_cancel,pressure_stop_bid,2026-03-19 00:42:24.154583895+00:00,2026-03-19 00:42:24.404583895+00:00
2026-03-19 00:42:24.154583895+00:00,1018,placed,ask,2193.4,0.12521411323021892,2026-03-19 00:42:24.404583895+00:00,228.36,2026-03-19 00:42:24.154583895+00:00,pending_new,,,
2026-03-19 00:42:24.404583895+00:00,1017,cancelled,bid,2191.9,0.07478588676978108,2026-03-19 00:42:23.636121372+00:00,221.195,2026-03-19 00:42:23.386121372+00:00,cancelled,pressure_stop_bid,2026-03-19 00:42:24.154583895+00:00,2026-03-19 00:42:24.404583895+00:00
2026-03-19 00:42:24.457596490+00:00,1019,placed,bid,2191.9,0.07478588676978108,2026-03-19 00:42:24.707596490+00:00,198.32999999999998,2026-03-19 00:42:24.457596490+00:00,pending_new,,,
2026-03-19 00:42:24.973619073+00:00,1019,cancel_requested,bid,2191.9,0.07478588676978108,2026-03-19 00:42:24.707596490+00:00,198.32999999999998,2026-03-19 00:42:24.457596490+00:00,pending_cancel,refresh_reprice,2026-03-19 00:42:24.973619073+00:00,2026-03-19 00:42:25.223619073+00:00
2026-03-19 00:42:24.973619073+00:00,1018,cancel_requested,ask,2193.4,0.12521411323021892,2026-03-19 00:42:24.404583895+00:00,228.36,2026-03-19 00:42:24.154583895+00:00,pending_cancel,refresh_reprice,2026-03-19 00:42:24.973619073+00:00,2026-03-19 00:42:25.223619073+00:00
2026-03-19 00:42:25.223619073+00:00,1019,cancelled,bid,2191.9,0.07478588676978108,2026-03-19 00:42:24.707596490+00:00,198.32999999999998,2026-03-19 00:42:24.457596490+00:00,cancelled,refresh_reprice,2026-03-19 00:42:24.973619073+00:00,2026-03-19 00:42:25.223619073+00:00
2026-03-19 00:42:25.223619073+00:00,1018,cancelled,ask,2193.4,0.12521411323021892,2026-03-19 00:42:24.404583895+00:00,228.36,2026-03-19 00:42:24.154583895+00:00,cancelled,refresh_reprice,2026-03-19 00:42:24.973619073+00:00,2026-03-19 00:42:25.223619073+00:00
2026-03-19 00:42:25.227526899+00:00,1020,placed,bid,2192.4,0.07478588676978108,2026-03-19 00:42:25.477526899+00:00,171.71,2026-03-19 00:42:25.227526899+00:00,pending_new,,,
2026-03-19 00:42:25.227526899+00:00,1021,placed,ask,2193.2,0.12521411323021892,2026-03-19 00:42:25.477526899+00:00,54.477999999999994,2026-03-19 00:42:25.227526899+00:00,pending_new,,,
2026-03-19 00:42:25.282206242+00:00,1021,cancel_requested,ask,2193.2,0.12521411323021892,2026-03-19 00:42:25.477526899+00:00,54.477999999999994,2026-03-19 00:42:25.227526899+00:00,pending_cancel,expected_edge_ask,2026-03-19 00:42:25.282206242+00:00,2026-03-19 00:42:25.532206242+00:00
2026-03-19 00:42:25.532206242+00:00,1021,cancelled,ask,2193.2,0.12521411323021892,2026-03-19 00:42:25.477526899+00:00,54.477999999999994,2026-03-19 00:42:25.227526899+00:00,cancelled,expected_edge_ask,2026-03-19 00:42:25.282206242+00:00,2026-03-19 00:42:25.532206242+00:00
2026-03-19 00:42:25.587013985+00:00,1022,placed,ask,2193.2,0.12521411323021892,2026-03-19 00:42:25.837013985+00:00,71.422,2026-03-19 00:42:25.587013985+00:00,pending_new,,,
2026-03-19 00:42:27.781621802+00:00,1020,cancel_requested,bid,2192.4,0.07478588676978108,2026-03-19 00:42:25.477526899+00:00,171.71,2026-03-19 00:42:25.227526899+00:00,pending_cancel,pressure_stop_bid,2026-03-19 00:42:27.781621802+00:00,2026-03-19 00:42:28.031621802+00:00
2026-03-19 00:42:28.031621802+00:00,1020,cancelled,bid,2192.4,0.07478588676978108,2026-03-19 00:42:25.477526899+00:00,171.71,2026-03-19 00:42:25.227526899+00:00,cancelled,pressure_stop_bid,2026-03-19 00:42:27.781621802+00:00,2026-03-19 00:42:28.031621802+00:00
2026-03-19 00:42:29.518387070+00:00,1022,cancel_requested,ask,2193.2,0.12521411323021892,2026-03-19 00:42:25.837013985+00:00,71.422,2026-03-19 00:42:25.587013985+00:00,pending_cancel,expected_edge_ask,2026-03-19 00:42:29.518387070+00:00,2026-03-19 00:42:29.768387070+00:00
2026-03-19 00:42:29.518387070+00:00,1023,placed,bid,2192.4,0.07478588676978108,2026-03-19 00:42:29.768387070+00:00,189.005,2026-03-19 00:42:29.518387070+00:00,pending_new,,,
2026-03-19 00:42:29.717840333+00:00,1023,cancel_requested,bid,2192.4,0.07478588676978108,2026-03-19 00:42:29.768387070+00:00,189.005,2026-03-19 00:42:29.518387070+00:00,pending_cancel,refresh_reprice,2026-03-19 00:42:29.717840333+00:00,2026-03-19 00:42:29.967840333+00:00
2026-03-19 00:42:29.768387070+00:00,1022,cancelled,ask,2193.2,0.12521411323021892,2026-03-19 00:42:25.837013985+00:00,71.422,2026-03-19 00:42:25.587013985+00:00,cancelled,expected_edge_ask,2026-03-19 00:42:29.518387070+00:00,2026-03-19 00:42:29.768387070+00:00
2026-03-19 00:42:29.818985651+00:00,1024,placed,ask,2193.6,0.12521411323021892,2026-03-19 00:42:30.068985651+00:00,157.523,2026-03-19 00:42:29.818985651+00:00,pending_new,,,
2026-03-19 00:42:29.967840333+00:00,1023,cancelled,bid,2192.4,0.07478588676978108,2026-03-19 00:42:29.768387070+00:00,189.005,2026-03-19 00:42:29.518387070+00:00,cancelled,refresh_reprice,2026-03-19 00:42:29.717840333+00:00,2026-03-19 00:42:29.967840333+00:00
2026-03-19 00:42:29.976394619+00:00,1025,placed,bid,2192.1,0.07478588676978108,2026-03-19 00:42:30.226394619+00:00,221.105,2026-03-19 00:42:29.976394619+00:00,pending_new,,,
2026-03-19 00:42:31.300887300+00:00,1024,cancel_requested,ask,2193.6,0.12521411323021892,2026-03-19 00:42:30.068985651+00:00,157.523,2026-03-19 00:42:29.818985651+00:00,pending_cancel,pressure_stop_ask,2026-03-19 00:42:31.300887300+00:00,2026-03-19 00:42:31.550887300+00:00
2026-03-19 00:42:31.550887300+00:00,1024,cancelled,ask,2193.6,0.12521411323021892,2026-03-19 00:42:30.068985651+00:00,157.523,2026-03-19 00:42:29.818985651+00:00,cancelled,pressure_stop_ask,2026-03-19 00:42:31.300887300+00:00,2026-03-19 00:42:31.550887300+00:00
2026-03-19 00:42:37.886804112+00:00,1025,cancel_requested,bid,2192.1,0.07478588676978108,2026-03-19 00:42:30.226394619+00:00,221.105,2026-03-19 00:42:29.976394619+00:00,pending_cancel,refresh_reprice,2026-03-19 00:42:37.886804112+00:00,2026-03-19 00:42:38.136804112+00:00
2026-03-19 00:42:37.886804112+00:00,1026,placed,ask,2193.8,0.12521411323021892,2026-03-19 00:42:38.136804112+00:00,197.096,2026-03-19 00:42:37.886804112+00:00,pending_new,,,
2026-03-19 00:42:38.136804112+00:00,1025,cancelled,bid,2192.1,0.07478588676978108,2026-03-19 00:42:30.226394619+00:00,221.105,2026-03-19 00:42:29.976394619+00:00,cancelled,refresh_reprice,2026-03-19 00:42:37.886804112+00:00,2026-03-19 00:42:38.136804112+00:00
2026-03-19 00:42:38.156529210+00:00,1027,placed,bid,2192.3,0.07478588676978108,2026-03-19 00:42:38.406529210+00:00,245.238,2026-03-19 00:42:38.156529210+00:00,pending_new,,,
2026-03-19 00:42:40.335622355+00:00,1026,cancel_requested,ask,2193.8,0.12521411323021892,2026-03-19 00:42:38.136804112+00:00,197.096,2026-03-19 00:42:37.886804112+00:00,pending_cancel,pressure_stop_ask,2026-03-19 00:42:40.335622355+00:00,2026-03-19 00:42:40.585622355+00:00
2026-03-19 00:42:40.585622355+00:00,1026,cancelled,ask,2193.8,0.12521411323021892,2026-03-19 00:42:38.136804112+00:00,197.096,2026-03-19 00:42:37.886804112+00:00,cancelled,pressure_stop_ask,2026-03-19 00:42:40.335622355+00:00,2026-03-19 00:42:40.585622355+00:00
2026-03-19 00:42:40.795233383+00:00,1027,cancel_requested,bid,2192.3,0.07478588676978108,2026-03-19 00:42:38.406529210+00:00,245.238,2026-03-19 00:42:38.156529210+00:00,pending_cancel,refresh_reprice,2026-03-19 00:42:40.795233383+00:00,2026-03-19 00:42:41.045233383+00:00
2026-03-19 00:42:40.795233383+00:00,1028,placed,ask,2194.3,0.12518523757420716,2026-03-19 00:42:41.045233383+00:00,201.344,2026-03-19 00:42:40.795233383+00:00,pending_new,,,
2026-03-19 00:42:41.045233383+00:00,1027,cancelled,bid,2192.3,0.07478588676978108,2026-03-19 00:42:38.406529210+00:00,245.238,2026-03-19 00:42:38.156529210+00:00,cancelled,refresh_reprice,2026-03-19 00:42:40.795233383+00:00,2026-03-19 00:42:41.045233383+00:00
2026-03-19 00:42:41.052419373+00:00,1029,placed,bid,2192.7,0.07481476242579282,2026-03-19 00:42:41.302419373+00:00,219.17600000000002,2026-03-19 00:42:41.052419373+00:00,pending_new,,,
2026-03-19 00:42:41.243406957+00:00,1028,cancel_requested,ask,2194.3,0.12518523757420716,2026-03-19 00:42:41.045233383+00:00,201.344,2026-03-19 00:42:40.795233383+00:00,pending_cancel,pressure_stop_ask,2026-03-19 00:42:41.243406957+00:00,2026-03-19 00:42:41.493406957+00:00
2026-03-19 00:42:41.493406957+00:00,1028,cancelled,ask,2194.3,0.12518523757420716,2026-03-19 00:42:41.045233383+00:00,201.344,2026-03-19 00:42:40.795233383+00:00,cancelled,pressure_stop_ask,2026-03-19 00:42:41.243406957+00:00,2026-03-19 00:42:41.493406957+00:00
2026-03-19 00:42:42.722316102+00:00,1029,cancel_requested,bid,2192.7,0.07481476242579282,2026-03-19 00:42:41.302419373+00:00,219.17600000000002,2026-03-19 00:42:41.052419373+00:00,pending_cancel,pressure_stop_bid,2026-03-19 00:42:42.722316102+00:00,2026-03-19 00:42:42.972316102+00:00
2026-03-19 00:42:42.722316102+00:00,1030,placed,ask,2194.2,0.12518523757420716,2026-03-19 00:42:42.972316102+00:00,169.649,2026-03-19 00:42:42.722316102+00:00,pending_new,,,
2026-03-19 00:42:42.972316102+00:00,1029,cancelled,bid,2192.7,0.07481476242579282,2026-03-19 00:42:41.302419373+00:00,219.17600000000002,2026-03-19 00:42:41.052419373+00:00,cancelled,pressure_stop_bid,2026-03-19 00:42:42.722316102+00:00,2026-03-19 00:42:42.972316102+00:00
2026-03-19 00:42:43.602438880+00:00,1031,placed,bid,2192.1,0.07481476242579282,2026-03-19 00:42:43.852438880+00:00,171.832,2026-03-19 00:42:43.602438880+00:00,pending_new,,,
2026-03-19 00:42:43.602438880+00:00,1030,cancel_requested,ask,2194.2,0.12518523757420716,2026-03-19 00:42:42.972316102+00:00,169.649,2026-03-19 00:42:42.722316102+00:00,pending_cancel,refresh_reprice,2026-03-19 00:42:43.602438880+00:00,2026-03-19 00:42:43.852438880+00:00
2026-03-19 00:42:43.653140812+00:00,1031,cancel_requested,bid,2192.1,0.07481476242579282,2026-03-19 00:42:43.852438880+00:00,171.832,2026-03-19 00:42:43.602438880+00:00,pending_cancel,pressure_stop_bid,2026-03-19 00:42:43.653140812+00:00,2026-03-19 00:42:43.903140812+00:00
2026-03-19 00:42:43.903140812+00:00,1031,cancelled,bid,2192.1,0.07481476242579282,2026-03-19 00:42:43.852438880+00:00,171.832,2026-03-19 00:42:43.602438880+00:00,cancelled,pressure_stop_bid,2026-03-19 00:42:43.653140812+00:00,2026-03-19 00:42:43.903140812+00:00
2026-03-19 00:42:43.852438880+00:00,1030,cancelled,ask,2194.2,0.12518523757420716,2026-03-19 00:42:42.972316102+00:00,169.649,2026-03-19 00:42:42.722316102+00:00,cancelled,refresh_reprice,2026-03-19 00:42:43.602438880+00:00,2026-03-19 00:42:43.852438880+00:00
2026-03-19 00:42:43.906817752+00:00,1032,placed,ask,2193.8,0.12518523757420716,2026-03-19 00:42:44.156817752+00:00,223.695,2026-03-19 00:42:43.906817752+00:00,pending_new,,,
2026-03-19 00:42:49.207305059+00:00,1032,cancel_requested,ask,2193.8,0.12518523757420716,2026-03-19 00:42:44.156817752+00:00,223.695,2026-03-19 00:42:43.906817752+00:00,pending_cancel,expected_edge_ask,2026-03-19 00:42:49.207305059+00:00,2026-03-19 00:42:49.457305059+00:00
2026-03-19 00:42:49.457305059+00:00,1032,cancelled,ask,2193.8,0.12518523757420716,2026-03-19 00:42:44.156817752+00:00,223.695,2026-03-19 00:42:43.906817752+00:00,cancelled,expected_edge_ask,2026-03-19 00:42:49.207305059+00:00,2026-03-19 00:42:49.457305059+00:00
2026-03-19 00:42:59.582086088+00:00,1033,placed,ask,2193.4,0.12510327580930292,2026-03-19 00:42:59.832086088+00:00,80.061,2026-03-19 00:42:59.582086088+00:00,pending_new,,,
2026-03-19 00:43:02.745949263+00:00,1033,cancel_requested,ask,2193.4,0.12510327580930292,2026-03-19 00:42:59.832086088+00:00,80.061,2026-03-19 00:42:59.582086088+00:00,pending_cancel,expected_edge_ask,2026-03-19 00:43:02.745949263+00:00,2026-03-19 00:43:02.995949263+00:00
2026-03-19 00:43:02.995949263+00:00,1033,cancelled,ask,2193.4,0.12510327580930292,2026-03-19 00:42:59.832086088+00:00,80.061,2026-03-19 00:42:59.582086088+00:00,cancelled,expected_edge_ask,2026-03-19 00:43:02.745949263+00:00,2026-03-19 00:43:02.995949263+00:00
2026-03-19 00:43:03.051196451+00:00,1034,placed,bid,2192.7,0.07489672419069708,2026-03-19 00:43:03.301196451+00:00,89.625,2026-03-19 00:43:03.051196451+00:00,pending_new,,,
2026-03-19 00:43:03.561502883+00:00,1034,cancel_requested,bid,2192.7,0.07489672419069708,2026-03-19 00:43:03.301196451+00:00,89.625,2026-03-19 00:43:03.051196451+00:00,pending_cancel,pressure_stop_bid,2026-03-19 00:43:03.561502883+00:00,2026-03-19 00:43:03.811502883+00:00
2026-03-19 00:43:03.811502883+00:00,1034,cancelled,bid,2192.7,0.07489672419069708,2026-03-19 00:43:03.301196451+00:00,89.625,2026-03-19 00:43:03.051196451+00:00,cancelled,pressure_stop_bid,2026-03-19 00:43:03.561502883+00:00,2026-03-19 00:43:03.811502883+00:00
2026-03-19 00:43:03.862234050+00:00,1035,placed,ask,2193.3,0.12510327580930292,2026-03-19 00:43:04.112234050+00:00,70.319,2026-03-19 00:43:03.862234050+00:00,pending_new,,,
2026-03-19 00:43:06.059167767+00:00,1035,cancel_requested,ask,2193.3,0.12510327580930292,2026-03-19 00:43:04.112234050+00:00,70.319,2026-03-19 00:43:03.862234050+00:00,pending_cancel,expected_edge_ask,2026-03-19 00:43:06.059167767+00:00,2026-03-19 00:43:06.309167767+00:00
2026-03-19 00:43:06.309167767+00:00,1035,cancelled,ask,2193.3,0.12510327580930292,2026-03-19 00:43:04.112234050+00:00,70.319,2026-03-19 00:43:03.862234050+00:00,cancelled,expected_edge_ask,2026-03-19 00:43:06.059167767+00:00,2026-03-19 00:43:06.309167767+00:00
2026-03-19 00:43:06.318554723+00:00,1036,placed,bid,2192.6,0.07489672419069708,2026-03-19 00:43:06.568554723+00:00,96.88600000000001,2026-03-19 00:43:06.318554723+00:00,pending_new,,,
2026-03-19 00:43:15.100345547+00:00,1036,cancel_requested,bid,2192.6,0.07489672419069708,2026-03-19 00:43:06.568554723+00:00,96.88600000000001,2026-03-19 00:43:06.318554723+00:00,pending_cancel,refresh_reprice,2026-03-19 00:43:15.100345547+00:00,2026-03-19 00:43:15.350345547+00:00
2026-03-19 00:43:15.350345547+00:00,1036,cancelled,bid,2192.6,0.07489672419069708,2026-03-19 00:43:06.568554723+00:00,96.88600000000001,2026-03-19 00:43:06.318554723+00:00,cancelled,refresh_reprice,2026-03-19 00:43:15.100345547+00:00,2026-03-19 00:43:15.350345547+00:00
2026-03-19 00:43:15.405284414+00:00,1037,placed,bid,2193.1,0.07489672419069708,2026-03-19 00:43:15.655284414+00:00,44.453,2026-03-19 00:43:15.405284414+00:00,pending_new,,,
2026-03-19 00:43:25.405284414+00:00,1037,cancel_requested,bid,2193.1,0.07489672419069708,2026-03-19 00:43:15.655284414+00:00,44.453,2026-03-19 00:43:15.405284414+00:00,pending_cancel,quote_age_expired,2026-03-19 00:43:25.405284414+00:00,2026-03-19 00:43:25.655284414+00:00
2026-03-19 00:43:25.655284414+00:00,1037,cancelled,bid,2193.1,0.07489672419069708,2026-03-19 00:43:15.655284414+00:00,44.453,2026-03-19 00:43:15.405284414+00:00,cancelled,quote_age_expired,2026-03-19 00:43:25.405284414+00:00,2026-03-19 00:43:25.655284414+00:00
2026-03-19 00:43:25.752595391+00:00,1038,placed,bid,2193.3,0.07500049568851869,2026-03-19 00:43:26.002595391+00:00,123.144,2026-03-19 00:43:25.752595391+00:00,pending_new,,,
2026-03-19 00:43:30.158683933+00:00,1038,cancel_requested,bid,2193.3,0.07500049568851869,2026-03-19 00:43:26.002595391+00:00,123.144,2026-03-19 00:43:25.752595391+00:00,pending_cancel,pressure_stop_bid,2026-03-19 00:43:30.158683933+00:00,2026-03-19 00:43:30.408683933+00:00
2026-03-19 00:43:30.363309918+00:00,1039,placed,ask,2193.6,0.12499950431148132,2026-03-19 00:43:30.613309918+00:00,39.78,2026-03-19 00:43:30.363309918+00:00,pending_new,,,
2026-03-19 00:43:30.408683933+00:00,1038,cancelled,bid,2193.3,0.07500049568851869,2026-03-19 00:43:26.002595391+00:00,123.144,2026-03-19 00:43:25.752595391+00:00,cancelled,pressure_stop_bid,2026-03-19 00:43:30.158683933+00:00,2026-03-19 00:43:30.408683933+00:00
2026-03-19 00:43:30.532487519+00:00,1039,cancel_requested,ask,2193.6,0.12499950431148132,2026-03-19 00:43:30.613309918+00:00,39.78,2026-03-19 00:43:30.363309918+00:00,pending_cancel,expected_edge_ask,2026-03-19 00:43:30.532487519+00:00,2026-03-19 00:43:30.782487519+00:00
2026-03-19 00:43:30.532487519+00:00,1040,placed,bid,2193.1,0.07500049568851869,2026-03-19 00:43:30.782487519+00:00,30.118,2026-03-19 00:43:30.532487519+00:00,pending_new,,,
2026-03-19 00:43:30.613291263+00:00,1040,cancel_requested,bid,2193.1,0.07500049568851869,2026-03-19 00:43:30.782487519+00:00,30.118,2026-03-19 00:43:30.532487519+00:00,pending_cancel,pressure_stop_bid,2026-03-19 00:43:30.613291263+00:00,2026-03-19 00:43:30.863291263+00:00
2026-03-19 00:43:30.782487519+00:00,1039,cancelled,ask,2193.6,0.12499950431148132,2026-03-19 00:43:30.613309918+00:00,39.78,2026-03-19 00:43:30.363309918+00:00,cancelled,expected_edge_ask,2026-03-19 00:43:30.532487519+00:00,2026-03-19 00:43:30.782487519+00:00
2026-03-19 00:43:30.863291263+00:00,1040,cancelled,bid,2193.1,0.07500049568851869,2026-03-19 00:43:30.782487519+00:00,30.118,2026-03-19 00:43:30.532487519+00:00,cancelled,pressure_stop_bid,2026-03-19 00:43:30.613291263+00:00,2026-03-19 00:43:30.863291263+00:00
2026-03-19 00:43:30.872614191+00:00,1041,placed,bid,2192.9,0.07500049568851869,2026-03-19 00:43:31.122614191+00:00,60.538,2026-03-19 00:43:30.872614191+00:00,pending_new,,,
2026-03-19 00:43:30.975648926+00:00,1041,cancel_requested,bid,2192.9,0.07500049568851869,2026-03-19 00:43:31.122614191+00:00,60.538,2026-03-19 00:43:30.872614191+00:00,pending_cancel,pressure_stop_bid,2026-03-19 00:43:30.975648926+00:00,2026-03-19 00:43:31.225648926+00:00
2026-03-19 00:43:30.975648926+00:00,1042,placed,ask,2193.4,0.12499950431148132,2026-03-19 00:43:31.225648926+00:00,50.762,2026-03-19 00:43:30.975648926+00:00,pending_new,,,
2026-03-19 00:43:31.025550187+00:00,1042,cancel_requested,ask,2193.4,0.12499950431148132,2026-03-19 00:43:31.225648926+00:00,50.762,2026-03-19 00:43:30.975648926+00:00,pending_cancel,expected_edge_ask,2026-03-19 00:43:31.025550187+00:00,2026-03-19 00:43:31.275550187+00:00
2026-03-19 00:43:31.225648926+00:00,1041,cancelled,bid,2192.9,0.07500049568851869,2026-03-19 00:43:31.122614191+00:00,60.538,2026-03-19 00:43:30.872614191+00:00,cancelled,pressure_stop_bid,2026-03-19 00:43:30.975648926+00:00,2026-03-19 00:43:31.225648926+00:00
2026-03-19 00:43:31.275550187+00:00,1042,cancelled,ask,2193.4,0.12499950431148132,2026-03-19 00:43:31.225648926+00:00,50.762,2026-03-19 00:43:30.975648926+00:00,cancelled,expected_edge_ask,2026-03-19 00:43:31.025550187+00:00,2026-03-19 00:43:31.275550187+00:00
2026-03-19 00:43:31.278020703+00:00,1043,placed,ask,2193.1,0.12499950431148132,2026-03-19 00:43:31.528020703+00:00,52.604,2026-03-19 00:43:31.278020703+00:00,pending_new,,,
2026-03-19 00:43:32.863211339+00:00,1043,cancel_requested,ask,2193.1,0.12499950431148132,2026-03-19 00:43:31.528020703+00:00,52.604,2026-03-19 00:43:31.278020703+00:00,pending_cancel,expected_edge_ask,2026-03-19 00:43:32.863211339+00:00,2026-03-19 00:43:33.113211339+00:00
2026-03-19 00:43:33.113211339+00:00,1043,cancelled,ask,2193.1,0.12499950431148132,2026-03-19 00:43:31.528020703+00:00,52.604,2026-03-19 00:43:31.278020703+00:00,cancelled,expected_edge_ask,2026-03-19 00:43:32.863211339+00:00,2026-03-19 00:43:33.113211339+00:00
2026-03-19 00:43:48.386805492+00:00,1044,placed,bid,2192.3,0.07504925976273519,2026-03-19 00:43:48.636805492+00:00,97.358,2026-03-19 00:43:48.386805492+00:00,pending_new,,,
2026-03-19 00:43:57.236741270+00:00,1044,cancel_requested,bid,2192.3,0.07504925976273519,2026-03-19 00:43:48.636805492+00:00,97.358,2026-03-19 00:43:48.386805492+00:00,pending_cancel,pressure_stop_bid,2026-03-19 00:43:57.236741270+00:00,2026-03-19 00:43:57.486741270+00:00
2026-03-19 00:43:57.486741270+00:00,1044,cancelled,bid,2192.3,0.07504925976273519,2026-03-19 00:43:48.636805492+00:00,97.358,2026-03-19 00:43:48.386805492+00:00,cancelled,pressure_stop_bid,2026-03-19 00:43:57.236741270+00:00,2026-03-19 00:43:57.486741270+00:00
2026-03-19 00:43:57.518650157+00:00,1045,placed,ask,2193.1,0.12495074023726482,2026-03-19 00:43:57.768650157+00:00,70.208,2026-03-19 00:43:57.518650157+00:00,pending_new,,,
2026-03-19 00:43:59.667170769+00:00,1045,cancel_requested,ask,2193.1,0.12495074023726482,2026-03-19 00:43:57.768650157+00:00,70.208,2026-03-19 00:43:57.518650157+00:00,pending_cancel,expected_edge_ask,2026-03-19 00:43:59.667170769+00:00,2026-03-19 00:43:59.917170769+00:00
2026-03-19 00:43:59.917170769+00:00,1045,cancelled,ask,2193.1,0.12495074023726482,2026-03-19 00:43:57.768650157+00:00,70.208,2026-03-19 00:43:57.518650157+00:00,cancelled,expected_edge_ask,2026-03-19 00:43:59.667170769+00:00,2026-03-19 00:43:59.917170769+00:00
2026-03-19 00:44:04.990139356+00:00,1046,placed,bid,2192.6,0.07510489794589092,2026-03-19 00:44:05.240139356+00:00,79.845,2026-03-19 00:44:04.990139356+00:00,pending_new,,,
2026-03-19 00:44:12.685541800+00:00,1046,cancel_requested,bid,2192.6,0.07510489794589092,2026-03-19 00:44:05.240139356+00:00,79.845,2026-03-19 00:44:04.990139356+00:00,pending_cancel,refresh_reprice,2026-03-19 00:44:12.685541800+00:00,2026-03-19 00:44:12.935541800+00:00
2026-03-19 00:44:12.935541800+00:00,1046,cancelled,bid,2192.6,0.07510489794589092,2026-03-19 00:44:05.240139356+00:00,79.845,2026-03-19 00:44:04.990139356+00:00,cancelled,refresh_reprice,2026-03-19 00:44:12.685541800+00:00,2026-03-19 00:44:12.935541800+00:00
2026-03-19 00:44:12.971949898+00:00,1047,placed,bid,2192.8,0.07510489794589092,2026-03-19 00:44:13.221949898+00:00,167.747,2026-03-19 00:44:12.971949898+00:00,pending_new,,,
2026-03-19 00:44:20.755822970+00:00,1047,cancel_requested,bid,2192.8,0.07510489794589092,2026-03-19 00:44:13.221949898+00:00,167.747,2026-03-19 00:44:12.971949898+00:00,pending_cancel,refresh_reprice,2026-03-19 00:44:20.755822970+00:00,2026-03-19 00:44:21.005822970+00:00
2026-03-19 00:44:21.005822970+00:00,1047,cancelled,bid,2192.8,0.07510489794589092,2026-03-19 00:44:13.221949898+00:00,167.747,2026-03-19 00:44:12.971949898+00:00,cancelled,refresh_reprice,2026-03-19 00:44:20.755822970+00:00,2026-03-19 00:44:21.005822970+00:00
2026-03-19 00:44:21.054143039+00:00,1048,placed,bid,2193.0,0.07519599782681367,2026-03-19 00:44:21.304143039+00:00,67.70700000000001,2026-03-19 00:44:21.054143039+00:00,pending_new,,,
2026-03-19 00:44:24.887149710+00:00,1048,cancel_requested,bid,2193.0,0.07519599782681367,2026-03-19 00:44:21.304143039+00:00,67.70700000000001,2026-03-19 00:44:21.054143039+00:00,pending_cancel,pressure_stop_bid,2026-03-19 00:44:24.887149710+00:00,2026-03-19 00:44:25.137149710+00:00
2026-03-19 00:44:25.137149710+00:00,1048,cancelled,bid,2193.0,0.07519599782681367,2026-03-19 00:44:21.304143039+00:00,67.70700000000001,2026-03-19 00:44:21.054143039+00:00,cancelled,pressure_stop_bid,2026-03-19 00:44:24.887149710+00:00,2026-03-19 00:44:25.137149710+00:00
2026-03-19 00:44:25.197800346+00:00,1049,placed,ask,2193.5,0.12480400217318635,2026-03-19 00:44:25.447800346+00:00,83.32,2026-03-19 00:44:25.197800346+00:00,pending_new,,,
2026-03-19 00:44:25.397605723+00:00,1049,cancel_requested,ask,2193.5,0.12480400217318635,2026-03-19 00:44:25.447800346+00:00,83.32,2026-03-19 00:44:25.197800346+00:00,pending_cancel,expected_edge_ask,2026-03-19 00:44:25.397605723+00:00,2026-03-19 00:44:25.647605723+00:00
2026-03-19 00:44:25.647605723+00:00,1049,cancelled,ask,2193.5,0.12480400217318635,2026-03-19 00:44:25.447800346+00:00,83.32,2026-03-19 00:44:25.197800346+00:00,cancelled,expected_edge_ask,2026-03-19 00:44:25.397605723+00:00,2026-03-19 00:44:25.647605723+00:00
2026-03-19 00:44:30.712775945+00:00,1050,placed,bid,2193.1,0.07519599782681367,2026-03-19 00:44:30.962775945+00:00,119.82300000000001,2026-03-19 00:44:30.712775945+00:00,pending_new,,,
2026-03-19 00:44:35.502898029+00:00,1050,cancel_requested,bid,2193.1,0.07519599782681367,2026-03-19 00:44:30.962775945+00:00,119.82300000000001,2026-03-19 00:44:30.712775945+00:00,pending_cancel,refresh_reprice,2026-03-19 00:44:35.502898029+00:00,2026-03-19 00:44:35.752898029+00:00
2026-03-19 00:44:35.752898029+00:00,1050,cancelled,bid,2193.1,0.07519599782681367,2026-03-19 00:44:30.962775945+00:00,119.82300000000001,2026-03-19 00:44:30.712775945+00:00,cancelled,refresh_reprice,2026-03-19 00:44:35.502898029+00:00,2026-03-19 00:44:35.752898029+00:00
2026-03-19 00:44:35.816968361+00:00,1051,placed,bid,2193.3,0.07519599782681367,2026-03-19 00:44:36.066968361+00:00,75.616,2026-03-19 00:44:35.816968361+00:00,pending_new,,,
2026-03-19 00:44:39.032768755+00:00,1051,cancel_requested,bid,2193.3,0.07519599782681367,2026-03-19 00:44:36.066968361+00:00,75.616,2026-03-19 00:44:35.816968361+00:00,pending_cancel,pressure_stop_bid,2026-03-19 00:44:39.032768755+00:00,2026-03-19 00:44:39.282768755+00:00
2026-03-19 00:44:39.282768755+00:00,1051,cancelled,bid,2193.3,0.07519599782681367,2026-03-19 00:44:36.066968361+00:00,75.616,2026-03-19 00:44:35.816968361+00:00,cancelled,pressure_stop_bid,2026-03-19 00:44:39.032768755+00:00,2026-03-19 00:44:39.282768755+00:00
2026-03-19 00:44:49.336053847+00:00,1052,placed,bid,2192.4,0.07534271375981871,2026-03-19 00:44:49.586053847+00:00,87.388,2026-03-19 00:44:49.336053847+00:00,pending_new,,,
2026-03-19 00:44:52.553429324+00:00,1052,cancel_requested,bid,2192.4,0.07534271375981871,2026-03-19 00:44:49.586053847+00:00,87.388,2026-03-19 00:44:49.336053847+00:00,pending_cancel,pressure_stop_bid,2026-03-19 00:44:52.553429324+00:00,2026-03-19 00:44:52.803429324+00:00
2026-03-19 00:44:52.803429324+00:00,1052,cancelled,bid,2192.4,0.07534271375981871,2026-03-19 00:44:49.586053847+00:00,87.388,2026-03-19 00:44:49.336053847+00:00,cancelled,pressure_stop_bid,2026-03-19 00:44:52.553429324+00:00,2026-03-19 00:44:52.803429324+00:00
2026-03-19 00:44:57.876013448+00:00,1053,placed,ask,2192.9,0.12465728624018131,2026-03-19 00:44:58.126013448+00:00,81.83099999999999,2026-03-19 00:44:57.876013448+00:00,pending_new,,,
2026-03-19 00:44:58.207291204+00:00,1053,cancel_requested,ask,2192.9,0.12465728624018131,2026-03-19 00:44:58.126013448+00:00,81.83099999999999,2026-03-19 00:44:57.876013448+00:00,pending_cancel,expected_edge_ask,2026-03-19 00:44:58.207291204+00:00,2026-03-19 00:44:58.457291204+00:00
2026-03-19 00:44:58.457291204+00:00,1053,cancelled,ask,2192.9,0.12465728624018131,2026-03-19 00:44:58.126013448+00:00,81.83099999999999,2026-03-19 00:44:57.876013448+00:00,cancelled,expected_edge_ask,2026-03-19 00:44:58.207291204+00:00,2026-03-19 00:44:58.457291204+00:00
2026-03-19 00:44:58.535533377+00:00,1054,placed,bid,2192.2,0.07534271375981871,2026-03-19 00:44:58.785533377+00:00,63.319,2026-03-19 00:44:58.535533377+00:00,pending_new,,,
2026-03-19 00:44:59.239482788+00:00,1054,cancel_requested,bid,2192.2,0.07534271375981871,2026-03-19 00:44:58.785533377+00:00,63.319,2026-03-19 00:44:58.535533377+00:00,pending_cancel,pressure_stop_bid,2026-03-19 00:44:59.239482788+00:00,2026-03-19 00:44:59.489482788+00:00
2026-03-19 00:44:59.489482788+00:00,1054,cancelled,bid,2192.2,0.07534271375981871,2026-03-19 00:44:58.785533377+00:00,63.319,2026-03-19 00:44:58.535533377+00:00,cancelled,pressure_stop_bid,2026-03-19 00:44:59.239482788+00:00,2026-03-19 00:44:59.489482788+00:00
2026-03-19 00:45:04.546908943+00:00,1055,placed,bid,2192.3,0.07531493032553234,2026-03-19 00:45:04.796908943+00:00,67.05499999999999,2026-03-19 00:45:04.546908943+00:00,pending_new,,,
2026-03-19 00:45:10.280738394+00:00,1055,cancel_requested,bid,2192.3,0.07531493032553234,2026-03-19 00:45:04.796908943+00:00,67.05499999999999,2026-03-19 00:45:04.546908943+00:00,pending_cancel,pressure_stop_bid,2026-03-19 00:45:10.280738394+00:00,2026-03-19 00:45:10.530738394+00:00
2026-03-19 00:45:10.530738394+00:00,1055,cancelled,bid,2192.3,0.07531493032553234,2026-03-19 00:45:04.796908943+00:00,67.05499999999999,2026-03-19 00:45:04.546908943+00:00,cancelled,pressure_stop_bid,2026-03-19 00:45:10.280738394+00:00,2026-03-19 00:45:10.530738394+00:00
2026-03-19 00:45:20.639032850+00:00,1056,placed,bid,2192.1,0.07532729299334817,2026-03-19 00:45:20.889032850+00:00,64.837,2026-03-19 00:45:20.639032850+00:00,pending_new,,,
2026-03-19 00:45:22.987501426+00:00,1056,cancel_requested,bid,2192.1,0.07532729299334817,2026-03-19 00:45:20.889032850+00:00,64.837,2026-03-19 00:45:20.639032850+00:00,pending_cancel,pressure_stop_bid,2026-03-19 00:45:22.987501426+00:00,2026-03-19 00:45:23.237501426+00:00
2026-03-19 00:45:23.237501426+00:00,1056,cancelled,bid,2192.1,0.07532729299334817,2026-03-19 00:45:20.889032850+00:00,64.837,2026-03-19 00:45:20.639032850+00:00,cancelled,pressure_stop_bid,2026-03-19 00:45:22.987501426+00:00,2026-03-19 00:45:23.237501426+00:00
2026-03-19 00:45:28.241214035+00:00,1057,placed,bid,2191.3,0.07532729299334817,2026-03-19 00:45:28.491214035+00:00,185.49200000000002,2026-03-19 00:45:28.241214035+00:00,pending_new,,,
2026-03-19 00:45:31.410207206+00:00,1057,cancel_requested,bid,2191.3,0.07532729299334817,2026-03-19 00:45:28.491214035+00:00,185.49200000000002,2026-03-19 00:45:28.241214035+00:00,pending_cancel,refresh_reprice,2026-03-19 00:45:31.410207206+00:00,2026-03-19 00:45:31.660207206+00:00
2026-03-19 00:45:31.660207206+00:00,1057,cancelled,bid,2191.3,0.07532729299334817,2026-03-19 00:45:28.491214035+00:00,185.49200000000002,2026-03-19 00:45:28.241214035+00:00,cancelled,refresh_reprice,2026-03-19 00:45:31.410207206+00:00,2026-03-19 00:45:31.660207206+00:00
2026-03-19 00:45:31.712166345+00:00,1058,placed,bid,2191.7,0.07532729299334817,2026-03-19 00:45:31.962166345+00:00,178.42700000000002,2026-03-19 00:45:31.712166345+00:00,pending_new,,,
2026-03-19 00:45:31.712166345+00:00,1059,placed,ask,2192.7,0.12467270700665184,2026-03-19 00:45:31.962166345+00:00,71.92699999999999,2026-03-19 00:45:31.712166345+00:00,pending_new,,,
2026-03-19 00:45:33.912341456+00:00,1058,cancel_requested,bid,2191.7,0.07532729299334817,2026-03-19 00:45:31.962166345+00:00,178.42700000000002,2026-03-19 00:45:31.712166345+00:00,pending_cancel,pressure_stop_bid,2026-03-19 00:45:33.912341456+00:00,2026-03-19 00:45:34.162341456+00:00
2026-03-19 00:45:34.162341456+00:00,1058,cancelled,bid,2191.7,0.07532729299334817,2026-03-19 00:45:31.962166345+00:00,178.42700000000002,2026-03-19 00:45:31.712166345+00:00,cancelled,pressure_stop_bid,2026-03-19 00:45:33.912341456+00:00,2026-03-19 00:45:34.162341456+00:00
2026-03-19 00:45:36.723066014+00:00,1059,cancel_requested,ask,2192.7,0.12467270700665184,2026-03-19 00:45:31.962166345+00:00,71.92699999999999,2026-03-19 00:45:31.712166345+00:00,pending_cancel,expected_edge_ask,2026-03-19 00:45:36.723066014+00:00,2026-03-19 00:45:36.973066014+00:00
2026-03-19 00:45:36.723066014+00:00,1060,placed,bid,2192.0,0.07532729299334817,2026-03-19 00:45:36.973066014+00:00,65.244,2026-03-19 00:45:36.723066014+00:00,pending_new,,,
2026-03-19 00:45:36.973066014+00:00,1059,cancelled,ask,2192.7,0.12467270700665184,2026-03-19 00:45:31.962166345+00:00,71.92699999999999,2026-03-19 00:45:31.712166345+00:00,cancelled,expected_edge_ask,2026-03-19 00:45:36.723066014+00:00,2026-03-19 00:45:36.973066014+00:00
2026-03-19 00:45:39.321566380+00:00,1060,cancel_requested,bid,2192.0,0.07532729299334817,2026-03-19 00:45:36.973066014+00:00,65.244,2026-03-19 00:45:36.723066014+00:00,pending_cancel,pressure_stop_bid,2026-03-19 00:45:39.321566380+00:00,2026-03-19 00:45:39.571566380+00:00
2026-03-19 00:45:39.571566380+00:00,1060,cancelled,bid,2192.0,0.07532729299334817,2026-03-19 00:45:36.973066014+00:00,65.244,2026-03-19 00:45:36.723066014+00:00,cancelled,pressure_stop_bid,2026-03-19 00:45:39.321566380+00:00,2026-03-19 00:45:39.571566380+00:00
2026-03-19 00:45:39.635748534+00:00,1061,placed,bid,2192.1,0.07532729299334817,2026-03-19 00:45:39.885748534+00:00,116.724,2026-03-19 00:45:39.635748534+00:00,pending_new,,,
2026-03-19 00:45:39.991342045+00:00,1061,cancel_requested,bid,2192.1,0.07532729299334817,2026-03-19 00:45:39.885748534+00:00,116.724,2026-03-19 00:45:39.635748534+00:00,pending_cancel,pressure_stop_bid,2026-03-19 00:45:39.991342045+00:00,2026-03-19 00:45:40.241342045+00:00
2026-03-19 00:45:40.241342045+00:00,1061,cancelled,bid,2192.1,0.07532729299334817,2026-03-19 00:45:39.885748534+00:00,116.724,2026-03-19 00:45:39.635748534+00:00,cancelled,pressure_stop_bid,2026-03-19 00:45:39.991342045+00:00,2026-03-19 00:45:40.241342045+00:00
2026-03-19 00:45:45.344951751+00:00,1062,placed,bid,2192.3,0.0753970671294372,2026-03-19 00:45:45.594951751+00:00,163.11700000000002,2026-03-19 00:45:45.344951751+00:00,pending_new,,,
2026-03-19 00:45:45.960069254+00:00,1062,cancel_requested,bid,2192.3,0.0753970671294372,2026-03-19 00:45:45.594951751+00:00,163.11700000000002,2026-03-19 00:45:45.344951751+00:00,pending_cancel,pressure_stop_bid,2026-03-19 00:45:45.960069254+00:00,2026-03-19 00:45:46.210069254+00:00
2026-03-19 00:45:46.210069254+00:00,1062,cancelled,bid,2192.3,0.0753970671294372,2026-03-19 00:45:45.594951751+00:00,163.11700000000002,2026-03-19 00:45:45.344951751+00:00,cancelled,pressure_stop_bid,2026-03-19 00:45:45.960069254+00:00,2026-03-19 00:45:46.210069254+00:00
2026-03-19 00:45:51.298857736+00:00,1063,placed,bid,2192.3,0.0753970671294372,2026-03-19 00:45:51.548857736+00:00,141.451,2026-03-19 00:45:51.298857736+00:00,pending_new,,,
2026-03-19 00:45:57.394120947+00:00,1063,cancel_requested,bid,2192.3,0.0753970671294372,2026-03-19 00:45:51.548857736+00:00,141.451,2026-03-19 00:45:51.298857736+00:00,pending_cancel,pressure_stop_bid,2026-03-19 00:45:57.394120947+00:00,2026-03-19 00:45:57.644120947+00:00
2026-03-19 00:45:57.644120947+00:00,1063,cancelled,bid,2192.3,0.0753970671294372,2026-03-19 00:45:51.548857736+00:00,141.451,2026-03-19 00:45:51.298857736+00:00,cancelled,pressure_stop_bid,2026-03-19 00:45:57.394120947+00:00,2026-03-19 00:45:57.644120947+00:00
2026-03-19 00:45:57.648854485+00:00,1064,placed,ask,2192.7,0.12460293287056282,2026-03-19 00:45:57.898854485+00:00,102.642,2026-03-19 00:45:57.648854485+00:00,pending_new,,,
2026-03-19 00:45:57.752609467+00:00,1064,cancel_requested,ask,2192.7,0.12460293287056282,2026-03-19 00:45:57.898854485+00:00,102.642,2026-03-19 00:45:57.648854485+00:00,pending_cancel,expected_edge_ask,2026-03-19 00:45:57.752609467+00:00,2026-03-19 00:45:58.002609467+00:00
2026-03-19 00:45:58.002609467+00:00,1064,cancelled,ask,2192.7,0.12460293287056282,2026-03-19 00:45:57.898854485+00:00,102.642,2026-03-19 00:45:57.648854485+00:00,cancelled,expected_edge_ask,2026-03-19 00:45:57.752609467+00:00,2026-03-19 00:45:58.002609467+00:00
2026-03-19 00:45:58.057768394+00:00,1065,placed,bid,2192.2,0.0753970671294372,2026-03-19 00:45:58.307768394+00:00,70.20599999999999,2026-03-19 00:45:58.057768394+00:00,pending_new,,,
2026-03-19 00:46:03.927379464+00:00,1065,cancel_requested,bid,2192.2,0.0753970671294372,2026-03-19 00:45:58.307768394+00:00,70.20599999999999,2026-03-19 00:45:58.057768394+00:00,pending_cancel,refresh_reprice,2026-03-19 00:46:03.927379464+00:00,2026-03-19 00:46:04.177379464+00:00
2026-03-19 00:46:03.927379464+00:00,1066,placed,ask,2193.4,0.12451434880580069,2026-03-19 00:46:04.177379464+00:00,49.6,2026-03-19 00:46:03.927379464+00:00,pending_new,,,
2026-03-19 00:46:03.967333386+00:00,1066,cancel_requested,ask,2193.4,0.12451434880580069,2026-03-19 00:46:04.177379464+00:00,49.6,2026-03-19 00:46:03.927379464+00:00,pending_cancel,pressure_stop_ask,2026-03-19 00:46:03.967333386+00:00,2026-03-19 00:46:04.217333386+00:00
2026-03-19 00:46:04.177379464+00:00,1065,cancelled,bid,2192.2,0.0753970671294372,2026-03-19 00:45:58.307768394+00:00,70.20599999999999,2026-03-19 00:45:58.057768394+00:00,cancelled,refresh_reprice,2026-03-19 00:46:03.927379464+00:00,2026-03-19 00:46:04.177379464+00:00
2026-03-19 00:46:04.180703696+00:00,1067,placed,bid,2192.4,0.07548565119419932,2026-03-19 00:46:04.430703696+00:00,190.036,2026-03-19 00:46:04.180703696+00:00,pending_new,,,
2026-03-19 00:46:04.217333386+00:00,1066,cancelled,ask,2193.4,0.12451434880580069,2026-03-19 00:46:04.177379464+00:00,49.6,2026-03-19 00:46:03.927379464+00:00,cancelled,pressure_stop_ask,2026-03-19 00:46:03.967333386+00:00,2026-03-19 00:46:04.217333386+00:00
2026-03-19 00:46:04.240282397+00:00,1068,placed,ask,2193.4,0.12451434880580069,2026-03-19 00:46:04.490282397+00:00,79.586,2026-03-19 00:46:04.240282397+00:00,pending_new,,,
2026-03-19 00:46:04.591130401+00:00,1067,cancel_requested,bid,2192.4,0.07548565119419932,2026-03-19 00:46:04.430703696+00:00,190.036,2026-03-19 00:46:04.180703696+00:00,pending_cancel,pressure_stop_bid,2026-03-19 00:46:04.591130401+00:00,2026-03-19 00:46:04.841130401+00:00
2026-03-19 00:46:04.841130401+00:00,1067,cancelled,bid,2192.4,0.07548565119419932,2026-03-19 00:46:04.430703696+00:00,190.036,2026-03-19 00:46:04.180703696+00:00,cancelled,pressure_stop_bid,2026-03-19 00:46:04.591130401+00:00,2026-03-19 00:46:04.841130401+00:00
2026-03-19 00:46:04.897055122+00:00,1068,cancel_requested,ask,2193.4,0.12451434880580069,2026-03-19 00:46:04.490282397+00:00,79.586,2026-03-19 00:46:04.240282397+00:00,pending_cancel,refresh_reprice,2026-03-19 00:46:04.897055122+00:00,2026-03-19 00:46:05.147055122+00:00
2026-03-19 00:46:05.147055122+00:00,1068,cancelled,ask,2193.4,0.12451434880580069,2026-03-19 00:46:04.490282397+00:00,79.586,2026-03-19 00:46:04.240282397+00:00,cancelled,refresh_reprice,2026-03-19 00:46:04.897055122+00:00,2026-03-19 00:46:05.147055122+00:00
2026-03-19 00:46:05.203067063+00:00,1069,placed,ask,2193.2,0.12451434880580069,2026-03-19 00:46:05.453067063+00:00,243.584,2026-03-19 00:46:05.203067063+00:00,pending_new,,,
2026-03-19 00:46:10.967443825+00:00,1069,cancel_requested,ask,2193.2,0.12451434880580069,2026-03-19 00:46:05.453067063+00:00,243.584,2026-03-19 00:46:05.203067063+00:00,pending_cancel,expected_edge_ask,2026-03-19 00:46:10.967443825+00:00,2026-03-19 00:46:11.217443825+00:00
2026-03-19 00:46:10.967443825+00:00,1070,placed,bid,2192.4,0.07548565119419932,2026-03-19 00:46:11.217443825+00:00,66.938,2026-03-19 00:46:10.967443825+00:00,pending_new,,,
2026-03-19 00:46:11.217443825+00:00,1069,cancelled,ask,2193.2,0.12451434880580069,2026-03-19 00:46:05.453067063+00:00,243.584,2026-03-19 00:46:05.203067063+00:00,cancelled,expected_edge_ask,2026-03-19 00:46:10.967443825+00:00,2026-03-19 00:46:11.217443825+00:00
2026-03-19 00:46:11.227183506+00:00,1070,cancel_requested,bid,2192.4,0.07548565119419932,2026-03-19 00:46:11.217443825+00:00,66.938,2026-03-19 00:46:10.967443825+00:00,pending_cancel,pressure_stop_bid,2026-03-19 00:46:11.227183506+00:00,2026-03-19 00:46:11.477183506+00:00
2026-03-19 00:46:11.477183506+00:00,1070,cancelled,bid,2192.4,0.07548565119419932,2026-03-19 00:46:11.217443825+00:00,66.938,2026-03-19 00:46:10.967443825+00:00,cancelled,pressure_stop_bid,2026-03-19 00:46:11.227183506+00:00,2026-03-19 00:46:11.477183506+00:00
2026-03-19 00:46:11.493546386+00:00,1071,placed,ask,2192.9,0.12451434880580069,2026-03-19 00:46:11.743546386+00:00,76.773,2026-03-19 00:46:11.493546386+00:00,pending_new,,,
2026-03-19 00:46:12.920222172+00:00,1071,cancel_requested,ask,2192.9,0.12451434880580069,2026-03-19 00:46:11.743546386+00:00,76.773,2026-03-19 00:46:11.493546386+00:00,pending_cancel,expected_edge_ask,2026-03-19 00:46:12.920222172+00:00,2026-03-19 00:46:13.170222172+00:00
2026-03-19 00:46:13.170222172+00:00,1071,cancelled,ask,2192.9,0.12451434880580069,2026-03-19 00:46:11.743546386+00:00,76.773,2026-03-19 00:46:11.493546386+00:00,cancelled,expected_edge_ask,2026-03-19 00:46:12.920222172+00:00,2026-03-19 00:46:13.170222172+00:00
2026-03-19 00:46:23.344916952+00:00,1072,placed,bid,2192.4,0.07560159346647806,2026-03-19 00:46:23.594916952+00:00,129.981,2026-03-19 00:46:23.344916952+00:00,pending_new,,,
2026-03-19 00:46:25.308919404+00:00,1072,cancel_requested,bid,2192.4,0.07560159346647806,2026-03-19 00:46:23.594916952+00:00,129.981,2026-03-19 00:46:23.344916952+00:00,pending_cancel,refresh_reprice,2026-03-19 00:46:25.308919404+00:00,2026-03-19 00:46:25.558919404+00:00
2026-03-19 00:46:25.558919404+00:00,1072,cancelled,bid,2192.4,0.07560159346647806,2026-03-19 00:46:23.594916952+00:00,129.981,2026-03-19 00:46:23.344916952+00:00,cancelled,refresh_reprice,2026-03-19 00:46:25.308919404+00:00,2026-03-19 00:46:25.558919404+00:00
2026-03-19 00:46:25.673657780+00:00,1073,placed,bid,2192.9,0.07560159346647806,2026-03-19 00:46:25.923657780+00:00,116.0,2026-03-19 00:46:25.673657780+00:00,pending_new,,,
2026-03-19 00:46:35.673657780+00:00,1073,cancel_requested,bid,2192.9,0.07560159346647806,2026-03-19 00:46:25.923657780+00:00,116.0,2026-03-19 00:46:25.673657780+00:00,pending_cancel,quote_age_expired,2026-03-19 00:46:35.673657780+00:00,2026-03-19 00:46:35.923657780+00:00
2026-03-19 00:46:35.923657780+00:00,1073,cancelled,bid,2192.9,0.07560159346647806,2026-03-19 00:46:25.923657780+00:00,116.0,2026-03-19 00:46:25.673657780+00:00,cancelled,quote_age_expired,2026-03-19 00:46:35.673657780+00:00,2026-03-19 00:46:35.923657780+00:00
2026-03-19 00:46:35.923675337+00:00,1074,placed,bid,2193.1,0.07560159346647806,2026-03-19 00:46:36.173675337+00:00,185.661,2026-03-19 00:46:35.923675337+00:00,pending_new,,,
2026-03-19 00:46:37.262043044+00:00,1074,cancel_requested,bid,2193.1,0.07560159346647806,2026-03-19 00:46:36.173675337+00:00,185.661,2026-03-19 00:46:35.923675337+00:00,pending_cancel,refresh_reprice,2026-03-19 00:46:37.262043044+00:00,2026-03-19 00:46:37.512043044+00:00
2026-03-19 00:46:37.512043044+00:00,1074,cancelled,bid,2193.1,0.07560159346647806,2026-03-19 00:46:36.173675337+00:00,185.661,2026-03-19 00:46:35.923675337+00:00,cancelled,refresh_reprice,2026-03-19 00:46:37.262043044+00:00,2026-03-19 00:46:37.512043044+00:00
2026-03-19 00:46:37.555251362+00:00,1075,placed,bid,2193.3,0.07560159346647806,2026-03-19 00:46:37.805251362+00:00,123.094,2026-03-19 00:46:37.555251362+00:00,pending_new,,,
2026-03-19 00:46:42.109589810+00:00,1075,cancel_requested,bid,2193.3,0.07560159346647806,2026-03-19 00:46:37.805251362+00:00,123.094,2026-03-19 00:46:37.555251362+00:00,pending_cancel,refresh_reprice,2026-03-19 00:46:42.109589810+00:00,2026-03-19 00:46:42.359589810+00:00
2026-03-19 00:46:42.359589810+00:00,1075,cancelled,bid,2193.3,0.07560159346647806,2026-03-19 00:46:37.805251362+00:00,123.094,2026-03-19 00:46:37.555251362+00:00,cancelled,refresh_reprice,2026-03-19 00:46:42.109589810+00:00,2026-03-19 00:46:42.359589810+00:00
2026-03-19 00:46:42.416889462+00:00,1076,placed,bid,2193.7,0.07576127512795842,2026-03-19 00:46:42.666889462+00:00,126.961,2026-03-19 00:46:42.416889462+00:00,pending_new,,,
2026-03-19 00:46:42.824694413+00:00,1076,cancel_requested,bid,2193.7,0.07576127512795842,2026-03-19 00:46:42.666889462+00:00,126.961,2026-03-19 00:46:42.416889462+00:00,pending_cancel,pressure_stop_bid,2026-03-19 00:46:42.824694413+00:00,2026-03-19 00:46:43.074694413+00:00
2026-03-19 00:46:43.074694413+00:00,1076,cancelled,bid,2193.7,0.07576127512795842,2026-03-19 00:46:42.666889462+00:00,126.961,2026-03-19 00:46:42.416889462+00:00,cancelled,pressure_stop_bid,2026-03-19 00:46:42.824694413+00:00,2026-03-19 00:46:43.074694413+00:00
2026-03-19 00:46:48.127571085+00:00,1077,placed,ask,2193.0,0.12423872487204157,2026-03-19 00:46:48.377571085+00:00,147.863,2026-03-19 00:46:48.127571085+00:00,pending_new,,,
2026-03-19 00:46:48.332528245+00:00,1077,cancel_requested,ask,2193.0,0.12423872487204157,2026-03-19 00:46:48.377571085+00:00,147.863,2026-03-19 00:46:48.127571085+00:00,pending_cancel,pressure_stop_ask,2026-03-19 00:46:48.332528245+00:00,2026-03-19 00:46:48.582528245+00:00
2026-03-19 00:46:48.332528245+00:00,1078,placed,bid,2191.5,0.07576127512795842,2026-03-19 00:46:48.582528245+00:00,176.643,2026-03-19 00:46:48.332528245+00:00,pending_new,,,
2026-03-19 00:46:48.582528245+00:00,1077,cancelled,ask,2193.0,0.12423872487204157,2026-03-19 00:46:48.377571085+00:00,147.863,2026-03-19 00:46:48.127571085+00:00,cancelled,pressure_stop_ask,2026-03-19 00:46:48.332528245+00:00,2026-03-19 00:46:48.582528245+00:00
2026-03-19 00:46:48.640258551+00:00,1079,placed,ask,2193.2,0.12423872487204157,2026-03-19 00:46:48.890258551+00:00,211.235,2026-03-19 00:46:48.640258551+00:00,pending_new,,,
2026-03-19 00:46:48.838354130+00:00,1079,cancel_requested,ask,2193.2,0.12423872487204157,2026-03-19 00:46:48.890258551+00:00,211.235,2026-03-19 00:46:48.640258551+00:00,pending_cancel,pressure_stop_ask,2026-03-19 00:46:48.838354130+00:00,2026-03-19 00:46:49.088354130+00:00
2026-03-19 00:46:49.088354130+00:00,1079,cancelled,ask,2193.2,0.12423872487204157,2026-03-19 00:46:48.890258551+00:00,211.235,2026-03-19 00:46:48.640258551+00:00,cancelled,pressure_stop_ask,2026-03-19 00:46:48.838354130+00:00,2026-03-19 00:46:49.088354130+00:00
2026-03-19 00:46:58.332528245+00:00,1078,cancel_requested,bid,2191.5,0.07576127512795842,2026-03-19 00:46:48.582528245+00:00,176.643,2026-03-19 00:46:48.332528245+00:00,pending_cancel,quote_age_expired,2026-03-19 00:46:58.332528245+00:00,2026-03-19 00:46:58.582528245+00:00
2026-03-19 00:46:58.335806291+00:00,1080,placed,ask,2193.1,0.12423872487204157,2026-03-19 00:46:58.585806291+00:00,98.662,2026-03-19 00:46:58.335806291+00:00,pending_new,,,
2026-03-19 00:46:58.582528245+00:00,1078,cancelled,bid,2191.5,0.07576127512795842,2026-03-19 00:46:48.582528245+00:00,176.643,2026-03-19 00:46:48.332528245+00:00,cancelled,quote_age_expired,2026-03-19 00:46:58.332528245+00:00,2026-03-19 00:46:58.582528245+00:00
2026-03-19 00:46:58.635447411+00:00,1081,placed,bid,2191.6,0.07576127512795842,2026-03-19 00:46:58.885447411+00:00,235.134,2026-03-19 00:46:58.635447411+00:00,pending_new,,,
2026-03-19 00:47:02.829019189+00:00,1080,cancel_requested,ask,2193.1,0.12423872487204157,2026-03-19 00:46:58.585806291+00:00,98.662,2026-03-19 00:46:58.335806291+00:00,pending_cancel,pressure_stop_ask,2026-03-19 00:47:02.829019189+00:00,2026-03-19 00:47:03.079019189+00:00
2026-03-19 00:47:02.829019189+00:00,1081,resized,bid,2191.6,0.07575447314602941,2026-03-19 00:46:58.885447411+00:00,235.134,,,preserve_queue_priority,,
2026-03-19 00:47:03.079019189+00:00,1080,cancelled,ask,2193.1,0.12423872487204157,2026-03-19 00:46:58.585806291+00:00,98.662,2026-03-19 00:46:58.335806291+00:00,cancelled,pressure_stop_ask,2026-03-19 00:47:02.829019189+00:00,2026-03-19 00:47:03.079019189+00:00
2026-03-19 00:47:03.134841312+00:00,1081,cancel_requested,bid,2191.6,0.07575447314602941,2026-03-19 00:46:58.885447411+00:00,235.134,2026-03-19 00:46:58.635447411+00:00,pending_cancel,refresh_reprice,2026-03-19 00:47:03.134841312+00:00,2026-03-19 00:47:03.384841312+00:00
2026-03-19 00:47:03.384841312+00:00,1081,cancelled,bid,2191.6,0.07575447314602941,2026-03-19 00:46:58.885447411+00:00,235.134,2026-03-19 00:46:58.635447411+00:00,cancelled,refresh_reprice,2026-03-19 00:47:03.134841312+00:00,2026-03-19 00:47:03.384841312+00:00
2026-03-19 00:47:03.440344293+00:00,1082,placed,bid,2191.9,0.07575447314602941,2026-03-19 00:47:03.690344293+00:00,282.26200000000006,2026-03-19 00:47:03.440344293+00:00,pending_new,,,
2026-03-19 00:47:03.844021808+00:00,1082,cancel_requested,bid,2191.9,0.07575447314602941,2026-03-19 00:47:03.690344293+00:00,282.26200000000006,2026-03-19 00:47:03.440344293+00:00,pending_cancel,pressure_stop_bid,2026-03-19 00:47:03.844021808+00:00,2026-03-19 00:47:04.094021808+00:00
2026-03-19 00:47:03.844021808+00:00,1083,placed,ask,2193.5,0.1242455268539706,2026-03-19 00:47:04.094021808+00:00,243.60199999999998,2026-03-19 00:47:03.844021808+00:00,pending_new,,,
2026-03-19 00:47:03.950584399+00:00,1083,cancel_requested,ask,2193.5,0.1242455268539706,2026-03-19 00:47:04.094021808+00:00,243.60199999999998,2026-03-19 00:47:03.844021808+00:00,pending_cancel,refresh_reprice,2026-03-19 00:47:03.950584399+00:00,2026-03-19 00:47:04.200584399+00:00
2026-03-19 00:47:04.094021808+00:00,1082,cancelled,bid,2191.9,0.07575447314602941,2026-03-19 00:47:03.690344293+00:00,282.26200000000006,2026-03-19 00:47:03.440344293+00:00,cancelled,pressure_stop_bid,2026-03-19 00:47:03.844021808+00:00,2026-03-19 00:47:04.094021808+00:00
2026-03-19 00:47:04.200584399+00:00,1083,cancelled,ask,2193.5,0.1242455268539706,2026-03-19 00:47:04.094021808+00:00,243.60199999999998,2026-03-19 00:47:03.844021808+00:00,cancelled,refresh_reprice,2026-03-19 00:47:03.950584399+00:00,2026-03-19 00:47:04.200584399+00:00
2026-03-19 00:47:04.239391965+00:00,1084,placed,ask,2193.2,0.1242455268539706,2026-03-19 00:47:04.489391965+00:00,127.227,2026-03-19 00:47:04.239391965+00:00,pending_new,,,
2026-03-19 00:47:07.318817156+00:00,1084,cancel_requested,ask,2193.2,0.1242455268539706,2026-03-19 00:47:04.489391965+00:00,127.227,2026-03-19 00:47:04.239391965+00:00,pending_cancel,expected_edge_ask,2026-03-19 00:47:07.318817156+00:00,2026-03-19 00:47:07.568817156+00:00
2026-03-19 00:47:07.318817156+00:00,1085,placed,bid,2192.3,0.07575447314602941,2026-03-19 00:47:07.568817156+00:00,166.791,2026-03-19 00:47:07.318817156+00:00,pending_new,,,
2026-03-19 00:47:07.568817156+00:00,1084,cancelled,ask,2193.2,0.1242455268539706,2026-03-19 00:47:04.489391965+00:00,127.227,2026-03-19 00:47:04.239391965+00:00,cancelled,expected_edge_ask,2026-03-19 00:47:07.318817156+00:00,2026-03-19 00:47:07.568817156+00:00
2026-03-19 00:47:15.840521979+00:00,1085,cancel_requested,bid,2192.3,0.07575447314602941,2026-03-19 00:47:07.568817156+00:00,166.791,2026-03-19 00:47:07.318817156+00:00,pending_cancel,pressure_stop_bid,2026-03-19 00:47:15.840521979+00:00,2026-03-19 00:47:16.090521979+00:00
2026-03-19 00:47:15.840521979+00:00,1086,placed,ask,2193.2,0.1242455268539706,2026-03-19 00:47:16.090521979+00:00,140.419,2026-03-19 00:47:15.840521979+00:00,pending_new,,,
2026-03-19 00:47:16.090521979+00:00,1085,cancelled,bid,2192.3,0.07575447314602941,2026-03-19 00:47:07.568817156+00:00,166.791,2026-03-19 00:47:07.318817156+00:00,cancelled,pressure_stop_bid,2026-03-19 00:47:15.840521979+00:00,2026-03-19 00:47:16.090521979+00:00
2026-03-19 00:47:19.517534345+00:00,1087,placed,bid,2192.1,0.07575447314602941,2026-03-19 00:47:19.767534345+00:00,148.703,2026-03-19 00:47:19.517534345+00:00,pending_new,,,
2026-03-19 00:47:19.517534345+00:00,1086,cancel_requested,ask,2193.2,0.1242455268539706,2026-03-19 00:47:16.090521979+00:00,140.419,2026-03-19 00:47:15.840521979+00:00,pending_cancel,refresh_reprice,2026-03-19 00:47:19.517534345+00:00,2026-03-19 00:47:19.767534345+00:00
2026-03-19 00:47:19.569593025+00:00,1087,cancel_requested,bid,2192.1,0.07575447314602941,2026-03-19 00:47:19.767534345+00:00,148.703,2026-03-19 00:47:19.517534345+00:00,pending_cancel,pressure_stop_bid,2026-03-19 00:47:19.569593025+00:00,2026-03-19 00:47:19.819593025+00:00
2026-03-19 00:47:19.767534345+00:00,1086,cancelled,ask,2193.2,0.1242455268539706,2026-03-19 00:47:16.090521979+00:00,140.419,2026-03-19 00:47:15.840521979+00:00,cancelled,refresh_reprice,2026-03-19 00:47:19.517534345+00:00,2026-03-19 00:47:19.767534345+00:00
2026-03-19 00:47:19.776592619+00:00,1088,placed,ask,2192.7,0.1242455268539706,2026-03-19 00:47:20.026592619+00:00,71.68100000000001,2026-03-19 00:47:19.776592619+00:00,pending_new,,,
2026-03-19 00:47:19.819593025+00:00,1087,cancelled,bid,2192.1,0.07575447314602941,2026-03-19 00:47:19.767534345+00:00,148.703,2026-03-19 00:47:19.517534345+00:00,cancelled,pressure_stop_bid,2026-03-19 00:47:19.569593025+00:00,2026-03-19 00:47:19.819593025+00:00
2026-03-19 00:47:24.876517040+00:00,1089,placed,bid,2191.8,0.07593244078298213,2026-03-19 00:47:25.126517040+00:00,194.171,2026-03-19 00:47:24.876517040+00:00,pending_new,,,
2026-03-19 00:47:24.876517040+00:00,1088,resized,ask,2192.7,0.12406755921701787,2026-03-19 00:47:20.026592619+00:00,71.68100000000001,,,preserve_queue_priority,,
2026-03-19 00:47:27.267964620+00:00,1088,cancel_requested,ask,2192.7,0.12406755921701787,2026-03-19 00:47:20.026592619+00:00,71.68100000000001,2026-03-19 00:47:19.776592619+00:00,pending_cancel,expected_edge_ask,2026-03-19 00:47:27.267964620+00:00,2026-03-19 00:47:27.517964620+00:00
2026-03-19 00:47:27.517964620+00:00,1088,cancelled,ask,2192.7,0.12406755921701787,2026-03-19 00:47:20.026592619+00:00,71.68100000000001,2026-03-19 00:47:19.776592619+00:00,cancelled,expected_edge_ask,2026-03-19 00:47:27.267964620+00:00,2026-03-19 00:47:27.517964620+00:00
2026-03-19 00:47:27.582132187+00:00,1090,placed,ask,2192.8,0.12406755921701787,2026-03-19 00:47:27.832132187+00:00,82.363,2026-03-19 00:47:27.582132187+00:00,pending_new,,,
2026-03-19 00:47:29.161853993+00:00,1090,cancel_requested,ask,2192.8,0.12406755921701787,2026-03-19 00:47:27.832132187+00:00,82.363,2026-03-19 00:47:27.582132187+00:00,pending_cancel,expected_edge_ask,2026-03-19 00:47:29.161853993+00:00,2026-03-19 00:47:29.411853993+00:00
2026-03-19 00:47:29.411853993+00:00,1090,cancelled,ask,2192.8,0.12406755921701787,2026-03-19 00:47:27.832132187+00:00,82.363,2026-03-19 00:47:27.582132187+00:00,cancelled,expected_edge_ask,2026-03-19 00:47:29.161853993+00:00,2026-03-19 00:47:29.411853993+00:00
2026-03-19 00:47:34.635276466+00:00,1091,placed,ask,2192.8,0.12406755921701787,2026-03-19 00:47:34.885276466+00:00,86.849,2026-03-19 00:47:34.635276466+00:00,pending_new,,,
2026-03-19 00:47:34.876517040+00:00,1089,cancel_requested,bid,2191.8,0.07593244078298213,2026-03-19 00:47:25.126517040+00:00,194.171,2026-03-19 00:47:24.876517040+00:00,pending_cancel,quote_age_expired,2026-03-19 00:47:34.876517040+00:00,2026-03-19 00:47:35.126517040+00:00
2026-03-19 00:47:35.126517040+00:00,1089,cancelled,bid,2191.8,0.07593244078298213,2026-03-19 00:47:25.126517040+00:00,194.171,2026-03-19 00:47:24.876517040+00:00,cancelled,quote_age_expired,2026-03-19 00:47:34.876517040+00:00,2026-03-19 00:47:35.126517040+00:00
2026-03-19 00:47:35.236274024+00:00,1092,placed,bid,2191.9,0.07593244078298213,2026-03-19 00:47:35.486274024+00:00,199.228,2026-03-19 00:47:35.236274024+00:00,pending_new,,,
2026-03-19 00:47:36.863631826+00:00,1091,cancel_requested,ask,2192.8,0.12406755921701787,2026-03-19 00:47:34.885276466+00:00,86.849,2026-03-19 00:47:34.635276466+00:00,pending_cancel,pressure_stop_ask,2026-03-19 00:47:36.863631826+00:00,2026-03-19 00:47:37.113631826+00:00
2026-03-19 00:47:37.113631826+00:00,1091,cancelled,ask,2192.8,0.12406755921701787,2026-03-19 00:47:34.885276466+00:00,86.849,2026-03-19 00:47:34.635276466+00:00,cancelled,pressure_stop_ask,2026-03-19 00:47:36.863631826+00:00,2026-03-19 00:47:37.113631826+00:00
2026-03-19 00:47:37.587554134+00:00,1092,cancel_requested,bid,2191.9,0.07593244078298213,2026-03-19 00:47:35.486274024+00:00,199.228,2026-03-19 00:47:35.236274024+00:00,pending_cancel,pressure_stop_bid,2026-03-19 00:47:37.587554134+00:00,2026-03-19 00:47:37.837554134+00:00
2026-03-19 00:47:37.587554134+00:00,1093,placed,ask,2192.9,0.12406755921701787,2026-03-19 00:47:37.837554134+00:00,38.94200000000001,2026-03-19 00:47:37.587554134+00:00,pending_new,,,
2026-03-19 00:47:37.689079337+00:00,1093,cancel_requested,ask,2192.9,0.12406755921701787,2026-03-19 00:47:37.837554134+00:00,38.94200000000001,2026-03-19 00:47:37.587554134+00:00,pending_cancel,pressure_stop_ask,2026-03-19 00:47:37.689079337+00:00,2026-03-19 00:47:37.939079337+00:00
2026-03-19 00:47:37.837554134+00:00,1092,cancelled,bid,2191.9,0.07593244078298213,2026-03-19 00:47:35.486274024+00:00,199.228,2026-03-19 00:47:35.236274024+00:00,cancelled,pressure_stop_bid,2026-03-19 00:47:37.587554134+00:00,2026-03-19 00:47:37.837554134+00:00
2026-03-19 00:47:37.841072519+00:00,1094,placed,bid,2192.4,0.07593244078298213,2026-03-19 00:47:38.091072519+00:00,184.883,2026-03-19 00:47:37.841072519+00:00,pending_new,,,
2026-03-19 00:47:37.939079337+00:00,1093,cancelled,ask,2192.9,0.12406755921701787,2026-03-19 00:47:37.837554134+00:00,38.94200000000001,2026-03-19 00:47:37.587554134+00:00,cancelled,pressure_stop_ask,2026-03-19 00:47:37.689079337+00:00,2026-03-19 00:47:37.939079337+00:00
2026-03-19 00:47:47.841072519+00:00,1094,cancel_requested,bid,2192.4,0.07593244078298213,2026-03-19 00:47:38.091072519+00:00,184.883,2026-03-19 00:47:37.841072519+00:00,pending_cancel,quote_age_expired,2026-03-19 00:47:47.841072519+00:00,2026-03-19 00:47:48.091072519+00:00
2026-03-19 00:47:48.091072519+00:00,1094,cancelled,bid,2192.4,0.07593244078298213,2026-03-19 00:47:38.091072519+00:00,184.883,2026-03-19 00:47:37.841072519+00:00,cancelled,quote_age_expired,2026-03-19 00:47:47.841072519+00:00,2026-03-19 00:47:48.091072519+00:00
2026-03-19 00:47:48.104414160+00:00,1095,placed,bid,2192.6,0.07607084511195106,2026-03-19 00:47:48.354414160+00:00,184.536,2026-03-19 00:47:48.104414160+00:00,pending_new,,,
2026-03-19 00:47:50.499440991+00:00,1095,cancel_requested,bid,2192.6,0.07607084511195106,2026-03-19 00:47:48.354414160+00:00,184.536,2026-03-19 00:47:48.104414160+00:00,pending_cancel,refresh_reprice,2026-03-19 00:47:50.499440991+00:00,2026-03-19 00:47:50.749440991+00:00
2026-03-19 00:47:50.749440991+00:00,1095,cancelled,bid,2192.6,0.07607084511195106,2026-03-19 00:47:48.354414160+00:00,184.536,2026-03-19 00:47:48.104414160+00:00,cancelled,refresh_reprice,2026-03-19 00:47:50.499440991+00:00,2026-03-19 00:47:50.749440991+00:00
2026-03-19 00:47:50.752334604+00:00,1096,placed,bid,2193.0,0.07607084511195106,2026-03-19 00:47:51.002334604+00:00,41.830999999999996,2026-03-19 00:47:50.752334604+00:00,pending_new,,,
2026-03-19 00:47:51.417657446+00:00,1096,cancel_requested,bid,2193.0,0.07607084511195106,2026-03-19 00:47:51.002334604+00:00,41.830999999999996,2026-03-19 00:47:50.752334604+00:00,pending_cancel,refresh_reprice,2026-03-19 00:47:51.417657446+00:00,2026-03-19 00:47:51.667657446+00:00
2026-03-19 00:47:51.667657446+00:00,1096,cancelled,bid,2193.0,0.07607084511195106,2026-03-19 00:47:51.002334604+00:00,41.830999999999996,2026-03-19 00:47:50.752334604+00:00,cancelled,refresh_reprice,2026-03-19 00:47:51.417657446+00:00,2026-03-19 00:47:51.667657446+00:00
2026-03-19 00:47:51.668094978+00:00,1097,placed,bid,2193.3,0.07607084511195106,2026-03-19 00:47:51.918094978+00:00,152.81600000000003,2026-03-19 00:47:51.668094978+00:00,pending_new,,,
2026-03-19 00:47:53.511510871+00:00,1097,cancel_requested,bid,2193.3,0.07607084511195106,2026-03-19 00:47:51.918094978+00:00,152.81600000000003,2026-03-19 00:47:51.668094978+00:00,pending_cancel,refresh_reprice,2026-03-19 00:47:53.511510871+00:00,2026-03-19 00:47:53.761510871+00:00
2026-03-19 00:47:53.511510871+00:00,1098,placed,ask,2194.3,0.12392915488804895,2026-03-19 00:47:53.761510871+00:00,74.053,2026-03-19 00:47:53.511510871+00:00,pending_new,,,
2026-03-19 00:47:53.562443393+00:00,1098,cancel_requested,ask,2194.3,0.12392915488804895,2026-03-19 00:47:53.761510871+00:00,74.053,2026-03-19 00:47:53.511510871+00:00,pending_cancel,expected_edge_ask,2026-03-19 00:47:53.562443393+00:00,2026-03-19 00:47:53.812443393+00:00
2026-03-19 00:47:53.761510871+00:00,1097,cancelled,bid,2193.3,0.07607084511195106,2026-03-19 00:47:51.918094978+00:00,152.81600000000003,2026-03-19 00:47:51.668094978+00:00,cancelled,refresh_reprice,2026-03-19 00:47:53.511510871+00:00,2026-03-19 00:47:53.761510871+00:00
2026-03-19 00:47:53.812443393+00:00,1098,cancelled,ask,2194.3,0.12392915488804895,2026-03-19 00:47:53.761510871+00:00,74.053,2026-03-19 00:47:53.511510871+00:00,cancelled,expected_edge_ask,2026-03-19 00:47:53.562443393+00:00,2026-03-19 00:47:53.812443393+00:00
2026-03-19 00:47:53.818002939+00:00,1099,placed,bid,2193.8,0.07607084511195106,2026-03-19 00:47:54.068002939+00:00,147.969,2026-03-19 00:47:53.818002939+00:00,pending_new,,,
2026-03-19 00:47:54.883888906+00:00,1099,cancel_requested,bid,2193.8,0.07607084511195106,2026-03-19 00:47:54.068002939+00:00,147.969,2026-03-19 00:47:53.818002939+00:00,pending_cancel,refresh_reprice,2026-03-19 00:47:54.883888906+00:00,2026-03-19 00:47:55.133888906+00:00
2026-03-19 00:47:55.133888906+00:00,1099,cancelled,bid,2193.8,0.07607084511195106,2026-03-19 00:47:54.068002939+00:00,147.969,2026-03-19 00:47:53.818002939+00:00,cancelled,refresh_reprice,2026-03-19 00:47:54.883888906+00:00,2026-03-19 00:47:55.133888906+00:00
2026-03-19 00:47:55.142781807+00:00,1100,placed,bid,2194.2,0.07607084511195106,2026-03-19 00:47:55.392781807+00:00,53.519000000000005,2026-03-19 00:47:55.142781807+00:00,pending_new,,,
2026-03-19 00:47:58.354053145+00:00,1100,cancel_requested,bid,2194.2,0.07607084511195106,2026-03-19 00:47:55.392781807+00:00,53.519000000000005,2026-03-19 00:47:55.142781807+00:00,pending_cancel,refresh_reprice,2026-03-19 00:47:58.354053145+00:00,2026-03-19 00:47:58.604053145+00:00
2026-03-19 00:47:58.604053145+00:00,1100,cancelled,bid,2194.2,0.07607084511195106,2026-03-19 00:47:55.392781807+00:00,53.519000000000005,2026-03-19 00:47:55.142781807+00:00,cancelled,refresh_reprice,2026-03-19 00:47:58.354053145+00:00,2026-03-19 00:47:58.604053145+00:00
2026-03-19 00:47:58.615329246+00:00,1101,placed,bid,2194.4,0.07607084511195106,2026-03-19 00:47:58.865329246+00:00,76.902,2026-03-19 00:47:58.615329246+00:00,pending_new,,,
2026-03-19 00:48:00.911611994+00:00,1101,cancel_requested,bid,2194.4,0.07607084511195106,2026-03-19 00:47:58.865329246+00:00,76.902,2026-03-19 00:47:58.615329246+00:00,pending_cancel,refresh_reprice,2026-03-19 00:48:00.911611994+00:00,2026-03-19 00:48:01.161611994+00:00
2026-03-19 00:48:01.161611994+00:00,1101,cancelled,bid,2194.4,0.07607084511195106,2026-03-19 00:47:58.865329246+00:00,76.902,2026-03-19 00:47:58.615329246+00:00,cancelled,refresh_reprice,2026-03-19 00:48:00.911611994+00:00,2026-03-19 00:48:01.161611994+00:00
2026-03-19 00:48:01.162616128+00:00,1102,placed,bid,2194.9,0.07639018425579709,2026-03-19 00:48:01.412616128+00:00,108.32600000000001,2026-03-19 00:48:01.162616128+00:00,pending_new,,,
2026-03-19 00:48:02.954559126+00:00,1102,cancel_requested,bid,2194.9,0.07639018425579709,2026-03-19 00:48:01.412616128+00:00,108.32600000000001,2026-03-19 00:48:01.162616128+00:00,pending_cancel,refresh_reprice,2026-03-19 00:48:02.954559126+00:00,2026-03-19 00:48:03.204559126+00:00
2026-03-19 00:48:03.204559126+00:00,1102,cancelled,bid,2194.9,0.07639018425579709,2026-03-19 00:48:01.412616128+00:00,108.32600000000001,2026-03-19 00:48:01.162616128+00:00,cancelled,refresh_reprice,2026-03-19 00:48:02.954559126+00:00,2026-03-19 00:48:03.204559126+00:00
2026-03-19 00:48:03.240884671+00:00,1103,placed,ask,2196.0,0.12360981574420292,2026-03-19 00:48:03.490884671+00:00,119.102,2026-03-19 00:48:03.240884671+00:00,pending_new,,,
2026-03-19 00:48:03.885759851+00:00,1103,cancel_requested,ask,2196.0,0.12360981574420292,2026-03-19 00:48:03.490884671+00:00,119.102,2026-03-19 00:48:03.240884671+00:00,pending_cancel,expected_edge_ask,2026-03-19 00:48:03.885759851+00:00,2026-03-19 00:48:04.135759851+00:00
2026-03-19 00:48:03.885759851+00:00,1104,placed,bid,2195.3,0.07639018425579709,2026-03-19 00:48:04.135759851+00:00,65.23400000000001,2026-03-19 00:48:03.885759851+00:00,pending_new,,,
2026-03-19 00:48:04.135759851+00:00,1103,cancelled,ask,2196.0,0.12360981574420292,2026-03-19 00:48:03.490884671+00:00,119.102,2026-03-19 00:48:03.240884671+00:00,cancelled,expected_edge_ask,2026-03-19 00:48:03.885759851+00:00,2026-03-19 00:48:04.135759851+00:00
2026-03-19 00:48:06.622975977+00:00,1104,cancel_requested,bid,2195.3,0.07639018425579709,2026-03-19 00:48:04.135759851+00:00,65.23400000000001,2026-03-19 00:48:03.885759851+00:00,pending_cancel,pressure_stop_bid,2026-03-19 00:48:06.622975977+00:00,2026-03-19 00:48:06.872975977+00:00
2026-03-19 00:48:06.622975977+00:00,1105,placed,ask,2196.0,0.12360981574420292,2026-03-19 00:48:06.872975977+00:00,105.358,2026-03-19 00:48:06.622975977+00:00,pending_new,,,
2026-03-19 00:48:06.872975977+00:00,1104,cancelled,bid,2195.3,0.07639018425579709,2026-03-19 00:48:04.135759851+00:00,65.23400000000001,2026-03-19 00:48:03.885759851+00:00,cancelled,pressure_stop_bid,2026-03-19 00:48:06.622975977+00:00,2026-03-19 00:48:06.872975977+00:00
2026-03-19 00:48:08.211316821+00:00,1105,cancel_requested,ask,2196.0,0.12360981574420292,2026-03-19 00:48:06.872975977+00:00,105.358,2026-03-19 00:48:06.622975977+00:00,pending_cancel,refresh_reprice,2026-03-19 00:48:08.211316821+00:00,2026-03-19 00:48:08.461316821+00:00
2026-03-19 00:48:08.461316821+00:00,1105,cancelled,ask,2196.0,0.12360981574420292,2026-03-19 00:48:06.872975977+00:00,105.358,2026-03-19 00:48:06.622975977+00:00,cancelled,refresh_reprice,2026-03-19 00:48:08.211316821+00:00,2026-03-19 00:48:08.461316821+00:00
2026-03-19 00:48:08.517615797+00:00,1106,placed,ask,2195.6,0.12360981574420292,2026-03-19 00:48:08.767615797+00:00,82.33,2026-03-19 00:48:08.517615797+00:00,pending_new,,,
2026-03-19 00:48:13.161054387+00:00,1106,cancel_requested,ask,2195.6,0.12360981574420292,2026-03-19 00:48:08.767615797+00:00,82.33,2026-03-19 00:48:08.517615797+00:00,pending_cancel,refresh_reprice,2026-03-19 00:48:13.161054387+00:00,2026-03-19 00:48:13.411054387+00:00
2026-03-19 00:48:13.411054387+00:00,1106,cancelled,ask,2195.6,0.12360981574420292,2026-03-19 00:48:08.767615797+00:00,82.33,2026-03-19 00:48:08.517615797+00:00,cancelled,refresh_reprice,2026-03-19 00:48:13.161054387+00:00,2026-03-19 00:48:13.411054387+00:00
2026-03-19 00:48:13.422495269+00:00,1107,placed,ask,2195.2,0.12360981574420292,2026-03-19 00:48:13.672495269+00:00,157.775,2026-03-19 00:48:13.422495269+00:00,pending_new,,,
2026-03-19 00:48:14.542499625+00:00,1107,cancel_requested,ask,2195.2,0.12360981574420292,2026-03-19 00:48:13.672495269+00:00,157.775,2026-03-19 00:48:13.422495269+00:00,pending_cancel,pressure_stop_ask,2026-03-19 00:48:14.542499625+00:00,2026-03-19 00:48:14.792499625+00:00
2026-03-19 00:48:14.542499625+00:00,1108,placed,bid,2194.5,0.07639018425579709,2026-03-19 00:48:14.792499625+00:00,150.336,2026-03-19 00:48:14.542499625+00:00,pending_new,,,
2026-03-19 00:48:14.593658956+00:00,1108,cancel_requested,bid,2194.5,0.07639018425579709,2026-03-19 00:48:14.792499625+00:00,150.336,2026-03-19 00:48:14.542499625+00:00,pending_cancel,refresh_reprice,2026-03-19 00:48:14.593658956+00:00,2026-03-19 00:48:14.843658956+00:00
2026-03-19 00:48:14.792499625+00:00,1107,cancelled,ask,2195.2,0.12360981574420292,2026-03-19 00:48:13.672495269+00:00,157.775,2026-03-19 00:48:13.422495269+00:00,cancelled,pressure_stop_ask,2026-03-19 00:48:14.542499625+00:00,2026-03-19 00:48:14.792499625+00:00
2026-03-19 00:48:14.843658956+00:00,1108,cancelled,bid,2194.5,0.07639018425579709,2026-03-19 00:48:14.792499625+00:00,150.336,2026-03-19 00:48:14.542499625+00:00,cancelled,refresh_reprice,2026-03-19 00:48:14.593658956+00:00,2026-03-19 00:48:14.843658956+00:00
2026-03-19 00:48:14.890679830+00:00,1109,placed,bid,2194.5,0.07639018425579709,2026-03-19 00:48:15.140679830+00:00,198.39299999999997,2026-03-19 00:48:14.890679830+00:00,pending_new,,,
2026-03-19 00:48:16.586343158+00:00,1109,cancel_requested,bid,2194.5,0.07639018425579709,2026-03-19 00:48:15.140679830+00:00,198.39299999999997,2026-03-19 00:48:14.890679830+00:00,pending_cancel,refresh_reprice,2026-03-19 00:48:16.586343158+00:00,2026-03-19 00:48:16.836343158+00:00
2026-03-19 00:48:16.836343158+00:00,1109,cancelled,bid,2194.5,0.07639018425579709,2026-03-19 00:48:15.140679830+00:00,198.39299999999997,2026-03-19 00:48:14.890679830+00:00,cancelled,refresh_reprice,2026-03-19 00:48:16.586343158+00:00,2026-03-19 00:48:16.836343158+00:00
2026-03-19 00:48:16.839932835+00:00,1110,placed,ask,2196.2,0.12360981574420292,2026-03-19 00:48:17.089932835+00:00,199.408,2026-03-19 00:48:16.839932835+00:00,pending_new,,,
2026-03-19 00:48:19.540592649+00:00,1110,cancel_requested,ask,2196.2,0.12360981574420292,2026-03-19 00:48:17.089932835+00:00,199.408,2026-03-19 00:48:16.839932835+00:00,pending_cancel,refresh_reprice,2026-03-19 00:48:19.540592649+00:00,2026-03-19 00:48:19.790592649+00:00
2026-03-19 00:48:19.790592649+00:00,1110,cancelled,ask,2196.2,0.12360981574420292,2026-03-19 00:48:17.089932835+00:00,199.408,2026-03-19 00:48:16.839932835+00:00,cancelled,refresh_reprice,2026-03-19 00:48:19.540592649+00:00,2026-03-19 00:48:19.790592649+00:00
2026-03-19 00:48:19.834096216+00:00,1111,placed,ask,2195.7,0.12360981574420292,2026-03-19 00:48:20.084096216+00:00,95.77,2026-03-19 00:48:19.834096216+00:00,pending_new,,,
2026-03-19 00:48:20.147411444+00:00,1111,resized,ask,2195.7,0.12349034365628767,2026-03-19 00:48:20.084096216+00:00,95.77,,,preserve_queue_priority,,
2026-03-19 00:48:29.834096216+00:00,1111,cancel_requested,ask,2195.7,0.12349034365628767,2026-03-19 00:48:20.084096216+00:00,95.77,2026-03-19 00:48:19.834096216+00:00,pending_cancel,quote_age_expired,2026-03-19 00:48:29.834096216+00:00,2026-03-19 00:48:30.084096216+00:00
2026-03-19 00:48:29.839015654+00:00,1112,placed,bid,2194.0,0.07650965634371235,2026-03-19 00:48:30.089015654+00:00,228.45299999999997,2026-03-19 00:48:29.839015654+00:00,pending_new,,,
2026-03-19 00:48:29.865814573+00:00,1112,cancel_requested,bid,2194.0,0.07650965634371235,2026-03-19 00:48:30.089015654+00:00,228.45299999999997,2026-03-19 00:48:29.839015654+00:00,pending_cancel,refresh_reprice,2026-03-19 00:48:29.865814573+00:00,2026-03-19 00:48:30.115814573+00:00
2026-03-19 00:48:30.084096216+00:00,1111,cancelled,ask,2195.7,0.12349034365628767,2026-03-19 00:48:20.084096216+00:00,95.77,2026-03-19 00:48:19.834096216+00:00,cancelled,quote_age_expired,2026-03-19 00:48:29.834096216+00:00,2026-03-19 00:48:30.084096216+00:00
2026-03-19 00:48:30.107394612+00:00,1113,placed,ask,2195.3,0.12349034365628767,2026-03-19 00:48:30.357394612+00:00,92.876,2026-03-19 00:48:30.107394612+00:00,pending_new,,,
2026-03-19 00:48:30.115814573+00:00,1112,cancelled,bid,2194.0,0.07650965634371235,2026-03-19 00:48:30.089015654+00:00,228.45299999999997,2026-03-19 00:48:29.839015654+00:00,cancelled,refresh_reprice,2026-03-19 00:48:29.865814573+00:00,2026-03-19 00:48:30.115814573+00:00
2026-03-19 00:48:30.152379093+00:00,1114,placed,bid,2194.5,0.07650965634371235,2026-03-19 00:48:30.402379093+00:00,164.014,2026-03-19 00:48:30.152379093+00:00,pending_new,,,
2026-03-19 00:48:30.461048091+00:00,1113,cancel_requested,ask,2195.3,0.12349034365628767,2026-03-19 00:48:30.357394612+00:00,92.876,2026-03-19 00:48:30.107394612+00:00,pending_cancel,expected_edge_ask,2026-03-19 00:48:30.461048091+00:00,2026-03-19 00:48:30.711048091+00:00
2026-03-19 00:48:30.711048091+00:00,1113,cancelled,ask,2195.3,0.12349034365628767,2026-03-19 00:48:30.357394612+00:00,92.876,2026-03-19 00:48:30.107394612+00:00,cancelled,expected_edge_ask,2026-03-19 00:48:30.461048091+00:00,2026-03-19 00:48:30.711048091+00:00
2026-03-19 00:48:30.716797923+00:00,1115,placed,ask,2195.3,0.12349034365628767,2026-03-19 00:48:30.966797923+00:00,82.909,2026-03-19 00:48:30.716797923+00:00,pending_new,,,
2026-03-19 00:48:31.168674512+00:00,1114,cancel_requested,bid,2194.5,0.07650965634371235,2026-03-19 00:48:30.402379093+00:00,164.014,2026-03-19 00:48:30.152379093+00:00,pending_cancel,refresh_reprice,2026-03-19 00:48:31.168674512+00:00,2026-03-19 00:48:31.418674512+00:00
2026-03-19 00:48:31.168674512+00:00,1115,cancel_requested,ask,2195.3,0.12349034365628767,2026-03-19 00:48:30.966797923+00:00,82.909,2026-03-19 00:48:30.716797923+00:00,pending_cancel,refresh_reprice,2026-03-19 00:48:31.168674512+00:00,2026-03-19 00:48:31.418674512+00:00
2026-03-19 00:48:31.418674512+00:00,1114,cancelled,bid,2194.5,0.07650965634371235,2026-03-19 00:48:30.402379093+00:00,164.014,2026-03-19 00:48:30.152379093+00:00,cancelled,refresh_reprice,2026-03-19 00:48:31.168674512+00:00,2026-03-19 00:48:31.418674512+00:00
2026-03-19 00:48:31.418674512+00:00,1115,cancelled,ask,2195.3,0.12349034365628767,2026-03-19 00:48:30.966797923+00:00,82.909,2026-03-19 00:48:30.716797923+00:00,cancelled,refresh_reprice,2026-03-19 00:48:31.168674512+00:00,2026-03-19 00:48:31.418674512+00:00
2026-03-19 00:48:31.486982064+00:00,1116,placed,bid,2194.5,0.07650965634371235,2026-03-19 00:48:31.736982064+00:00,196.36599999999999,2026-03-19 00:48:31.486982064+00:00,pending_new,,,
2026-03-19 00:48:31.486982064+00:00,1117,placed,ask,2195.4,0.12349034365628767,2026-03-19 00:48:31.736982064+00:00,73.513,2026-03-19 00:48:31.486982064+00:00,pending_new,,,
2026-03-19 00:48:31.890386336+00:00,1117,cancel_requested,ask,2195.4,0.12349034365628767,2026-03-19 00:48:31.736982064+00:00,73.513,2026-03-19 00:48:31.486982064+00:00,pending_cancel,pressure_stop_ask,2026-03-19 00:48:31.890386336+00:00,2026-03-19 00:48:32.140386336+00:00
2026-03-19 00:48:32.140386336+00:00,1117,cancelled,ask,2195.4,0.12349034365628767,2026-03-19 00:48:31.736982064+00:00,73.513,2026-03-19 00:48:31.486982064+00:00,cancelled,pressure_stop_ask,2026-03-19 00:48:31.890386336+00:00,2026-03-19 00:48:32.140386336+00:00
2026-03-19 00:48:37.236058272+00:00,1118,placed,ask,2195.3,0.12349034365628767,2026-03-19 00:48:37.486058272+00:00,92.53999999999999,2026-03-19 00:48:37.236058272+00:00,pending_new,,,
2026-03-19 00:48:37.452160526+00:00,1118,cancel_requested,ask,2195.3,0.12349034365628767,2026-03-19 00:48:37.486058272+00:00,92.53999999999999,2026-03-19 00:48:37.236058272+00:00,pending_cancel,expected_edge_ask,2026-03-19 00:48:37.452160526+00:00,2026-03-19 00:48:37.702160526+00:00
2026-03-19 00:48:37.702160526+00:00,1118,cancelled,ask,2195.3,0.12349034365628767,2026-03-19 00:48:37.486058272+00:00,92.53999999999999,2026-03-19 00:48:37.236058272+00:00,cancelled,expected_edge_ask,2026-03-19 00:48:37.452160526+00:00,2026-03-19 00:48:37.702160526+00:00
2026-03-19 00:48:41.486982064+00:00,1116,cancel_requested,bid,2194.5,0.07650965634371235,2026-03-19 00:48:31.736982064+00:00,196.36599999999999,2026-03-19 00:48:31.486982064+00:00,pending_cancel,quote_age_expired,2026-03-19 00:48:41.486982064+00:00,2026-03-19 00:48:41.736982064+00:00
2026-03-19 00:48:41.590614286+00:00,1119,placed,ask,2195.3,0.12353727209242882,2026-03-19 00:48:41.840614286+00:00,77.766,2026-03-19 00:48:41.590614286+00:00,pending_new,,,
2026-03-19 00:48:41.736982064+00:00,1116,cancelled,bid,2194.5,0.07650965634371235,2026-03-19 00:48:31.736982064+00:00,196.36599999999999,2026-03-19 00:48:31.486982064+00:00,cancelled,quote_age_expired,2026-03-19 00:48:41.486982064+00:00,2026-03-19 00:48:41.736982064+00:00
2026-03-19 00:48:41.737672996+00:00,1120,placed,bid,2194.5,0.07646272790757119,2026-03-19 00:48:41.987672996+00:00,181.937,2026-03-19 00:48:41.737672996+00:00,pending_new,,,
2026-03-19 00:48:43.838270311+00:00,1119,cancel_requested,ask,2195.3,0.12353727209242882,2026-03-19 00:48:41.840614286+00:00,77.766,2026-03-19 00:48:41.590614286+00:00,pending_cancel,expected_edge_ask,2026-03-19 00:48:43.838270311+00:00,2026-03-19 00:48:44.088270311+00:00
2026-03-19 00:48:44.088270311+00:00,1119,cancelled,ask,2195.3,0.12353727209242882,2026-03-19 00:48:41.840614286+00:00,77.766,2026-03-19 00:48:41.590614286+00:00,cancelled,expected_edge_ask,2026-03-19 00:48:43.838270311+00:00,2026-03-19 00:48:44.088270311+00:00
2026-03-19 00:48:44.139879394+00:00,1121,placed,ask,2195.4,0.12353727209242882,2026-03-19 00:48:44.389879394+00:00,55.94,2026-03-19 00:48:44.139879394+00:00,pending_new,,,
2026-03-19 00:48:45.088540663+00:00,1121,cancel_requested,ask,2195.4,0.12353727209242882,2026-03-19 00:48:44.389879394+00:00,55.94,2026-03-19 00:48:44.139879394+00:00,pending_cancel,pressure_stop_ask,2026-03-19 00:48:45.088540663+00:00,2026-03-19 00:48:45.338540663+00:00
2026-03-19 00:48:45.338540663+00:00,1121,cancelled,ask,2195.4,0.12353727209242882,2026-03-19 00:48:44.389879394+00:00,55.94,2026-03-19 00:48:44.139879394+00:00,cancelled,pressure_stop_ask,2026-03-19 00:48:45.088540663+00:00,2026-03-19 00:48:45.338540663+00:00
2026-03-19 00:48:47.153602567+00:00,1120,cancel_requested,bid,2194.5,0.07646272790757119,2026-03-19 00:48:41.987672996+00:00,181.937,2026-03-19 00:48:41.737672996+00:00,pending_cancel,pressure_stop_bid,2026-03-19 00:48:47.153602567+00:00,2026-03-19 00:48:47.403602567+00:00
2026-03-19 00:48:47.153602567+00:00,1122,placed,ask,2195.4,0.12353727209242882,2026-03-19 00:48:47.403602567+00:00,131.85,2026-03-19 00:48:47.153602567+00:00,pending_new,,,
2026-03-19 00:48:47.403602567+00:00,1120,cancelled,bid,2194.5,0.07646272790757119,2026-03-19 00:48:41.987672996+00:00,181.937,2026-03-19 00:48:41.737672996+00:00,cancelled,pressure_stop_bid,2026-03-19 00:48:47.153602567+00:00,2026-03-19 00:48:47.403602567+00:00
2026-03-19 00:48:50.272160736+00:00,1122,cancel_requested,ask,2195.4,0.12353727209242882,2026-03-19 00:48:47.403602567+00:00,131.85,2026-03-19 00:48:47.153602567+00:00,pending_cancel,refresh_reprice,2026-03-19 00:48:50.272160736+00:00,2026-03-19 00:48:50.522160736+00:00
2026-03-19 00:48:50.522160736+00:00,1122,cancelled,ask,2195.4,0.12353727209242882,2026-03-19 00:48:47.403602567+00:00,131.85,2026-03-19 00:48:47.153602567+00:00,cancelled,refresh_reprice,2026-03-19 00:48:50.272160736+00:00,2026-03-19 00:48:50.522160736+00:00
2026-03-19 00:48:50.525305569+00:00,1123,placed,ask,2195.1,0.12353727209242882,2026-03-19 00:48:50.775305569+00:00,174.476,2026-03-19 00:48:50.525305569+00:00,pending_new,,,
2026-03-19 00:48:52.823352652+00:00,1123,cancel_requested,ask,2195.1,0.12353727209242882,2026-03-19 00:48:50.775305569+00:00,174.476,2026-03-19 00:48:50.525305569+00:00,pending_cancel,expected_edge_ask,2026-03-19 00:48:52.823352652+00:00,2026-03-19 00:48:53.073352652+00:00
2026-03-19 00:48:52.823352652+00:00,1124,placed,bid,2194.3,0.07646272790757119,2026-03-19 00:48:53.073352652+00:00,161.913,2026-03-19 00:48:52.823352652+00:00,pending_new,,,
2026-03-19 00:48:53.073352652+00:00,1123,cancelled,ask,2195.1,0.12353727209242882,2026-03-19 00:48:50.775305569+00:00,174.476,2026-03-19 00:48:50.525305569+00:00,cancelled,expected_edge_ask,2026-03-19 00:48:52.823352652+00:00,2026-03-19 00:48:53.073352652+00:00
2026-03-19 00:48:53.167803001+00:00,1125,placed,ask,2195.1,0.12353727209242882,2026-03-19 00:48:53.417803001+00:00,40.340999999999994,2026-03-19 00:48:53.167803001+00:00,pending_new,,,
2026-03-19 00:48:53.384469597+00:00,1125,cancel_requested,ask,2195.1,0.12353727209242882,2026-03-19 00:48:53.417803001+00:00,40.340999999999994,2026-03-19 00:48:53.167803001+00:00,pending_cancel,pressure_stop_ask,2026-03-19 00:48:53.384469597+00:00,2026-03-19 00:48:53.634469597+00:00
2026-03-19 00:48:53.634469597+00:00,1125,cancelled,ask,2195.1,0.12353727209242882,2026-03-19 00:48:53.417803001+00:00,40.340999999999994,2026-03-19 00:48:53.167803001+00:00,cancelled,pressure_stop_ask,2026-03-19 00:48:53.384469597+00:00,2026-03-19 00:48:53.634469597+00:00
2026-03-19 00:48:55.776598279+00:00,1126,placed,ask,2195.1,0.12353727209242882,2026-03-19 00:48:56.026598279+00:00,35.689,2026-03-19 00:48:55.776598279+00:00,pending_new,,,
2026-03-19 00:48:55.837613397+00:00,1126,cancel_requested,ask,2195.1,0.12353727209242882,2026-03-19 00:48:56.026598279+00:00,35.689,2026-03-19 00:48:55.776598279+00:00,pending_cancel,pressure_stop_ask,2026-03-19 00:48:55.837613397+00:00,2026-03-19 00:48:56.087613397+00:00
2026-03-19 00:48:56.087613397+00:00,1126,cancelled,ask,2195.1,0.12353727209242882,2026-03-19 00:48:56.026598279+00:00,35.689,2026-03-19 00:48:55.776598279+00:00,cancelled,pressure_stop_ask,2026-03-19 00:48:55.837613397+00:00,2026-03-19 00:48:56.087613397+00:00
2026-03-19 00:48:57.869179458+00:00,1124,cancel_requested,bid,2194.3,0.07646272790757119,2026-03-19 00:48:53.073352652+00:00,161.913,2026-03-19 00:48:52.823352652+00:00,pending_cancel,pressure_stop_bid,2026-03-19 00:48:57.869179458+00:00,2026-03-19 00:48:58.119179458+00:00
2026-03-19 00:48:57.869179458+00:00,1127,placed,ask,2195.2,0.12353727209242882,2026-03-19 00:48:58.119179458+00:00,82.26499999999999,2026-03-19 00:48:57.869179458+00:00,pending_new,,,
2026-03-19 00:48:58.119179458+00:00,1124,cancelled,bid,2194.3,0.07646272790757119,2026-03-19 00:48:53.073352652+00:00,161.913,2026-03-19 00:48:52.823352652+00:00,cancelled,pressure_stop_bid,2026-03-19 00:48:57.869179458+00:00,2026-03-19 00:48:58.119179458+00:00
2026-03-19 00:49:00.275394153+00:00,1127,cancel_requested,ask,2195.2,0.12353727209242882,2026-03-19 00:48:58.119179458+00:00,82.26499999999999,2026-03-19 00:48:57.869179458+00:00,pending_cancel,refresh_reprice,2026-03-19 00:49:00.275394153+00:00,2026-03-19 00:49:00.525394153+00:00
2026-03-19 00:49:00.525394153+00:00,1127,cancelled,ask,2195.2,0.12353727209242882,2026-03-19 00:48:58.119179458+00:00,82.26499999999999,2026-03-19 00:48:57.869179458+00:00,cancelled,refresh_reprice,2026-03-19 00:49:00.275394153+00:00,2026-03-19 00:49:00.525394153+00:00
2026-03-19 00:49:00.533060407+00:00,1128,placed,ask,2194.3,0.12353727209242882,2026-03-19 00:49:00.783060407+00:00,50.620000000000005,2026-03-19 00:49:00.533060407+00:00,pending_new,,,
2026-03-19 00:49:00.940130650+00:00,1129,placed,bid,2193.3,0.07646272790757119,2026-03-19 00:49:01.190130650+00:00,127.88700000000001,2026-03-19 00:49:00.940130650+00:00,pending_new,,,
2026-03-19 00:49:00.940130650+00:00,1128,cancel_requested,ask,2194.3,0.12353727209242882,2026-03-19 00:49:00.783060407+00:00,50.620000000000005,2026-03-19 00:49:00.533060407+00:00,pending_cancel,refresh_reprice,2026-03-19 00:49:00.940130650+00:00,2026-03-19 00:49:01.190130650+00:00
2026-03-19 00:49:01.190130650+00:00,1128,cancelled,ask,2194.3,0.12353727209242882,2026-03-19 00:49:00.783060407+00:00,50.620000000000005,2026-03-19 00:49:00.533060407+00:00,cancelled,refresh_reprice,2026-03-19 00:49:00.940130650+00:00,2026-03-19 00:49:01.190130650+00:00
2026-03-19 00:49:02.419301676+00:00,1129,cancel_requested,bid,2193.3,0.07646272790757119,2026-03-19 00:49:01.190130650+00:00,127.88700000000001,2026-03-19 00:49:00.940130650+00:00,pending_cancel,pressure_stop_bid,2026-03-19 00:49:02.419301676+00:00,2026-03-19 00:49:02.669301676+00:00
2026-03-19 00:49:02.419301676+00:00,1130,placed,ask,2194.0,0.123534546378572,2026-03-19 00:49:02.669301676+00:00,72.029,2026-03-19 00:49:02.419301676+00:00,pending_new,,,
2026-03-19 00:49:02.669301676+00:00,1129,cancelled,bid,2193.3,0.07646272790757119,2026-03-19 00:49:01.190130650+00:00,127.88700000000001,2026-03-19 00:49:00.940130650+00:00,cancelled,pressure_stop_bid,2026-03-19 00:49:02.419301676+00:00,2026-03-19 00:49:02.669301676+00:00
2026-03-19 00:49:07.737234239+00:00,1131,placed,bid,2193.4,0.07646545362142801,2026-03-19 00:49:07.987234239+00:00,121.52000000000001,2026-03-19 00:49:07.737234239+00:00,pending_new,,,
2026-03-19 00:49:08.273526671+00:00,1130,cancel_requested,ask,2194.0,0.123534546378572,2026-03-19 00:49:02.669301676+00:00,72.029,2026-03-19 00:49:02.419301676+00:00,pending_cancel,expected_edge_ask,2026-03-19 00:49:08.273526671+00:00,2026-03-19 00:49:08.523526671+00:00
2026-03-19 00:49:08.523526671+00:00,1130,cancelled,ask,2194.0,0.123534546378572,2026-03-19 00:49:02.669301676+00:00,72.029,2026-03-19 00:49:02.419301676+00:00,cancelled,expected_edge_ask,2026-03-19 00:49:08.273526671+00:00,2026-03-19 00:49:08.523526671+00:00
2026-03-19 00:49:13.046264352+00:00,1131,cancel_requested,bid,2193.4,0.07646545362142801,2026-03-19 00:49:07.987234239+00:00,121.52000000000001,2026-03-19 00:49:07.737234239+00:00,pending_cancel,refresh_reprice,2026-03-19 00:49:13.046264352+00:00,2026-03-19 00:49:13.296264352+00:00
2026-03-19 00:49:13.296264352+00:00,1131,cancelled,bid,2193.4,0.07646545362142801,2026-03-19 00:49:07.987234239+00:00,121.52000000000001,2026-03-19 00:49:07.737234239+00:00,cancelled,refresh_reprice,2026-03-19 00:49:13.046264352+00:00,2026-03-19 00:49:13.296264352+00:00
2026-03-19 00:49:13.352374115+00:00,1132,placed,bid,2193.8,0.07646545362142801,2026-03-19 00:49:13.602374115+00:00,126.941,2026-03-19 00:49:13.352374115+00:00,pending_new,,,
2026-03-19 00:49:15.843038186+00:00,1132,cancel_requested,bid,2193.8,0.07646545362142801,2026-03-19 00:49:13.602374115+00:00,126.941,2026-03-19 00:49:13.352374115+00:00,pending_cancel,pressure_stop_bid,2026-03-19 00:49:15.843038186+00:00,2026-03-19 00:49:16.093038186+00:00
2026-03-19 00:49:16.093038186+00:00,1132,cancelled,bid,2193.8,0.07646545362142801,2026-03-19 00:49:13.602374115+00:00,126.941,2026-03-19 00:49:13.352374115+00:00,cancelled,pressure_stop_bid,2026-03-19 00:49:15.843038186+00:00,2026-03-19 00:49:16.093038186+00:00
2026-03-19 00:49:16.109369298+00:00,1133,placed,ask,2194.2,0.123534546378572,2026-03-19 00:49:16.359369298+00:00,72.439,2026-03-19 00:49:16.109369298+00:00,pending_new,,,
2026-03-19 00:49:16.619538101+00:00,1133,cancel_requested,ask,2194.2,0.123534546378572,2026-03-19 00:49:16.359369298+00:00,72.439,2026-03-19 00:49:16.109369298+00:00,pending_cancel,expected_edge_ask,2026-03-19 00:49:16.619538101+00:00,2026-03-19 00:49:16.869538101+00:00
2026-03-19 00:49:16.869538101+00:00,1133,cancelled,ask,2194.2,0.123534546378572,2026-03-19 00:49:16.359369298+00:00,72.439,2026-03-19 00:49:16.109369298+00:00,cancelled,expected_edge_ask,2026-03-19 00:49:16.619538101+00:00,2026-03-19 00:49:16.869538101+00:00
2026-03-19 00:49:16.872596133+00:00,1134,placed,bid,2193.4,0.07646545362142801,2026-03-19 00:49:17.122596133+00:00,107.851,2026-03-19 00:49:16.872596133+00:00,pending_new,,,
2026-03-19 00:49:17.382296983+00:00,1134,cancel_requested,bid,2193.4,0.07646545362142801,2026-03-19 00:49:17.122596133+00:00,107.851,2026-03-19 00:49:16.872596133+00:00,pending_cancel,pressure_stop_bid,2026-03-19 00:49:17.382296983+00:00,2026-03-19 00:49:17.632296983+00:00
2026-03-19 00:49:17.632296983+00:00,1134,cancelled,bid,2193.4,0.07646545362142801,2026-03-19 00:49:17.122596133+00:00,107.851,2026-03-19 00:49:16.872596133+00:00,cancelled,pressure_stop_bid,2026-03-19 00:49:17.382296983+00:00,2026-03-19 00:49:17.632296983+00:00
2026-03-19 00:49:27.745905893+00:00,1135,placed,bid,2193.2,0.07632200033780447,2026-03-19 00:49:27.995905893+00:00,93.62199999999999,2026-03-19 00:49:27.745905893+00:00,pending_new,,,
2026-03-19 00:49:37.745905893+00:00,1135,cancel_requested,bid,2193.2,0.07632200033780447,2026-03-19 00:49:27.995905893+00:00,93.62199999999999,2026-03-19 00:49:27.745905893+00:00,pending_cancel,quote_age_expired,2026-03-19 00:49:37.745905893+00:00,2026-03-19 00:49:37.995905893+00:00
2026-03-19 00:49:37.995905893+00:00,1135,cancelled,bid,2193.2,0.07632200033780447,2026-03-19 00:49:27.995905893+00:00,93.62199999999999,2026-03-19 00:49:27.745905893+00:00,cancelled,quote_age_expired,2026-03-19 00:49:37.745905893+00:00,2026-03-19 00:49:37.995905893+00:00
2026-03-19 00:49:38.007023602+00:00,1136,placed,bid,2193.3,0.07632200033780447,2026-03-19 00:49:38.257023602+00:00,187.477,2026-03-19 00:49:38.007023602+00:00,pending_new,,,
2026-03-19 00:49:46.379370273+00:00,1136,cancel_requested,bid,2193.3,0.07632200033780447,2026-03-19 00:49:38.257023602+00:00,187.477,2026-03-19 00:49:38.007023602+00:00,pending_cancel,pressure_stop_bid,2026-03-19 00:49:46.379370273+00:00,2026-03-19 00:49:46.629370273+00:00
2026-03-19 00:49:46.587704012+00:00,1137,placed,ask,2193.6,0.12356905300304116,2026-03-19 00:49:46.837704012+00:00,31.425,2026-03-19 00:49:46.587704012+00:00,pending_new,,,
2026-03-19 00:49:46.629370273+00:00,1136,cancelled,bid,2193.3,0.07632200033780447,2026-03-19 00:49:38.257023602+00:00,187.477,2026-03-19 00:49:38.007023602+00:00,cancelled,pressure_stop_bid,2026-03-19 00:49:46.379370273+00:00,2026-03-19 00:49:46.629370273+00:00
2026-03-19 00:49:46.842251061+00:00,1137,cancel_requested,ask,2193.6,0.12356905300304116,2026-03-19 00:49:46.837704012+00:00,31.425,2026-03-19 00:49:46.587704012+00:00,pending_cancel,expected_edge_ask,2026-03-19 00:49:46.842251061+00:00,2026-03-19 00:49:47.092251061+00:00
2026-03-19 00:49:47.092251061+00:00,1137,cancelled,ask,2193.6,0.12356905300304116,2026-03-19 00:49:46.837704012+00:00,31.425,2026-03-19 00:49:46.587704012+00:00,cancelled,expected_edge_ask,2026-03-19 00:49:46.842251061+00:00,2026-03-19 00:49:47.092251061+00:00
2026-03-19 00:49:47.093486345+00:00,1138,placed,bid,2193.1,0.07643094699695886,2026-03-19 00:49:47.343486345+00:00,86.993,2026-03-19 00:49:47.093486345+00:00,pending_new,,,
2026-03-19 00:49:54.550469784+00:00,1138,cancel_requested,bid,2193.1,0.07643094699695886,2026-03-19 00:49:47.343486345+00:00,86.993,2026-03-19 00:49:47.093486345+00:00,pending_cancel,refresh_reprice,2026-03-19 00:49:54.550469784+00:00,2026-03-19 00:49:54.800469784+00:00
2026-03-19 00:49:54.800469784+00:00,1138,cancelled,bid,2193.1,0.07643094699695886,2026-03-19 00:49:47.343486345+00:00,86.993,2026-03-19 00:49:47.093486345+00:00,cancelled,refresh_reprice,2026-03-19 00:49:54.550469784+00:00,2026-03-19 00:49:54.800469784+00:00
2026-03-19 00:49:54.843961521+00:00,1139,placed,bid,2193.3,0.07643094699695886,2026-03-19 00:49:55.093961521+00:00,102.72200000000001,2026-03-19 00:49:54.843961521+00:00,pending_new,,,
2026-03-19 00:49:55.061902203+00:00,1139,cancel_requested,bid,2193.3,0.07643094699695886,2026-03-19 00:49:55.093961521+00:00,102.72200000000001,2026-03-19 00:49:54.843961521+00:00,pending_cancel,pressure_stop_bid,2026-03-19 00:49:55.061902203+00:00,2026-03-19 00:49:55.311902203+00:00
2026-03-19 00:49:55.061902203+00:00,1140,placed,ask,2193.8,0.12356905300304116,2026-03-19 00:49:55.311902203+00:00,26.645,2026-03-19 00:49:55.061902203+00:00,pending_new,,,
2026-03-19 00:49:55.113707119+00:00,1140,cancel_requested,ask,2193.8,0.12356905300304116,2026-03-19 00:49:55.311902203+00:00,26.645,2026-03-19 00:49:55.061902203+00:00,pending_cancel,pressure_stop_ask,2026-03-19 00:49:55.113707119+00:00,2026-03-19 00:49:55.363707119+00:00
2026-03-19 00:49:55.311902203+00:00,1139,cancelled,bid,2193.3,0.07643094699695886,2026-03-19 00:49:55.093961521+00:00,102.72200000000001,2026-03-19 00:49:54.843961521+00:00,cancelled,pressure_stop_bid,2026-03-19 00:49:55.061902203+00:00,2026-03-19 00:49:55.311902203+00:00
2026-03-19 00:49:55.363707119+00:00,1140,cancelled,ask,2193.8,0.12356905300304116,2026-03-19 00:49:55.311902203+00:00,26.645,2026-03-19 00:49:55.061902203+00:00,cancelled,pressure_stop_ask,2026-03-19 00:49:55.113707119+00:00,2026-03-19 00:49:55.363707119+00:00
2026-03-19 00:50:00.419746709+00:00,1141,placed,bid,2192.0,0.07643094699695886,2026-03-19 00:50:00.669746709+00:00,65.702,2026-03-19 00:50:00.419746709+00:00,pending_new,,,
2026-03-19 00:50:01.490727003+00:00,1141,cancel_requested,bid,2192.0,0.07643094699695886,2026-03-19 00:50:00.669746709+00:00,65.702,2026-03-19 00:50:00.419746709+00:00,pending_cancel,refresh_reprice,2026-03-19 00:50:01.490727003+00:00,2026-03-19 00:50:01.740727003+00:00
2026-03-19 00:50:01.740727003+00:00,1141,cancelled,bid,2192.0,0.07643094699695886,2026-03-19 00:50:00.669746709+00:00,65.702,2026-03-19 00:50:00.419746709+00:00,cancelled,refresh_reprice,2026-03-19 00:50:01.490727003+00:00,2026-03-19 00:50:01.740727003+00:00
2026-03-19 00:50:01.785528885+00:00,1142,placed,bid,2192.4,0.07641332661663766,2026-03-19 00:50:02.035528885+00:00,177.632,2026-03-19 00:50:01.785528885+00:00,pending_new,,,
2026-03-19 00:50:03.328559266+00:00,1142,cancel_requested,bid,2192.4,0.07641332661663766,2026-03-19 00:50:02.035528885+00:00,177.632,2026-03-19 00:50:01.785528885+00:00,pending_cancel,pressure_stop_bid,2026-03-19 00:50:03.328559266+00:00,2026-03-19 00:50:03.578559266+00:00
2026-03-19 00:50:03.578559266+00:00,1142,cancelled,bid,2192.4,0.07641332661663766,2026-03-19 00:50:02.035528885+00:00,177.632,2026-03-19 00:50:01.785528885+00:00,cancelled,pressure_stop_bid,2026-03-19 00:50:03.328559266+00:00,2026-03-19 00:50:03.578559266+00:00
2026-03-19 00:50:03.584272060+00:00,1143,placed,bid,2192.6,0.07641332661663766,2026-03-19 00:50:03.834272060+00:00,74.788,2026-03-19 00:50:03.584272060+00:00,pending_new,,,
2026-03-19 00:50:03.686639586+00:00,1143,cancel_requested,bid,2192.6,0.07641332661663766,2026-03-19 00:50:03.834272060+00:00,74.788,2026-03-19 00:50:03.584272060+00:00,pending_cancel,refresh_reprice,2026-03-19 00:50:03.686639586+00:00,2026-03-19 00:50:03.936639586+00:00
2026-03-19 00:50:03.936639586+00:00,1143,cancelled,bid,2192.6,0.07641332661663766,2026-03-19 00:50:03.834272060+00:00,74.788,2026-03-19 00:50:03.584272060+00:00,cancelled,refresh_reprice,2026-03-19 00:50:03.686639586+00:00,2026-03-19 00:50:03.936639586+00:00
2026-03-19 00:50:03.938420512+00:00,1144,placed,bid,2192.8,0.07641332661663766,2026-03-19 00:50:04.188420512+00:00,48.679,2026-03-19 00:50:03.938420512+00:00,pending_new,,,
2026-03-19 00:50:13.938420512+00:00,1144,cancel_requested,bid,2192.8,0.07641332661663766,2026-03-19 00:50:04.188420512+00:00,48.679,2026-03-19 00:50:03.938420512+00:00,pending_cancel,quote_age_expired,2026-03-19 00:50:13.938420512+00:00,2026-03-19 00:50:14.188420512+00:00
2026-03-19 00:50:14.188420512+00:00,1144,cancelled,bid,2192.8,0.07641332661663766,2026-03-19 00:50:04.188420512+00:00,48.679,2026-03-19 00:50:03.938420512+00:00,cancelled,quote_age_expired,2026-03-19 00:50:13.938420512+00:00,2026-03-19 00:50:14.188420512+00:00
2026-03-19 00:50:14.192737260+00:00,1145,placed,bid,2193.0,0.07641332661663766,2026-03-19 00:50:14.442737260+00:00,185.31199999999998,2026-03-19 00:50:14.192737260+00:00,pending_new,,,
2026-03-19 00:50:20.577940099+00:00,1145,cancel_requested,bid,2193.0,0.07641332661663766,2026-03-19 00:50:14.442737260+00:00,185.31199999999998,2026-03-19 00:50:14.192737260+00:00,pending_cancel,refresh_reprice,2026-03-19 00:50:20.577940099+00:00,2026-03-19 00:50:20.827940099+00:00
2026-03-19 00:50:20.827940099+00:00,1145,cancelled,bid,2193.0,0.07641332661663766,2026-03-19 00:50:14.442737260+00:00,185.31199999999998,2026-03-19 00:50:14.192737260+00:00,cancelled,refresh_reprice,2026-03-19 00:50:20.577940099+00:00,2026-03-19 00:50:20.827940099+00:00
2026-03-19 00:50:20.885306588+00:00,1146,placed,bid,2193.4,0.07641332661663766,2026-03-19 00:50:21.135306588+00:00,139.517,2026-03-19 00:50:20.885306588+00:00,pending_new,,,
2026-03-19 00:50:28.088245689+00:00,1146,cancel_requested,bid,2193.4,0.07641332661663766,2026-03-19 00:50:21.135306588+00:00,139.517,2026-03-19 00:50:20.885306588+00:00,pending_cancel,pressure_stop_bid,2026-03-19 00:50:28.088245689+00:00,2026-03-19 00:50:28.338245689+00:00
2026-03-19 00:50:28.088245689+00:00,1147,placed,ask,2193.9,0.12338415664137573,2026-03-19 00:50:28.338245689+00:00,72.5,2026-03-19 00:50:28.088245689+00:00,pending_new,,,
2026-03-19 00:50:28.338245689+00:00,1146,cancelled,bid,2193.4,0.07641332661663766,2026-03-19 00:50:21.135306588+00:00,139.517,2026-03-19 00:50:20.885306588+00:00,cancelled,pressure_stop_bid,2026-03-19 00:50:28.088245689+00:00,2026-03-19 00:50:28.338245689+00:00
2026-03-19 00:50:28.383941034+00:00,1147,cancel_requested,ask,2193.9,0.12338415664137573,2026-03-19 00:50:28.338245689+00:00,72.5,2026-03-19 00:50:28.088245689+00:00,pending_cancel,expected_edge_ask,2026-03-19 00:50:28.383941034+00:00,2026-03-19 00:50:28.633941034+00:00
2026-03-19 00:50:28.633941034+00:00,1147,cancelled,ask,2193.9,0.12338415664137573,2026-03-19 00:50:28.338245689+00:00,72.5,2026-03-19 00:50:28.088245689+00:00,cancelled,expected_edge_ask,2026-03-19 00:50:28.383941034+00:00,2026-03-19 00:50:28.633941034+00:00
2026-03-19 00:50:28.636447093+00:00,1148,placed,ask,2193.9,0.12338415664137573,2026-03-19 00:50:28.886447093+00:00,72.44200000000001,2026-03-19 00:50:28.636447093+00:00,pending_new,,,
2026-03-19 00:50:29.553515957+00:00,1148,cancel_requested,ask,2193.9,0.12338415664137573,2026-03-19 00:50:28.886447093+00:00,72.44200000000001,2026-03-19 00:50:28.636447093+00:00,pending_cancel,expected_edge_ask,2026-03-19 00:50:29.553515957+00:00,2026-03-19 00:50:29.803515957+00:00
2026-03-19 00:50:29.803515957+00:00,1148,cancelled,ask,2193.9,0.12338415664137573,2026-03-19 00:50:28.886447093+00:00,72.44200000000001,2026-03-19 00:50:28.636447093+00:00,cancelled,expected_edge_ask,2026-03-19 00:50:29.553515957+00:00,2026-03-19 00:50:29.803515957+00:00
2026-03-19 00:50:34.837960148+00:00,1149,placed,bid,2193.2,0.07661584335862429,2026-03-19 00:50:35.087960148+00:00,171.92499999999998,2026-03-19 00:50:34.837960148+00:00,pending_new,,,
2026-03-19 00:50:39.979195242+00:00,1149,cancel_requested,bid,2193.2,0.07661584335862429,2026-03-19 00:50:35.087960148+00:00,171.92499999999998,2026-03-19 00:50:34.837960148+00:00,pending_cancel,pressure_stop_bid,2026-03-19 00:50:39.979195242+00:00,2026-03-19 00:50:40.229195242+00:00
2026-03-19 00:50:40.229195242+00:00,1149,cancelled,bid,2193.2,0.07661584335862429,2026-03-19 00:50:35.087960148+00:00,171.92499999999998,2026-03-19 00:50:34.837960148+00:00,cancelled,pressure_stop_bid,2026-03-19 00:50:39.979195242+00:00,2026-03-19 00:50:40.229195242+00:00
2026-03-19 00:50:40.249617154+00:00,1150,placed,ask,2193.7,0.12338415664137573,2026-03-19 00:50:40.499617154+00:00,75.856,2026-03-19 00:50:40.249617154+00:00,pending_new,,,
2026-03-19 00:50:42.171691648+00:00,1150,cancel_requested,ask,2193.7,0.12338415664137573,2026-03-19 00:50:40.499617154+00:00,75.856,2026-03-19 00:50:40.249617154+00:00,pending_cancel,expected_edge_ask,2026-03-19 00:50:42.171691648+00:00,2026-03-19 00:50:42.421691648+00:00
2026-03-19 00:50:42.421691648+00:00,1150,cancelled,ask,2193.7,0.12338415664137573,2026-03-19 00:50:40.499617154+00:00,75.856,2026-03-19 00:50:40.249617154+00:00,cancelled,expected_edge_ask,2026-03-19 00:50:42.171691648+00:00,2026-03-19 00:50:42.421691648+00:00
2026-03-19 00:50:42.429252981+00:00,1151,placed,bid,2193.2,0.07671537357551532,2026-03-19 00:50:42.679252981+00:00,144.462,2026-03-19 00:50:42.429252981+00:00,pending_new,,,
2026-03-19 00:50:42.532478012+00:00,1152,placed,ask,2194.4,0.12328462642448468,2026-03-19 00:50:42.782478012+00:00,62.647000000000006,2026-03-19 00:50:42.532478012+00:00,pending_new,,,
2026-03-19 00:50:42.583017101+00:00,1152,cancel_requested,ask,2194.4,0.12328462642448468,2026-03-19 00:50:42.782478012+00:00,62.647000000000006,2026-03-19 00:50:42.532478012+00:00,pending_cancel,pressure_stop_ask,2026-03-19 00:50:42.583017101+00:00,2026-03-19 00:50:42.833017101+00:00
2026-03-19 00:50:42.833017101+00:00,1152,cancelled,ask,2194.4,0.12328462642448468,2026-03-19 00:50:42.782478012+00:00,62.647000000000006,2026-03-19 00:50:42.532478012+00:00,cancelled,pressure_stop_ask,2026-03-19 00:50:42.583017101+00:00,2026-03-19 00:50:42.833017101+00:00
2026-03-19 00:50:44.257878269+00:00,1151,cancel_requested,bid,2193.2,0.07671537357551532,2026-03-19 00:50:42.679252981+00:00,144.462,2026-03-19 00:50:42.429252981+00:00,pending_cancel,refresh_reprice,2026-03-19 00:50:44.257878269+00:00,2026-03-19 00:50:44.507878269+00:00
2026-03-19 00:50:44.257878269+00:00,1153,placed,ask,2194.8,0.12328462642448468,2026-03-19 00:50:44.507878269+00:00,150.584,2026-03-19 00:50:44.257878269+00:00,pending_new,,,
2026-03-19 00:50:44.507878269+00:00,1151,cancelled,bid,2193.2,0.07671537357551532,2026-03-19 00:50:42.679252981+00:00,144.462,2026-03-19 00:50:42.429252981+00:00,cancelled,refresh_reprice,2026-03-19 00:50:44.257878269+00:00,2026-03-19 00:50:44.507878269+00:00
2026-03-19 00:50:44.522140253+00:00,1154,placed,bid,2193.5,0.07671537357551532,2026-03-19 00:50:44.772140253+00:00,218.154,2026-03-19 00:50:44.522140253+00:00,pending_new,,,
2026-03-19 00:50:45.136881343+00:00,1154,cancel_requested,bid,2193.5,0.07671537357551532,2026-03-19 00:50:44.772140253+00:00,218.154,2026-03-19 00:50:44.522140253+00:00,pending_cancel,pressure_stop_bid,2026-03-19 00:50:45.136881343+00:00,2026-03-19 00:50:45.386881343+00:00
2026-03-19 00:50:45.136881343+00:00,1153,cancel_requested,ask,2194.8,0.12328462642448468,2026-03-19 00:50:44.507878269+00:00,150.584,2026-03-19 00:50:44.257878269+00:00,pending_cancel,refresh_reprice,2026-03-19 00:50:45.136881343+00:00,2026-03-19 00:50:45.386881343+00:00
2026-03-19 00:50:45.386881343+00:00,1154,cancelled,bid,2193.5,0.07671537357551532,2026-03-19 00:50:44.772140253+00:00,218.154,2026-03-19 00:50:44.522140253+00:00,cancelled,pressure_stop_bid,2026-03-19 00:50:45.136881343+00:00,2026-03-19 00:50:45.386881343+00:00
2026-03-19 00:50:45.386881343+00:00,1153,cancelled,ask,2194.8,0.12328462642448468,2026-03-19 00:50:44.507878269+00:00,150.584,2026-03-19 00:50:44.257878269+00:00,cancelled,refresh_reprice,2026-03-19 00:50:45.136881343+00:00,2026-03-19 00:50:45.386881343+00:00
2026-03-19 00:50:45.389188992+00:00,1155,placed,bid,2192.9,0.07671537357551532,2026-03-19 00:50:45.639188992+00:00,200.525,2026-03-19 00:50:45.389188992+00:00,pending_new,,,
2026-03-19 00:50:45.389188992+00:00,1156,placed,ask,2194.3,0.12328462642448468,2026-03-19 00:50:45.639188992+00:00,153.199,2026-03-19 00:50:45.389188992+00:00,pending_new,,,
2026-03-19 00:50:45.696507012+00:00,1155,cancel_requested,bid,2192.9,0.07671537357551532,2026-03-19 00:50:45.639188992+00:00,200.525,2026-03-19 00:50:45.389188992+00:00,pending_cancel,pressure_stop_bid,2026-03-19 00:50:45.696507012+00:00,2026-03-19 00:50:45.946507012+00:00
2026-03-19 00:50:45.946507012+00:00,1155,cancelled,bid,2192.9,0.07671537357551532,2026-03-19 00:50:45.639188992+00:00,200.525,2026-03-19 00:50:45.389188992+00:00,cancelled,pressure_stop_bid,2026-03-19 00:50:45.696507012+00:00,2026-03-19 00:50:45.946507012+00:00
2026-03-19 00:50:45.999956644+00:00,1157,placed,bid,2192.7,0.07671537357551532,2026-03-19 00:50:46.249956644+00:00,155.846,2026-03-19 00:50:45.999956644+00:00,pending_new,,,
2026-03-19 00:50:45.999956644+00:00,1156,cancel_requested,ask,2194.3,0.12328462642448468,2026-03-19 00:50:45.639188992+00:00,153.199,2026-03-19 00:50:45.389188992+00:00,pending_cancel,refresh_reprice,2026-03-19 00:50:45.999956644+00:00,2026-03-19 00:50:46.249956644+00:00
2026-03-19 00:50:46.103911807+00:00,1157,cancel_requested,bid,2192.7,0.07671537357551532,2026-03-19 00:50:46.249956644+00:00,155.846,2026-03-19 00:50:45.999956644+00:00,pending_cancel,pressure_stop_bid,2026-03-19 00:50:46.103911807+00:00,2026-03-19 00:50:46.353911807+00:00
2026-03-19 00:50:46.249956644+00:00,1156,cancelled,ask,2194.3,0.12328462642448468,2026-03-19 00:50:45.639188992+00:00,153.199,2026-03-19 00:50:45.389188992+00:00,cancelled,refresh_reprice,2026-03-19 00:50:45.999956644+00:00,2026-03-19 00:50:46.249956644+00:00
2026-03-19 00:50:46.263221462+00:00,1158,placed,ask,2194.1,0.12328462642448468,2026-03-19 00:50:46.513221462+00:00,238.346,2026-03-19 00:50:46.263221462+00:00,pending_new,,,
2026-03-19 00:50:46.353911807+00:00,1157,cancelled,bid,2192.7,0.07671537357551532,2026-03-19 00:50:46.249956644+00:00,155.846,2026-03-19 00:50:45.999956644+00:00,cancelled,pressure_stop_bid,2026-03-19 00:50:46.103911807+00:00,2026-03-19 00:50:46.353911807+00:00
2026-03-19 00:50:49.137436033+00:00,1158,cancel_requested,ask,2194.1,0.12328462642448468,2026-03-19 00:50:46.513221462+00:00,238.346,2026-03-19 00:50:46.263221462+00:00,pending_cancel,refresh_reprice,2026-03-19 00:50:49.137436033+00:00,2026-03-19 00:50:49.387436033+00:00
2026-03-19 00:50:49.387436033+00:00,1158,cancelled,ask,2194.1,0.12328462642448468,2026-03-19 00:50:46.513221462+00:00,238.346,2026-03-19 00:50:46.263221462+00:00,cancelled,refresh_reprice,2026-03-19 00:50:49.137436033+00:00,2026-03-19 00:50:49.387436033+00:00
2026-03-19 00:50:49.477218080+00:00,1159,placed,ask,2194.0,0.12328462642448468,2026-03-19 00:50:49.727218080+00:00,223.55400000000003,2026-03-19 00:50:49.477218080+00:00,pending_new,,,
2026-03-19 00:50:50.545789446+00:00,1159,cancel_requested,ask,2194.0,0.12328462642448468,2026-03-19 00:50:49.727218080+00:00,223.55400000000003,2026-03-19 00:50:49.477218080+00:00,pending_cancel,pressure_stop_ask,2026-03-19 00:50:50.545789446+00:00,2026-03-19 00:50:50.795789446+00:00
2026-03-19 00:50:50.545789446+00:00,1160,placed,bid,2192.8,0.07671537357551532,2026-03-19 00:50:50.795789446+00:00,210.378,2026-03-19 00:50:50.545789446+00:00,pending_new,,,
2026-03-19 00:50:50.795789446+00:00,1159,cancelled,ask,2194.0,0.12328462642448468,2026-03-19 00:50:49.727218080+00:00,223.55400000000003,2026-03-19 00:50:49.477218080+00:00,cancelled,pressure_stop_ask,2026-03-19 00:50:50.545789446+00:00,2026-03-19 00:50:50.795789446+00:00
2026-03-19 00:50:51.666351889+00:00,1160,cancel_requested,bid,2192.8,0.07671537357551532,2026-03-19 00:50:50.795789446+00:00,210.378,2026-03-19 00:50:50.545789446+00:00,pending_cancel,refresh_reprice,2026-03-19 00:50:51.666351889+00:00,2026-03-19 00:50:51.916351889+00:00
2026-03-19 00:50:51.666351889+00:00,1161,placed,ask,2193.9,0.12328462642448468,2026-03-19 00:50:51.916351889+00:00,62.99199999999999,2026-03-19 00:50:51.666351889+00:00,pending_new,,,
2026-03-19 00:50:51.863077965+00:00,1161,cancel_requested,ask,2193.9,0.12328462642448468,2026-03-19 00:50:51.916351889+00:00,62.99199999999999,2026-03-19 00:50:51.666351889+00:00,pending_cancel,pressure_stop_ask,2026-03-19 00:50:51.863077965+00:00,2026-03-19 00:50:52.113077965+00:00
2026-03-19 00:50:51.916351889+00:00,1160,cancelled,bid,2192.8,0.07671537357551532,2026-03-19 00:50:50.795789446+00:00,210.378,2026-03-19 00:50:50.545789446+00:00,cancelled,refresh_reprice,2026-03-19 00:50:51.666351889+00:00,2026-03-19 00:50:51.916351889+00:00
2026-03-19 00:50:51.922858618+00:00,1162,placed,bid,2193.1,0.07671537357551532,2026-03-19 00:50:52.172858618+00:00,182.41199999999998,2026-03-19 00:50:51.922858618+00:00,pending_new,,,
2026-03-19 00:50:52.113077965+00:00,1161,cancelled,ask,2193.9,0.12328462642448468,2026-03-19 00:50:51.916351889+00:00,62.99199999999999,2026-03-19 00:50:51.666351889+00:00,cancelled,pressure_stop_ask,2026-03-19 00:50:51.863077965+00:00,2026-03-19 00:50:52.113077965+00:00
2026-03-19 00:51:01.922858618+00:00,1162,cancel_requested,bid,2193.1,0.07671537357551532,2026-03-19 00:50:52.172858618+00:00,182.41199999999998,2026-03-19 00:50:51.922858618+00:00,pending_cancel,quote_age_expired,2026-03-19 00:51:01.922858618+00:00,2026-03-19 00:51:02.172858618+00:00
2026-03-19 00:51:02.172858618+00:00,1162,cancelled,bid,2193.1,0.07671537357551532,2026-03-19 00:50:52.172858618+00:00,182.41199999999998,2026-03-19 00:50:51.922858618+00:00,cancelled,quote_age_expired,2026-03-19 00:51:01.922858618+00:00,2026-03-19 00:51:02.172858618+00:00
2026-03-19 00:51:02.179961010+00:00,1163,placed,bid,2193.2,0.07675241399637135,2026-03-19 00:51:02.429961010+00:00,214.10999999999999,2026-03-19 00:51:02.179961010+00:00,pending_new,,,
2026-03-19 00:51:02.748274119+00:00,1163,cancel_requested,bid,2193.2,0.07675241399637135,2026-03-19 00:51:02.429961010+00:00,214.10999999999999,2026-03-19 00:51:02.179961010+00:00,pending_cancel,refresh_reprice,2026-03-19 00:51:02.748274119+00:00,2026-03-19 00:51:02.998274119+00:00
2026-03-19 00:51:02.998274119+00:00,1163,cancelled,bid,2193.2,0.07675241399637135,2026-03-19 00:51:02.429961010+00:00,214.10999999999999,2026-03-19 00:51:02.179961010+00:00,cancelled,refresh_reprice,2026-03-19 00:51:02.748274119+00:00,2026-03-19 00:51:02.998274119+00:00
2026-03-19 00:51:03.051963591+00:00,1164,placed,bid,2193.4,0.07675241399637135,2026-03-19 00:51:03.301963591+00:00,188.502,2026-03-19 00:51:03.051963591+00:00,pending_new,,,
2026-03-19 00:51:13.051963591+00:00,1164,cancel_requested,bid,2193.4,0.07675241399637135,2026-03-19 00:51:03.301963591+00:00,188.502,2026-03-19 00:51:03.051963591+00:00,pending_cancel,quote_age_expired,2026-03-19 00:51:13.051963591+00:00,2026-03-19 00:51:13.301963591+00:00
2026-03-19 00:51:13.301963591+00:00,1164,cancelled,bid,2193.4,0.07675241399637135,2026-03-19 00:51:03.301963591+00:00,188.502,2026-03-19 00:51:03.051963591+00:00,cancelled,quote_age_expired,2026-03-19 00:51:13.051963591+00:00,2026-03-19 00:51:13.301963591+00:00
2026-03-19 00:51:13.309388850+00:00,1165,placed,bid,2193.5,0.07675241399637135,2026-03-19 00:51:13.559388850+00:00,91.961,2026-03-19 00:51:13.309388850+00:00,pending_new,,,
2026-03-19 00:51:17.191553686+00:00,1165,cancel_requested,bid,2193.5,0.07675241399637135,2026-03-19 00:51:13.559388850+00:00,91.961,2026-03-19 00:51:13.309388850+00:00,pending_cancel,pressure_stop_bid,2026-03-19 00:51:17.191553686+00:00,2026-03-19 00:51:17.441553686+00:00
2026-03-19 00:51:17.441553686+00:00,1165,cancelled,bid,2193.5,0.07675241399637135,2026-03-19 00:51:13.559388850+00:00,91.961,2026-03-19 00:51:13.309388850+00:00,cancelled,pressure_stop_bid,2026-03-19 00:51:17.191553686+00:00,2026-03-19 00:51:17.441553686+00:00
2026-03-19 00:51:22.535403083+00:00,1166,placed,bid,2192.7,0.07688984484765939,2026-03-19 00:51:22.785403083+00:00,159.922,2026-03-19 00:51:22.535403083+00:00,pending_new,,,
2026-03-19 00:51:23.162603698+00:00,1166,cancel_requested,bid,2192.7,0.07688984484765939,2026-03-19 00:51:22.785403083+00:00,159.922,2026-03-19 00:51:22.535403083+00:00,pending_cancel,refresh_reprice,2026-03-19 00:51:23.162603698+00:00,2026-03-19 00:51:23.412603698+00:00
2026-03-19 00:51:23.412603698+00:00,1166,cancelled,bid,2192.7,0.07688984484765939,2026-03-19 00:51:22.785403083+00:00,159.922,2026-03-19 00:51:22.535403083+00:00,cancelled,refresh_reprice,2026-03-19 00:51:23.162603698+00:00,2026-03-19 00:51:23.412603698+00:00
2026-03-19 00:51:23.463247556+00:00,1167,placed,bid,2192.9,0.07688984484765939,2026-03-19 00:51:23.713247556+00:00,135.572,2026-03-19 00:51:23.463247556+00:00,pending_new,,,
2026-03-19 00:51:24.234468172+00:00,1167,cancel_requested,bid,2192.9,0.07688984484765939,2026-03-19 00:51:23.713247556+00:00,135.572,2026-03-19 00:51:23.463247556+00:00,pending_cancel,pressure_stop_bid,2026-03-19 00:51:24.234468172+00:00,2026-03-19 00:51:24.484468172+00:00
2026-03-19 00:51:24.484468172+00:00,1167,cancelled,bid,2192.9,0.07688984484765939,2026-03-19 00:51:23.713247556+00:00,135.572,2026-03-19 00:51:23.463247556+00:00,cancelled,pressure_stop_bid,2026-03-19 00:51:24.234468172+00:00,2026-03-19 00:51:24.484468172+00:00
2026-03-19 00:51:29.535741699+00:00,1168,placed,bid,2192.8,0.07688984484765939,2026-03-19 00:51:29.785741699+00:00,184.22899999999998,2026-03-19 00:51:29.535741699+00:00,pending_new,,,
2026-03-19 00:51:30.765824579+00:00,1168,cancel_requested,bid,2192.8,0.07688984484765939,2026-03-19 00:51:29.785741699+00:00,184.22899999999998,2026-03-19 00:51:29.535741699+00:00,pending_cancel,pressure_stop_bid,2026-03-19 00:51:30.765824579+00:00,2026-03-19 00:51:31.015824579+00:00
2026-03-19 00:51:31.015824579+00:00,1168,cancelled,bid,2192.8,0.07688984484765939,2026-03-19 00:51:29.785741699+00:00,184.22899999999998,2026-03-19 00:51:29.535741699+00:00,cancelled,pressure_stop_bid,2026-03-19 00:51:30.765824579+00:00,2026-03-19 00:51:31.015824579+00:00
2026-03-19 00:51:51.134950498+00:00,1169,placed,bid,2192.9,0.07699524949459274,2026-03-19 00:51:51.384950498+00:00,109.614,2026-03-19 00:51:51.134950498+00:00,pending_new,,,
2026-03-19 00:51:52.568629803+00:00,1169,cancel_requested,bid,2192.9,0.07699524949459274,2026-03-19 00:51:51.384950498+00:00,109.614,2026-03-19 00:51:51.134950498+00:00,pending_cancel,pressure_stop_bid,2026-03-19 00:51:52.568629803+00:00,2026-03-19 00:51:52.818629803+00:00
2026-03-19 00:51:52.818629803+00:00,1169,cancelled,bid,2192.9,0.07699524949459274,2026-03-19 00:51:51.384950498+00:00,109.614,2026-03-19 00:51:51.134950498+00:00,cancelled,pressure_stop_bid,2026-03-19 00:51:52.568629803+00:00,2026-03-19 00:51:52.818629803+00:00
2026-03-19 00:51:57.838016617+00:00,1170,placed,bid,2192.3,0.07699524949459274,2026-03-19 00:51:58.088016617+00:00,64.542,2026-03-19 00:51:57.838016617+00:00,pending_new,,,
2026-03-19 00:52:00.628747333+00:00,1170,cancel_requested,bid,2192.3,0.07699524949459274,2026-03-19 00:51:58.088016617+00:00,64.542,2026-03-19 00:51:57.838016617+00:00,pending_cancel,refresh_reprice,2026-03-19 00:52:00.628747333+00:00,2026-03-19 00:52:00.878747333+00:00
2026-03-19 00:52:00.878747333+00:00,1170,cancelled,bid,2192.3,0.07699524949459274,2026-03-19 00:51:58.088016617+00:00,64.542,2026-03-19 00:51:57.838016617+00:00,cancelled,refresh_reprice,2026-03-19 00:52:00.628747333+00:00,2026-03-19 00:52:00.878747333+00:00
2026-03-19 00:52:00.896071881+00:00,1171,placed,bid,2192.7,0.07699524949459274,2026-03-19 00:52:01.146071881+00:00,189.38799999999998,2026-03-19 00:52:00.896071881+00:00,pending_new,,,
2026-03-19 00:52:06.751193988+00:00,1171,cancel_requested,bid,2192.7,0.07699524949459274,2026-03-19 00:52:01.146071881+00:00,189.38799999999998,2026-03-19 00:52:00.896071881+00:00,pending_cancel,pressure_stop_bid,2026-03-19 00:52:06.751193988+00:00,2026-03-19 00:52:07.001193988+00:00
2026-03-19 00:52:07.001193988+00:00,1171,cancelled,bid,2192.7,0.07699524949459274,2026-03-19 00:52:01.146071881+00:00,189.38799999999998,2026-03-19 00:52:00.896071881+00:00,cancelled,pressure_stop_bid,2026-03-19 00:52:06.751193988+00:00,2026-03-19 00:52:07.001193988+00:00
2026-03-19 00:52:12.055755791+00:00,1172,placed,ask,2193.1,0.12294037885352074,2026-03-19 00:52:12.305755791+00:00,79.524,2026-03-19 00:52:12.055755791+00:00,pending_new,,,
2026-03-19 00:52:13.430426813+00:00,1172,cancel_requested,ask,2193.1,0.12294037885352074,2026-03-19 00:52:12.305755791+00:00,79.524,2026-03-19 00:52:12.055755791+00:00,pending_cancel,expected_edge_ask,2026-03-19 00:52:13.430426813+00:00,2026-03-19 00:52:13.680426813+00:00
2026-03-19 00:52:13.680426813+00:00,1172,cancelled,ask,2193.1,0.12294037885352074,2026-03-19 00:52:12.305755791+00:00,79.524,2026-03-19 00:52:12.055755791+00:00,cancelled,expected_edge_ask,2026-03-19 00:52:13.430426813+00:00,2026-03-19 00:52:13.680426813+00:00
2026-03-19 00:52:13.736774904+00:00,1173,placed,ask,2193.0,0.12294037885352074,2026-03-19 00:52:13.986774904+00:00,61.796,2026-03-19 00:52:13.736774904+00:00,pending_new,,,
2026-03-19 00:52:14.754680846+00:00,1173,cancel_requested,ask,2193.0,0.12294037885352074,2026-03-19 00:52:13.986774904+00:00,61.796,2026-03-19 00:52:13.736774904+00:00,pending_cancel,expected_edge_ask,2026-03-19 00:52:14.754680846+00:00,2026-03-19 00:52:15.004680846+00:00
2026-03-19 00:52:14.966928500+00:00,1174,placed,bid,2191.4,0.07705962114647928,2026-03-19 00:52:15.216928500+00:00,122.276,2026-03-19 00:52:14.966928500+00:00,pending_new,,,
2026-03-19 00:52:15.004680846+00:00,1173,cancelled,ask,2193.0,0.12294037885352074,2026-03-19 00:52:13.986774904+00:00,61.796,2026-03-19 00:52:13.736774904+00:00,cancelled,expected_edge_ask,2026-03-19 00:52:14.754680846+00:00,2026-03-19 00:52:15.004680846+00:00
2026-03-19 00:52:15.017473399+00:00,1175,placed,ask,2192.6,0.12294037885352074,2026-03-19 00:52:15.267473399+00:00,56.11899999999999,2026-03-19 00:52:15.017473399+00:00,pending_new,,,
2026-03-19 00:52:16.085322297+00:00,1174,cancel_requested,bid,2191.4,0.07705962114647928,2026-03-19 00:52:15.216928500+00:00,122.276,2026-03-19 00:52:14.966928500+00:00,pending_cancel,pressure_stop_bid,2026-03-19 00:52:16.085322297+00:00,2026-03-19 00:52:16.335322297+00:00
2026-03-19 00:52:16.335322297+00:00,1174,cancelled,bid,2191.4,0.07705962114647928,2026-03-19 00:52:15.216928500+00:00,122.276,2026-03-19 00:52:14.966928500+00:00,cancelled,pressure_stop_bid,2026-03-19 00:52:16.085322297+00:00,2026-03-19 00:52:16.335322297+00:00
2026-03-19 00:52:16.342481395+00:00,1176,placed,bid,2191.3,0.07705962114647928,2026-03-19 00:52:16.592481395+00:00,183.621,2026-03-19 00:52:16.342481395+00:00,pending_new,,,
2026-03-19 00:52:16.449391380+00:00,1176,cancel_requested,bid,2191.3,0.07705962114647928,2026-03-19 00:52:16.592481395+00:00,183.621,2026-03-19 00:52:16.342481395+00:00,pending_cancel,pressure_stop_bid,2026-03-19 00:52:16.449391380+00:00,2026-03-19 00:52:16.699391380+00:00
2026-03-19 00:52:16.652105001+00:00,1175,cancel_requested,ask,2192.6,0.12294037885352074,2026-03-19 00:52:15.267473399+00:00,56.11899999999999,2026-03-19 00:52:15.017473399+00:00,pending_cancel,refresh_reprice,2026-03-19 00:52:16.652105001+00:00,2026-03-19 00:52:16.902105001+00:00
2026-03-19 00:52:16.699391380+00:00,1176,cancelled,bid,2191.3,0.07705962114647928,2026-03-19 00:52:16.592481395+00:00,183.621,2026-03-19 00:52:16.342481395+00:00,cancelled,pressure_stop_bid,2026-03-19 00:52:16.449391380+00:00,2026-03-19 00:52:16.699391380+00:00
2026-03-19 00:52:16.902105001+00:00,1175,cancelled,ask,2192.6,0.12294037885352074,2026-03-19 00:52:15.267473399+00:00,56.11899999999999,2026-03-19 00:52:15.017473399+00:00,cancelled,refresh_reprice,2026-03-19 00:52:16.652105001+00:00,2026-03-19 00:52:16.902105001+00:00
2026-03-19 00:52:16.909230619+00:00,1177,placed,bid,2191.1,0.07705962114647928,2026-03-19 00:52:17.159230619+00:00,175.929,2026-03-19 00:52:16.909230619+00:00,pending_new,,,
2026-03-19 00:52:16.909230619+00:00,1178,placed,ask,2192.3,0.12294037885352074,2026-03-19 00:52:17.159230619+00:00,174.89000000000001,2026-03-19 00:52:16.909230619+00:00,pending_new,,,
2026-03-19 00:52:18.582269925+00:00,1177,cancel_requested,bid,2191.1,0.07705962114647928,2026-03-19 00:52:17.159230619+00:00,175.929,2026-03-19 00:52:16.909230619+00:00,pending_cancel,pressure_stop_bid,2026-03-19 00:52:18.582269925+00:00,2026-03-19 00:52:18.832269925+00:00
2026-03-19 00:52:18.688480998+00:00,1178,cancel_requested,ask,2192.3,0.12294037885352074,2026-03-19 00:52:17.159230619+00:00,174.89000000000001,2026-03-19 00:52:16.909230619+00:00,pending_cancel,refresh_reprice,2026-03-19 00:52:18.688480998+00:00,2026-03-19 00:52:18.938480998+00:00
2026-03-19 00:52:18.832269925+00:00,1177,cancelled,bid,2191.1,0.07705962114647928,2026-03-19 00:52:17.159230619+00:00,175.929,2026-03-19 00:52:16.909230619+00:00,cancelled,pressure_stop_bid,2026-03-19 00:52:18.582269925+00:00,2026-03-19 00:52:18.832269925+00:00
2026-03-19 00:52:18.842254636+00:00,1179,placed,bid,2191.4,0.07705962114647928,2026-03-19 00:52:19.092254636+00:00,133.439,2026-03-19 00:52:18.842254636+00:00,pending_new,,,
2026-03-19 00:52:18.938480998+00:00,1178,cancelled,ask,2192.3,0.12294037885352074,2026-03-19 00:52:17.159230619+00:00,174.89000000000001,2026-03-19 00:52:16.909230619+00:00,cancelled,refresh_reprice,2026-03-19 00:52:18.688480998+00:00,2026-03-19 00:52:18.938480998+00:00
2026-03-19 00:52:18.949785194+00:00,1180,placed,ask,2192.1,0.12294037885352074,2026-03-19 00:52:19.199785194+00:00,90.881,2026-03-19 00:52:18.949785194+00:00,pending_new,,,
2026-03-19 00:52:21.947021593+00:00,1179,cancel_requested,bid,2191.4,0.07705962114647928,2026-03-19 00:52:19.092254636+00:00,133.439,2026-03-19 00:52:18.842254636+00:00,pending_cancel,pressure_stop_bid,2026-03-19 00:52:21.947021593+00:00,2026-03-19 00:52:22.197021593+00:00
2026-03-19 00:52:22.197021593+00:00,1179,cancelled,bid,2191.4,0.07705962114647928,2026-03-19 00:52:19.092254636+00:00,133.439,2026-03-19 00:52:18.842254636+00:00,cancelled,pressure_stop_bid,2026-03-19 00:52:21.947021593+00:00,2026-03-19 00:52:22.197021593+00:00
2026-03-19 00:52:22.235662124+00:00,1180,resized,ask,2192.1,0.12293662300145142,2026-03-19 00:52:19.199785194+00:00,90.881,,,preserve_queue_priority,,
2026-03-19 00:52:22.452185937+00:00,1180,cancel_requested,ask,2192.1,0.12293662300145142,2026-03-19 00:52:19.199785194+00:00,90.881,2026-03-19 00:52:18.949785194+00:00,pending_cancel,expected_edge_ask,2026-03-19 00:52:22.452185937+00:00,2026-03-19 00:52:22.702185937+00:00
2026-03-19 00:52:22.673611643+00:00,1181,placed,bid,2191.3,0.0770633769985486,2026-03-19 00:52:22.923611643+00:00,178.509,2026-03-19 00:52:22.673611643+00:00,pending_new,,,
2026-03-19 00:52:22.702185937+00:00,1180,cancelled,ask,2192.1,0.12293662300145142,2026-03-19 00:52:19.199785194+00:00,90.881,2026-03-19 00:52:18.949785194+00:00,cancelled,expected_edge_ask,2026-03-19 00:52:22.452185937+00:00,2026-03-19 00:52:22.702185937+00:00
2026-03-19 00:52:23.642651032+00:00,1181,cancel_requested,bid,2191.3,0.0770633769985486,2026-03-19 00:52:22.923611643+00:00,178.509,2026-03-19 00:52:22.673611643+00:00,pending_cancel,pressure_stop_bid,2026-03-19 00:52:23.642651032+00:00,2026-03-19 00:52:23.892651032+00:00
2026-03-19 00:52:23.743456590+00:00,1182,placed,ask,2191.8,0.12293662300145142,2026-03-19 00:52:23.993456590+00:00,60.489999999999995,2026-03-19 00:52:23.743456590+00:00,pending_new,,,
2026-03-19 00:52:23.846620048+00:00,1182,cancel_requested,ask,2191.8,0.12293662300145142,2026-03-19 00:52:23.993456590+00:00,60.489999999999995,2026-03-19 00:52:23.743456590+00:00,pending_cancel,expected_edge_ask,2026-03-19 00:52:23.846620048+00:00,2026-03-19 00:52:24.096620048+00:00
2026-03-19 00:52:23.892651032+00:00,1181,cancelled,bid,2191.3,0.0770633769985486,2026-03-19 00:52:22.923611643+00:00,178.509,2026-03-19 00:52:22.673611643+00:00,cancelled,pressure_stop_bid,2026-03-19 00:52:23.642651032+00:00,2026-03-19 00:52:23.892651032+00:00
2026-03-19 00:52:23.897709510+00:00,1183,placed,bid,2191.0,0.0770633769985486,2026-03-19 00:52:24.147709510+00:00,170.171,2026-03-19 00:52:23.897709510+00:00,pending_new,,,
2026-03-19 00:52:24.096620048+00:00,1182,cancelled,ask,2191.8,0.12293662300145142,2026-03-19 00:52:23.993456590+00:00,60.489999999999995,2026-03-19 00:52:23.743456590+00:00,cancelled,expected_edge_ask,2026-03-19 00:52:23.846620048+00:00,2026-03-19 00:52:24.096620048+00:00
2026-03-19 00:52:27.825035202+00:00,1183,cancel_requested,bid,2191.0,0.0770633769985486,2026-03-19 00:52:24.147709510+00:00,170.171,2026-03-19 00:52:23.897709510+00:00,pending_cancel,refresh_reprice,2026-03-19 00:52:27.825035202+00:00,2026-03-19 00:52:28.075035202+00:00
2026-03-19 00:52:27.825035202+00:00,1184,placed,ask,2192.0,0.12293662300145142,2026-03-19 00:52:28.075035202+00:00,42.223,2026-03-19 00:52:27.825035202+00:00,pending_new,,,
2026-03-19 00:52:27.912943760+00:00,1184,cancel_requested,ask,2192.0,0.12293662300145142,2026-03-19 00:52:28.075035202+00:00,42.223,2026-03-19 00:52:27.825035202+00:00,pending_cancel,expected_edge_ask,2026-03-19 00:52:27.912943760+00:00,2026-03-19 00:52:28.162943760+00:00
2026-03-19 00:52:28.075035202+00:00,1183,cancelled,bid,2191.0,0.0770633769985486,2026-03-19 00:52:24.147709510+00:00,170.171,2026-03-19 00:52:23.897709510+00:00,cancelled,refresh_reprice,2026-03-19 00:52:27.825035202+00:00,2026-03-19 00:52:28.075035202+00:00
2026-03-19 00:52:28.133999624+00:00,1185,placed,bid,2191.3,0.0770633769985486,2026-03-19 00:52:28.383999624+00:00,130.439,2026-03-19 00:52:28.133999624+00:00,pending_new,,,
2026-03-19 00:52:28.162943760+00:00,1184,cancelled,ask,2192.0,0.12293662300145142,2026-03-19 00:52:28.075035202+00:00,42.223,2026-03-19 00:52:27.825035202+00:00,cancelled,expected_edge_ask,2026-03-19 00:52:27.912943760+00:00,2026-03-19 00:52:28.162943760+00:00
2026-03-19 00:52:29.609166157+00:00,1185,cancel_requested,bid,2191.3,0.0770633769985486,2026-03-19 00:52:28.383999624+00:00,130.439,2026-03-19 00:52:28.133999624+00:00,pending_cancel,pressure_stop_bid,2026-03-19 00:52:29.609166157+00:00,2026-03-19 00:52:29.859166157+00:00
2026-03-19 00:52:29.609166157+00:00,1186,placed,ask,2192.0,0.12293662300145142,2026-03-19 00:52:29.859166157+00:00,64.874,2026-03-19 00:52:29.609166157+00:00,pending_new,,,
2026-03-19 00:52:29.859166157+00:00,1185,cancelled,bid,2191.3,0.0770633769985486,2026-03-19 00:52:28.383999624+00:00,130.439,2026-03-19 00:52:28.133999624+00:00,cancelled,pressure_stop_bid,2026-03-19 00:52:29.609166157+00:00,2026-03-19 00:52:29.859166157+00:00
2026-03-19 00:52:30.000456432+00:00,1186,cancel_requested,ask,2192.0,0.12293662300145142,2026-03-19 00:52:29.859166157+00:00,64.874,2026-03-19 00:52:29.609166157+00:00,pending_cancel,expected_edge_ask,2026-03-19 00:52:30.000456432+00:00,2026-03-19 00:52:30.250456432+00:00
2026-03-19 00:52:30.250456432+00:00,1186,cancelled,ask,2192.0,0.12293662300145142,2026-03-19 00:52:29.859166157+00:00,64.874,2026-03-19 00:52:29.609166157+00:00,cancelled,expected_edge_ask,2026-03-19 00:52:30.000456432+00:00,2026-03-19 00:52:30.250456432+00:00
2026-03-19 00:52:35.401608097+00:00,1187,placed,bid,2190.0,0.0770633769985486,2026-03-19 00:52:35.651608097+00:00,229.35299999999998,2026-03-19 00:52:35.401608097+00:00,pending_new,,,
